benchmark,condition,method,item_id,llm1_label,consensus,g_m,u_m,hedge
AmbiStory,blind,single_hedge,AmbiStory-test-0,5,4,0.0,1.6,not uncertain
AmbiStory,blind,single_hedge,AmbiStory-test-1,1,2,0.6558683279691048,1.2,not uncertain
AmbiStory,blind,single_hedge,AmbiStory-test-2,5,3,0.0,0.5599999999999999,not uncertain
AmbiStory,blind,single_hedge,AmbiStory-test-3,3,3,1.5635706746167517,1.44,not uncertain
AmbiStory,blind,single_hedge,AmbiStory-test-4,5,3,0.0,1.84,not uncertain
AmbiStory,blind,single_hedge,AmbiStory-test-5,4,2,2.14592062875601,0.56,not uncertain
AmbiStory,blind,single_hedge,AmbiStory-test-6,1,3,1.3976556159891098,0.96,not uncertain
AmbiStory,blind,single_hedge,AmbiStory-test-7,1,4,0.2365789957628531,1.36,not uncertain
AmbiStory,blind,single_hedge,AmbiStory-test-8,1,1,0.7045444423895764,0.24,not uncertain
AmbiStory,blind,single_hedge,AmbiStory-test-9,1,4,0.2223162655627028,2.16,somewhat uncertain
AmbiStory,blind,single_hedge,AmbiStory-test-10,4,1,1.2871343699135964,0.24,not uncertain
AmbiStory,blind,single_hedge,AmbiStory-test-11,2,5,0.506336299638644,0.1599999999999999,somewhat uncertain
AmbiStory,blind,single_hedge,AmbiStory-test-12,5,4,0.0,0.5599999999999999,not uncertain
AmbiStory,blind,single_hedge,AmbiStory-test-13,1,3,0.0697690821428246,2.64,not uncertain
AmbiStory,blind,single_hedge,AmbiStory-test-14,5,1,2.04151056673464,0.24,not uncertain
AmbiStory,blind,single_hedge,AmbiStory-test-15,5,4,0.023521300637809,2.56,not uncertain
AmbiStory,blind,single_hedge,AmbiStory-test-16,5,3,0.0,0.5599999999999999,not uncertain
AmbiStory,blind,single_hedge,AmbiStory-test-17,1,4,0.0870603321551535,0.64,not uncertain
AmbiStory,blind,single_hedge,AmbiStory-test-18,5,5,0.0,0.0,not uncertain
AmbiStory,blind,single_hedge,AmbiStory-test-19,5,3,0.108516741136859,2.64,not uncertain
AmbiStory,blind,single_hedge,AmbiStory-test-20,5,5,0.0,0.0,not uncertain
AmbiStory,blind,single_hedge,AmbiStory-test-21,5,3,0.0782911192361145,0.96,not uncertain
AmbiStory,blind,single_hedge,AmbiStory-test-22,5,5,0.0,0.1599999999999999,not uncertain
AmbiStory,blind,single_hedge,AmbiStory-test-23,5,4,0.2418370280353336,2.56,not uncertain
AmbiStory,blind,single_hedge,AmbiStory-test-24,5,5,0.0,0.0,not uncertain
AmbiStory,blind,single_hedge,AmbiStory-test-25,1,2,0.0,1.2,not uncertain
AmbiStory,blind,single_hedge,AmbiStory-test-26,5,4,0.0,0.96,somewhat uncertain
AmbiStory,blind,single_hedge,AmbiStory-test-27,1,2,0.0,0.56,not uncertain
AmbiStory,blind,single_hedge,AmbiStory-test-28,5,4,0.0,0.6399999999999999,not uncertain
AmbiStory,blind,single_hedge,AmbiStory-test-29,1,2,0.0,0.64,not uncertain
AmbiStory,blind,single_hedge,AmbiStory-test-30,5,2,0.2420755511151686,0.8,not uncertain
AmbiStory,blind,single_hedge,AmbiStory-test-31,5,4,0.0,0.6399999999999999,not uncertain
AmbiStory,blind,single_hedge,AmbiStory-test-32,4,3,0.1061791218640112,2.24,not uncertain
AmbiStory,blind,single_hedge,AmbiStory-test-33,5,4,0.0,0.1599999999999999,not uncertain
AmbiStory,blind,single_hedge,AmbiStory-test-34,5,3,0.0229901769118308,0.96,not uncertain
AmbiStory,blind,single_hedge,AmbiStory-test-35,5,4,0.0,0.96,not uncertain
AmbiStory,blind,single_hedge,AmbiStory-test-36,4,3,0.1691607854292012,0.24,somewhat uncertain
AmbiStory,blind,single_hedge,AmbiStory-test-37,5,3,0.0,1.6,not uncertain
AmbiStory,blind,single_hedge,AmbiStory-test-38,4,2,1.3230991375737946,1.84,somewhat uncertain
AmbiStory,blind,single_hedge,AmbiStory-test-39,5,4,0.0,1.44,not uncertain
AmbiStory,blind,single_hedge,AmbiStory-test-40,4,3,0.7016930268964681,1.84,somewhat uncertain
AmbiStory,blind,single_hedge,AmbiStory-test-41,5,4,0.0,1.36,not uncertain
AmbiStory,blind,single_hedge,AmbiStory-test-42,1,2,0.0334746650926557,0.1599999999999999,not uncertain
AmbiStory,blind,single_hedge,AmbiStory-test-43,5,4,0.2312788611989331,0.4,somewhat uncertain
AmbiStory,blind,single_hedge,AmbiStory-test-44,1,3,0.0383792262536586,2.24,not uncertain
AmbiStory,blind,single_hedge,AmbiStory-test-45,5,4,0.0332731992224013,1.0400000000000005,not uncertain
AmbiStory,blind,single_hedge,AmbiStory-test-46,1,3,0.0293790404939005,0.96,not uncertain
AmbiStory,blind,single_hedge,AmbiStory-test-47,5,4,0.0396878238526174,0.8,not uncertain
AmbiStory,blind,single_hedge,AmbiStory-test-48,5,4,0.0,2.1600000000000006,somewhat uncertain
AmbiStory,blind,single_hedge,AmbiStory-test-49,4,2,0.1127561379819824,2.24,not uncertain
AmbiStory,blind,single_hedge,AmbiStory-test-50,3,2,0.694035016749854,0.24,not uncertain
AmbiStory,blind,single_hedge,AmbiStory-test-51,5,4,0.0,1.36,somewhat uncertain
AmbiStory,blind,single_hedge,AmbiStory-test-52,3,2,0.7458625637389262,2.16,not uncertain
AmbiStory,blind,single_hedge,AmbiStory-test-53,5,5,0.1801100445945567,0.24,not uncertain
AmbiStory,blind,single_hedge,AmbiStory-test-54,5,3,0.2446412648937045,1.04,not uncertain
AmbiStory,blind,single_hedge,AmbiStory-test-55,4,3,0.2418825909059599,0.96,not uncertain
AmbiStory,blind,single_hedge,AmbiStory-test-56,4,2,0.2492291513563986,0.64,not uncertain
AmbiStory,blind,single_hedge,AmbiStory-test-57,5,5,0.0,0.0,not uncertain
AmbiStory,blind,single_hedge,AmbiStory-test-58,5,2,0.0828901601423061,1.36,somewhat uncertain
AmbiStory,blind,single_hedge,AmbiStory-test-59,5,5,0.0,0.24,not uncertain
AmbiStory,blind,single_hedge,AmbiStory-test-60,5,5,0.0,0.0,not uncertain
AmbiStory,blind,single_hedge,AmbiStory-test-61,1,1,0.0,0.0,not uncertain
AmbiStory,blind,single_hedge,AmbiStory-test-62,1,1,2.069936441370308,0.0,not uncertain
AmbiStory,blind,single_hedge,AmbiStory-test-63,4,3,0.0834302440031427,3.8400000000000007,not uncertain
AmbiStory,blind,single_hedge,AmbiStory-test-64,5,4,0.0,2.56,not uncertain
AmbiStory,blind,single_hedge,AmbiStory-test-65,1,2,0.2241608971898552,1.36,not uncertain
AmbiStory,blind,single_hedge,AmbiStory-test-66,4,3,1.7300630710579337,2.16,not uncertain
AmbiStory,blind,single_hedge,AmbiStory-test-67,1,2,0.0441010156381337,0.56,not uncertain
AmbiStory,blind,single_hedge,AmbiStory-test-68,1,1,0.0,0.16,not uncertain
AmbiStory,blind,single_hedge,AmbiStory-test-69,5,5,0.0,0.0,not uncertain
AmbiStory,blind,single_hedge,AmbiStory-test-70,1,2,0.0,1.36,not uncertain
AmbiStory,blind,single_hedge,AmbiStory-test-71,1,3,0.7829918931953094,1.0400000000000005,not uncertain
AmbiStory,blind,single_hedge,AmbiStory-test-72,5,3,0.0,2.16,not uncertain
AmbiStory,blind,single_hedge,AmbiStory-test-73,1,3,0.2184790436830367,2.0,not uncertain
AmbiStory,blind,single_hedge,AmbiStory-test-74,5,2,0.0,1.4400000000000002,not uncertain
AmbiStory,blind,single_hedge,AmbiStory-test-75,5,4,0.0,1.36,not uncertain
AmbiStory,blind,single_hedge,AmbiStory-test-76,5,3,3.64090598336708,1.4400000000000002,not uncertain
AmbiStory,blind,single_hedge,AmbiStory-test-77,5,4,0.0,0.6399999999999999,not uncertain
AmbiStory,blind,single_hedge,AmbiStory-test-78,5,4,0.0206090691067229,1.6,not uncertain
AmbiStory,blind,single_hedge,AmbiStory-test-79,4,2,0.2028305747386825,0.96,somewhat uncertain
AmbiStory,blind,single_hedge,AmbiStory-test-80,5,3,2.792763066991798,0.1599999999999999,not uncertain
AmbiStory,blind,single_hedge,AmbiStory-test-81,5,4,0.0,0.24,not uncertain
AmbiStory,blind,single_hedge,AmbiStory-test-82,1,2,0.6258421817496563,0.8,somewhat uncertain
AmbiStory,blind,single_hedge,AmbiStory-test-83,5,4,0.0,1.2,not uncertain
AmbiStory,blind,single_hedge,AmbiStory-test-84,1,2,0.0809076238076926,0.8,not uncertain
AmbiStory,blind,single_hedge,AmbiStory-test-85,5,5,0.0,0.6399999999999999,not uncertain
AmbiStory,blind,single_hedge,AmbiStory-test-86,5,2,0.6682276014190647,0.16,not uncertain
AmbiStory,blind,single_hedge,AmbiStory-test-87,5,4,0.0239414242489565,0.5599999999999999,not uncertain
AmbiStory,blind,single_hedge,AmbiStory-test-88,1,2,0.1257157413077236,0.4,not uncertain
AmbiStory,blind,single_hedge,AmbiStory-test-89,5,4,0.0235181442053997,0.5599999999999999,not uncertain
AmbiStory,blind,single_hedge,AmbiStory-test-90,5,3,0.1764472565584506,1.6,somewhat uncertain
AmbiStory,blind,single_hedge,AmbiStory-test-91,1,3,0.2040432957657224,2.16,not uncertain
AmbiStory,blind,single_hedge,AmbiStory-test-92,4,2,0.1617806633728321,0.64,not uncertain
AmbiStory,blind,single_hedge,AmbiStory-test-93,1,4,0.4590961539290061,0.5599999999999999,not uncertain
AmbiStory,blind,single_hedge,AmbiStory-test-94,5,1,0.6889337293518322,0.16,somewhat uncertain
AmbiStory,blind,single_hedge,AmbiStory-test-95,4,4,0.7717961103625491,0.96,not uncertain
AmbiStory,blind,single_hedge,AmbiStory-test-96,5,5,0.0,0.24,somewhat uncertain
AmbiStory,blind,single_hedge,AmbiStory-test-97,5,3,1.8827310928409764,2.472222222222222,somewhat uncertain
AmbiStory,blind,single_hedge,AmbiStory-test-98,5,4,0.0,0.5599999999999999,somewhat uncertain
AmbiStory,blind,single_hedge,AmbiStory-test-99,5,3,1.6490042897349655,0.4,somewhat uncertain
AmbiStory,blind,single_hedge,AmbiStory-test-100,5,3,0.0,1.36,not uncertain
AmbiStory,blind,single_hedge,AmbiStory-test-101,5,4,0.0,1.4400000000000002,not uncertain
AmbiStory,blind,single_hedge,AmbiStory-test-102,5,4,0.0,0.96,somewhat uncertain
AmbiStory,blind,single_hedge,AmbiStory-test-103,5,1,0.0,0.16,not uncertain
AmbiStory,blind,single_hedge,AmbiStory-test-104,1,2,0.6917400978199604,0.24,not uncertain
AmbiStory,blind,single_hedge,AmbiStory-test-105,5,5,0.0,0.1599999999999999,not uncertain
AmbiStory,blind,single_hedge,AmbiStory-test-106,5,3,0.4409413011635256,0.5599999999999999,not uncertain
AmbiStory,blind,single_hedge,AmbiStory-test-107,5,3,0.0,2.24,not uncertain
AmbiStory,blind,single_hedge,AmbiStory-test-108,5,5,0.0,0.1599999999999999,not uncertain
AmbiStory,blind,single_hedge,AmbiStory-test-109,1,1,0.5262373006205864,0.0,not uncertain
AmbiStory,blind,single_hedge,AmbiStory-test-110,5,4,0.0,0.5599999999999999,not uncertain
AmbiStory,blind,single_hedge,AmbiStory-test-111,5,1,0.3308094472387789,0.24,not uncertain
AmbiStory,blind,single_hedge,AmbiStory-test-112,5,4,0.0,1.36,not uncertain
AmbiStory,blind,single_hedge,AmbiStory-test-113,5,1,0.7363973437734185,0.16,not uncertain
AmbiStory,blind,single_hedge,AmbiStory-test-114,5,5,0.0,0.0,not uncertain
AmbiStory,blind,single_hedge,AmbiStory-test-115,1,2,0.0,2.5600000000000005,not uncertain
AmbiStory,blind,single_hedge,AmbiStory-test-116,5,3,0.0,2.64,not uncertain
AmbiStory,blind,single_hedge,AmbiStory-test-117,5,3,0.0,3.2,not uncertain
AmbiStory,blind,single_hedge,AmbiStory-test-118,5,5,0.0,0.1599999999999999,not uncertain
AmbiStory,blind,single_hedge,AmbiStory-test-119,1,1,0.0,0.24,not uncertain
AmbiStory,blind,single_hedge,AmbiStory-test-120,5,4,0.0,0.4,not uncertain
AmbiStory,blind,single_hedge,AmbiStory-test-121,1,4,0.6275797938174467,0.5599999999999999,not uncertain
AmbiStory,blind,single_hedge,AmbiStory-test-122,5,4,0.0,0.64,not uncertain
AmbiStory,blind,single_hedge,AmbiStory-test-123,1,3,0.1622906769179251,0.5599999999999999,not uncertain
AmbiStory,blind,single_hedge,AmbiStory-test-124,5,3,0.0,1.8400000000000003,not uncertain
AmbiStory,blind,single_hedge,AmbiStory-test-125,4,3,0.5838628571321658,1.8400000000000003,somewhat uncertain
AmbiStory,blind,single_hedge,AmbiStory-test-126,4,3,0.8334312972759513,0.888888888888889,not uncertain
AmbiStory,blind,single_hedge,AmbiStory-test-127,2,3,0.3613875969960839,1.36,somewhat uncertain
AmbiStory,blind,single_hedge,AmbiStory-test-128,1,2,0.2479683523377685,0.64,not uncertain
AmbiStory,blind,single_hedge,AmbiStory-test-129,4,3,1.1422088628442757,2.56,not uncertain
AmbiStory,blind,single_hedge,AmbiStory-test-130,1,1,0.1113605838341489,0.24,not uncertain
AmbiStory,blind,single_hedge,AmbiStory-test-131,2,3,0.2401914924181974,2.16,not uncertain
AmbiStory,blind,single_hedge,AmbiStory-test-132,5,5,0.0,0.0,not uncertain
AmbiStory,blind,single_hedge,AmbiStory-test-133,1,1,0.0,0.24,not uncertain
AmbiStory,blind,single_hedge,AmbiStory-test-134,5,3,0.9128280969632552,1.84,not uncertain
AmbiStory,blind,single_hedge,AmbiStory-test-135,5,4,0.3783478431093399,0.8,not uncertain
AmbiStory,blind,single_hedge,AmbiStory-test-136,5,3,0.0,2.64,not uncertain
AmbiStory,blind,single_hedge,AmbiStory-test-137,5,3,0.2999038206319766,2.0,not uncertain
AmbiStory,blind,single_hedge,AmbiStory-test-138,5,5,0.0,0.24,not uncertain
AmbiStory,blind,single_hedge,AmbiStory-test-139,5,5,0.0,0.0,not uncertain
AmbiStory,blind,single_hedge,AmbiStory-test-140,5,5,0.0,0.0,not uncertain
AmbiStory,blind,single_hedge,AmbiStory-test-141,5,5,0.0,0.0,not uncertain
AmbiStory,blind,single_hedge,AmbiStory-test-142,5,4,0.0,1.36,not uncertain
AmbiStory,blind,single_hedge,AmbiStory-test-143,5,5,0.0,0.0,not uncertain
AmbiStory,blind,single_hedge,AmbiStory-test-144,1,1,0.4220409549584868,0.24,not uncertain
AmbiStory,blind,single_hedge,AmbiStory-test-145,5,5,0.2997135068693699,0.1599999999999999,
AmbiStory,blind,single_hedge,AmbiStory-test-146,1,2,3.1642775538623664,2.24,not uncertain
AmbiStory,blind,single_hedge,AmbiStory-test-147,5,5,0.0,0.1599999999999999,not uncertain
AmbiStory,blind,single_hedge,AmbiStory-test-148,1,2,0.0,0.5599999999999999,not uncertain
AmbiStory,blind,single_hedge,AmbiStory-test-149,5,4,0.0,1.44,not uncertain
AmbiStory,blind,single_hedge,AmbiStory-test-150,5,3,0.0148368726181598,2.8,not uncertain
AmbiStory,blind,single_hedge,AmbiStory-test-151,1,3,0.1418212484367879,2.8,not uncertain
AmbiStory,blind,single_hedge,AmbiStory-test-152,5,1,0.2495524803055785,0.6400000000000002,not uncertain
AmbiStory,blind,single_hedge,AmbiStory-test-153,1,4,2.638902187993699,1.84,not uncertain
AmbiStory,blind,single_hedge,AmbiStory-test-154,5,4,0.4998032355273922,1.4400000000000002,not uncertain
AmbiStory,blind,single_hedge,AmbiStory-test-155,1,3,1.1542135744813176,1.8400000000000003,not uncertain
AmbiStory,blind,single_hedge,AmbiStory-test-156,5,5,0.0,0.0,not uncertain
AmbiStory,blind,single_hedge,AmbiStory-test-157,1,1,0.0,0.16,not uncertain
AmbiStory,blind,single_hedge,AmbiStory-test-158,5,3,0.3698427618535715,1.36,not uncertain
AmbiStory,blind,single_hedge,AmbiStory-test-159,5,3,0.0,0.96,not uncertain
AmbiStory,blind,single_hedge,AmbiStory-test-160,5,5,0.0,0.0,not uncertain
AmbiStory,blind,single_hedge,AmbiStory-test-161,1,2,0.1252854066256092,0.9600000000000002,not uncertain
AmbiStory,blind,single_hedge,AmbiStory-test-162,5,2,0.0223745884641783,0.64,not uncertain
AmbiStory,blind,single_hedge,AmbiStory-test-163,1,4,1.7959947849070037,0.5599999999999999,not uncertain
AmbiStory,blind,single_hedge,AmbiStory-test-164,5,2,0.3863126049747319,0.64,not uncertain
AmbiStory,blind,single_hedge,AmbiStory-test-165,5,3,0.8548959046484426,1.84,somewhat uncertain
AmbiStory,blind,single_hedge,AmbiStory-test-166,5,2,0.034087987367552,0.24,not uncertain
AmbiStory,blind,single_hedge,AmbiStory-test-167,5,4,0.6984484637822183,0.6399999999999999,not uncertain
AmbiStory,blind,single_hedge,AmbiStory-test-168,5,5,0.0,0.1599999999999999,not uncertain
AmbiStory,blind,single_hedge,AmbiStory-test-169,1,1,0.0,0.0,not uncertain
AmbiStory,blind,single_hedge,AmbiStory-test-170,5,5,0.0,0.0,not uncertain
AmbiStory,blind,single_hedge,AmbiStory-test-171,1,1,0.0,0.0,not uncertain
AmbiStory,blind,single_hedge,AmbiStory-test-172,5,5,0.1122965302286481,0.24,not uncertain
AmbiStory,blind,single_hedge,AmbiStory-test-173,1,1,0.0,0.0,not uncertain
AmbiStory,blind,single_hedge,AmbiStory-test-174,5,5,2.185865582398553,0.6399999999999999,not uncertain
AmbiStory,blind,single_hedge,AmbiStory-test-175,4,2,0.321022194474604,0.8,not uncertain
AmbiStory,blind,single_hedge,AmbiStory-test-176,1,1,0.0166584184168744,0.24,not uncertain
AmbiStory,blind,single_hedge,AmbiStory-test-177,4,4,0.2476776333010425,2.1600000000000006,not uncertain
AmbiStory,blind,single_hedge,AmbiStory-test-178,1,2,3.350216362900621,1.04,not uncertain
AmbiStory,blind,single_hedge,AmbiStory-test-179,4,4,0.6171185777389389,0.5599999999999999,somewhat uncertain
AmbiStory,blind,single_hedge,AmbiStory-test-180,5,4,0.0,0.6399999999999999,not uncertain
AmbiStory,blind,single_hedge,AmbiStory-test-181,4,3,1.946879594898853,0.64,somewhat uncertain
AmbiStory,blind,single_hedge,AmbiStory-test-182,1,2,0.0,0.64,not uncertain
AmbiStory,blind,single_hedge,AmbiStory-test-183,5,3,0.2285072544723632,1.84,not uncertain
AmbiStory,blind,single_hedge,AmbiStory-test-184,4,3,0.2421502055669651,0.0,not uncertain
AmbiStory,blind,single_hedge,AmbiStory-test-185,4,3,0.0964090368268681,1.2,not uncertain
AmbiStory,blind,single_hedge,AmbiStory-test-186,1,3,0.8049579927733204,1.84,not uncertain
AmbiStory,blind,single_hedge,AmbiStory-test-187,1,2,0.177152412388247,0.56,not uncertain
AmbiStory,blind,single_hedge,AmbiStory-test-188,1,1,0.13640257526098,0.16,not uncertain
AmbiStory,blind,single_hedge,AmbiStory-test-189,5,4,0.0,0.64,not uncertain
AmbiStory,blind,single_hedge,AmbiStory-test-190,1,2,1.539640547134064,0.56,somewhat uncertain
AmbiStory,blind,single_hedge,AmbiStory-test-191,2,3,0.4488721561179614,1.04,not uncertain
AmbiStory,blind,single_hedge,AmbiStory-test-192,5,5,0.0315638945585631,0.1599999999999999,not uncertain
AmbiStory,blind,single_hedge,AmbiStory-test-193,2,1,0.1515105660301323,0.16,not uncertain
AmbiStory,blind,single_hedge,AmbiStory-test-194,5,3,0.0645079047891599,0.64,not uncertain
AmbiStory,blind,single_hedge,AmbiStory-test-195,4,3,0.3302190290786758,1.84,not uncertain
AmbiStory,blind,single_hedge,AmbiStory-test-196,4,4,0.1143972877799565,0.5599999999999999,not uncertain
AmbiStory,blind,single_hedge,AmbiStory-test-197,2,2,0.2476002640764759,0.64,not uncertain
AmbiStory,blind,single_hedge,AmbiStory-test-198,5,5,0.0365359846371729,0.24,not uncertain
AmbiStory,blind,single_hedge,AmbiStory-test-199,5,1,0.2218072313151202,0.64,not uncertain
AmbiStory,blind,single_hedge,AmbiStory-test-200,5,4,0.0391582798585419,0.4,somewhat uncertain
AmbiStory,blind,single_hedge,AmbiStory-test-201,2,2,0.5619945954219062,1.2,not uncertain
AmbiStory,blind,single_hedge,AmbiStory-test-202,4,5,0.1263613199389198,0.1599999999999999,not uncertain
AmbiStory,blind,single_hedge,AmbiStory-test-203,3,2,0.2344048074573813,0.64,not uncertain
AmbiStory,blind,single_hedge,AmbiStory-test-204,5,5,0.1923395543562473,0.24,somewhat uncertain
AmbiStory,blind,single_hedge,AmbiStory-test-205,1,2,0.0649306195643718,0.16,somewhat uncertain
AmbiStory,blind,single_hedge,AmbiStory-test-206,4,4,2.164799465344768,0.24,not uncertain
AmbiStory,blind,single_hedge,AmbiStory-test-207,4,3,2.4829904228353024,1.6,not uncertain
AmbiStory,blind,single_hedge,AmbiStory-test-208,5,4,1.2329981802260934,0.8,somewhat uncertain
AmbiStory,blind,single_hedge,AmbiStory-test-209,5,2,3.2324105589614924,0.24,not uncertain
AmbiStory,blind,single_hedge,AmbiStory-test-210,1,3,0.8505906366116144,0.5599999999999999,not uncertain
AmbiStory,blind,single_hedge,AmbiStory-test-211,5,2,0.2751860490255462,0.56,somewhat uncertain
AmbiStory,blind,single_hedge,AmbiStory-test-212,1,3,2.136549438339385,0.4,somewhat uncertain
AmbiStory,blind,single_hedge,AmbiStory-test-213,4,3,0.4682614567850015,3.3600000000000003,not uncertain
AmbiStory,blind,single_hedge,AmbiStory-test-214,1,3,0.0242954342646754,1.04,not uncertain
AmbiStory,blind,single_hedge,AmbiStory-test-215,5,2,0.2754519846231909,2.24,not uncertain
AmbiStory,blind,single_hedge,AmbiStory-test-216,5,4,0.0998339463910729,0.24,not uncertain
AmbiStory,blind,single_hedge,AmbiStory-test-217,5,1,0.5473944904127204,0.6400000000000002,not uncertain
AmbiStory,blind,single_hedge,AmbiStory-test-218,1,3,0.4085981445739122,0.96,somewhat uncertain
AmbiStory,blind,single_hedge,AmbiStory-test-219,1,3,2.9217395316941683,3.3599999999999994,not uncertain
AmbiStory,blind,single_hedge,AmbiStory-test-220,3,3,0.6455998954073928,1.805555555555556,not uncertain
AmbiStory,blind,single_hedge,AmbiStory-test-221,5,3,0.0,1.36,not uncertain
AmbiStory,blind,single_hedge,AmbiStory-test-222,5,5,0.0,0.24,not uncertain
AmbiStory,blind,single_hedge,AmbiStory-test-223,3,3,0.2955599386167448,2.64,somewhat uncertain
AmbiStory,blind,single_hedge,AmbiStory-test-224,2,3,0.249984056628876,1.36,not uncertain
AmbiStory,blind,single_hedge,AmbiStory-test-225,5,4,0.0,0.6399999999999999,not uncertain
AmbiStory,blind,single_hedge,AmbiStory-test-226,3,3,0.2629287448073765,1.2,not uncertain
AmbiStory,blind,single_hedge,AmbiStory-test-227,5,3,0.0,0.5599999999999999,not uncertain
AmbiStory,blind,single_hedge,AmbiStory-test-228,4,2,0.3808503976567268,1.4400000000000002,not uncertain
AmbiStory,blind,single_hedge,AmbiStory-test-229,4,3,0.2301715672279542,1.04,somewhat uncertain
AmbiStory,blind,single_hedge,AmbiStory-test-230,4,2,0.0881372258561664,0.24,not uncertain
AmbiStory,blind,single_hedge,AmbiStory-test-231,5,4,0.1698542922823948,1.0400000000000005,not uncertain
AmbiStory,blind,single_hedge,AmbiStory-test-232,1,2,1.0856074903246846,0.5599999999999999,not uncertain
AmbiStory,blind,single_hedge,AmbiStory-test-233,4,4,0.2362415047489764,1.36,not uncertain
AmbiStory,blind,single_hedge,AmbiStory-test-234,5,5,0.0,0.0,not uncertain
AmbiStory,blind,single_hedge,AmbiStory-test-235,4,4,0.1821807140233595,1.36,not uncertain
AmbiStory,blind,single_hedge,AmbiStory-test-236,3,3,0.5717507193774416,1.8400000000000003,not uncertain
AmbiStory,blind,single_hedge,AmbiStory-test-237,5,4,0.0,0.24,not uncertain
AmbiStory,blind,single_hedge,AmbiStory-test-238,5,4,0.0,0.96,not uncertain
AmbiStory,blind,single_hedge,AmbiStory-test-239,5,4,0.2378306793193874,0.24,not uncertain
AmbiStory,blind,single_hedge,AmbiStory-test-240,1,2,1.905121758013497,0.56,not uncertain
AmbiStory,blind,single_hedge,AmbiStory-test-241,5,5,0.0,0.1599999999999999,not uncertain
AmbiStory,blind,single_hedge,AmbiStory-test-242,1,1,0.2062576923830662,0.24,not uncertain
AmbiStory,blind,single_hedge,AmbiStory-test-243,5,5,0.0,0.1599999999999999,not uncertain
AmbiStory,blind,single_hedge,AmbiStory-test-244,1,2,0.1810074052266558,2.24,not uncertain
AmbiStory,blind,single_hedge,AmbiStory-test-245,5,4,0.0,0.6399999999999999,not uncertain
AmbiStory,blind,single_hedge,AmbiStory-test-246,5,5,0.0,0.1599999999999999,not uncertain
AmbiStory,blind,single_hedge,AmbiStory-test-247,1,1,0.0,0.64,not uncertain
AmbiStory,blind,single_hedge,AmbiStory-test-248,1,5,0.1038250064193011,0.1599999999999999,not uncertain
AmbiStory,blind,single_hedge,AmbiStory-test-249,1,2,0.0,0.64,not uncertain
AmbiStory,blind,single_hedge,AmbiStory-test-250,5,5,0.0,0.24,not uncertain
AmbiStory,blind,single_hedge,AmbiStory-test-251,1,1,0.0,0.16,not uncertain
AmbiStory,blind,single_hedge,AmbiStory-test-252,5,4,0.0,0.6399999999999999,not uncertain
AmbiStory,blind,single_hedge,AmbiStory-test-253,3,3,0.5900592417399069,1.2,not uncertain
AmbiStory,blind,single_hedge,AmbiStory-test-254,5,4,0.0,0.6399999999999999,not uncertain
AmbiStory,blind,single_hedge,AmbiStory-test-255,1,2,0.2594508405469663,2.24,somewhat uncertain
AmbiStory,blind,single_hedge,AmbiStory-test-256,5,4,0.0,0.5599999999999999,not uncertain
AmbiStory,blind,single_hedge,AmbiStory-test-257,5,2,0.0690372815990402,1.36,not uncertain
AmbiStory,blind,single_hedge,AmbiStory-test-258,1,3,0.2477157448266269,1.44,not uncertain
AmbiStory,blind,single_hedge,AmbiStory-test-259,5,5,0.0,0.0,not uncertain
AmbiStory,blind,single_hedge,AmbiStory-test-260,2,2,0.2827427438267568,0.64,not uncertain
AmbiStory,blind,single_hedge,AmbiStory-test-261,5,5,0.0,0.0,not uncertain
AmbiStory,blind,single_hedge,AmbiStory-test-262,2,4,0.1893662880853241,1.44,not uncertain
AmbiStory,blind,single_hedge,AmbiStory-test-263,5,4,0.0,1.36,not uncertain
AmbiStory,blind,single_hedge,AmbiStory-test-264,5,3,0.0,3.2,not uncertain
AmbiStory,blind,single_hedge,AmbiStory-test-265,5,3,0.0,2.56,not uncertain
AmbiStory,blind,single_hedge,AmbiStory-test-266,5,1,0.0,0.16,not uncertain
AmbiStory,blind,single_hedge,AmbiStory-test-267,5,4,0.0,1.6,not uncertain
AmbiStory,blind,single_hedge,AmbiStory-test-268,5,3,0.0,2.56,not uncertain
AmbiStory,blind,single_hedge,AmbiStory-test-269,5,4,0.0,3.04,not uncertain
AmbiStory,blind,single_hedge,AmbiStory-test-270,5,5,0.0,0.24,not uncertain
AmbiStory,blind,single_hedge,AmbiStory-test-271,5,2,0.4431886149394624,0.64,not uncertain
AmbiStory,blind,single_hedge,AmbiStory-test-272,3,2,1.037010641425539,0.8,not uncertain
AmbiStory,blind,single_hedge,AmbiStory-test-273,5,4,0.0,2.4,somewhat uncertain
AmbiStory,blind,single_hedge,AmbiStory-test-274,5,4,0.0,1.36,not uncertain
AmbiStory,blind,single_hedge,AmbiStory-test-275,5,3,0.0398558102968922,1.36,not uncertain
AmbiStory,blind,single_hedge,AmbiStory-test-276,1,2,0.0,0.64,somewhat uncertain
AmbiStory,blind,single_hedge,AmbiStory-test-277,5,5,0.0,0.6399999999999999,not uncertain
AmbiStory,blind,single_hedge,AmbiStory-test-278,1,2,0.0,0.64,not uncertain
AmbiStory,blind,single_hedge,AmbiStory-test-279,5,5,0.0,0.0,not uncertain
AmbiStory,blind,single_hedge,AmbiStory-test-280,1,2,0.0,0.5599999999999999,not uncertain
AmbiStory,blind,single_hedge,AmbiStory-test-281,5,4,0.0,0.64,not uncertain
AmbiStory,blind,single_hedge,AmbiStory-test-282,5,3,0.0,1.04,not uncertain
AmbiStory,blind,single_hedge,AmbiStory-test-283,5,4,0.0,2.56,not uncertain
AmbiStory,blind,single_hedge,AmbiStory-test-284,5,4,0.0,0.5599999999999999,not uncertain
AmbiStory,blind,single_hedge,AmbiStory-test-285,5,4,0.0,2.4,not uncertain
AmbiStory,blind,single_hedge,AmbiStory-test-286,5,3,0.0,0.64,not uncertain
AmbiStory,blind,single_hedge,AmbiStory-test-287,5,4,0.0,0.64,not uncertain
AmbiStory,blind,single_hedge,AmbiStory-test-288,5,4,0.0217039836091683,0.96,not uncertain
AmbiStory,blind,single_hedge,AmbiStory-test-289,5,4,0.2136275533712405,0.5599999999999999,not uncertain
AmbiStory,blind,single_hedge,AmbiStory-test-290,5,3,0.4997777075240993,2.8,not uncertain
AmbiStory,blind,single_hedge,AmbiStory-test-291,5,4,0.0681642073634707,0.8,not uncertain
AmbiStory,blind,single_hedge,AmbiStory-test-292,5,4,0.0222912796267326,0.6399999999999999,not uncertain
AmbiStory,blind,single_hedge,AmbiStory-test-293,5,4,0.1369196138306208,2.16,not uncertain
AmbiStory,blind,single_hedge,AmbiStory-test-294,1,3,0.0629342526295136,1.7600000000000002,not uncertain
AmbiStory,blind,single_hedge,AmbiStory-test-295,5,2,0.0517677893798322,0.64,not uncertain
AmbiStory,blind,single_hedge,AmbiStory-test-296,2,3,0.2499996972251819,1.2,not uncertain
AmbiStory,blind,single_hedge,AmbiStory-test-297,5,5,0.0,0.24,not uncertain
AmbiStory,blind,single_hedge,AmbiStory-test-298,1,2,0.0383637277372542,0.56,not uncertain
AmbiStory,blind,single_hedge,AmbiStory-test-299,5,4,0.0,1.8400000000000003,not uncertain
AmbiStory,blind,single_hedge,AmbiStory-test-300,1,2,1.174476610043349,1.36,highly uncertain
AmbiStory,blind,single_hedge,AmbiStory-test-301,1,1,0.2505562924120349,0.16,not uncertain
AmbiStory,blind,single_hedge,AmbiStory-test-302,4,3,0.299201368235511,0.64,not uncertain
AmbiStory,blind,single_hedge,AmbiStory-test-303,5,2,0.0,1.3600000000000003,not uncertain
AmbiStory,blind,single_hedge,AmbiStory-test-304,5,4,0.1765213307758983,1.4400000000000002,not uncertain
AmbiStory,blind,single_hedge,AmbiStory-test-305,2,2,0.659617586361064,0.56,not uncertain
AmbiStory,blind,single_hedge,AmbiStory-test-306,4,5,0.2668413739218783,0.0,not uncertain
AmbiStory,blind,single_hedge,AmbiStory-test-307,4,1,0.0230742944474176,0.24,not uncertain
AmbiStory,blind,single_hedge,AmbiStory-test-308,4,4,0.0494838460680988,2.56,somewhat uncertain
AmbiStory,blind,single_hedge,AmbiStory-test-309,4,2,0.8446152910358975,0.9600000000000002,not uncertain
AmbiStory,blind,single_hedge,AmbiStory-test-310,4,4,0.1842740745758754,0.64,not uncertain
AmbiStory,blind,single_hedge,AmbiStory-test-311,4,3,0.0748643344245821,2.16,somewhat uncertain
AmbiStory,blind,single_hedge,AmbiStory-test-312,5,4,0.214490142670886,0.24,somewhat uncertain
AmbiStory,blind,single_hedge,AmbiStory-test-313,5,3,0.6939698656907733,3.8400000000000007,somewhat uncertain
AmbiStory,blind,single_hedge,AmbiStory-test-314,4,4,0.2499971767811925,1.36,not uncertain
AmbiStory,blind,single_hedge,AmbiStory-test-315,5,3,2.490094675736441,0.96,not uncertain
AmbiStory,blind,single_hedge,AmbiStory-test-316,4,3,0.1380180636681204,1.8400000000000003,somewhat uncertain
AmbiStory,blind,single_hedge,AmbiStory-test-317,1,4,0.0,1.8400000000000003,not uncertain
AmbiStory,blind,single_hedge,AmbiStory-test-318,5,5,0.0,0.1599999999999999,not uncertain
AmbiStory,blind,single_hedge,AmbiStory-test-319,1,1,0.0,0.16,not uncertain
AmbiStory,blind,single_hedge,AmbiStory-test-320,5,5,0.0,0.1599999999999999,not uncertain
AmbiStory,blind,single_hedge,AmbiStory-test-321,1,1,0.0,0.0,not uncertain
AmbiStory,blind,single_hedge,AmbiStory-test-322,5,5,0.0,0.24,not uncertain
AmbiStory,blind,single_hedge,AmbiStory-test-323,1,1,0.0532674642955604,0.16,not uncertain
AmbiStory,blind,single_hedge,AmbiStory-test-324,5,5,0.0,0.0,not uncertain
AmbiStory,blind,single_hedge,AmbiStory-test-325,1,1,0.0,0.0,not uncertain
AmbiStory,blind,single_hedge,AmbiStory-test-326,5,5,0.0,0.1599999999999999,not uncertain
AmbiStory,blind,single_hedge,AmbiStory-test-327,1,2,0.2066990395404429,0.9600000000000002,not uncertain
AmbiStory,blind,single_hedge,AmbiStory-test-328,5,5,0.0,0.0,not uncertain
AmbiStory,blind,single_hedge,AmbiStory-test-329,1,2,0.0,2.1388888888888897,not uncertain
AmbiStory,blind,single_hedge,AmbiStory-test-330,4,4,1.1739280378297452,0.5599999999999999,not uncertain
AmbiStory,blind,single_hedge,AmbiStory-test-331,5,3,0.0,2.56,not uncertain
AmbiStory,blind,single_hedge,AmbiStory-test-332,1,1,0.0,0.0,not uncertain
AmbiStory,blind,single_hedge,AmbiStory-test-333,5,5,0.0,0.1599999999999999,not uncertain
AmbiStory,blind,single_hedge,AmbiStory-test-334,1,1,0.2326506836803286,0.16,not uncertain
AmbiStory,blind,single_hedge,AmbiStory-test-335,5,4,0.0,1.2,not uncertain
AmbiStory,blind,single_hedge,AmbiStory-test-336,5,5,0.0,0.1599999999999999,not uncertain
AmbiStory,blind,single_hedge,AmbiStory-test-337,1,1,0.0417555248965872,0.0,not uncertain
AmbiStory,blind,single_hedge,AmbiStory-test-338,4,2,0.3384884806380258,0.24,not uncertain
AmbiStory,blind,single_hedge,AmbiStory-test-339,5,4,0.0398112163447954,0.5599999999999999,not uncertain
AmbiStory,blind,single_hedge,AmbiStory-test-340,5,5,0.0,0.24,not uncertain
AmbiStory,blind,single_hedge,AmbiStory-test-341,1,2,0.0518386832971469,0.5599999999999999,not uncertain
AmbiStory,blind,single_hedge,AmbiStory-test-342,5,5,0.0,0.0,not uncertain
AmbiStory,blind,single_hedge,AmbiStory-test-343,1,1,0.07372428955323,0.0,not uncertain
AmbiStory,blind,single_hedge,AmbiStory-test-344,5,5,0.0,0.1599999999999999,not uncertain
AmbiStory,blind,single_hedge,AmbiStory-test-345,1,3,0.7037804782479286,0.64,not uncertain
AmbiStory,blind,single_hedge,AmbiStory-test-346,5,4,0.0,2.56,not uncertain
AmbiStory,blind,single_hedge,AmbiStory-test-347,1,2,0.0,0.25,not uncertain
AmbiStory,blind,single_hedge,AmbiStory-test-348,5,4,0.0,2.560000000000001,not uncertain
AmbiStory,blind,single_hedge,AmbiStory-test-349,2,2,0.0555182505860812,2.560000000000001,not uncertain
AmbiStory,blind,single_hedge,AmbiStory-test-350,1,2,0.2340298652137859,2.16,not uncertain
AmbiStory,blind,single_hedge,AmbiStory-test-351,4,2,0.0579304169186991,1.04,not uncertain
AmbiStory,blind,single_hedge,AmbiStory-test-352,1,2,0.2323535902813358,0.56,somewhat uncertain
AmbiStory,blind,single_hedge,AmbiStory-test-353,1,1,0.2547914285627227,0.16,not uncertain
AmbiStory,blind,single_hedge,AmbiStory-test-354,5,5,0.0,0.0,not uncertain
AmbiStory,blind,single_hedge,AmbiStory-test-355,1,1,0.0,0.0,not uncertain
AmbiStory,blind,single_hedge,AmbiStory-test-356,5,5,0.0,0.0,not uncertain
AmbiStory,blind,single_hedge,AmbiStory-test-357,1,1,0.0198947517820127,0.0,not uncertain
AmbiStory,blind,single_hedge,AmbiStory-test-358,5,5,0.0,0.0,not uncertain
AmbiStory,blind,single_hedge,AmbiStory-test-359,1,2,0.0,0.56,not uncertain
AmbiStory,blind,single_hedge,AmbiStory-test-360,5,5,0.0,0.1599999999999999,not uncertain
AmbiStory,blind,single_hedge,AmbiStory-test-361,1,1,0.0,0.24,not uncertain
AmbiStory,blind,single_hedge,AmbiStory-test-362,5,4,0.0,2.56,not uncertain
AmbiStory,blind,single_hedge,AmbiStory-test-363,1,1,0.026518532239244,0.0,not uncertain
AmbiStory,blind,single_hedge,AmbiStory-test-364,5,2,0.0,0.96,not uncertain
AmbiStory,blind,single_hedge,AmbiStory-test-365,1,3,0.1528852020121663,1.6,not uncertain
AmbiStory,blind,single_hedge,AmbiStory-test-366,5,3,0.0366566927385058,1.4400000000000002,not uncertain
AmbiStory,blind,single_hedge,AmbiStory-test-367,4,2,0.3719650356705193,0.16,not uncertain
AmbiStory,blind,single_hedge,AmbiStory-test-368,5,2,1.598863132637978,0.5599999999999999,not uncertain
AmbiStory,blind,single_hedge,AmbiStory-test-369,5,4,0.0,2.24,not uncertain
AmbiStory,blind,single_hedge,AmbiStory-test-370,1,2,0.3628289763271651,0.56,not uncertain
AmbiStory,blind,single_hedge,AmbiStory-test-371,4,2,1.1481375206395934,2.24,not uncertain
AmbiStory,blind,single_hedge,AmbiStory-test-372,5,4,0.0,0.64,not uncertain
AmbiStory,blind,single_hedge,AmbiStory-test-373,1,2,0.0521284827410804,0.56,somewhat uncertain
AmbiStory,blind,single_hedge,AmbiStory-test-374,5,5,0.0,0.24,not uncertain
AmbiStory,blind,single_hedge,AmbiStory-test-375,1,1,0.0,0.0,not uncertain
AmbiStory,blind,single_hedge,AmbiStory-test-376,5,5,0.020456811021304,0.24,not uncertain
AmbiStory,blind,single_hedge,AmbiStory-test-377,2,2,0.2931883795116058,0.56,not uncertain
AmbiStory,blind,single_hedge,AmbiStory-test-378,5,4,0.0,2.56,not uncertain
AmbiStory,blind,single_hedge,AmbiStory-test-379,1,1,0.0515923710711541,0.64,not uncertain
AmbiStory,blind,single_hedge,AmbiStory-test-380,5,1,0.4711444817039071,0.0,not uncertain
AmbiStory,blind,single_hedge,AmbiStory-test-381,5,5,0.0,0.24,not uncertain
AmbiStory,blind,single_hedge,AmbiStory-test-382,5,3,0.0,2.56,not uncertain
AmbiStory,blind,single_hedge,AmbiStory-test-383,5,4,0.0,0.24,not uncertain
AmbiStory,blind,single_hedge,AmbiStory-test-384,5,5,0.0,0.0,not uncertain
AmbiStory,blind,single_hedge,AmbiStory-test-385,1,1,0.0,0.16,not uncertain
AmbiStory,blind,single_hedge,AmbiStory-test-386,5,3,0.0,2.16,not uncertain
AmbiStory,blind,single_hedge,AmbiStory-test-387,1,2,0.2410174541509095,1.36,not uncertain
AmbiStory,blind,single_hedge,AmbiStory-test-388,5,4,0.0,0.96,not uncertain
AmbiStory,blind,single_hedge,AmbiStory-test-389,1,2,0.0,1.6,not uncertain
AmbiStory,blind,single_hedge,AmbiStory-test-390,5,5,0.0,0.1599999999999999,not uncertain
AmbiStory,blind,single_hedge,AmbiStory-test-391,1,1,0.0,0.16,not uncertain
AmbiStory,blind,single_hedge,AmbiStory-test-392,5,4,0.989919167802437,0.64,not uncertain
AmbiStory,blind,single_hedge,AmbiStory-test-393,5,3,0.0,1.36,somewhat uncertain
AmbiStory,blind,single_hedge,AmbiStory-test-394,5,4,0.0,2.24,not uncertain
AmbiStory,blind,single_hedge,AmbiStory-test-395,1,2,0.0,0.8,not uncertain
AmbiStory,blind,single_hedge,AmbiStory-test-396,5,5,0.0,0.0,not uncertain
AmbiStory,blind,single_hedge,AmbiStory-test-397,1,1,0.0,0.24,not uncertain
AmbiStory,blind,single_hedge,AmbiStory-test-398,5,4,0.0,0.5599999999999999,not uncertain
AmbiStory,blind,single_hedge,AmbiStory-test-399,5,3,0.0,0.1599999999999999,not uncertain
AmbiStory,blind,single_hedge,AmbiStory-test-400,5,5,0.0,0.1599999999999999,not uncertain
AmbiStory,blind,single_hedge,AmbiStory-test-401,5,1,0.2060892630787787,0.24,not uncertain
AmbiStory,blind,single_hedge,AmbiStory-test-402,5,4,1.0375333299679916,0.5599999999999999,not uncertain
AmbiStory,blind,single_hedge,AmbiStory-test-403,5,2,0.0,0.4,not uncertain
AmbiStory,blind,single_hedge,AmbiStory-test-404,4,4,0.9856907476245982,0.5599999999999999,not uncertain
AmbiStory,blind,single_hedge,AmbiStory-test-405,5,2,0.0,0.4,not uncertain
AmbiStory,blind,single_hedge,AmbiStory-test-406,4,4,2.641508013720084,0.24,not uncertain
AmbiStory,blind,single_hedge,AmbiStory-test-407,5,2,0.0,1.36,not uncertain
AmbiStory,blind,single_hedge,AmbiStory-test-408,5,4,0.0,1.44,somewhat uncertain
AmbiStory,blind,single_hedge,AmbiStory-test-409,1,1,0.0370779402884137,0.0,not uncertain
AmbiStory,blind,single_hedge,AmbiStory-test-410,5,4,0.0,1.36,not uncertain
AmbiStory,blind,single_hedge,AmbiStory-test-411,5,2,0.0,1.04,not uncertain
AmbiStory,blind,single_hedge,AmbiStory-test-412,5,4,0.0,0.96,not uncertain
AmbiStory,blind,single_hedge,AmbiStory-test-413,1,1,0.0,0.64,not uncertain
AmbiStory,blind,single_hedge,AmbiStory-test-414,5,5,0.0,0.0,not uncertain
AmbiStory,blind,single_hedge,AmbiStory-test-415,1,1,0.0,0.24,not uncertain
AmbiStory,blind,single_hedge,AmbiStory-test-416,5,5,0.0181337794675261,0.1599999999999999,not uncertain
AmbiStory,blind,single_hedge,AmbiStory-test-417,1,2,1.2186208722471563,0.64,not uncertain
AmbiStory,blind,single_hedge,AmbiStory-test-418,5,5,0.0,0.1599999999999999,not uncertain
AmbiStory,blind,single_hedge,AmbiStory-test-419,1,2,0.0960972276465765,2.24,not uncertain
AmbiStory,blind,single_hedge,AmbiStory-test-420,5,3,1.135123223653713,2.2222222222222228,not uncertain
AmbiStory,blind,single_hedge,AmbiStory-test-421,1,3,0.0,1.4400000000000002,somewhat uncertain
AmbiStory,blind,single_hedge,AmbiStory-test-422,5,3,0.0,2.24,somewhat uncertain
AmbiStory,blind,single_hedge,AmbiStory-test-423,1,3,0.0,2.0,not uncertain
AmbiStory,blind,single_hedge,AmbiStory-test-424,5,3,0.0,0.4,somewhat uncertain
AmbiStory,blind,single_hedge,AmbiStory-test-425,1,3,0.0,1.04,not uncertain
AmbiStory,blind,single_hedge,AmbiStory-test-426,5,3,0.0279234936738634,0.64,not uncertain
AmbiStory,blind,single_hedge,AmbiStory-test-427,5,3,0.3754383174711668,1.36,somewhat uncertain
AmbiStory,blind,single_hedge,AmbiStory-test-428,5,4,0.0183159967061541,0.6399999999999999,somewhat uncertain
AmbiStory,blind,single_hedge,AmbiStory-test-429,5,2,0.3197570077847361,0.4,not uncertain
AmbiStory,blind,single_hedge,AmbiStory-test-430,5,4,0.0,1.6,not uncertain
AmbiStory,blind,single_hedge,AmbiStory-test-431,5,2,0.3987014668401878,0.16,not uncertain
AmbiStory,blind,single_hedge,AmbiStory-test-432,5,4,0.0503772088633059,1.44,not uncertain
AmbiStory,blind,single_hedge,AmbiStory-test-433,1,1,0.0276505981376687,0.24,not uncertain
AmbiStory,blind,single_hedge,AmbiStory-test-434,5,5,0.0,0.24,not uncertain
AmbiStory,blind,single_hedge,AmbiStory-test-435,1,1,0.0,0.64,somewhat uncertain
AmbiStory,blind,single_hedge,AmbiStory-test-436,5,4,0.0,1.36,not uncertain
AmbiStory,blind,single_hedge,AmbiStory-test-437,1,1,0.0,0.0,not uncertain
AmbiStory,blind,single_hedge,AmbiStory-test-438,5,5,0.0,0.1599999999999999,not uncertain
AmbiStory,blind,single_hedge,AmbiStory-test-439,1,2,2.8520047408710534,2.24,not uncertain
AmbiStory,blind,single_hedge,AmbiStory-test-440,4,3,0.8590933583337123,1.36,not uncertain
AmbiStory,blind,single_hedge,AmbiStory-test-441,5,3,2.4971534528204886,1.84,not uncertain
AmbiStory,blind,single_hedge,AmbiStory-test-442,4,4,0.4578239194135119,0.5599999999999999,highly uncertain
AmbiStory,blind,single_hedge,AmbiStory-test-443,1,3,2.342857363802388,2.64,not uncertain
AmbiStory,blind,single_hedge,AmbiStory-test-444,5,4,0.0,1.36,not uncertain
AmbiStory,blind,single_hedge,AmbiStory-test-445,5,2,3.075386275054333,1.36,not uncertain
AmbiStory,blind,single_hedge,AmbiStory-test-446,5,3,0.7299500775247941,1.36,not uncertain
AmbiStory,blind,single_hedge,AmbiStory-test-447,5,4,1.269390962434472,1.36,not uncertain
AmbiStory,blind,single_hedge,AmbiStory-test-448,5,4,1.1062335716960687,0.24,not uncertain
AmbiStory,blind,single_hedge,AmbiStory-test-449,5,2,2.849329823439735,0.8,not uncertain
AmbiStory,blind,single_hedge,AmbiStory-test-450,5,4,0.2450851364541924,0.5599999999999999,somewhat uncertain
AmbiStory,blind,single_hedge,AmbiStory-test-451,1,2,0.0,0.9600000000000002,not uncertain
AmbiStory,blind,single_hedge,AmbiStory-test-452,5,2,0.1958437632547163,0.24,not uncertain
AmbiStory,blind,single_hedge,AmbiStory-test-453,5,5,0.0,0.1599999999999999,not uncertain
AmbiStory,blind,single_hedge,AmbiStory-test-454,5,3,0.2001867271065325,2.24,somewhat uncertain
AmbiStory,blind,single_hedge,AmbiStory-test-455,1,3,0.0448409918630917,0.64,not uncertain
AmbiStory,blind,single_hedge,AmbiStory-test-456,4,4,0.2874108545564163,1.36,not uncertain
AmbiStory,blind,single_hedge,AmbiStory-test-457,1,3,0.0,1.04,not uncertain
AmbiStory,blind,single_hedge,AmbiStory-test-458,5,3,3.0880988636240927,1.36,not uncertain
AmbiStory,blind,single_hedge,AmbiStory-test-459,5,4,1.811015437798748,0.4,not uncertain
AmbiStory,blind,single_hedge,AmbiStory-test-460,3,3,1.0540496433437192,1.7600000000000002,somewhat uncertain
AmbiStory,blind,single_hedge,AmbiStory-test-461,1,3,0.1015766701484983,1.5555555555555556,not uncertain
AmbiStory,blind,single_hedge,AmbiStory-test-462,5,2,0.135731201191116,3.04,not uncertain
AmbiStory,blind,single_hedge,AmbiStory-test-463,5,5,0.0,0.0,not uncertain
AmbiStory,blind,single_hedge,AmbiStory-test-464,4,2,1.3752290602003114,0.8,somewhat uncertain
AmbiStory,blind,single_hedge,AmbiStory-test-465,5,5,0.0,0.6399999999999999,not uncertain
AmbiStory,blind,single_hedge,AmbiStory-test-466,4,3,0.2812799701841613,0.8,not uncertain
AmbiStory,blind,single_hedge,AmbiStory-test-467,5,3,0.1736290575550191,1.84,not uncertain
AmbiStory,blind,single_hedge,AmbiStory-test-468,5,5,0.0,0.1599999999999999,not uncertain
AmbiStory,blind,single_hedge,AmbiStory-test-469,5,5,0.0,0.1599999999999999,not uncertain
AmbiStory,blind,single_hedge,AmbiStory-test-470,5,5,0.0,0.6399999999999999,not uncertain
AmbiStory,blind,single_hedge,AmbiStory-test-471,5,4,0.0,1.36,not uncertain
AmbiStory,blind,single_hedge,AmbiStory-test-472,5,4,0.0,1.0400000000000005,not uncertain
AmbiStory,blind,single_hedge,AmbiStory-test-473,5,4,0.0,1.44,not uncertain
AmbiStory,blind,single_hedge,AmbiStory-test-474,5,5,0.0,0.0,not uncertain
AmbiStory,blind,single_hedge,AmbiStory-test-475,4,3,0.7556463708619279,2.64,not uncertain
AmbiStory,blind,single_hedge,AmbiStory-test-476,5,4,0.0,0.64,not uncertain
AmbiStory,blind,single_hedge,AmbiStory-test-477,4,3,0.1088474299420343,2.16,not uncertain
AmbiStory,blind,single_hedge,AmbiStory-test-478,5,4,0.0,0.5599999999999999,not uncertain
AmbiStory,blind,single_hedge,AmbiStory-test-479,4,3,0.5706539701331208,2.0,somewhat uncertain
AmbiStory,blind,single_hedge,AmbiStory-test-480,5,5,0.1119118773166679,0.0,not uncertain
AmbiStory,blind,single_hedge,AmbiStory-test-481,1,2,0.0,0.64,not uncertain
AmbiStory,blind,single_hedge,AmbiStory-test-482,3,2,0.5083773386853035,2.1600000000000006,not uncertain
AmbiStory,blind,single_hedge,AmbiStory-test-483,5,4,0.0,0.5599999999999999,not uncertain
AmbiStory,blind,single_hedge,AmbiStory-test-484,4,4,0.2623806221160973,1.36,somewhat uncertain
AmbiStory,blind,single_hedge,AmbiStory-test-485,2,3,0.7175086606268548,1.84,not uncertain
AmbiStory,blind,single_hedge,AmbiStory-test-486,1,2,0.0436935158910359,0.64,not uncertain
AmbiStory,blind,single_hedge,AmbiStory-test-487,5,4,0.0,0.8,not uncertain
AmbiStory,blind,single_hedge,AmbiStory-test-488,1,1,0.2895990937222425,0.0,not uncertain
AmbiStory,blind,single_hedge,AmbiStory-test-489,5,5,0.0,0.0,not uncertain
AmbiStory,blind,single_hedge,AmbiStory-test-490,1,1,0.1284926941081436,0.24,not uncertain
AmbiStory,blind,single_hedge,AmbiStory-test-491,5,5,0.0,0.1599999999999999,not uncertain
AmbiStory,blind,single_hedge,AmbiStory-test-492,5,5,0.0,0.0,not uncertain
AmbiStory,blind,single_hedge,AmbiStory-test-493,1,3,0.9267396770573952,2.64,somewhat uncertain
AmbiStory,blind,single_hedge,AmbiStory-test-494,5,4,0.0,2.56,not uncertain
AmbiStory,blind,single_hedge,AmbiStory-test-495,1,3,2.0369456397644408,1.7600000000000002,somewhat uncertain
AmbiStory,blind,single_hedge,AmbiStory-test-496,5,4,0.0,1.36,not uncertain
AmbiStory,blind,single_hedge,AmbiStory-test-497,1,2,0.1980814173169271,0.56,not uncertain
AmbiStory,blind,single_hedge,AmbiStory-test-498,1,4,0.0920888839168253,0.5599999999999999,not uncertain
AmbiStory,blind,single_hedge,AmbiStory-test-499,5,2,0.0,1.2,not uncertain
AmbiStory,blind,single_hedge,AmbiStory-test-500,1,1,0.0,0.24,not uncertain
AmbiStory,blind,single_hedge,AmbiStory-test-501,5,4,0.0,0.96,not uncertain
AmbiStory,blind,single_hedge,AmbiStory-test-502,1,3,0.0,1.0400000000000005,not uncertain
AmbiStory,blind,single_hedge,AmbiStory-test-503,5,3,0.0,1.8400000000000003,somewhat uncertain
AmbiStory,blind,single_hedge,AmbiStory-test-504,5,5,0.0,0.6399999999999999,not uncertain
AmbiStory,blind,single_hedge,AmbiStory-test-505,1,1,0.0,0.0,not uncertain
AmbiStory,blind,single_hedge,AmbiStory-test-506,3,3,0.5543492725704033,1.0400000000000005,not uncertain
AmbiStory,blind,single_hedge,AmbiStory-test-507,5,3,0.0,1.6,not uncertain
AmbiStory,blind,single_hedge,AmbiStory-test-508,5,3,0.0,1.36,not uncertain
AmbiStory,blind,single_hedge,AmbiStory-test-509,5,2,0.0,2.2222222222222223,not uncertain
AmbiStory,blind,single_hedge,AmbiStory-test-510,5,3,0.2193579151108571,1.36,somewhat uncertain
AmbiStory,blind,single_hedge,AmbiStory-test-511,5,2,0.2107373937842,0.96,not uncertain
AmbiStory,blind,single_hedge,AmbiStory-test-512,1,2,0.8491303878846194,1.8400000000000003,not uncertain
AmbiStory,blind,single_hedge,AmbiStory-test-513,5,4,0.0,0.6399999999999999,not uncertain
AmbiStory,blind,single_hedge,AmbiStory-test-514,4,3,0.7831133533125605,0.64,not uncertain
AmbiStory,blind,single_hedge,AmbiStory-test-515,5,4,0.0,0.5599999999999999,not uncertain
AmbiStory,blind,single_hedge,AmbiStory-test-516,5,4,0.0,1.44,not uncertain
AmbiStory,blind,single_hedge,AmbiStory-test-517,1,2,0.9603329030344668,1.36,not uncertain
AmbiStory,blind,single_hedge,AmbiStory-test-518,1,2,0.0,2.4,not uncertain
AmbiStory,blind,single_hedge,AmbiStory-test-519,5,5,0.0,0.0,not uncertain
AmbiStory,blind,single_hedge,AmbiStory-test-520,1,2,0.0,0.56,not uncertain
AmbiStory,blind,single_hedge,AmbiStory-test-521,1,3,0.9747190399495336,1.84,not uncertain
AmbiStory,blind,single_hedge,AmbiStory-test-522,2,2,1.3647080765356612,1.36,not uncertain
AmbiStory,blind,single_hedge,AmbiStory-test-523,5,5,0.0,0.24,not uncertain
AmbiStory,blind,single_hedge,AmbiStory-test-524,1,2,0.0,1.4400000000000002,not uncertain
AmbiStory,blind,single_hedge,AmbiStory-test-525,5,5,0.0,0.1599999999999999,not uncertain
AmbiStory,blind,single_hedge,AmbiStory-test-526,2,1,0.2306660760022544,0.16,not uncertain
AmbiStory,blind,single_hedge,AmbiStory-test-527,5,4,0.0,0.64,not uncertain
AmbiStory,blind,single_hedge,AmbiStory-test-528,4,3,0.2264880387402977,0.8,not uncertain
AmbiStory,blind,single_hedge,AmbiStory-test-529,5,4,0.1980564469190529,0.1599999999999999,not uncertain
AmbiStory,blind,single_hedge,AmbiStory-test-530,1,1,0.1202969487134836,0.24,not uncertain
AmbiStory,blind,single_hedge,AmbiStory-test-531,5,5,0.0,0.24,not uncertain
AmbiStory,blind,single_hedge,AmbiStory-test-532,4,3,0.0954607791299606,0.24,not uncertain
AmbiStory,blind,single_hedge,AmbiStory-test-533,5,3,0.0,0.0,not uncertain
AmbiStory,blind,single_hedge,AmbiStory-test-534,5,5,0.0478435607182895,0.1599999999999999,not uncertain
AmbiStory,blind,single_hedge,AmbiStory-test-535,5,5,0.0,0.1599999999999999,not uncertain
AmbiStory,blind,single_hedge,AmbiStory-test-536,4,5,0.2726371675617801,0.24,not uncertain
AmbiStory,blind,single_hedge,AmbiStory-test-537,5,5,0.0,0.0,not uncertain
AmbiStory,blind,single_hedge,AmbiStory-test-538,5,5,0.0,0.0,not uncertain
AmbiStory,blind,single_hedge,AmbiStory-test-539,5,5,0.0,0.0,not uncertain
AmbiStory,blind,single_hedge,AmbiStory-test-540,1,3,1.7494260314103272,1.7600000000000002,not uncertain
AmbiStory,blind,single_hedge,AmbiStory-test-541,5,4,0.0,2.16,somewhat uncertain
AmbiStory,blind,single_hedge,AmbiStory-test-542,1,3,0.0684413791511432,1.84,not uncertain
AmbiStory,blind,single_hedge,AmbiStory-test-543,5,5,0.0,0.0,not uncertain
AmbiStory,blind,single_hedge,AmbiStory-test-544,1,4,0.1399953032085378,1.44,not uncertain
AmbiStory,blind,single_hedge,AmbiStory-test-545,5,5,0.0,0.0,not uncertain
AmbiStory,blind,single_hedge,AmbiStory-test-546,4,3,1.2424079719851158,1.36,not uncertain
AmbiStory,blind,single_hedge,AmbiStory-test-547,4,3,1.7929232873146042,0.96,somewhat uncertain
AmbiStory,blind,single_hedge,AmbiStory-test-548,1,2,0.0,0.64,not uncertain
AmbiStory,blind,single_hedge,AmbiStory-test-549,5,4,0.0,0.8,not uncertain
AmbiStory,blind,single_hedge,AmbiStory-test-550,1,2,0.0,0.56,not uncertain
AmbiStory,blind,single_hedge,AmbiStory-test-551,5,4,0.0,0.5599999999999999,not uncertain
AmbiStory,blind,single_hedge,AmbiStory-test-552,1,1,0.0,0.0,not uncertain
AmbiStory,blind,single_hedge,AmbiStory-test-553,5,3,0.0717223659859335,1.04,not uncertain
AmbiStory,blind,single_hedge,AmbiStory-test-554,1,2,0.0,1.8400000000000003,not uncertain
AmbiStory,blind,single_hedge,AmbiStory-test-555,5,3,0.0,0.96,not uncertain
AmbiStory,blind,single_hedge,AmbiStory-test-556,1,1,0.0,0.24,not uncertain
AmbiStory,blind,single_hedge,AmbiStory-test-557,5,4,0.0,2.24,somewhat uncertain
AmbiStory,blind,single_hedge,AmbiStory-test-558,5,5,0.0,0.0,not uncertain
AmbiStory,blind,single_hedge,AmbiStory-test-559,2,2,0.497158852819123,2.4,not uncertain
AmbiStory,blind,single_hedge,AmbiStory-test-560,1,1,0.0,0.16,not uncertain
AmbiStory,blind,single_hedge,AmbiStory-test-561,5,4,0.0,0.64,not uncertain
AmbiStory,blind,single_hedge,AmbiStory-test-562,1,2,0.3611954859151433,0.5599999999999999,not uncertain
AmbiStory,blind,single_hedge,AmbiStory-test-563,5,4,0.0,0.24,not uncertain
AmbiStory,blind,single_hedge,AmbiStory-test-564,5,4,0.0,1.0400000000000005,not uncertain
AmbiStory,blind,single_hedge,AmbiStory-test-565,5,4,0.9387263855713364,0.5599999999999999,not uncertain
AmbiStory,blind,single_hedge,AmbiStory-test-566,5,3,0.0,0.5599999999999999,not uncertain
AmbiStory,blind,single_hedge,AmbiStory-test-567,5,4,0.1615996378742455,2.16,not uncertain
AmbiStory,blind,single_hedge,AmbiStory-test-568,4,3,0.1819243613983992,1.04,not uncertain
AmbiStory,blind,single_hedge,AmbiStory-test-569,5,4,0.0,0.96,not uncertain
AmbiStory,blind,single_hedge,AmbiStory-test-570,5,5,0.08694273303909,0.24,not uncertain
AmbiStory,blind,single_hedge,AmbiStory-test-571,1,1,0.7395764018420691,0.16,not uncertain
AmbiStory,blind,single_hedge,AmbiStory-test-572,4,3,0.8335869291044397,0.64,not uncertain
AmbiStory,blind,single_hedge,AmbiStory-test-573,5,4,0.2269809144506409,3.04,not uncertain
AmbiStory,blind,single_hedge,AmbiStory-test-574,5,4,0.0,2.16,not uncertain
AmbiStory,blind,single_hedge,AmbiStory-test-575,4,2,0.6840104782199002,0.5555555555555555,not uncertain
AmbiStory,blind,single_hedge,AmbiStory-test-576,5,5,0.0314931582960687,0.1599999999999999,not uncertain
AmbiStory,blind,single_hedge,AmbiStory-test-577,5,4,0.4227755358235308,1.2,not uncertain
AmbiStory,blind,single_hedge,AmbiStory-test-578,1,1,0.0,0.24,not uncertain
AmbiStory,blind,single_hedge,AmbiStory-test-579,5,5,0.0,0.0,not uncertain
AmbiStory,blind,single_hedge,AmbiStory-test-580,5,1,1.437887663596113,0.24,somewhat uncertain
AmbiStory,blind,single_hedge,AmbiStory-test-581,5,5,0.0,0.1599999999999999,not uncertain
AmbiStory,blind,single_hedge,AmbiStory-test-582,5,3,0.0,0.4,not uncertain
AmbiStory,blind,single_hedge,AmbiStory-test-583,1,2,0.2687941833788239,1.4400000000000002,not uncertain
AmbiStory,blind,single_hedge,AmbiStory-test-584,4,2,0.2395173399934928,0.8,not uncertain
AmbiStory,blind,single_hedge,AmbiStory-test-585,5,3,0.227780362207278,0.96,not uncertain
AmbiStory,blind,single_hedge,AmbiStory-test-586,5,3,0.0,1.2,not uncertain
AmbiStory,blind,single_hedge,AmbiStory-test-587,2,2,0.1833860830874542,0.64,not uncertain
AmbiStory,blind,single_hedge,AmbiStory-test-588,1,2,1.0949257219548292,0.5599999999999999,somewhat uncertain
AmbiStory,blind,single_hedge,AmbiStory-test-589,5,4,0.0798690009247395,1.36,not uncertain
AmbiStory,blind,single_hedge,AmbiStory-test-590,1,4,0.1505037998485073,1.84,not uncertain
AmbiStory,blind,single_hedge,AmbiStory-test-591,5,5,0.0,0.24,not uncertain
AmbiStory,blind,single_hedge,AmbiStory-test-592,4,3,2.5535957215501908,2.56,not uncertain
AmbiStory,blind,single_hedge,AmbiStory-test-593,5,5,0.0,0.1599999999999999,not uncertain
AmbiStory,blind,single_hedge,AmbiStory-test-594,1,2,0.1224854082886808,0.64,not uncertain
AmbiStory,blind,single_hedge,AmbiStory-test-595,4,4,0.1810309866726825,2.4,not uncertain
AmbiStory,blind,single_hedge,AmbiStory-test-596,1,1,0.1604746390842577,0.24,not uncertain
AmbiStory,blind,single_hedge,AmbiStory-test-597,5,3,0.1446893353979128,2.0,not uncertain
AmbiStory,blind,single_hedge,AmbiStory-test-598,1,2,0.0207535437936703,0.24,not uncertain
AmbiStory,blind,single_hedge,AmbiStory-test-599,4,5,0.0946042674128925,0.6399999999999999,not uncertain
AmbiStory,blind,single_hedge,AmbiStory-test-600,5,5,0.0,0.1599999999999999,not uncertain
AmbiStory,blind,single_hedge,AmbiStory-test-601,1,2,0.0,0.56,not uncertain
AmbiStory,blind,single_hedge,AmbiStory-test-602,5,5,0.6392992441913204,0.0,not uncertain
AmbiStory,blind,single_hedge,AmbiStory-test-603,1,3,0.3456594475049026,2.2222222222222223,not uncertain
AmbiStory,blind,single_hedge,AmbiStory-test-604,5,4,0.0,0.24,not uncertain
AmbiStory,blind,single_hedge,AmbiStory-test-605,1,2,0.0,0.24,not uncertain
AmbiStory,blind,single_hedge,AmbiStory-test-606,1,3,1.737022629258816,2.56,not uncertain
AmbiStory,blind,single_hedge,AmbiStory-test-607,5,3,0.0,1.8400000000000003,not uncertain
AmbiStory,blind,single_hedge,AmbiStory-test-608,1,1,0.0,0.0,not uncertain
AmbiStory,blind,single_hedge,AmbiStory-test-609,5,5,0.0,0.1599999999999999,not uncertain
AmbiStory,blind,single_hedge,AmbiStory-test-610,1,1,0.0,0.24,not uncertain
AmbiStory,blind,single_hedge,AmbiStory-test-611,5,4,0.0,1.36,not uncertain
AmbiStory,blind,single_hedge,AmbiStory-test-612,5,5,0.0430659263869219,0.0,somewhat uncertain
AmbiStory,blind,single_hedge,AmbiStory-test-613,4,2,0.1414162663804008,2.16,highly uncertain
AmbiStory,blind,single_hedge,AmbiStory-test-614,1,1,0.0,0.0,not uncertain
AmbiStory,blind,single_hedge,AmbiStory-test-615,5,5,0.0,0.24,not uncertain
AmbiStory,blind,single_hedge,AmbiStory-test-616,1,2,0.0,0.64,not uncertain
AmbiStory,blind,single_hedge,AmbiStory-test-617,5,5,0.0,0.24,not uncertain
AmbiStory,blind,single_hedge,AmbiStory-test-618,5,4,0.6287620480428229,2.24,somewhat uncertain
AmbiStory,blind,single_hedge,AmbiStory-test-619,5,3,0.0263998132441976,3.3599999999999994,somewhat uncertain
AmbiStory,blind,single_hedge,AmbiStory-test-620,1,2,0.0,0.24,not uncertain
AmbiStory,blind,single_hedge,AmbiStory-test-621,5,5,0.0,0.24,not uncertain
AmbiStory,blind,single_hedge,AmbiStory-test-622,1,2,0.0,1.04,not uncertain
AmbiStory,blind,single_hedge,AmbiStory-test-623,5,5,0.0,0.0,not uncertain
AmbiStory,blind,single_hedge,AmbiStory-test-624,1,1,0.7397608114653258,0.64,not uncertain
AmbiStory,blind,single_hedge,AmbiStory-test-625,5,3,0.0840758615502877,2.56,not uncertain
AmbiStory,blind,single_hedge,AmbiStory-test-626,1,2,0.0,2.24,not uncertain
AmbiStory,blind,single_hedge,AmbiStory-test-627,5,4,0.0,0.24,not uncertain
AmbiStory,blind,single_hedge,AmbiStory-test-628,1,3,0.0764870514689246,0.64,not uncertain
AmbiStory,blind,single_hedge,AmbiStory-test-629,5,5,0.0,0.24,not uncertain
AmbiStory,blind,single_hedge,AmbiStory-test-630,5,5,0.0,0.0,not uncertain
AmbiStory,blind,single_hedge,AmbiStory-test-631,1,1,0.0,0.24,not uncertain
AmbiStory,blind,single_hedge,AmbiStory-test-632,5,5,0.0,0.0,not uncertain
AmbiStory,blind,single_hedge,AmbiStory-test-633,1,1,0.0,0.0,not uncertain
AmbiStory,blind,single_hedge,AmbiStory-test-634,5,5,0.0,0.0,not uncertain
AmbiStory,blind,single_hedge,AmbiStory-test-635,1,2,0.0220654634123557,0.24,not uncertain
AmbiStory,blind,single_hedge,AmbiStory-test-636,5,4,0.0,0.5599999999999999,not uncertain
AmbiStory,blind,single_hedge,AmbiStory-test-637,1,2,0.7929647984552504,1.2,not uncertain
AmbiStory,blind,single_hedge,AmbiStory-test-638,5,3,0.0,1.84,not uncertain
AmbiStory,blind,single_hedge,AmbiStory-test-639,5,3,0.0,2.64,somewhat uncertain
AmbiStory,blind,single_hedge,AmbiStory-test-640,5,3,0.0,1.4400000000000002,not uncertain
AmbiStory,blind,single_hedge,AmbiStory-test-641,5,2,1.2801758204100022,2.1600000000000006,
AmbiStory,blind,single_hedge,AmbiStory-test-642,5,5,0.0,0.0,not uncertain
AmbiStory,blind,single_hedge,AmbiStory-test-643,1,2,0.0,0.64,not uncertain
AmbiStory,blind,single_hedge,AmbiStory-test-644,5,5,0.0,0.24,not uncertain
AmbiStory,blind,single_hedge,AmbiStory-test-645,1,1,0.0,0.6400000000000002,not uncertain
AmbiStory,blind,single_hedge,AmbiStory-test-646,5,5,0.0,0.0,not uncertain
AmbiStory,blind,single_hedge,AmbiStory-test-647,1,1,0.0,0.16,not uncertain
AmbiStory,blind,single_hedge,AmbiStory-test-648,1,2,0.068753411766284,0.96,not uncertain
AmbiStory,blind,single_hedge,AmbiStory-test-649,5,4,0.0,1.6,not uncertain
AmbiStory,blind,single_hedge,AmbiStory-test-650,1,1,0.0307088628327049,0.16,not uncertain
AmbiStory,blind,single_hedge,AmbiStory-test-651,5,5,0.0,0.0,not uncertain
AmbiStory,blind,single_hedge,AmbiStory-test-652,1,3,0.0,1.6,not uncertain
AmbiStory,blind,single_hedge,AmbiStory-test-653,5,5,0.0,0.24,not uncertain
AmbiStory,blind,single_hedge,AmbiStory-test-654,5,5,0.0,0.24,not uncertain
AmbiStory,blind,single_hedge,AmbiStory-test-655,1,2,0.0,0.64,not uncertain
AmbiStory,blind,single_hedge,AmbiStory-test-656,5,3,0.0,1.6,not uncertain
AmbiStory,blind,single_hedge,AmbiStory-test-657,4,3,0.4829933894798052,2.64,not uncertain
AmbiStory,blind,single_hedge,AmbiStory-test-658,5,4,0.0,1.36,not uncertain
AmbiStory,blind,single_hedge,AmbiStory-test-659,1,4,0.0,0.5599999999999999,not uncertain
AmbiStory,blind,single_hedge,AmbiStory-test-660,5,5,0.0196054065150744,0.0,not uncertain
AmbiStory,blind,single_hedge,AmbiStory-test-661,1,2,0.2481500593644351,0.56,not uncertain
AmbiStory,blind,single_hedge,AmbiStory-test-662,5,4,0.1916303883918007,1.2,not uncertain
AmbiStory,blind,single_hedge,AmbiStory-test-663,1,4,0.3386549481690872,1.6,not uncertain
AmbiStory,blind,single_hedge,AmbiStory-test-664,5,4,0.0236617751424019,0.8,not uncertain
AmbiStory,blind,single_hedge,AmbiStory-test-665,1,3,0.4698577419163634,0.4,not uncertain
AmbiStory,blind,single_hedge,AmbiStory-test-666,5,5,0.0,0.6399999999999999,not uncertain
AmbiStory,blind,single_hedge,AmbiStory-test-667,1,2,0.0523441946407831,2.16,not uncertain
AmbiStory,blind,single_hedge,AmbiStory-test-668,5,4,0.0,0.64,not uncertain
AmbiStory,blind,single_hedge,AmbiStory-test-669,5,2,0.0,1.8400000000000003,not uncertain
AmbiStory,blind,single_hedge,AmbiStory-test-670,5,5,0.0,0.1599999999999999,not uncertain
AmbiStory,blind,single_hedge,AmbiStory-test-671,1,1,0.2914455572189092,0.0,not uncertain
AmbiStory,blind,single_hedge,AmbiStory-test-672,5,5,0.0,0.6399999999999999,not uncertain
AmbiStory,blind,single_hedge,AmbiStory-test-673,5,4,0.0,2.4,not uncertain
AmbiStory,blind,single_hedge,AmbiStory-test-674,5,5,0.0152491939710185,0.1599999999999999,not uncertain
AmbiStory,blind,single_hedge,AmbiStory-test-675,5,5,0.0,0.1599999999999999,not uncertain
AmbiStory,blind,single_hedge,AmbiStory-test-676,5,5,0.0,0.1599999999999999,not uncertain
AmbiStory,blind,single_hedge,AmbiStory-test-677,5,5,0.0,0.0,not uncertain
AmbiStory,blind,single_hedge,AmbiStory-test-678,5,3,0.0,1.4400000000000002,not uncertain
AmbiStory,blind,single_hedge,AmbiStory-test-679,5,3,0.0,1.36,not uncertain
AmbiStory,blind,single_hedge,AmbiStory-test-680,5,1,0.0187038105328398,0.2222222222222222,somewhat uncertain
AmbiStory,blind,single_hedge,AmbiStory-test-681,5,3,0.0,3.8400000000000007,not uncertain
AmbiStory,blind,single_hedge,AmbiStory-test-682,5,3,0.0,0.96,not uncertain
AmbiStory,blind,single_hedge,AmbiStory-test-683,5,3,0.0,0.1599999999999999,not uncertain
AmbiStory,blind,single_hedge,AmbiStory-test-684,1,2,2.0597439287664088,1.2,not uncertain
AmbiStory,blind,single_hedge,AmbiStory-test-685,5,4,0.0,0.96,somewhat uncertain
AmbiStory,blind,single_hedge,AmbiStory-test-686,1,4,1.231773185877296,0.24,not uncertain
AmbiStory,blind,single_hedge,AmbiStory-test-687,5,3,0.0,1.84,not uncertain
AmbiStory,blind,single_hedge,AmbiStory-test-688,1,2,1.488943223036702,1.0400000000000005,not uncertain
AmbiStory,blind,single_hedge,AmbiStory-test-689,5,3,0.0,1.0400000000000005,not uncertain
AmbiStory,blind,single_hedge,AmbiStory-test-690,5,3,0.0241952348086655,0.8,not uncertain
AmbiStory,blind,single_hedge,AmbiStory-test-691,5,4,0.2227991691025583,0.96,not uncertain
AmbiStory,blind,single_hedge,AmbiStory-test-692,1,2,1.7773960413937475,0.64,not uncertain
AmbiStory,blind,single_hedge,AmbiStory-test-693,5,5,0.0,0.0,not uncertain
AmbiStory,blind,single_hedge,AmbiStory-test-694,1,3,2.38119264854894,1.36,not uncertain
AmbiStory,blind,single_hedge,AmbiStory-test-695,5,3,0.0,2.24,somewhat uncertain
AmbiStory,blind,single_hedge,AmbiStory-test-696,4,1,1.008999168193429,0.24,not uncertain
AmbiStory,blind,single_hedge,AmbiStory-test-697,5,2,0.0,0.4,not uncertain
AmbiStory,blind,single_hedge,AmbiStory-test-698,4,3,0.2870015384282124,1.7600000000000002,somewhat uncertain
AmbiStory,blind,single_hedge,AmbiStory-test-699,5,4,0.0,1.6,not uncertain
AmbiStory,blind,single_hedge,AmbiStory-test-700,1,3,0.8299431414099347,2.56,not uncertain
AmbiStory,blind,single_hedge,AmbiStory-test-701,5,2,0.0,0.56,not uncertain
AmbiStory,blind,single_hedge,AmbiStory-test-702,2,2,1.2996922378600626,0.64,not uncertain
AmbiStory,blind,single_hedge,AmbiStory-test-703,5,2,1.730239078344251,1.8400000000000003,not uncertain
AmbiStory,blind,single_hedge,AmbiStory-test-704,5,4,0.105292195728954,1.36,not uncertain
AmbiStory,blind,single_hedge,AmbiStory-test-705,5,4,0.4384102528268611,0.8,somewhat uncertain
AmbiStory,blind,single_hedge,AmbiStory-test-706,3,3,0.6411161408950066,1.04,somewhat uncertain
AmbiStory,blind,single_hedge,AmbiStory-test-707,5,3,0.4864249301282839,1.84,somewhat uncertain
AmbiStory,blind,single_hedge,AmbiStory-test-708,5,4,0.0,1.36,not uncertain
AmbiStory,blind,single_hedge,AmbiStory-test-709,1,2,0.0,2.1600000000000006,not uncertain
AmbiStory,blind,single_hedge,AmbiStory-test-710,5,2,0.9931799682016924,0.24,not uncertain
AmbiStory,blind,single_hedge,AmbiStory-test-711,1,4,0.025118563559944,1.36,not uncertain
AmbiStory,blind,single_hedge,AmbiStory-test-712,5,3,0.0189352180134482,1.2,
AmbiStory,blind,single_hedge,AmbiStory-test-713,1,3,0.058033006005958,1.04,somewhat uncertain
AmbiStory,blind,single_hedge,AmbiStory-test-714,5,4,0.0597700563330238,0.5599999999999999,not uncertain
AmbiStory,blind,single_hedge,AmbiStory-test-715,5,3,0.0,1.84,not uncertain
AmbiStory,blind,single_hedge,AmbiStory-test-716,1,3,2.095453009009699,2.56,not uncertain
AmbiStory,blind,single_hedge,AmbiStory-test-717,5,3,1.1706395662766076,2.56,not uncertain
AmbiStory,blind,single_hedge,AmbiStory-test-718,1,3,1.4304415624629945,1.6,somewhat uncertain
AmbiStory,blind,single_hedge,AmbiStory-test-719,5,2,0.0599642222224461,0.96,not uncertain
AmbiStory,blind,single_hedge,AmbiStory-test-720,5,4,0.2474888179890695,1.04,not uncertain
AmbiStory,blind,single_hedge,AmbiStory-test-721,5,3,0.0,1.2,not uncertain
AmbiStory,blind,single_hedge,AmbiStory-test-722,4,5,0.2273992552331586,0.24,not uncertain
AmbiStory,blind,single_hedge,AmbiStory-test-723,5,3,0.0,1.84,not uncertain
AmbiStory,blind,single_hedge,AmbiStory-test-724,5,4,0.4475318577666095,2.16,not uncertain
AmbiStory,blind,single_hedge,AmbiStory-test-725,5,3,0.0,1.7600000000000002,not uncertain
AmbiStory,blind,single_hedge,AmbiStory-test-726,5,5,0.0263517679275566,0.0,not uncertain
AmbiStory,blind,single_hedge,AmbiStory-test-727,2,2,0.1179996026185003,2.16,not uncertain
AmbiStory,blind,single_hedge,AmbiStory-test-728,1,2,1.6821494476972194,1.8400000000000003,not uncertain
AmbiStory,blind,single_hedge,AmbiStory-test-729,5,4,0.0,1.0400000000000005,not uncertain
AmbiStory,blind,single_hedge,AmbiStory-test-730,4,4,0.1750259763131967,0.5599999999999999,not uncertain
AmbiStory,blind,single_hedge,AmbiStory-test-731,4,2,0.4181402273981979,0.9600000000000002,not uncertain
AmbiStory,blind,single_hedge,AmbiStory-test-732,5,4,0.0,1.36,not uncertain
AmbiStory,blind,single_hedge,AmbiStory-test-733,2,2,0.2104990366554815,0.96,not uncertain
AmbiStory,blind,single_hedge,AmbiStory-test-734,5,3,0.108622939555157,2.64,not uncertain
AmbiStory,blind,single_hedge,AmbiStory-test-735,5,4,0.0552004041502247,1.84,not uncertain
AmbiStory,blind,single_hedge,AmbiStory-test-736,5,3,0.0405042390422531,2.0,somewhat uncertain
AmbiStory,blind,single_hedge,AmbiStory-test-737,1,4,0.184741755146006,0.1599999999999999,not uncertain
AmbiStory,blind,single_hedge,AmbiStory-test-738,5,5,0.0,0.0,somewhat uncertain
AmbiStory,blind,single_hedge,AmbiStory-test-739,1,1,0.0889127821953137,0.16,not uncertain
AmbiStory,blind,single_hedge,AmbiStory-test-740,1,2,0.8156125251014256,0.64,not uncertain
AmbiStory,blind,single_hedge,AmbiStory-test-741,5,5,0.0,0.0,not uncertain
AmbiStory,blind,single_hedge,AmbiStory-test-742,5,4,0.0,0.8,not uncertain
AmbiStory,blind,single_hedge,AmbiStory-test-743,4,2,2.358410539728012,0.4,not uncertain
AmbiStory,blind,single_hedge,AmbiStory-test-744,5,5,0.0,0.0,not uncertain
AmbiStory,blind,single_hedge,AmbiStory-test-745,1,1,0.0,0.16,not uncertain
AmbiStory,blind,single_hedge,AmbiStory-test-746,5,5,0.0,0.0,not uncertain
AmbiStory,blind,single_hedge,AmbiStory-test-747,1,1,0.0,0.0,not uncertain
AmbiStory,blind,single_hedge,AmbiStory-test-748,5,5,0.0,0.24,not uncertain
AmbiStory,blind,single_hedge,AmbiStory-test-749,1,1,0.0,0.16,not uncertain
AmbiStory,blind,single_hedge,AmbiStory-test-750,1,2,0.0,0.96,not uncertain
AmbiStory,blind,single_hedge,AmbiStory-test-751,5,4,0.0,0.96,not uncertain
AmbiStory,blind,single_hedge,AmbiStory-test-752,1,1,0.0,0.0,not uncertain
AmbiStory,blind,single_hedge,AmbiStory-test-753,5,5,0.0,0.0,not uncertain
AmbiStory,blind,single_hedge,AmbiStory-test-754,1,2,0.0381315459483033,1.2,not uncertain
AmbiStory,blind,single_hedge,AmbiStory-test-755,5,4,0.0,0.6399999999999999,not uncertain
AmbiStory,blind,single_hedge,AmbiStory-test-756,5,5,0.0,0.24,not uncertain
AmbiStory,blind,single_hedge,AmbiStory-test-757,1,1,0.0,0.16,not uncertain
AmbiStory,blind,single_hedge,AmbiStory-test-758,1,1,0.2100923760119366,0.24,not uncertain
AmbiStory,blind,single_hedge,AmbiStory-test-759,5,5,0.0,0.24,not uncertain
AmbiStory,blind,single_hedge,AmbiStory-test-760,5,2,0.2034846633042382,0.4,not uncertain
AmbiStory,blind,single_hedge,AmbiStory-test-761,2,4,0.5056732549610482,0.5599999999999999,not uncertain
AmbiStory,blind,single_hedge,AmbiStory-test-762,5,4,0.0,1.36,somewhat uncertain
AmbiStory,blind,single_hedge,AmbiStory-test-763,1,1,0.0,0.24,not uncertain
AmbiStory,blind,single_hedge,AmbiStory-test-764,5,4,0.0,1.36,not uncertain
AmbiStory,blind,single_hedge,AmbiStory-test-765,1,1,0.0,0.16,not uncertain
AmbiStory,blind,single_hedge,AmbiStory-test-766,5,4,0.0,0.8,not uncertain
AmbiStory,blind,single_hedge,AmbiStory-test-767,1,1,0.0,0.24,not uncertain
AmbiStory,blind,single_hedge,AmbiStory-test-768,5,3,0.0148862517265355,2.0,not uncertain
AmbiStory,blind,single_hedge,AmbiStory-test-769,1,2,0.0,0.64,not uncertain
AmbiStory,blind,single_hedge,AmbiStory-test-770,1,3,0.2029694919860726,0.64,not uncertain
AmbiStory,blind,single_hedge,AmbiStory-test-771,5,5,0.0,0.6399999999999999,not uncertain
AmbiStory,blind,single_hedge,AmbiStory-test-772,5,3,0.047355868535518,0.5599999999999999,not uncertain
AmbiStory,blind,single_hedge,AmbiStory-test-773,1,4,0.3198346709080258,0.64,not uncertain
AmbiStory,blind,single_hedge,AmbiStory-test-774,4,3,0.074863068660681,1.36,not uncertain
AmbiStory,blind,single_hedge,AmbiStory-test-775,5,2,0.0,1.4400000000000002,not uncertain
AmbiStory,blind,single_hedge,AmbiStory-test-776,5,2,0.7132901576834363,1.2,somewhat uncertain
AmbiStory,blind,single_hedge,AmbiStory-test-777,1,2,0.0,1.36,not uncertain
AmbiStory,blind,single_hedge,AmbiStory-test-778,1,3,2.4692390272038365,2.8,not uncertain
AmbiStory,blind,single_hedge,AmbiStory-test-779,1,2,0.0,0.64,not uncertain
AmbiStory,blind,single_hedge,AmbiStory-test-780,5,5,0.0204237875630665,0.1599999999999999,not uncertain
AmbiStory,blind,single_hedge,AmbiStory-test-781,1,1,0.0216241485494836,0.16,somewhat uncertain
AmbiStory,blind,single_hedge,AmbiStory-test-782,1,3,0.0310102933356865,0.64,not uncertain
AmbiStory,blind,single_hedge,AmbiStory-test-783,5,5,0.2837341459101385,0.0,not uncertain
AmbiStory,blind,single_hedge,AmbiStory-test-784,1,4,2.182063382331391,1.04,not uncertain
AmbiStory,blind,single_hedge,AmbiStory-test-785,4,3,0.9645230822137468,0.64,somewhat uncertain
AmbiStory,blind,single_hedge,AmbiStory-test-786,5,4,0.07646927486836,1.36,not uncertain
AmbiStory,blind,single_hedge,AmbiStory-test-787,4,4,0.3888706504303231,2.16,not uncertain
AmbiStory,blind,single_hedge,AmbiStory-test-788,1,2,0.877165503563718,2.5600000000000005,highly uncertain
AmbiStory,blind,single_hedge,AmbiStory-test-789,5,4,0.0,0.5599999999999999,not uncertain
AmbiStory,blind,single_hedge,AmbiStory-test-790,1,1,2.4236013673149936,0.16,not uncertain
AmbiStory,blind,single_hedge,AmbiStory-test-791,5,5,0.0994227301694973,0.1599999999999999,not uncertain
AmbiStory,blind,single_hedge,AmbiStory-test-792,1,3,2.462689326330453,2.56,not uncertain
AmbiStory,blind,single_hedge,AmbiStory-test-793,4,3,0.2784469283032456,2.472222222222222,highly uncertain
AmbiStory,blind,single_hedge,AmbiStory-test-794,4,2,1.4673315474065436,0.24,not uncertain
AmbiStory,blind,single_hedge,AmbiStory-test-795,5,4,0.1278192648080696,1.0400000000000005,not uncertain
AmbiStory,blind,single_hedge,AmbiStory-test-796,5,2,0.8528745635574472,2.24,not uncertain
AmbiStory,blind,single_hedge,AmbiStory-test-797,5,5,0.0509733552002023,0.1599999999999999,not uncertain
AmbiStory,blind,single_hedge,AmbiStory-test-798,5,2,0.0,0.56,not uncertain
AmbiStory,blind,single_hedge,AmbiStory-test-799,1,4,3.938885902555157,0.4,not uncertain
AmbiStory,blind,single_hedge,AmbiStory-test-800,5,2,0.0,0.56,not uncertain
AmbiStory,blind,single_hedge,AmbiStory-test-801,5,3,0.0380514117131052,1.44,not uncertain
AmbiStory,blind,single_hedge,AmbiStory-test-802,5,2,0.0,0.96,not uncertain
AmbiStory,blind,single_hedge,AmbiStory-test-803,5,3,0.065071023831782,1.0400000000000005,not uncertain
AmbiStory,blind,single_hedge,AmbiStory-test-804,1,1,3.336331634352358,0.16,not uncertain
AmbiStory,blind,single_hedge,AmbiStory-test-805,5,4,0.0,0.5599999999999999,not uncertain
AmbiStory,blind,single_hedge,AmbiStory-test-806,1,2,0.0252537694922563,0.24,not uncertain
AmbiStory,blind,single_hedge,AmbiStory-test-807,5,4,0.0,1.36,not uncertain
AmbiStory,blind,single_hedge,AmbiStory-test-808,1,2,0.0,0.24,not uncertain
AmbiStory,blind,single_hedge,AmbiStory-test-809,5,4,0.0,0.8,somewhat uncertain
AmbiStory,blind,single_hedge,AmbiStory-test-810,5,5,0.0,0.1599999999999999,not uncertain
AmbiStory,blind,single_hedge,AmbiStory-test-811,5,2,0.0346716268174225,2.5600000000000005,not uncertain
AmbiStory,blind,single_hedge,AmbiStory-test-812,1,2,0.0227934833825729,0.56,not uncertain
AmbiStory,blind,single_hedge,AmbiStory-test-813,5,4,0.489036059983775,1.44,not uncertain
AmbiStory,blind,single_hedge,AmbiStory-test-814,1,1,0.0,0.24,not uncertain
AmbiStory,blind,single_hedge,AmbiStory-test-815,5,5,3.41732163959289,0.1599999999999999,somewhat uncertain
AmbiStory,blind,single_hedge,AmbiStory-test-816,5,5,0.0257946008938353,0.6399999999999999,not uncertain
AmbiStory,blind,single_hedge,AmbiStory-test-817,5,3,0.0,1.7600000000000002,not uncertain
AmbiStory,blind,single_hedge,AmbiStory-test-818,1,3,0.0761821746142097,2.16,not uncertain
AmbiStory,blind,single_hedge,AmbiStory-test-819,5,4,0.0,1.84,not uncertain
AmbiStory,blind,single_hedge,AmbiStory-test-820,1,3,0.0784136945774859,1.84,not uncertain
AmbiStory,blind,single_hedge,AmbiStory-test-821,5,4,0.0,0.96,somewhat uncertain
AmbiStory,blind,single_hedge,AmbiStory-test-822,1,2,0.0,0.64,not uncertain
AmbiStory,blind,single_hedge,AmbiStory-test-823,5,5,0.0,0.6399999999999999,not uncertain
AmbiStory,blind,single_hedge,AmbiStory-test-824,1,2,0.0,0.64,not uncertain
AmbiStory,blind,single_hedge,AmbiStory-test-825,5,5,0.0,0.1599999999999999,not uncertain
AmbiStory,blind,single_hedge,AmbiStory-test-826,1,2,0.281866714735545,0.24,not uncertain
AmbiStory,blind,single_hedge,AmbiStory-test-827,5,4,0.0,2.16,not uncertain
AmbiStory,blind,single_hedge,AmbiStory-test-828,5,4,0.0,1.6,not uncertain
AmbiStory,blind,single_hedge,AmbiStory-test-829,5,4,0.0,2.560000000000001,not uncertain
AmbiStory,blind,single_hedge,AmbiStory-test-830,5,4,0.1146317310483613,0.96,not uncertain
AmbiStory,blind,single_hedge,AmbiStory-test-831,5,3,0.0,2.64,not uncertain
AmbiStory,blind,single_hedge,AmbiStory-test-832,4,3,2.4345386840927783,1.04,not uncertain
AmbiStory,blind,single_hedge,AmbiStory-test-833,5,4,0.0,0.4,not uncertain
AmbiStory,blind,single_hedge,AmbiStory-test-834,4,2,1.385937191205054,0.4,not uncertain
AmbiStory,blind,single_hedge,AmbiStory-test-835,4,4,0.0312655962131155,1.36,somewhat uncertain
AmbiStory,blind,single_hedge,AmbiStory-test-836,1,3,0.214190543390043,2.16,not uncertain
AmbiStory,blind,single_hedge,AmbiStory-test-837,5,5,0.0293645268461198,0.1599999999999999,not uncertain
AmbiStory,blind,single_hedge,AmbiStory-test-838,5,3,0.232321168571578,2.64,not uncertain
AmbiStory,blind,single_hedge,AmbiStory-test-839,5,5,0.0,0.1599999999999999,not uncertain
AmbiStory,blind,single_hedge,AmbiStory-test-840,4,3,0.3596846584721506,1.44,not uncertain
AmbiStory,blind,single_hedge,AmbiStory-test-841,5,4,0.0,0.64,not uncertain
AmbiStory,blind,single_hedge,AmbiStory-test-842,1,2,0.0739735483615411,0.16,not uncertain
AmbiStory,blind,single_hedge,AmbiStory-test-843,5,4,0.1097322857513813,0.64,somewhat uncertain
AmbiStory,blind,single_hedge,AmbiStory-test-844,1,2,0.0515350847086488,0.56,not uncertain
AmbiStory,blind,single_hedge,AmbiStory-test-845,5,3,0.2245432609944151,1.6,somewhat uncertain
AmbiStory,blind,single_hedge,AmbiStory-test-846,5,4,0.0896620988171805,0.4,not uncertain
AmbiStory,blind,single_hedge,AmbiStory-test-847,1,2,0.5708764856269815,0.6400000000000002,not uncertain
AmbiStory,blind,single_hedge,AmbiStory-test-848,1,1,0.0,0.16,not uncertain
AmbiStory,blind,single_hedge,AmbiStory-test-849,5,5,0.0296693860103418,0.24,not uncertain
AmbiStory,blind,single_hedge,AmbiStory-test-850,1,2,0.1521645660571294,1.2,not uncertain
AmbiStory,blind,single_hedge,AmbiStory-test-851,5,4,0.5454793771695717,0.4,not uncertain
AmbiStory,blind,single_hedge,AmbiStory-test-852,4,3,1.8203692824755544,1.0400000000000005,not uncertain
AmbiStory,blind,single_hedge,AmbiStory-test-853,1,2,1.2721662512820666,0.4,not uncertain
AmbiStory,blind,single_hedge,AmbiStory-test-854,4,2,0.5752056341842859,1.84,not uncertain
AmbiStory,blind,single_hedge,AmbiStory-test-855,4,3,0.2451370312282916,2.56,not uncertain
AmbiStory,blind,single_hedge,AmbiStory-test-856,4,3,0.307793788861476,1.04,somewhat uncertain
AmbiStory,blind,single_hedge,AmbiStory-test-857,5,2,0.106376281975629,1.36,not uncertain
AmbiStory,blind,single_hedge,AmbiStory-test-858,5,4,1.222584397915281,1.44,not uncertain
AmbiStory,blind,single_hedge,AmbiStory-test-859,4,1,0.1541546383436528,0.64,somewhat uncertain
AmbiStory,blind,single_hedge,AmbiStory-test-860,1,3,0.9273387354113396,0.64,not uncertain
AmbiStory,blind,single_hedge,AmbiStory-test-861,4,1,0.7872488357525278,0.24,somewhat uncertain
AmbiStory,blind,single_hedge,AmbiStory-test-862,1,3,0.1056868728604707,2.8,not uncertain
AmbiStory,blind,single_hedge,AmbiStory-test-863,5,2,0.7641285530084333,1.8400000000000003,not uncertain
AmbiStory,blind,single_hedge,AmbiStory-test-864,1,1,0.1716557448080647,0.24,not uncertain
AmbiStory,blind,single_hedge,AmbiStory-test-865,4,5,0.249972258129909,0.0,not uncertain
AmbiStory,blind,single_hedge,AmbiStory-test-866,1,1,0.2982586969389011,0.16,not uncertain
AmbiStory,blind,single_hedge,AmbiStory-test-867,5,5,0.2499260029957986,0.24,not uncertain
AmbiStory,blind,single_hedge,AmbiStory-test-868,1,1,0.0410215832175652,0.16,not uncertain
AmbiStory,blind,single_hedge,AmbiStory-test-869,5,5,0.0869839567376887,0.24,not uncertain
AmbiStory,blind,single_hedge,AmbiStory-test-870,5,5,0.0,0.6399999999999999,not uncertain
AmbiStory,blind,single_hedge,AmbiStory-test-871,1,1,0.0,0.16,not uncertain
AmbiStory,blind,single_hedge,AmbiStory-test-872,5,3,0.0,0.1599999999999999,not uncertain
AmbiStory,blind,single_hedge,AmbiStory-test-873,1,1,0.0529164334655757,0.0,not uncertain
AmbiStory,blind,single_hedge,AmbiStory-test-874,5,5,0.0,0.1599999999999999,not uncertain
AmbiStory,blind,single_hedge,AmbiStory-test-875,1,1,0.0204509900220943,0.0,not uncertain
AmbiStory,blind,single_hedge,AmbiStory-test-876,2,4,1.18507520246828,0.4,not uncertain
AmbiStory,blind,single_hedge,AmbiStory-test-877,1,2,0.1446584755956835,1.8400000000000003,not uncertain
AmbiStory,blind,single_hedge,AmbiStory-test-878,4,3,1.7694978152756955,2.16,not uncertain
AmbiStory,blind,single_hedge,AmbiStory-test-879,2,2,0.2248440563477041,1.44,not uncertain
AmbiStory,blind,single_hedge,AmbiStory-test-880,1,4,0.0827930215848007,0.96,not uncertain
AmbiStory,blind,single_hedge,AmbiStory-test-881,1,2,0.0700690536990542,1.84,not uncertain
AmbiStory,blind,single_hedge,AmbiStory-test-882,4,4,2.450760239898138,1.44,not uncertain
AmbiStory,blind,single_hedge,AmbiStory-test-883,1,2,0.0,3.04,not uncertain
AmbiStory,blind,single_hedge,AmbiStory-test-884,5,5,0.1052225170443497,0.1599999999999999,somewhat uncertain
AmbiStory,blind,single_hedge,AmbiStory-test-885,1,1,0.0,0.16,not uncertain
AmbiStory,blind,single_hedge,AmbiStory-test-886,4,5,0.9709831633174087,0.6399999999999999,not uncertain
AmbiStory,blind,single_hedge,AmbiStory-test-887,1,2,1.2853466969580722,0.56,not uncertain
AmbiStory,blind,single_hedge,AmbiStory-test-888,5,5,0.0,0.0,not uncertain
AmbiStory,blind,single_hedge,AmbiStory-test-889,1,2,1.6808559120429454,0.64,not uncertain
AmbiStory,blind,single_hedge,AmbiStory-test-890,4,3,1.1089118775451712,0.96,not uncertain
AmbiStory,blind,single_hedge,AmbiStory-test-891,4,3,0.2370040301894513,0.24,not uncertain
AmbiStory,blind,single_hedge,AmbiStory-test-892,5,4,0.0,0.8,not uncertain
AmbiStory,blind,single_hedge,AmbiStory-test-893,1,3,0.6886245472705084,1.36,not uncertain
AmbiStory,blind,single_hedge,AmbiStory-test-894,5,3,0.0853901126462344,0.5599999999999999,not uncertain
AmbiStory,blind,single_hedge,AmbiStory-test-895,3,2,1.3872863015679986,0.8,not uncertain
AmbiStory,blind,single_hedge,AmbiStory-test-896,4,2,0.9784508991003956,0.56,not uncertain
AmbiStory,blind,single_hedge,AmbiStory-test-897,3,4,0.4658252905700311,1.0400000000000005,not uncertain
AmbiStory,blind,single_hedge,AmbiStory-test-898,5,2,0.2283967231357498,0.64,not uncertain
AmbiStory,blind,single_hedge,AmbiStory-test-899,4,3,0.7696518564319137,0.96,not uncertain
AmbiStory,blind,single_hedge,AmbiStory-test-900,1,2,0.1476110041662137,0.5599999999999999,not uncertain
AmbiStory,blind,single_hedge,AmbiStory-test-901,4,5,0.1534264133146353,0.1599999999999999,not uncertain
AmbiStory,blind,single_hedge,AmbiStory-test-902,1,2,0.0628456226287766,0.56,somewhat uncertain
AmbiStory,blind,single_hedge,AmbiStory-test-903,5,5,0.0,0.1599999999999999,not uncertain
AmbiStory,blind,single_hedge,AmbiStory-test-904,1,2,0.0239610335448783,1.2,not uncertain
AmbiStory,blind,single_hedge,AmbiStory-test-905,5,4,0.1121779703403708,0.0,not uncertain
AmbiStory,blind,single_hedge,AmbiStory-test-906,5,5,0.0733462525744408,0.6399999999999999,not uncertain
AmbiStory,blind,single_hedge,AmbiStory-test-907,2,1,0.1718682355372878,0.16,not uncertain
AmbiStory,blind,single_hedge,AmbiStory-test-908,5,3,0.0930264174096821,0.5599999999999999,not uncertain
AmbiStory,blind,single_hedge,AmbiStory-test-909,4,3,0.0,1.6,not uncertain
AmbiStory,blind,single_hedge,AmbiStory-test-910,5,3,0.0309807606284611,0.8,not uncertain
AmbiStory,blind,single_hedge,AmbiStory-test-911,1,2,0.0221640444530366,0.8,not uncertain
AmbiStory,blind,single_hedge,AmbiStory-test-912,5,3,0.0,0.96,not uncertain
AmbiStory,blind,single_hedge,AmbiStory-test-913,5,3,1.1252256046944336,2.64,not uncertain
AmbiStory,blind,single_hedge,AmbiStory-test-914,1,2,0.0,2.4,not uncertain
AmbiStory,blind,single_hedge,AmbiStory-test-915,5,4,0.0,0.64,not uncertain
AmbiStory,blind,single_hedge,AmbiStory-test-916,1,3,0.0,2.0,not uncertain
AmbiStory,blind,single_hedge,AmbiStory-test-917,5,5,0.0,0.1599999999999999,not uncertain
AmbiStory,blind,single_hedge,AmbiStory-test-918,5,4,0.0,1.36,not uncertain
AmbiStory,blind,single_hedge,AmbiStory-test-919,5,2,0.0,0.4,not uncertain
AmbiStory,blind,single_hedge,AmbiStory-test-920,5,5,0.0,0.6399999999999999,not uncertain
AmbiStory,blind,single_hedge,AmbiStory-test-921,1,2,1.4457893737663938,0.64,not uncertain
AmbiStory,blind,single_hedge,AmbiStory-test-922,5,4,0.0,0.96,not uncertain
AmbiStory,blind,single_hedge,AmbiStory-test-923,5,3,0.0429568909253673,0.4,not uncertain
AmbiStory,blind,single_hedge,AmbiStory-test-924,5,1,0.0,0.0,not uncertain
AmbiStory,blind,single_hedge,AmbiStory-test-925,2,4,0.640791689798982,1.2,somewhat uncertain
AmbiStory,blind,single_hedge,AmbiStory-test-926,5,1,0.0,0.16,not uncertain
AmbiStory,blind,single_hedge,AmbiStory-test-927,1,3,0.5732982527959736,2.222222222222222,not uncertain
AmbiStory,blind,single_hedge,AmbiStory-test-928,5,2,0.0,1.36,not uncertain
AmbiStory,blind,single_hedge,AmbiStory-test-929,2,4,1.5485981536044278,0.96,not uncertain
AmbiStory,blind,topk_wrong,AmbiStory-test-0,5,4,0.0,1.6,not uncertain
AmbiStory,blind,topk_wrong,AmbiStory-test-1,1,2,0.6558683279691048,1.2,not uncertain
AmbiStory,blind,topk_wrong,AmbiStory-test-2,5,3,0.0,0.5599999999999999,not uncertain
AmbiStory,blind,topk_wrong,AmbiStory-test-3,3,3,1.5635706746167517,1.44,not uncertain
AmbiStory,blind,topk_wrong,AmbiStory-test-4,5,3,0.0,1.84,not uncertain
AmbiStory,blind,topk_wrong,AmbiStory-test-5,4,2,2.14592062875601,0.56,not uncertain
AmbiStory,blind,topk_wrong,AmbiStory-test-6,1,3,1.3976556159891098,0.96,not uncertain
AmbiStory,blind,topk_wrong,AmbiStory-test-7,1,4,0.2365789957628531,1.36,not uncertain
AmbiStory,blind,topk_wrong,AmbiStory-test-8,1,1,0.7045444423895764,0.24,somewhat uncertain
AmbiStory,blind,topk_wrong,AmbiStory-test-9,1,4,0.2223162655627028,2.16,not uncertain
AmbiStory,blind,topk_wrong,AmbiStory-test-10,4,1,1.2871343699135964,0.24,not uncertain
AmbiStory,blind,topk_wrong,AmbiStory-test-11,2,5,0.506336299638644,0.1599999999999999,somewhat uncertain
AmbiStory,blind,topk_wrong,AmbiStory-test-12,5,4,0.0,0.5599999999999999,somewhat uncertain
AmbiStory,blind,topk_wrong,AmbiStory-test-13,1,3,0.0697690821428246,2.64,somewhat uncertain
AmbiStory,blind,topk_wrong,AmbiStory-test-14,5,1,2.04151056673464,0.24,not uncertain
AmbiStory,blind,topk_wrong,AmbiStory-test-15,5,4,0.023521300637809,2.56,not uncertain
AmbiStory,blind,topk_wrong,AmbiStory-test-16,5,3,0.0,0.5599999999999999,highly uncertain
AmbiStory,blind,topk_wrong,AmbiStory-test-17,1,4,0.0870603321551535,0.64,not uncertain
AmbiStory,blind,topk_wrong,AmbiStory-test-18,5,5,0.0,0.0,somewhat uncertain
AmbiStory,blind,topk_wrong,AmbiStory-test-19,5,3,0.108516741136859,2.64,somewhat uncertain
AmbiStory,blind,topk_wrong,AmbiStory-test-20,5,5,0.0,0.0,not uncertain
AmbiStory,blind,topk_wrong,AmbiStory-test-21,5,3,0.0782911192361145,0.96,not uncertain
AmbiStory,blind,topk_wrong,AmbiStory-test-22,5,5,0.0,0.1599999999999999,not uncertain
AmbiStory,blind,topk_wrong,AmbiStory-test-23,5,4,0.2418370280353336,2.56,somewhat uncertain
AmbiStory,blind,topk_wrong,AmbiStory-test-24,5,5,0.0,0.0,somewhat uncertain
AmbiStory,blind,topk_wrong,AmbiStory-test-25,1,2,0.0,1.2,not uncertain
AmbiStory,blind,topk_wrong,AmbiStory-test-26,5,4,0.0,0.96,somewhat uncertain
AmbiStory,blind,topk_wrong,AmbiStory-test-27,1,2,0.0,0.56,highly uncertain
AmbiStory,blind,topk_wrong,AmbiStory-test-28,5,4,0.0,0.6399999999999999,somewhat uncertain
AmbiStory,blind,topk_wrong,AmbiStory-test-29,1,2,0.0,0.64,not uncertain
AmbiStory,blind,topk_wrong,AmbiStory-test-30,5,2,0.2420755511151686,0.8,somewhat uncertain
AmbiStory,blind,topk_wrong,AmbiStory-test-31,5,4,0.0,0.6399999999999999,not uncertain
AmbiStory,blind,topk_wrong,AmbiStory-test-32,4,3,0.1061791218640112,2.24,not uncertain
AmbiStory,blind,topk_wrong,AmbiStory-test-33,5,4,0.0,0.1599999999999999,not uncertain
AmbiStory,blind,topk_wrong,AmbiStory-test-34,5,3,0.0229901769118308,0.96,somewhat uncertain
AmbiStory,blind,topk_wrong,AmbiStory-test-35,5,4,0.0,0.96,not uncertain
AmbiStory,blind,topk_wrong,AmbiStory-test-36,4,3,0.1691607854292012,0.24,not uncertain
AmbiStory,blind,topk_wrong,AmbiStory-test-37,5,3,0.0,1.6,somewhat uncertain
AmbiStory,blind,topk_wrong,AmbiStory-test-38,4,2,1.3230991375737946,1.84,somewhat uncertain
AmbiStory,blind,topk_wrong,AmbiStory-test-39,5,4,0.0,1.44,somewhat uncertain
AmbiStory,blind,topk_wrong,AmbiStory-test-40,4,3,0.7016930268964681,1.84,somewhat uncertain
AmbiStory,blind,topk_wrong,AmbiStory-test-41,5,4,0.0,1.36,somewhat uncertain
AmbiStory,blind,topk_wrong,AmbiStory-test-42,1,2,0.0334746650926557,0.1599999999999999,highly uncertain
AmbiStory,blind,topk_wrong,AmbiStory-test-43,5,4,0.2312788611989331,0.4,somewhat uncertain
AmbiStory,blind,topk_wrong,AmbiStory-test-44,1,3,0.0383792262536586,2.24,somewhat uncertain
AmbiStory,blind,topk_wrong,AmbiStory-test-45,5,4,0.0332731992224013,1.0400000000000005,somewhat uncertain
AmbiStory,blind,topk_wrong,AmbiStory-test-46,1,3,0.0293790404939005,0.96,somewhat uncertain
AmbiStory,blind,topk_wrong,AmbiStory-test-47,5,4,0.0396878238526174,0.8,somewhat uncertain
AmbiStory,blind,topk_wrong,AmbiStory-test-48,5,4,0.0,2.1600000000000006,somewhat uncertain
AmbiStory,blind,topk_wrong,AmbiStory-test-49,4,2,0.1127561379819824,2.24,somewhat uncertain
AmbiStory,blind,topk_wrong,AmbiStory-test-50,3,2,0.694035016749854,0.24,highly uncertain
AmbiStory,blind,topk_wrong,AmbiStory-test-51,5,4,0.0,1.36,somewhat uncertain
AmbiStory,blind,topk_wrong,AmbiStory-test-52,3,2,0.7458625637389262,2.16,highly uncertain
AmbiStory,blind,topk_wrong,AmbiStory-test-53,5,5,0.1801100445945567,0.24,somewhat uncertain
AmbiStory,blind,topk_wrong,AmbiStory-test-54,5,3,0.2446412648937045,1.04,somewhat uncertain
AmbiStory,blind,topk_wrong,AmbiStory-test-55,4,3,0.2418825909059599,0.96,somewhat uncertain
AmbiStory,blind,topk_wrong,AmbiStory-test-56,4,2,0.2492291513563986,0.64,somewhat uncertain
AmbiStory,blind,topk_wrong,AmbiStory-test-57,5,5,0.0,0.0,somewhat uncertain
AmbiStory,blind,topk_wrong,AmbiStory-test-58,5,2,0.0828901601423061,1.36,somewhat uncertain
AmbiStory,blind,topk_wrong,AmbiStory-test-59,5,5,0.0,0.24,somewhat uncertain
AmbiStory,blind,topk_wrong,AmbiStory-test-60,5,5,0.0,0.0,not uncertain
AmbiStory,blind,topk_wrong,AmbiStory-test-61,1,1,0.0,0.0,highly uncertain
AmbiStory,blind,topk_wrong,AmbiStory-test-62,1,1,2.069936441370308,0.0,highly uncertain
AmbiStory,blind,topk_wrong,AmbiStory-test-63,4,3,0.0834302440031427,3.8400000000000007,highly uncertain
AmbiStory,blind,topk_wrong,AmbiStory-test-64,5,4,0.0,2.56,not uncertain
AmbiStory,blind,topk_wrong,AmbiStory-test-65,1,2,0.2241608971898552,1.36,not uncertain
AmbiStory,blind,topk_wrong,AmbiStory-test-66,4,3,1.7300630710579337,2.16,highly uncertain
AmbiStory,blind,topk_wrong,AmbiStory-test-67,1,2,0.0441010156381337,0.56,highly uncertain
AmbiStory,blind,topk_wrong,AmbiStory-test-68,1,1,0.0,0.16,not uncertain
AmbiStory,blind,topk_wrong,AmbiStory-test-69,5,5,0.0,0.0,somewhat uncertain
AmbiStory,blind,topk_wrong,AmbiStory-test-70,1,2,0.0,1.36,not uncertain
AmbiStory,blind,topk_wrong,AmbiStory-test-71,1,3,0.7829918931953094,1.0400000000000005,not uncertain
AmbiStory,blind,topk_wrong,AmbiStory-test-72,5,3,0.0,2.16,somewhat uncertain
AmbiStory,blind,topk_wrong,AmbiStory-test-73,1,3,0.2184790436830367,2.0,highly uncertain
AmbiStory,blind,topk_wrong,AmbiStory-test-74,5,2,0.0,1.4400000000000002,somewhat uncertain
AmbiStory,blind,topk_wrong,AmbiStory-test-75,5,4,0.0,1.36,somewhat uncertain
AmbiStory,blind,topk_wrong,AmbiStory-test-76,5,3,3.64090598336708,1.4400000000000002,somewhat uncertain
AmbiStory,blind,topk_wrong,AmbiStory-test-77,5,4,0.0,0.6399999999999999,somewhat uncertain
AmbiStory,blind,topk_wrong,AmbiStory-test-78,5,4,0.0206090691067229,1.6,not uncertain
AmbiStory,blind,topk_wrong,AmbiStory-test-79,4,2,0.2028305747386825,0.96,highly uncertain
AmbiStory,blind,topk_wrong,AmbiStory-test-80,5,3,2.792763066991798,0.1599999999999999,somewhat uncertain
AmbiStory,blind,topk_wrong,AmbiStory-test-81,5,4,0.0,0.24,somewhat uncertain
AmbiStory,blind,topk_wrong,AmbiStory-test-82,1,2,0.6258421817496563,0.8,somewhat uncertain
AmbiStory,blind,topk_wrong,AmbiStory-test-83,5,4,0.0,1.2,somewhat uncertain
AmbiStory,blind,topk_wrong,AmbiStory-test-84,1,2,0.0809076238076926,0.8,somewhat uncertain
AmbiStory,blind,topk_wrong,AmbiStory-test-85,5,5,0.0,0.6399999999999999,somewhat uncertain
AmbiStory,blind,topk_wrong,AmbiStory-test-86,5,2,0.6682276014190647,0.16,not uncertain
AmbiStory,blind,topk_wrong,AmbiStory-test-87,5,4,0.0239414242489565,0.5599999999999999,highly uncertain
AmbiStory,blind,topk_wrong,AmbiStory-test-88,1,2,0.1257157413077236,0.4,somewhat uncertain
AmbiStory,blind,topk_wrong,AmbiStory-test-89,5,4,0.0235181442053997,0.5599999999999999,somewhat uncertain
AmbiStory,blind,topk_wrong,AmbiStory-test-90,5,3,0.1764472565584506,1.6,somewhat uncertain
AmbiStory,blind,topk_wrong,AmbiStory-test-91,1,3,0.2040432957657224,2.16,not uncertain
AmbiStory,blind,topk_wrong,AmbiStory-test-92,4,2,0.1617806633728321,0.64,highly uncertain
AmbiStory,blind,topk_wrong,AmbiStory-test-93,1,4,0.4590961539290061,0.5599999999999999,somewhat uncertain
AmbiStory,blind,topk_wrong,AmbiStory-test-94,5,1,0.6889337293518322,0.16,highly uncertain
AmbiStory,blind,topk_wrong,AmbiStory-test-95,4,4,0.7717961103625491,0.96,somewhat uncertain
AmbiStory,blind,topk_wrong,AmbiStory-test-96,5,5,0.0,0.24,not uncertain
AmbiStory,blind,topk_wrong,AmbiStory-test-97,5,3,1.8827310928409764,2.472222222222222,not uncertain
AmbiStory,blind,topk_wrong,AmbiStory-test-98,5,4,0.0,0.5599999999999999,not uncertain
AmbiStory,blind,topk_wrong,AmbiStory-test-99,5,3,1.6490042897349655,0.4,not uncertain
AmbiStory,blind,topk_wrong,AmbiStory-test-100,5,3,0.0,1.36,not uncertain
AmbiStory,blind,topk_wrong,AmbiStory-test-101,5,4,0.0,1.4400000000000002,not uncertain
AmbiStory,blind,topk_wrong,AmbiStory-test-102,5,4,0.0,0.96,highly uncertain
AmbiStory,blind,topk_wrong,AmbiStory-test-103,5,1,0.0,0.16,highly uncertain
AmbiStory,blind,topk_wrong,AmbiStory-test-104,1,2,0.6917400978199604,0.24,not uncertain
AmbiStory,blind,topk_wrong,AmbiStory-test-105,5,5,0.0,0.1599999999999999,not uncertain
AmbiStory,blind,topk_wrong,AmbiStory-test-106,5,3,0.4409413011635256,0.5599999999999999,highly uncertain
AmbiStory,blind,topk_wrong,AmbiStory-test-107,5,3,0.0,2.24,not uncertain
AmbiStory,blind,topk_wrong,AmbiStory-test-108,5,5,0.0,0.1599999999999999,not uncertain
AmbiStory,blind,topk_wrong,AmbiStory-test-109,1,1,0.5262373006205864,0.0,not uncertain
AmbiStory,blind,topk_wrong,AmbiStory-test-110,5,4,0.0,0.5599999999999999,not uncertain
AmbiStory,blind,topk_wrong,AmbiStory-test-111,5,1,0.3308094472387789,0.24,highly uncertain
AmbiStory,blind,topk_wrong,AmbiStory-test-112,5,4,0.0,1.36,not uncertain
AmbiStory,blind,topk_wrong,AmbiStory-test-113,5,1,0.7363973437734185,0.16,highly uncertain
AmbiStory,blind,topk_wrong,AmbiStory-test-114,5,5,0.0,0.0,not uncertain
AmbiStory,blind,topk_wrong,AmbiStory-test-115,1,2,0.0,2.5600000000000005,not uncertain
AmbiStory,blind,topk_wrong,AmbiStory-test-116,5,3,0.0,2.64,not uncertain
AmbiStory,blind,topk_wrong,AmbiStory-test-117,5,3,0.0,3.2,highly uncertain
AmbiStory,blind,topk_wrong,AmbiStory-test-118,5,5,0.0,0.1599999999999999,somewhat uncertain
AmbiStory,blind,topk_wrong,AmbiStory-test-119,1,1,0.0,0.24,highly uncertain
AmbiStory,blind,topk_wrong,AmbiStory-test-120,5,4,0.0,0.4,not uncertain
AmbiStory,blind,topk_wrong,AmbiStory-test-121,1,4,0.6275797938174467,0.5599999999999999,somewhat uncertain
AmbiStory,blind,topk_wrong,AmbiStory-test-122,5,4,0.0,0.64,somewhat uncertain
AmbiStory,blind,topk_wrong,AmbiStory-test-123,1,3,0.1622906769179251,0.5599999999999999,not uncertain
AmbiStory,blind,topk_wrong,AmbiStory-test-124,5,3,0.0,1.8400000000000003,not uncertain
AmbiStory,blind,topk_wrong,AmbiStory-test-125,4,3,0.5838628571321658,1.8400000000000003,somewhat uncertain
AmbiStory,blind,topk_wrong,AmbiStory-test-126,4,3,0.8334312972759513,0.888888888888889,somewhat uncertain
AmbiStory,blind,topk_wrong,AmbiStory-test-127,2,3,0.3613875969960839,1.36,somewhat uncertain
AmbiStory,blind,topk_wrong,AmbiStory-test-128,1,2,0.2479683523377685,0.64,not uncertain
AmbiStory,blind,topk_wrong,AmbiStory-test-129,4,3,1.1422088628442757,2.56,not uncertain
AmbiStory,blind,topk_wrong,AmbiStory-test-130,1,1,0.1113605838341489,0.24,not uncertain
AmbiStory,blind,topk_wrong,AmbiStory-test-131,2,3,0.2401914924181974,2.16,not uncertain
AmbiStory,blind,topk_wrong,AmbiStory-test-132,5,5,0.0,0.0,somewhat uncertain
AmbiStory,blind,topk_wrong,AmbiStory-test-133,1,1,0.0,0.24,somewhat uncertain
AmbiStory,blind,topk_wrong,AmbiStory-test-134,5,3,0.9128280969632552,1.84,highly uncertain
AmbiStory,blind,topk_wrong,AmbiStory-test-135,5,4,0.3783478431093399,0.8,somewhat uncertain
AmbiStory,blind,topk_wrong,AmbiStory-test-136,5,3,0.0,2.64,highly uncertain
AmbiStory,blind,topk_wrong,AmbiStory-test-137,5,3,0.2999038206319766,2.0,somewhat uncertain
AmbiStory,blind,topk_wrong,AmbiStory-test-138,5,5,0.0,0.24,somewhat uncertain
AmbiStory,blind,topk_wrong,AmbiStory-test-139,5,5,0.0,0.0,somewhat uncertain
AmbiStory,blind,topk_wrong,AmbiStory-test-140,5,5,0.0,0.0,not uncertain
AmbiStory,blind,topk_wrong,AmbiStory-test-141,5,5,0.0,0.0,not uncertain
AmbiStory,blind,topk_wrong,AmbiStory-test-142,5,4,0.0,1.36,not uncertain
AmbiStory,blind,topk_wrong,AmbiStory-test-143,5,5,0.0,0.0,not uncertain
AmbiStory,blind,topk_wrong,AmbiStory-test-144,1,1,0.4220409549584868,0.24,highly uncertain
AmbiStory,blind,topk_wrong,AmbiStory-test-145,5,5,0.2997135068693699,0.1599999999999999,not uncertain
AmbiStory,blind,topk_wrong,AmbiStory-test-146,1,2,3.1642775538623664,2.24,highly uncertain
AmbiStory,blind,topk_wrong,AmbiStory-test-147,5,5,0.0,0.1599999999999999,somewhat uncertain
AmbiStory,blind,topk_wrong,AmbiStory-test-148,1,2,0.0,0.5599999999999999,highly uncertain
AmbiStory,blind,topk_wrong,AmbiStory-test-149,5,4,0.0,1.44,somewhat uncertain
AmbiStory,blind,topk_wrong,AmbiStory-test-150,5,3,0.0148368726181598,2.8,somewhat uncertain
AmbiStory,blind,topk_wrong,AmbiStory-test-151,1,3,0.1418212484367879,2.8,highly uncertain
AmbiStory,blind,topk_wrong,AmbiStory-test-152,5,1,0.2495524803055785,0.6400000000000002,not uncertain
AmbiStory,blind,topk_wrong,AmbiStory-test-153,1,4,2.638902187993699,1.84,highly uncertain
AmbiStory,blind,topk_wrong,AmbiStory-test-154,5,4,0.4998032355273922,1.4400000000000002,not uncertain
AmbiStory,blind,topk_wrong,AmbiStory-test-155,1,3,1.1542135744813176,1.8400000000000003,somewhat uncertain
AmbiStory,blind,topk_wrong,AmbiStory-test-156,5,5,0.0,0.0,not uncertain
AmbiStory,blind,topk_wrong,AmbiStory-test-157,1,1,0.0,0.16,not uncertain
AmbiStory,blind,topk_wrong,AmbiStory-test-158,5,3,0.3698427618535715,1.36,somewhat uncertain
AmbiStory,blind,topk_wrong,AmbiStory-test-159,5,3,0.0,0.96,not uncertain
AmbiStory,blind,topk_wrong,AmbiStory-test-160,5,5,0.0,0.0,not uncertain
AmbiStory,blind,topk_wrong,AmbiStory-test-161,1,2,0.1252854066256092,0.9600000000000002,not uncertain
AmbiStory,blind,topk_wrong,AmbiStory-test-162,5,2,0.0223745884641783,0.64,somewhat uncertain
AmbiStory,blind,topk_wrong,AmbiStory-test-163,1,4,1.7959947849070037,0.5599999999999999,highly uncertain
AmbiStory,blind,topk_wrong,AmbiStory-test-164,5,2,0.3863126049747319,0.64,not uncertain
AmbiStory,blind,topk_wrong,AmbiStory-test-165,5,3,0.8548959046484426,1.84,somewhat uncertain
AmbiStory,blind,topk_wrong,AmbiStory-test-166,5,2,0.034087987367552,0.24,not uncertain
AmbiStory,blind,topk_wrong,AmbiStory-test-167,5,4,0.6984484637822183,0.6399999999999999,highly uncertain
AmbiStory,blind,topk_wrong,AmbiStory-test-168,5,5,0.0,0.1599999999999999,somewhat uncertain
AmbiStory,blind,topk_wrong,AmbiStory-test-169,1,1,0.0,0.0,highly uncertain
AmbiStory,blind,topk_wrong,AmbiStory-test-170,5,5,0.0,0.0,not uncertain
AmbiStory,blind,topk_wrong,AmbiStory-test-171,1,1,0.0,0.0,not uncertain
AmbiStory,blind,topk_wrong,AmbiStory-test-172,5,5,0.1122965302286481,0.24,somewhat uncertain
AmbiStory,blind,topk_wrong,AmbiStory-test-173,1,1,0.0,0.0,not uncertain
AmbiStory,blind,topk_wrong,AmbiStory-test-174,5,5,2.185865582398553,0.6399999999999999,highly uncertain
AmbiStory,blind,topk_wrong,AmbiStory-test-175,4,2,0.321022194474604,0.8,somewhat uncertain
AmbiStory,blind,topk_wrong,AmbiStory-test-176,1,1,0.0166584184168744,0.24,not uncertain
AmbiStory,blind,topk_wrong,AmbiStory-test-177,4,4,0.2476776333010425,2.1600000000000006,not uncertain
AmbiStory,blind,topk_wrong,AmbiStory-test-178,1,2,3.350216362900621,1.04,not uncertain
AmbiStory,blind,topk_wrong,AmbiStory-test-179,4,4,0.6171185777389389,0.5599999999999999,somewhat uncertain
AmbiStory,blind,topk_wrong,AmbiStory-test-180,5,4,0.0,0.6399999999999999,not uncertain
AmbiStory,blind,topk_wrong,AmbiStory-test-181,4,3,1.946879594898853,0.64,somewhat uncertain
AmbiStory,blind,topk_wrong,AmbiStory-test-182,1,2,0.0,0.64,somewhat uncertain
AmbiStory,blind,topk_wrong,AmbiStory-test-183,5,3,0.2285072544723632,1.84,somewhat uncertain
AmbiStory,blind,topk_wrong,AmbiStory-test-184,4,3,0.2421502055669651,0.0,somewhat uncertain
AmbiStory,blind,topk_wrong,AmbiStory-test-185,4,3,0.0964090368268681,1.2,somewhat uncertain
AmbiStory,blind,topk_wrong,AmbiStory-test-186,1,3,0.8049579927733204,1.84,somewhat uncertain
AmbiStory,blind,topk_wrong,AmbiStory-test-187,1,2,0.177152412388247,0.56,somewhat uncertain
AmbiStory,blind,topk_wrong,AmbiStory-test-188,1,1,0.13640257526098,0.16,somewhat uncertain
AmbiStory,blind,topk_wrong,AmbiStory-test-189,5,4,0.0,0.64,highly uncertain
AmbiStory,blind,topk_wrong,AmbiStory-test-190,1,2,1.539640547134064,0.56,somewhat uncertain
AmbiStory,blind,topk_wrong,AmbiStory-test-191,2,3,0.4488721561179614,1.04,not uncertain
AmbiStory,blind,topk_wrong,AmbiStory-test-192,5,5,0.0315638945585631,0.1599999999999999,not uncertain
AmbiStory,blind,topk_wrong,AmbiStory-test-193,2,1,0.1515105660301323,0.16,highly uncertain
AmbiStory,blind,topk_wrong,AmbiStory-test-194,5,3,0.0645079047891599,0.64,not uncertain
AmbiStory,blind,topk_wrong,AmbiStory-test-195,4,3,0.3302190290786758,1.84,highly uncertain
AmbiStory,blind,topk_wrong,AmbiStory-test-196,4,4,0.1143972877799565,0.5599999999999999,somewhat uncertain
AmbiStory,blind,topk_wrong,AmbiStory-test-197,2,2,0.2476002640764759,0.64,highly uncertain
AmbiStory,blind,topk_wrong,AmbiStory-test-198,5,5,0.0365359846371729,0.24,somewhat uncertain
AmbiStory,blind,topk_wrong,AmbiStory-test-199,5,1,0.2218072313151202,0.64,somewhat uncertain
AmbiStory,blind,topk_wrong,AmbiStory-test-200,5,4,0.0391582798585419,0.4,somewhat uncertain
AmbiStory,blind,topk_wrong,AmbiStory-test-201,2,2,0.5619945954219062,1.2,somewhat uncertain
AmbiStory,blind,topk_wrong,AmbiStory-test-202,4,5,0.1263613199389198,0.1599999999999999,somewhat uncertain
AmbiStory,blind,topk_wrong,AmbiStory-test-203,3,2,0.2344048074573813,0.64,somewhat uncertain
AmbiStory,blind,topk_wrong,AmbiStory-test-204,5,5,0.1923395543562473,0.24,somewhat uncertain
AmbiStory,blind,topk_wrong,AmbiStory-test-205,1,2,0.0649306195643718,0.16,somewhat uncertain
AmbiStory,blind,topk_wrong,AmbiStory-test-206,4,4,2.164799465344768,0.24,somewhat uncertain
AmbiStory,blind,topk_wrong,AmbiStory-test-207,4,3,2.4829904228353024,1.6,not uncertain
AmbiStory,blind,topk_wrong,AmbiStory-test-208,5,4,1.2329981802260934,0.8,somewhat uncertain
AmbiStory,blind,topk_wrong,AmbiStory-test-209,5,2,3.2324105589614924,0.24,somewhat uncertain
AmbiStory,blind,topk_wrong,AmbiStory-test-210,1,3,0.8505906366116144,0.5599999999999999,somewhat uncertain
AmbiStory,blind,topk_wrong,AmbiStory-test-211,5,2,0.2751860490255462,0.56,somewhat uncertain
AmbiStory,blind,topk_wrong,AmbiStory-test-212,1,3,2.136549438339385,0.4,somewhat uncertain
AmbiStory,blind,topk_wrong,AmbiStory-test-213,4,3,0.4682614567850015,3.3600000000000003,somewhat uncertain
AmbiStory,blind,topk_wrong,AmbiStory-test-214,1,3,0.0242954342646754,1.04,highly uncertain
AmbiStory,blind,topk_wrong,AmbiStory-test-215,5,2,0.2754519846231909,2.24,highly uncertain
AmbiStory,blind,topk_wrong,AmbiStory-test-216,5,4,0.0998339463910729,0.24,somewhat uncertain
AmbiStory,blind,topk_wrong,AmbiStory-test-217,5,1,0.5473944904127204,0.6400000000000002,somewhat uncertain
AmbiStory,blind,topk_wrong,AmbiStory-test-218,1,3,0.4085981445739122,0.96,somewhat uncertain
AmbiStory,blind,topk_wrong,AmbiStory-test-219,1,3,2.9217395316941683,3.3599999999999994,somewhat uncertain
AmbiStory,blind,topk_wrong,AmbiStory-test-220,3,3,0.6455998954073928,1.805555555555556,somewhat uncertain
AmbiStory,blind,topk_wrong,AmbiStory-test-221,5,3,0.0,1.36,somewhat uncertain
AmbiStory,blind,topk_wrong,AmbiStory-test-222,5,5,0.0,0.24,not uncertain
AmbiStory,blind,topk_wrong,AmbiStory-test-223,3,3,0.2955599386167448,2.64,not uncertain
AmbiStory,blind,topk_wrong,AmbiStory-test-224,2,3,0.249984056628876,1.36,somewhat uncertain
AmbiStory,blind,topk_wrong,AmbiStory-test-225,5,4,0.0,0.6399999999999999,somewhat uncertain
AmbiStory,blind,topk_wrong,AmbiStory-test-226,3,3,0.2629287448073765,1.2,somewhat uncertain
AmbiStory,blind,topk_wrong,AmbiStory-test-227,5,3,0.0,0.5599999999999999,somewhat uncertain
AmbiStory,blind,topk_wrong,AmbiStory-test-228,4,2,0.3808503976567268,1.4400000000000002,highly uncertain
AmbiStory,blind,topk_wrong,AmbiStory-test-229,4,3,0.2301715672279542,1.04,not uncertain
AmbiStory,blind,topk_wrong,AmbiStory-test-230,4,2,0.0881372258561664,0.24,somewhat uncertain
AmbiStory,blind,topk_wrong,AmbiStory-test-231,5,4,0.1698542922823948,1.0400000000000005,not uncertain
AmbiStory,blind,topk_wrong,AmbiStory-test-232,1,2,1.0856074903246846,0.5599999999999999,not uncertain
AmbiStory,blind,topk_wrong,AmbiStory-test-233,4,4,0.2362415047489764,1.36,not uncertain
AmbiStory,blind,topk_wrong,AmbiStory-test-234,5,5,0.0,0.0,somewhat uncertain
AmbiStory,blind,topk_wrong,AmbiStory-test-235,4,4,0.1821807140233595,1.36,somewhat uncertain
AmbiStory,blind,topk_wrong,AmbiStory-test-236,3,3,0.5717507193774416,1.8400000000000003,somewhat uncertain
AmbiStory,blind,topk_wrong,AmbiStory-test-237,5,4,0.0,0.24,not uncertain
AmbiStory,blind,topk_wrong,AmbiStory-test-238,5,4,0.0,0.96,somewhat uncertain
AmbiStory,blind,topk_wrong,AmbiStory-test-239,5,4,0.2378306793193874,0.24,somewhat uncertain
AmbiStory,blind,topk_wrong,AmbiStory-test-240,1,2,1.905121758013497,0.56,not uncertain
AmbiStory,blind,topk_wrong,AmbiStory-test-241,5,5,0.0,0.1599999999999999,not uncertain
AmbiStory,blind,topk_wrong,AmbiStory-test-242,1,1,0.2062576923830662,0.24,not uncertain
AmbiStory,blind,topk_wrong,AmbiStory-test-243,5,5,0.0,0.1599999999999999,not uncertain
AmbiStory,blind,topk_wrong,AmbiStory-test-244,1,2,0.1810074052266558,2.24,somewhat uncertain
AmbiStory,blind,topk_wrong,AmbiStory-test-245,5,4,0.0,0.6399999999999999,not uncertain
AmbiStory,blind,topk_wrong,AmbiStory-test-246,5,5,0.0,0.1599999999999999,somewhat uncertain
AmbiStory,blind,topk_wrong,AmbiStory-test-247,1,1,0.0,0.64,not uncertain
AmbiStory,blind,topk_wrong,AmbiStory-test-248,1,5,0.1038250064193011,0.1599999999999999,somewhat uncertain
AmbiStory,blind,topk_wrong,AmbiStory-test-249,1,2,0.0,0.64,highly uncertain
AmbiStory,blind,topk_wrong,AmbiStory-test-250,5,5,0.0,0.24,not uncertain
AmbiStory,blind,topk_wrong,AmbiStory-test-251,1,1,0.0,0.16,not uncertain
AmbiStory,blind,topk_wrong,AmbiStory-test-252,5,4,0.0,0.6399999999999999,somewhat uncertain
AmbiStory,blind,topk_wrong,AmbiStory-test-253,3,3,0.5900592417399069,1.2,somewhat uncertain
AmbiStory,blind,topk_wrong,AmbiStory-test-254,5,4,0.0,0.6399999999999999,somewhat uncertain
AmbiStory,blind,topk_wrong,AmbiStory-test-255,1,2,0.2594508405469663,2.24,somewhat uncertain
AmbiStory,blind,topk_wrong,AmbiStory-test-256,5,4,0.0,0.5599999999999999,somewhat uncertain
AmbiStory,blind,topk_wrong,AmbiStory-test-257,5,2,0.0690372815990402,1.36,somewhat uncertain
AmbiStory,blind,topk_wrong,AmbiStory-test-258,1,3,0.2477157448266269,1.44,not uncertain
AmbiStory,blind,topk_wrong,AmbiStory-test-259,5,5,0.0,0.0,not uncertain
AmbiStory,blind,topk_wrong,AmbiStory-test-260,2,2,0.2827427438267568,0.64,not uncertain
AmbiStory,blind,topk_wrong,AmbiStory-test-261,5,5,0.0,0.0,not uncertain
AmbiStory,blind,topk_wrong,AmbiStory-test-262,2,4,0.1893662880853241,1.44,highly uncertain
AmbiStory,blind,topk_wrong,AmbiStory-test-263,5,4,0.0,1.36,somewhat uncertain
AmbiStory,blind,topk_wrong,AmbiStory-test-264,5,3,0.0,3.2,somewhat uncertain
AmbiStory,blind,topk_wrong,AmbiStory-test-265,5,3,0.0,2.56,somewhat uncertain
AmbiStory,blind,topk_wrong,AmbiStory-test-266,5,1,0.0,0.16,highly uncertain
AmbiStory,blind,topk_wrong,AmbiStory-test-267,5,4,0.0,1.6,not uncertain
AmbiStory,blind,topk_wrong,AmbiStory-test-268,5,3,0.0,2.56,highly uncertain
AmbiStory,blind,topk_wrong,AmbiStory-test-269,5,4,0.0,3.04,somewhat uncertain
AmbiStory,blind,topk_wrong,AmbiStory-test-270,5,5,0.0,0.24,not uncertain
AmbiStory,blind,topk_wrong,AmbiStory-test-271,5,2,0.4431886149394624,0.64,somewhat uncertain
AmbiStory,blind,topk_wrong,AmbiStory-test-272,3,2,1.037010641425539,0.8,somewhat uncertain
AmbiStory,blind,topk_wrong,AmbiStory-test-273,5,4,0.0,2.4,highly uncertain
AmbiStory,blind,topk_wrong,AmbiStory-test-274,5,4,0.0,1.36,not uncertain
AmbiStory,blind,topk_wrong,AmbiStory-test-275,5,3,0.0398558102968922,1.36,somewhat uncertain
AmbiStory,blind,topk_wrong,AmbiStory-test-276,1,2,0.0,0.64,not uncertain
AmbiStory,blind,topk_wrong,AmbiStory-test-277,5,5,0.0,0.6399999999999999,not uncertain
AmbiStory,blind,topk_wrong,AmbiStory-test-278,1,2,0.0,0.64,not uncertain
AmbiStory,blind,topk_wrong,AmbiStory-test-279,5,5,0.0,0.0,not uncertain
AmbiStory,blind,topk_wrong,AmbiStory-test-280,1,2,0.0,0.5599999999999999,not uncertain
AmbiStory,blind,topk_wrong,AmbiStory-test-281,5,4,0.0,0.64,not uncertain
AmbiStory,blind,topk_wrong,AmbiStory-test-282,5,3,0.0,1.04,somewhat uncertain
AmbiStory,blind,topk_wrong,AmbiStory-test-283,5,4,0.0,2.56,not uncertain
AmbiStory,blind,topk_wrong,AmbiStory-test-284,5,4,0.0,0.5599999999999999,somewhat uncertain
AmbiStory,blind,topk_wrong,AmbiStory-test-285,5,4,0.0,2.4,not uncertain
AmbiStory,blind,topk_wrong,AmbiStory-test-286,5,3,0.0,0.64,not uncertain
AmbiStory,blind,topk_wrong,AmbiStory-test-287,5,4,0.0,0.64,not uncertain
AmbiStory,blind,topk_wrong,AmbiStory-test-288,5,4,0.0217039836091683,0.96,not uncertain
AmbiStory,blind,topk_wrong,AmbiStory-test-289,5,4,0.2136275533712405,0.5599999999999999,not uncertain
AmbiStory,blind,topk_wrong,AmbiStory-test-290,5,3,0.4997777075240993,2.8,not uncertain
AmbiStory,blind,topk_wrong,AmbiStory-test-291,5,4,0.0681642073634707,0.8,not uncertain
AmbiStory,blind,topk_wrong,AmbiStory-test-292,5,4,0.0222912796267326,0.6399999999999999,not uncertain
AmbiStory,blind,topk_wrong,AmbiStory-test-293,5,4,0.1369196138306208,2.16,not uncertain
AmbiStory,blind,topk_wrong,AmbiStory-test-294,1,3,0.0629342526295136,1.7600000000000002,not uncertain
AmbiStory,blind,topk_wrong,AmbiStory-test-295,5,2,0.0517677893798322,0.64,somewhat uncertain
AmbiStory,blind,topk_wrong,AmbiStory-test-296,2,3,0.2499996972251819,1.2,not uncertain
AmbiStory,blind,topk_wrong,AmbiStory-test-297,5,5,0.0,0.24,not uncertain
AmbiStory,blind,topk_wrong,AmbiStory-test-298,1,2,0.0383637277372542,0.56,not uncertain
AmbiStory,blind,topk_wrong,AmbiStory-test-299,5,4,0.0,1.8400000000000003,not uncertain
AmbiStory,blind,topk_wrong,AmbiStory-test-300,1,2,1.174476610043349,1.36,highly uncertain
AmbiStory,blind,topk_wrong,AmbiStory-test-301,1,1,0.2505562924120349,0.16,somewhat uncertain
AmbiStory,blind,topk_wrong,AmbiStory-test-302,4,3,0.299201368235511,0.64,somewhat uncertain
AmbiStory,blind,topk_wrong,AmbiStory-test-303,5,2,0.0,1.3600000000000003,somewhat uncertain
AmbiStory,blind,topk_wrong,AmbiStory-test-304,5,4,0.1765213307758983,1.4400000000000002,somewhat uncertain
AmbiStory,blind,topk_wrong,AmbiStory-test-305,2,2,0.659617586361064,0.56,somewhat uncertain
AmbiStory,blind,topk_wrong,AmbiStory-test-306,4,5,0.2668413739218783,0.0,somewhat uncertain
AmbiStory,blind,topk_wrong,AmbiStory-test-307,4,1,0.0230742944474176,0.24,somewhat uncertain
AmbiStory,blind,topk_wrong,AmbiStory-test-308,4,4,0.0494838460680988,2.56,somewhat uncertain
AmbiStory,blind,topk_wrong,AmbiStory-test-309,4,2,0.8446152910358975,0.9600000000000002,somewhat uncertain
AmbiStory,blind,topk_wrong,AmbiStory-test-310,4,4,0.1842740745758754,0.64,somewhat uncertain
AmbiStory,blind,topk_wrong,AmbiStory-test-311,4,3,0.0748643344245821,2.16,somewhat uncertain
AmbiStory,blind,topk_wrong,AmbiStory-test-312,5,4,0.214490142670886,0.24,somewhat uncertain
AmbiStory,blind,topk_wrong,AmbiStory-test-313,5,3,0.6939698656907733,3.8400000000000007,somewhat uncertain
AmbiStory,blind,topk_wrong,AmbiStory-test-314,4,4,0.2499971767811925,1.36,somewhat uncertain
AmbiStory,blind,topk_wrong,AmbiStory-test-315,5,3,2.490094675736441,0.96,not uncertain
AmbiStory,blind,topk_wrong,AmbiStory-test-316,4,3,0.1380180636681204,1.8400000000000003,somewhat uncertain
AmbiStory,blind,topk_wrong,AmbiStory-test-317,1,4,0.0,1.8400000000000003,not uncertain
AmbiStory,blind,topk_wrong,AmbiStory-test-318,5,5,0.0,0.1599999999999999,not uncertain
AmbiStory,blind,topk_wrong,AmbiStory-test-319,1,1,0.0,0.16,not uncertain
AmbiStory,blind,topk_wrong,AmbiStory-test-320,5,5,0.0,0.1599999999999999,not uncertain
AmbiStory,blind,topk_wrong,AmbiStory-test-321,1,1,0.0,0.0,not uncertain
AmbiStory,blind,topk_wrong,AmbiStory-test-322,5,5,0.0,0.24,not uncertain
AmbiStory,blind,topk_wrong,AmbiStory-test-323,1,1,0.0532674642955604,0.16,not uncertain
AmbiStory,blind,topk_wrong,AmbiStory-test-324,5,5,0.0,0.0,not uncertain
AmbiStory,blind,topk_wrong,AmbiStory-test-325,1,1,0.0,0.0,highly uncertain
AmbiStory,blind,topk_wrong,AmbiStory-test-326,5,5,0.0,0.1599999999999999,not uncertain
AmbiStory,blind,topk_wrong,AmbiStory-test-327,1,2,0.2066990395404429,0.9600000000000002,not uncertain
AmbiStory,blind,topk_wrong,AmbiStory-test-328,5,5,0.0,0.0,not uncertain
AmbiStory,blind,topk_wrong,AmbiStory-test-329,1,2,0.0,2.1388888888888897,somewhat uncertain
AmbiStory,blind,topk_wrong,AmbiStory-test-330,4,4,1.1739280378297452,0.5599999999999999,somewhat uncertain
AmbiStory,blind,topk_wrong,AmbiStory-test-331,5,3,0.0,2.56,somewhat uncertain
AmbiStory,blind,topk_wrong,AmbiStory-test-332,1,1,0.0,0.0,not uncertain
AmbiStory,blind,topk_wrong,AmbiStory-test-333,5,5,0.0,0.1599999999999999,somewhat uncertain
AmbiStory,blind,topk_wrong,AmbiStory-test-334,1,1,0.2326506836803286,0.16,highly uncertain
AmbiStory,blind,topk_wrong,AmbiStory-test-335,5,4,0.0,1.2,somewhat uncertain
AmbiStory,blind,topk_wrong,AmbiStory-test-336,5,5,0.0,0.1599999999999999,not uncertain
AmbiStory,blind,topk_wrong,AmbiStory-test-337,1,1,0.0417555248965872,0.0,not uncertain
AmbiStory,blind,topk_wrong,AmbiStory-test-338,4,2,0.3384884806380258,0.24,somewhat uncertain
AmbiStory,blind,topk_wrong,AmbiStory-test-339,5,4,0.0398112163447954,0.5599999999999999,somewhat uncertain
AmbiStory,blind,topk_wrong,AmbiStory-test-340,5,5,0.0,0.24,not uncertain
AmbiStory,blind,topk_wrong,AmbiStory-test-341,1,2,0.0518386832971469,0.5599999999999999,not uncertain
AmbiStory,blind,topk_wrong,AmbiStory-test-342,5,5,0.0,0.0,not uncertain
AmbiStory,blind,topk_wrong,AmbiStory-test-343,1,1,0.07372428955323,0.0,not uncertain
AmbiStory,blind,topk_wrong,AmbiStory-test-344,5,5,0.0,0.1599999999999999,not uncertain
AmbiStory,blind,topk_wrong,AmbiStory-test-345,1,3,0.7037804782479286,0.64,somewhat uncertain
AmbiStory,blind,topk_wrong,AmbiStory-test-346,5,4,0.0,2.56,not uncertain
AmbiStory,blind,topk_wrong,AmbiStory-test-347,1,2,0.0,0.25,not uncertain
AmbiStory,blind,topk_wrong,AmbiStory-test-348,5,4,0.0,2.560000000000001,somewhat uncertain
AmbiStory,blind,topk_wrong,AmbiStory-test-349,2,2,0.0555182505860812,2.560000000000001,highly uncertain
AmbiStory,blind,topk_wrong,AmbiStory-test-350,1,2,0.2340298652137859,2.16,not uncertain
AmbiStory,blind,topk_wrong,AmbiStory-test-351,4,2,0.0579304169186991,1.04,somewhat uncertain
AmbiStory,blind,topk_wrong,AmbiStory-test-352,1,2,0.2323535902813358,0.56,somewhat uncertain
AmbiStory,blind,topk_wrong,AmbiStory-test-353,1,1,0.2547914285627227,0.16,somewhat uncertain
AmbiStory,blind,topk_wrong,AmbiStory-test-354,5,5,0.0,0.0,not uncertain
AmbiStory,blind,topk_wrong,AmbiStory-test-355,1,1,0.0,0.0,not uncertain
AmbiStory,blind,topk_wrong,AmbiStory-test-356,5,5,0.0,0.0,somewhat uncertain
AmbiStory,blind,topk_wrong,AmbiStory-test-357,1,1,0.0198947517820127,0.0,not uncertain
AmbiStory,blind,topk_wrong,AmbiStory-test-358,5,5,0.0,0.0,not uncertain
AmbiStory,blind,topk_wrong,AmbiStory-test-359,1,2,0.0,0.56,not uncertain
AmbiStory,blind,topk_wrong,AmbiStory-test-360,5,5,0.0,0.1599999999999999,not uncertain
AmbiStory,blind,topk_wrong,AmbiStory-test-361,1,1,0.0,0.24,somewhat uncertain
AmbiStory,blind,topk_wrong,AmbiStory-test-362,5,4,0.0,2.56,not uncertain
AmbiStory,blind,topk_wrong,AmbiStory-test-363,1,1,0.026518532239244,0.0,highly uncertain
AmbiStory,blind,topk_wrong,AmbiStory-test-364,5,2,0.0,0.96,somewhat uncertain
AmbiStory,blind,topk_wrong,AmbiStory-test-365,1,3,0.1528852020121663,1.6,highly uncertain
AmbiStory,blind,topk_wrong,AmbiStory-test-366,5,3,0.0366566927385058,1.4400000000000002,not uncertain
AmbiStory,blind,topk_wrong,AmbiStory-test-367,4,2,0.3719650356705193,0.16,somewhat uncertain
AmbiStory,blind,topk_wrong,AmbiStory-test-368,5,2,1.598863132637978,0.5599999999999999,somewhat uncertain
AmbiStory,blind,topk_wrong,AmbiStory-test-369,5,4,0.0,2.24,somewhat uncertain
AmbiStory,blind,topk_wrong,AmbiStory-test-370,1,2,0.3628289763271651,0.56,somewhat uncertain
AmbiStory,blind,topk_wrong,AmbiStory-test-371,4,2,1.1481375206395934,2.24,somewhat uncertain
AmbiStory,blind,topk_wrong,AmbiStory-test-372,5,4,0.0,0.64,somewhat uncertain
AmbiStory,blind,topk_wrong,AmbiStory-test-373,1,2,0.0521284827410804,0.56,somewhat uncertain
AmbiStory,blind,topk_wrong,AmbiStory-test-374,5,5,0.0,0.24,somewhat uncertain
AmbiStory,blind,topk_wrong,AmbiStory-test-375,1,1,0.0,0.0,somewhat uncertain
AmbiStory,blind,topk_wrong,AmbiStory-test-376,5,5,0.020456811021304,0.24,not uncertain
AmbiStory,blind,topk_wrong,AmbiStory-test-377,2,2,0.2931883795116058,0.56,not uncertain
AmbiStory,blind,topk_wrong,AmbiStory-test-378,5,4,0.0,2.56,somewhat uncertain
AmbiStory,blind,topk_wrong,AmbiStory-test-379,1,1,0.0515923710711541,0.64,not uncertain
AmbiStory,blind,topk_wrong,AmbiStory-test-380,5,1,0.4711444817039071,0.0,somewhat uncertain
AmbiStory,blind,topk_wrong,AmbiStory-test-381,5,5,0.0,0.24,somewhat uncertain
AmbiStory,blind,topk_wrong,AmbiStory-test-382,5,3,0.0,2.56,not uncertain
AmbiStory,blind,topk_wrong,AmbiStory-test-383,5,4,0.0,0.24,somewhat uncertain
AmbiStory,blind,topk_wrong,AmbiStory-test-384,5,5,0.0,0.0,not uncertain
AmbiStory,blind,topk_wrong,AmbiStory-test-385,1,1,0.0,0.16,not uncertain
AmbiStory,blind,topk_wrong,AmbiStory-test-386,5,3,0.0,2.16,not uncertain
AmbiStory,blind,topk_wrong,AmbiStory-test-387,1,2,0.2410174541509095,1.36,somewhat uncertain
AmbiStory,blind,topk_wrong,AmbiStory-test-388,5,4,0.0,0.96,somewhat uncertain
AmbiStory,blind,topk_wrong,AmbiStory-test-389,1,2,0.0,1.6,not uncertain
AmbiStory,blind,topk_wrong,AmbiStory-test-390,5,5,0.0,0.1599999999999999,not uncertain
AmbiStory,blind,topk_wrong,AmbiStory-test-391,1,1,0.0,0.16,highly uncertain
AmbiStory,blind,topk_wrong,AmbiStory-test-392,5,4,0.989919167802437,0.64,somewhat uncertain
AmbiStory,blind,topk_wrong,AmbiStory-test-393,5,3,0.0,1.36,somewhat uncertain
AmbiStory,blind,topk_wrong,AmbiStory-test-394,5,4,0.0,2.24,not uncertain
AmbiStory,blind,topk_wrong,AmbiStory-test-395,1,2,0.0,0.8,highly uncertain
AmbiStory,blind,topk_wrong,AmbiStory-test-396,5,5,0.0,0.0,not uncertain
AmbiStory,blind,topk_wrong,AmbiStory-test-397,1,1,0.0,0.24,not uncertain
AmbiStory,blind,topk_wrong,AmbiStory-test-398,5,4,0.0,0.5599999999999999,not uncertain
AmbiStory,blind,topk_wrong,AmbiStory-test-399,5,3,0.0,0.1599999999999999,somewhat uncertain
AmbiStory,blind,topk_wrong,AmbiStory-test-400,5,5,0.0,0.1599999999999999,not uncertain
AmbiStory,blind,topk_wrong,AmbiStory-test-401,5,1,0.2060892630787787,0.24,somewhat uncertain
AmbiStory,blind,topk_wrong,AmbiStory-test-402,5,4,1.0375333299679916,0.5599999999999999,not uncertain
AmbiStory,blind,topk_wrong,AmbiStory-test-403,5,2,0.0,0.4,somewhat uncertain
AmbiStory,blind,topk_wrong,AmbiStory-test-404,4,4,0.9856907476245982,0.5599999999999999,somewhat uncertain
AmbiStory,blind,topk_wrong,AmbiStory-test-405,5,2,0.0,0.4,somewhat uncertain
AmbiStory,blind,topk_wrong,AmbiStory-test-406,4,4,2.641508013720084,0.24,somewhat uncertain
AmbiStory,blind,topk_wrong,AmbiStory-test-407,5,2,0.0,1.36,somewhat uncertain
AmbiStory,blind,topk_wrong,AmbiStory-test-408,5,4,0.0,1.44,not uncertain
AmbiStory,blind,topk_wrong,AmbiStory-test-409,1,1,0.0370779402884137,0.0,somewhat uncertain
AmbiStory,blind,topk_wrong,AmbiStory-test-410,5,4,0.0,1.36,not uncertain
AmbiStory,blind,topk_wrong,AmbiStory-test-411,5,2,0.0,1.04,somewhat uncertain
AmbiStory,blind,topk_wrong,AmbiStory-test-412,5,4,0.0,0.96,not uncertain
AmbiStory,blind,topk_wrong,AmbiStory-test-413,1,1,0.0,0.64,highly uncertain
AmbiStory,blind,topk_wrong,AmbiStory-test-414,5,5,0.0,0.0,not uncertain
AmbiStory,blind,topk_wrong,AmbiStory-test-415,1,1,0.0,0.24,not uncertain
AmbiStory,blind,topk_wrong,AmbiStory-test-416,5,5,0.0181337794675261,0.1599999999999999,not uncertain
AmbiStory,blind,topk_wrong,AmbiStory-test-417,1,2,1.2186208722471563,0.64,somewhat uncertain
AmbiStory,blind,topk_wrong,AmbiStory-test-418,5,5,0.0,0.1599999999999999,not uncertain
AmbiStory,blind,topk_wrong,AmbiStory-test-419,1,2,0.0960972276465765,2.24,highly uncertain
AmbiStory,blind,topk_wrong,AmbiStory-test-420,5,3,1.135123223653713,2.2222222222222228,somewhat uncertain
AmbiStory,blind,topk_wrong,AmbiStory-test-421,1,3,0.0,1.4400000000000002,somewhat uncertain
AmbiStory,blind,topk_wrong,AmbiStory-test-422,5,3,0.0,2.24,somewhat uncertain
AmbiStory,blind,topk_wrong,AmbiStory-test-423,1,3,0.0,2.0,somewhat uncertain
AmbiStory,blind,topk_wrong,AmbiStory-test-424,5,3,0.0,0.4,not uncertain
AmbiStory,blind,topk_wrong,AmbiStory-test-425,1,3,0.0,1.04,somewhat uncertain
AmbiStory,blind,topk_wrong,AmbiStory-test-426,5,3,0.0279234936738634,0.64,somewhat uncertain
AmbiStory,blind,topk_wrong,AmbiStory-test-427,5,3,0.3754383174711668,1.36,somewhat uncertain
AmbiStory,blind,topk_wrong,AmbiStory-test-428,5,4,0.0183159967061541,0.6399999999999999,not uncertain
AmbiStory,blind,topk_wrong,AmbiStory-test-429,5,2,0.3197570077847361,0.4,not uncertain
AmbiStory,blind,topk_wrong,AmbiStory-test-430,5,4,0.0,1.6,somewhat uncertain
AmbiStory,blind,topk_wrong,AmbiStory-test-431,5,2,0.3987014668401878,0.16,not uncertain
AmbiStory,blind,topk_wrong,AmbiStory-test-432,5,4,0.0503772088633059,1.44,somewhat uncertain
AmbiStory,blind,topk_wrong,AmbiStory-test-433,1,1,0.0276505981376687,0.24,somewhat uncertain
AmbiStory,blind,topk_wrong,AmbiStory-test-434,5,5,0.0,0.24,somewhat uncertain
AmbiStory,blind,topk_wrong,AmbiStory-test-435,1,1,0.0,0.64,somewhat uncertain
AmbiStory,blind,topk_wrong,AmbiStory-test-436,5,4,0.0,1.36,somewhat uncertain
AmbiStory,blind,topk_wrong,AmbiStory-test-437,1,1,0.0,0.0,somewhat uncertain
AmbiStory,blind,topk_wrong,AmbiStory-test-438,5,5,0.0,0.1599999999999999,somewhat uncertain
AmbiStory,blind,topk_wrong,AmbiStory-test-439,1,2,2.8520047408710534,2.24,somewhat uncertain
AmbiStory,blind,topk_wrong,AmbiStory-test-440,4,3,0.8590933583337123,1.36,somewhat uncertain
AmbiStory,blind,topk_wrong,AmbiStory-test-441,5,3,2.4971534528204886,1.84,not uncertain
AmbiStory,blind,topk_wrong,AmbiStory-test-442,4,4,0.4578239194135119,0.5599999999999999,not uncertain
AmbiStory,blind,topk_wrong,AmbiStory-test-443,1,3,2.342857363802388,2.64,somewhat uncertain
AmbiStory,blind,topk_wrong,AmbiStory-test-444,5,4,0.0,1.36,somewhat uncertain
AmbiStory,blind,topk_wrong,AmbiStory-test-445,5,2,3.075386275054333,1.36,not uncertain
AmbiStory,blind,topk_wrong,AmbiStory-test-446,5,3,0.7299500775247941,1.36,somewhat uncertain
AmbiStory,blind,topk_wrong,AmbiStory-test-447,5,4,1.269390962434472,1.36,somewhat uncertain
AmbiStory,blind,topk_wrong,AmbiStory-test-448,5,4,1.1062335716960687,0.24,not uncertain
AmbiStory,blind,topk_wrong,AmbiStory-test-449,5,2,2.849329823439735,0.8,somewhat uncertain
AmbiStory,blind,topk_wrong,AmbiStory-test-450,5,4,0.2450851364541924,0.5599999999999999,somewhat uncertain
AmbiStory,blind,topk_wrong,AmbiStory-test-451,1,2,0.0,0.9600000000000002,highly uncertain
AmbiStory,blind,topk_wrong,AmbiStory-test-452,5,2,0.1958437632547163,0.24,somewhat uncertain
AmbiStory,blind,topk_wrong,AmbiStory-test-453,5,5,0.0,0.1599999999999999,not uncertain
AmbiStory,blind,topk_wrong,AmbiStory-test-454,5,3,0.2001867271065325,2.24,somewhat uncertain
AmbiStory,blind,topk_wrong,AmbiStory-test-455,1,3,0.0448409918630917,0.64,somewhat uncertain
AmbiStory,blind,topk_wrong,AmbiStory-test-456,4,4,0.2874108545564163,1.36,not uncertain
AmbiStory,blind,topk_wrong,AmbiStory-test-457,1,3,0.0,1.04,somewhat uncertain
AmbiStory,blind,topk_wrong,AmbiStory-test-458,5,3,3.0880988636240927,1.36,somewhat uncertain
AmbiStory,blind,topk_wrong,AmbiStory-test-459,5,4,1.811015437798748,0.4,somewhat uncertain
AmbiStory,blind,topk_wrong,AmbiStory-test-460,3,3,1.0540496433437192,1.7600000000000002,somewhat uncertain
AmbiStory,blind,topk_wrong,AmbiStory-test-461,1,3,0.1015766701484983,1.5555555555555556,somewhat uncertain
AmbiStory,blind,topk_wrong,AmbiStory-test-462,5,2,0.135731201191116,3.04,somewhat uncertain
AmbiStory,blind,topk_wrong,AmbiStory-test-463,5,5,0.0,0.0,somewhat uncertain
AmbiStory,blind,topk_wrong,AmbiStory-test-464,4,2,1.3752290602003114,0.8,somewhat uncertain
AmbiStory,blind,topk_wrong,AmbiStory-test-465,5,5,0.0,0.6399999999999999,somewhat uncertain
AmbiStory,blind,topk_wrong,AmbiStory-test-466,4,3,0.2812799701841613,0.8,somewhat uncertain
AmbiStory,blind,topk_wrong,AmbiStory-test-467,5,3,0.1736290575550191,1.84,somewhat uncertain
AmbiStory,blind,topk_wrong,AmbiStory-test-468,5,5,0.0,0.1599999999999999,not uncertain
AmbiStory,blind,topk_wrong,AmbiStory-test-469,5,5,0.0,0.1599999999999999,not uncertain
AmbiStory,blind,topk_wrong,AmbiStory-test-470,5,5,0.0,0.6399999999999999,not uncertain
AmbiStory,blind,topk_wrong,AmbiStory-test-471,5,4,0.0,1.36,not uncertain
AmbiStory,blind,topk_wrong,AmbiStory-test-472,5,4,0.0,1.0400000000000005,not uncertain
AmbiStory,blind,topk_wrong,AmbiStory-test-473,5,4,0.0,1.44,not uncertain
AmbiStory,blind,topk_wrong,AmbiStory-test-474,5,5,0.0,0.0,not uncertain
AmbiStory,blind,topk_wrong,AmbiStory-test-475,4,3,0.7556463708619279,2.64,somewhat uncertain
AmbiStory,blind,topk_wrong,AmbiStory-test-476,5,4,0.0,0.64,not uncertain
AmbiStory,blind,topk_wrong,AmbiStory-test-477,4,3,0.1088474299420343,2.16,somewhat uncertain
AmbiStory,blind,topk_wrong,AmbiStory-test-478,5,4,0.0,0.5599999999999999,not uncertain
AmbiStory,blind,topk_wrong,AmbiStory-test-479,4,3,0.5706539701331208,2.0,not uncertain
AmbiStory,blind,topk_wrong,AmbiStory-test-480,5,5,0.1119118773166679,0.0,somewhat uncertain
AmbiStory,blind,topk_wrong,AmbiStory-test-481,1,2,0.0,0.64,highly uncertain
AmbiStory,blind,topk_wrong,AmbiStory-test-482,3,2,0.5083773386853035,2.1600000000000006,somewhat uncertain
AmbiStory,blind,topk_wrong,AmbiStory-test-483,5,4,0.0,0.5599999999999999,somewhat uncertain
AmbiStory,blind,topk_wrong,AmbiStory-test-484,4,4,0.2623806221160973,1.36,somewhat uncertain
AmbiStory,blind,topk_wrong,AmbiStory-test-485,2,3,0.7175086606268548,1.84,not uncertain
AmbiStory,blind,topk_wrong,AmbiStory-test-486,1,2,0.0436935158910359,0.64,not uncertain
AmbiStory,blind,topk_wrong,AmbiStory-test-487,5,4,0.0,0.8,somewhat uncertain
AmbiStory,blind,topk_wrong,AmbiStory-test-488,1,1,0.2895990937222425,0.0,highly uncertain
AmbiStory,blind,topk_wrong,AmbiStory-test-489,5,5,0.0,0.0,somewhat uncertain
AmbiStory,blind,topk_wrong,AmbiStory-test-490,1,1,0.1284926941081436,0.24,highly uncertain
AmbiStory,blind,topk_wrong,AmbiStory-test-491,5,5,0.0,0.1599999999999999,somewhat uncertain
AmbiStory,blind,topk_wrong,AmbiStory-test-492,5,5,0.0,0.0,not uncertain
AmbiStory,blind,topk_wrong,AmbiStory-test-493,1,3,0.9267396770573952,2.64,not uncertain
AmbiStory,blind,topk_wrong,AmbiStory-test-494,5,4,0.0,2.56,somewhat uncertain
AmbiStory,blind,topk_wrong,AmbiStory-test-495,1,3,2.0369456397644408,1.7600000000000002,somewhat uncertain
AmbiStory,blind,topk_wrong,AmbiStory-test-496,5,4,0.0,1.36,not uncertain
AmbiStory,blind,topk_wrong,AmbiStory-test-497,1,2,0.1980814173169271,0.56,somewhat uncertain
AmbiStory,blind,topk_wrong,AmbiStory-test-498,1,4,0.0920888839168253,0.5599999999999999,somewhat uncertain
AmbiStory,blind,topk_wrong,AmbiStory-test-499,5,2,0.0,1.2,somewhat uncertain
AmbiStory,blind,topk_wrong,AmbiStory-test-500,1,1,0.0,0.24,not uncertain
AmbiStory,blind,topk_wrong,AmbiStory-test-501,5,4,0.0,0.96,not uncertain
AmbiStory,blind,topk_wrong,AmbiStory-test-502,1,3,0.0,1.0400000000000005,not uncertain
AmbiStory,blind,topk_wrong,AmbiStory-test-503,5,3,0.0,1.8400000000000003,somewhat uncertain
AmbiStory,blind,topk_wrong,AmbiStory-test-504,5,5,0.0,0.6399999999999999,somewhat uncertain
AmbiStory,blind,topk_wrong,AmbiStory-test-505,1,1,0.0,0.0,not uncertain
AmbiStory,blind,topk_wrong,AmbiStory-test-506,3,3,0.5543492725704033,1.0400000000000005,somewhat uncertain
AmbiStory,blind,topk_wrong,AmbiStory-test-507,5,3,0.0,1.6,highly uncertain
AmbiStory,blind,topk_wrong,AmbiStory-test-508,5,3,0.0,1.36,somewhat uncertain
AmbiStory,blind,topk_wrong,AmbiStory-test-509,5,2,0.0,2.2222222222222223,not uncertain
AmbiStory,blind,topk_wrong,AmbiStory-test-510,5,3,0.2193579151108571,1.36,somewhat uncertain
AmbiStory,blind,topk_wrong,AmbiStory-test-511,5,2,0.2107373937842,0.96,somewhat uncertain
AmbiStory,blind,topk_wrong,AmbiStory-test-512,1,2,0.8491303878846194,1.8400000000000003,not uncertain
AmbiStory,blind,topk_wrong,AmbiStory-test-513,5,4,0.0,0.6399999999999999,not uncertain
AmbiStory,blind,topk_wrong,AmbiStory-test-514,4,3,0.7831133533125605,0.64,somewhat uncertain
AmbiStory,blind,topk_wrong,AmbiStory-test-515,5,4,0.0,0.5599999999999999,not uncertain
AmbiStory,blind,topk_wrong,AmbiStory-test-516,5,4,0.0,1.44,highly uncertain
AmbiStory,blind,topk_wrong,AmbiStory-test-517,1,2,0.9603329030344668,1.36,somewhat uncertain
AmbiStory,blind,topk_wrong,AmbiStory-test-518,1,2,0.0,2.4,somewhat uncertain
AmbiStory,blind,topk_wrong,AmbiStory-test-519,5,5,0.0,0.0,somewhat uncertain
AmbiStory,blind,topk_wrong,AmbiStory-test-520,1,2,0.0,0.56,not uncertain
AmbiStory,blind,topk_wrong,AmbiStory-test-521,1,3,0.9747190399495336,1.84,somewhat uncertain
AmbiStory,blind,topk_wrong,AmbiStory-test-522,2,2,1.3647080765356612,1.36,not uncertain
AmbiStory,blind,topk_wrong,AmbiStory-test-523,5,5,0.0,0.24,not uncertain
AmbiStory,blind,topk_wrong,AmbiStory-test-524,1,2,0.0,1.4400000000000002,not uncertain
AmbiStory,blind,topk_wrong,AmbiStory-test-525,5,5,0.0,0.1599999999999999,not uncertain
AmbiStory,blind,topk_wrong,AmbiStory-test-526,2,1,0.2306660760022544,0.16,somewhat uncertain
AmbiStory,blind,topk_wrong,AmbiStory-test-527,5,4,0.0,0.64,not uncertain
AmbiStory,blind,topk_wrong,AmbiStory-test-528,4,3,0.2264880387402977,0.8,not uncertain
AmbiStory,blind,topk_wrong,AmbiStory-test-529,5,4,0.1980564469190529,0.1599999999999999,not uncertain
AmbiStory,blind,topk_wrong,AmbiStory-test-530,1,1,0.1202969487134836,0.24,highly uncertain
AmbiStory,blind,topk_wrong,AmbiStory-test-531,5,5,0.0,0.24,not uncertain
AmbiStory,blind,topk_wrong,AmbiStory-test-532,4,3,0.0954607791299606,0.24,somewhat uncertain
AmbiStory,blind,topk_wrong,AmbiStory-test-533,5,3,0.0,0.0,somewhat uncertain
AmbiStory,blind,topk_wrong,AmbiStory-test-534,5,5,0.0478435607182895,0.1599999999999999,somewhat uncertain
AmbiStory,blind,topk_wrong,AmbiStory-test-535,5,5,0.0,0.1599999999999999,somewhat uncertain
AmbiStory,blind,topk_wrong,AmbiStory-test-536,4,5,0.2726371675617801,0.24,somewhat uncertain
AmbiStory,blind,topk_wrong,AmbiStory-test-537,5,5,0.0,0.0,somewhat uncertain
AmbiStory,blind,topk_wrong,AmbiStory-test-538,5,5,0.0,0.0,somewhat uncertain
AmbiStory,blind,topk_wrong,AmbiStory-test-539,5,5,0.0,0.0,highly uncertain
AmbiStory,blind,topk_wrong,AmbiStory-test-540,1,3,1.7494260314103272,1.7600000000000002,somewhat uncertain
AmbiStory,blind,topk_wrong,AmbiStory-test-541,5,4,0.0,2.16,not uncertain
AmbiStory,blind,topk_wrong,AmbiStory-test-542,1,3,0.0684413791511432,1.84,somewhat uncertain
AmbiStory,blind,topk_wrong,AmbiStory-test-543,5,5,0.0,0.0,not uncertain
AmbiStory,blind,topk_wrong,AmbiStory-test-544,1,4,0.1399953032085378,1.44,highly uncertain
AmbiStory,blind,topk_wrong,AmbiStory-test-545,5,5,0.0,0.0,somewhat uncertain
AmbiStory,blind,topk_wrong,AmbiStory-test-546,4,3,1.2424079719851158,1.36,somewhat uncertain
AmbiStory,blind,topk_wrong,AmbiStory-test-547,4,3,1.7929232873146042,0.96,somewhat uncertain
AmbiStory,blind,topk_wrong,AmbiStory-test-548,1,2,0.0,0.64,not uncertain
AmbiStory,blind,topk_wrong,AmbiStory-test-549,5,4,0.0,0.8,somewhat uncertain
AmbiStory,blind,topk_wrong,AmbiStory-test-550,1,2,0.0,0.56,not uncertain
AmbiStory,blind,topk_wrong,AmbiStory-test-551,5,4,0.0,0.5599999999999999,somewhat uncertain
AmbiStory,blind,topk_wrong,AmbiStory-test-552,1,1,0.0,0.0,not uncertain
AmbiStory,blind,topk_wrong,AmbiStory-test-553,5,3,0.0717223659859335,1.04,not uncertain
AmbiStory,blind,topk_wrong,AmbiStory-test-554,1,2,0.0,1.8400000000000003,not uncertain
AmbiStory,blind,topk_wrong,AmbiStory-test-555,5,3,0.0,0.96,somewhat uncertain
AmbiStory,blind,topk_wrong,AmbiStory-test-556,1,1,0.0,0.24,not uncertain
AmbiStory,blind,topk_wrong,AmbiStory-test-557,5,4,0.0,2.24,not uncertain
AmbiStory,blind,topk_wrong,AmbiStory-test-558,5,5,0.0,0.0,not uncertain
AmbiStory,blind,topk_wrong,AmbiStory-test-559,2,2,0.497158852819123,2.4,not uncertain
AmbiStory,blind,topk_wrong,AmbiStory-test-560,1,1,0.0,0.16,highly uncertain
AmbiStory,blind,topk_wrong,AmbiStory-test-561,5,4,0.0,0.64,somewhat uncertain
AmbiStory,blind,topk_wrong,AmbiStory-test-562,1,2,0.3611954859151433,0.5599999999999999,highly uncertain
AmbiStory,blind,topk_wrong,AmbiStory-test-563,5,4,0.0,0.24,somewhat uncertain
AmbiStory,blind,topk_wrong,AmbiStory-test-564,5,4,0.0,1.0400000000000005,not uncertain
AmbiStory,blind,topk_wrong,AmbiStory-test-565,5,4,0.9387263855713364,0.5599999999999999,not uncertain
AmbiStory,blind,topk_wrong,AmbiStory-test-566,5,3,0.0,0.5599999999999999,not uncertain
AmbiStory,blind,topk_wrong,AmbiStory-test-567,5,4,0.1615996378742455,2.16,somewhat uncertain
AmbiStory,blind,topk_wrong,AmbiStory-test-568,4,3,0.1819243613983992,1.04,somewhat uncertain
AmbiStory,blind,topk_wrong,AmbiStory-test-569,5,4,0.0,0.96,somewhat uncertain
AmbiStory,blind,topk_wrong,AmbiStory-test-570,5,5,0.08694273303909,0.24,somewhat uncertain
AmbiStory,blind,topk_wrong,AmbiStory-test-571,1,1,0.7395764018420691,0.16,highly uncertain
AmbiStory,blind,topk_wrong,AmbiStory-test-572,4,3,0.8335869291044397,0.64,somewhat uncertain
AmbiStory,blind,topk_wrong,AmbiStory-test-573,5,4,0.2269809144506409,3.04,highly uncertain
AmbiStory,blind,topk_wrong,AmbiStory-test-574,5,4,0.0,2.16,somewhat uncertain
AmbiStory,blind,topk_wrong,AmbiStory-test-575,4,2,0.6840104782199002,0.5555555555555555,highly uncertain
AmbiStory,blind,topk_wrong,AmbiStory-test-576,5,5,0.0314931582960687,0.1599999999999999,not uncertain
AmbiStory,blind,topk_wrong,AmbiStory-test-577,5,4,0.4227755358235308,1.2,highly uncertain
AmbiStory,blind,topk_wrong,AmbiStory-test-578,1,1,0.0,0.24,highly uncertain
AmbiStory,blind,topk_wrong,AmbiStory-test-579,5,5,0.0,0.0,somewhat uncertain
AmbiStory,blind,topk_wrong,AmbiStory-test-580,5,1,1.437887663596113,0.24,somewhat uncertain
AmbiStory,blind,topk_wrong,AmbiStory-test-581,5,5,0.0,0.1599999999999999,somewhat uncertain
AmbiStory,blind,topk_wrong,AmbiStory-test-582,5,3,0.0,0.4,highly uncertain
AmbiStory,blind,topk_wrong,AmbiStory-test-583,1,2,0.2687941833788239,1.4400000000000002,not uncertain
AmbiStory,blind,topk_wrong,AmbiStory-test-584,4,2,0.2395173399934928,0.8,somewhat uncertain
AmbiStory,blind,topk_wrong,AmbiStory-test-585,5,3,0.227780362207278,0.96,somewhat uncertain
AmbiStory,blind,topk_wrong,AmbiStory-test-586,5,3,0.0,1.2,somewhat uncertain
AmbiStory,blind,topk_wrong,AmbiStory-test-587,2,2,0.1833860830874542,0.64,not uncertain
AmbiStory,blind,topk_wrong,AmbiStory-test-588,1,2,1.0949257219548292,0.5599999999999999,somewhat uncertain
AmbiStory,blind,topk_wrong,AmbiStory-test-589,5,4,0.0798690009247395,1.36,somewhat uncertain
AmbiStory,blind,topk_wrong,AmbiStory-test-590,1,4,0.1505037998485073,1.84,somewhat uncertain
AmbiStory,blind,topk_wrong,AmbiStory-test-591,5,5,0.0,0.24,somewhat uncertain
AmbiStory,blind,topk_wrong,AmbiStory-test-592,4,3,2.5535957215501908,2.56,somewhat uncertain
AmbiStory,blind,topk_wrong,AmbiStory-test-593,5,5,0.0,0.1599999999999999,not uncertain
AmbiStory,blind,topk_wrong,AmbiStory-test-594,1,2,0.1224854082886808,0.64,highly uncertain
AmbiStory,blind,topk_wrong,AmbiStory-test-595,4,4,0.1810309866726825,2.4,somewhat uncertain
AmbiStory,blind,topk_wrong,AmbiStory-test-596,1,1,0.1604746390842577,0.24,highly uncertain
AmbiStory,blind,topk_wrong,AmbiStory-test-597,5,3,0.1446893353979128,2.0,somewhat uncertain
AmbiStory,blind,topk_wrong,AmbiStory-test-598,1,2,0.0207535437936703,0.24,highly uncertain
AmbiStory,blind,topk_wrong,AmbiStory-test-599,4,5,0.0946042674128925,0.6399999999999999,somewhat uncertain
AmbiStory,blind,topk_wrong,AmbiStory-test-600,5,5,0.0,0.1599999999999999,not uncertain
AmbiStory,blind,topk_wrong,AmbiStory-test-601,1,2,0.0,0.56,highly uncertain
AmbiStory,blind,topk_wrong,AmbiStory-test-602,5,5,0.6392992441913204,0.0,not uncertain
AmbiStory,blind,topk_wrong,AmbiStory-test-603,1,3,0.3456594475049026,2.2222222222222223,somewhat uncertain
AmbiStory,blind,topk_wrong,AmbiStory-test-604,5,4,0.0,0.24,not uncertain
AmbiStory,blind,topk_wrong,AmbiStory-test-605,1,2,0.0,0.24,highly uncertain
AmbiStory,blind,topk_wrong,AmbiStory-test-606,1,3,1.737022629258816,2.56,highly uncertain
AmbiStory,blind,topk_wrong,AmbiStory-test-607,5,3,0.0,1.8400000000000003,highly uncertain
AmbiStory,blind,topk_wrong,AmbiStory-test-608,1,1,0.0,0.0,not uncertain
AmbiStory,blind,topk_wrong,AmbiStory-test-609,5,5,0.0,0.1599999999999999,not uncertain
AmbiStory,blind,topk_wrong,AmbiStory-test-610,1,1,0.0,0.24,not uncertain
AmbiStory,blind,topk_wrong,AmbiStory-test-611,5,4,0.0,1.36,somewhat uncertain
AmbiStory,blind,topk_wrong,AmbiStory-test-612,5,5,0.0430659263869219,0.0,somewhat uncertain
AmbiStory,blind,topk_wrong,AmbiStory-test-613,4,2,0.1414162663804008,2.16,somewhat uncertain
AmbiStory,blind,topk_wrong,AmbiStory-test-614,1,1,0.0,0.0,highly uncertain
AmbiStory,blind,topk_wrong,AmbiStory-test-615,5,5,0.0,0.24,not uncertain
AmbiStory,blind,topk_wrong,AmbiStory-test-616,1,2,0.0,0.64,not uncertain
AmbiStory,blind,topk_wrong,AmbiStory-test-617,5,5,0.0,0.24,somewhat uncertain
AmbiStory,blind,topk_wrong,AmbiStory-test-618,5,4,0.6287620480428229,2.24,somewhat uncertain
AmbiStory,blind,topk_wrong,AmbiStory-test-619,5,3,0.0263998132441976,3.3599999999999994,somewhat uncertain
AmbiStory,blind,topk_wrong,AmbiStory-test-620,1,2,0.0,0.24,not uncertain
AmbiStory,blind,topk_wrong,AmbiStory-test-621,5,5,0.0,0.24,not uncertain
AmbiStory,blind,topk_wrong,AmbiStory-test-622,1,2,0.0,1.04,not uncertain
AmbiStory,blind,topk_wrong,AmbiStory-test-623,5,5,0.0,0.0,not uncertain
AmbiStory,blind,topk_wrong,AmbiStory-test-624,1,1,0.7397608114653258,0.64,not uncertain
AmbiStory,blind,topk_wrong,AmbiStory-test-625,5,3,0.0840758615502877,2.56,somewhat uncertain
AmbiStory,blind,topk_wrong,AmbiStory-test-626,1,2,0.0,2.24,highly uncertain
AmbiStory,blind,topk_wrong,AmbiStory-test-627,5,4,0.0,0.24,not uncertain
AmbiStory,blind,topk_wrong,AmbiStory-test-628,1,3,0.0764870514689246,0.64,highly uncertain
AmbiStory,blind,topk_wrong,AmbiStory-test-629,5,5,0.0,0.24,somewhat uncertain
AmbiStory,blind,topk_wrong,AmbiStory-test-630,5,5,0.0,0.0,not uncertain
AmbiStory,blind,topk_wrong,AmbiStory-test-631,1,1,0.0,0.24,not uncertain
AmbiStory,blind,topk_wrong,AmbiStory-test-632,5,5,0.0,0.0,somewhat uncertain
AmbiStory,blind,topk_wrong,AmbiStory-test-633,1,1,0.0,0.0,not uncertain
AmbiStory,blind,topk_wrong,AmbiStory-test-634,5,5,0.0,0.0,not uncertain
AmbiStory,blind,topk_wrong,AmbiStory-test-635,1,2,0.0220654634123557,0.24,not uncertain
AmbiStory,blind,topk_wrong,AmbiStory-test-636,5,4,0.0,0.5599999999999999,highly uncertain
AmbiStory,blind,topk_wrong,AmbiStory-test-637,1,2,0.7929647984552504,1.2,somewhat uncertain
AmbiStory,blind,topk_wrong,AmbiStory-test-638,5,3,0.0,1.84,highly uncertain
AmbiStory,blind,topk_wrong,AmbiStory-test-639,5,3,0.0,2.64,highly uncertain
AmbiStory,blind,topk_wrong,AmbiStory-test-640,5,3,0.0,1.4400000000000002,highly uncertain
AmbiStory,blind,topk_wrong,AmbiStory-test-641,5,2,1.2801758204100022,2.1600000000000006,somewhat uncertain
AmbiStory,blind,topk_wrong,AmbiStory-test-642,5,5,0.0,0.0,not uncertain
AmbiStory,blind,topk_wrong,AmbiStory-test-643,1,2,0.0,0.64,somewhat uncertain
AmbiStory,blind,topk_wrong,AmbiStory-test-644,5,5,0.0,0.24,somewhat uncertain
AmbiStory,blind,topk_wrong,AmbiStory-test-645,1,1,0.0,0.6400000000000002,highly uncertain
AmbiStory,blind,topk_wrong,AmbiStory-test-646,5,5,0.0,0.0,somewhat uncertain
AmbiStory,blind,topk_wrong,AmbiStory-test-647,1,1,0.0,0.16,somewhat uncertain
AmbiStory,blind,topk_wrong,AmbiStory-test-648,1,2,0.068753411766284,0.96,somewhat uncertain
AmbiStory,blind,topk_wrong,AmbiStory-test-649,5,4,0.0,1.6,not uncertain
AmbiStory,blind,topk_wrong,AmbiStory-test-650,1,1,0.0307088628327049,0.16,somewhat uncertain
AmbiStory,blind,topk_wrong,AmbiStory-test-651,5,5,0.0,0.0,not uncertain
AmbiStory,blind,topk_wrong,AmbiStory-test-652,1,3,0.0,1.6,not uncertain
AmbiStory,blind,topk_wrong,AmbiStory-test-653,5,5,0.0,0.24,not uncertain
AmbiStory,blind,topk_wrong,AmbiStory-test-654,5,5,0.0,0.24,not uncertain
AmbiStory,blind,topk_wrong,AmbiStory-test-655,1,2,0.0,0.64,not uncertain
AmbiStory,blind,topk_wrong,AmbiStory-test-656,5,3,0.0,1.6,somewhat uncertain
AmbiStory,blind,topk_wrong,AmbiStory-test-657,4,3,0.4829933894798052,2.64,highly uncertain
AmbiStory,blind,topk_wrong,AmbiStory-test-658,5,4,0.0,1.36,not uncertain
AmbiStory,blind,topk_wrong,AmbiStory-test-659,1,4,0.0,0.5599999999999999,somewhat uncertain
AmbiStory,blind,topk_wrong,AmbiStory-test-660,5,5,0.0196054065150744,0.0,not uncertain
AmbiStory,blind,topk_wrong,AmbiStory-test-661,1,2,0.2481500593644351,0.56,somewhat uncertain
AmbiStory,blind,topk_wrong,AmbiStory-test-662,5,4,0.1916303883918007,1.2,not uncertain
AmbiStory,blind,topk_wrong,AmbiStory-test-663,1,4,0.3386549481690872,1.6,somewhat uncertain
AmbiStory,blind,topk_wrong,AmbiStory-test-664,5,4,0.0236617751424019,0.8,not uncertain
AmbiStory,blind,topk_wrong,AmbiStory-test-665,1,3,0.4698577419163634,0.4,not uncertain
AmbiStory,blind,topk_wrong,AmbiStory-test-666,5,5,0.0,0.6399999999999999,somewhat uncertain
AmbiStory,blind,topk_wrong,AmbiStory-test-667,1,2,0.0523441946407831,2.16,not uncertain
AmbiStory,blind,topk_wrong,AmbiStory-test-668,5,4,0.0,0.64,not uncertain
AmbiStory,blind,topk_wrong,AmbiStory-test-669,5,2,0.0,1.8400000000000003,not uncertain
AmbiStory,blind,topk_wrong,AmbiStory-test-670,5,5,0.0,0.1599999999999999,not uncertain
AmbiStory,blind,topk_wrong,AmbiStory-test-671,1,1,0.2914455572189092,0.0,not uncertain
AmbiStory,blind,topk_wrong,AmbiStory-test-672,5,5,0.0,0.6399999999999999,not uncertain
AmbiStory,blind,topk_wrong,AmbiStory-test-673,5,4,0.0,2.4,not uncertain
AmbiStory,blind,topk_wrong,AmbiStory-test-674,5,5,0.0152491939710185,0.1599999999999999,not uncertain
AmbiStory,blind,topk_wrong,AmbiStory-test-675,5,5,0.0,0.1599999999999999,not uncertain
AmbiStory,blind,topk_wrong,AmbiStory-test-676,5,5,0.0,0.1599999999999999,not uncertain
AmbiStory,blind,topk_wrong,AmbiStory-test-677,5,5,0.0,0.0,not uncertain
AmbiStory,blind,topk_wrong,AmbiStory-test-678,5,3,0.0,1.4400000000000002,somewhat uncertain
AmbiStory,blind,topk_wrong,AmbiStory-test-679,5,3,0.0,1.36,not uncertain
AmbiStory,blind,topk_wrong,AmbiStory-test-680,5,1,0.0187038105328398,0.2222222222222222,not uncertain
AmbiStory,blind,topk_wrong,AmbiStory-test-681,5,3,0.0,3.8400000000000007,not uncertain
AmbiStory,blind,topk_wrong,AmbiStory-test-682,5,3,0.0,0.96,somewhat uncertain
AmbiStory,blind,topk_wrong,AmbiStory-test-683,5,3,0.0,0.1599999999999999,not uncertain
AmbiStory,blind,topk_wrong,AmbiStory-test-684,1,2,2.0597439287664088,1.2,somewhat uncertain
AmbiStory,blind,topk_wrong,AmbiStory-test-685,5,4,0.0,0.96,not uncertain
AmbiStory,blind,topk_wrong,AmbiStory-test-686,1,4,1.231773185877296,0.24,not uncertain
AmbiStory,blind,topk_wrong,AmbiStory-test-687,5,3,0.0,1.84,somewhat uncertain
AmbiStory,blind,topk_wrong,AmbiStory-test-688,1,2,1.488943223036702,1.0400000000000005,highly uncertain
AmbiStory,blind,topk_wrong,AmbiStory-test-689,5,3,0.0,1.0400000000000005,not uncertain
AmbiStory,blind,topk_wrong,AmbiStory-test-690,5,3,0.0241952348086655,0.8,somewhat uncertain
AmbiStory,blind,topk_wrong,AmbiStory-test-691,5,4,0.2227991691025583,0.96,somewhat uncertain
AmbiStory,blind,topk_wrong,AmbiStory-test-692,1,2,1.7773960413937475,0.64,somewhat uncertain
AmbiStory,blind,topk_wrong,AmbiStory-test-693,5,5,0.0,0.0,somewhat uncertain
AmbiStory,blind,topk_wrong,AmbiStory-test-694,1,3,2.38119264854894,1.36,somewhat uncertain
AmbiStory,blind,topk_wrong,AmbiStory-test-695,5,3,0.0,2.24,somewhat uncertain
AmbiStory,blind,topk_wrong,AmbiStory-test-696,4,1,1.008999168193429,0.24,somewhat uncertain
AmbiStory,blind,topk_wrong,AmbiStory-test-697,5,2,0.0,0.4,somewhat uncertain
AmbiStory,blind,topk_wrong,AmbiStory-test-698,4,3,0.2870015384282124,1.7600000000000002,somewhat uncertain
AmbiStory,blind,topk_wrong,AmbiStory-test-699,5,4,0.0,1.6,somewhat uncertain
AmbiStory,blind,topk_wrong,AmbiStory-test-700,1,3,0.8299431414099347,2.56,somewhat uncertain
AmbiStory,blind,topk_wrong,AmbiStory-test-701,5,2,0.0,0.56,somewhat uncertain
AmbiStory,blind,topk_wrong,AmbiStory-test-702,2,2,1.2996922378600626,0.64,somewhat uncertain
AmbiStory,blind,topk_wrong,AmbiStory-test-703,5,2,1.730239078344251,1.8400000000000003,somewhat uncertain
AmbiStory,blind,topk_wrong,AmbiStory-test-704,5,4,0.105292195728954,1.36,somewhat uncertain
AmbiStory,blind,topk_wrong,AmbiStory-test-705,5,4,0.4384102528268611,0.8,somewhat uncertain
AmbiStory,blind,topk_wrong,AmbiStory-test-706,3,3,0.6411161408950066,1.04,somewhat uncertain
AmbiStory,blind,topk_wrong,AmbiStory-test-707,5,3,0.4864249301282839,1.84,somewhat uncertain
AmbiStory,blind,topk_wrong,AmbiStory-test-708,5,4,0.0,1.36,not uncertain
AmbiStory,blind,topk_wrong,AmbiStory-test-709,1,2,0.0,2.1600000000000006,not uncertain
AmbiStory,blind,topk_wrong,AmbiStory-test-710,5,2,0.9931799682016924,0.24,somewhat uncertain
AmbiStory,blind,topk_wrong,AmbiStory-test-711,1,4,0.025118563559944,1.36,somewhat uncertain
AmbiStory,blind,topk_wrong,AmbiStory-test-712,5,3,0.0189352180134482,1.2,somewhat uncertain
AmbiStory,blind,topk_wrong,AmbiStory-test-713,1,3,0.058033006005958,1.04,somewhat uncertain
AmbiStory,blind,topk_wrong,AmbiStory-test-714,5,4,0.0597700563330238,0.5599999999999999,not uncertain
AmbiStory,blind,topk_wrong,AmbiStory-test-715,5,3,0.0,1.84,not uncertain
AmbiStory,blind,topk_wrong,AmbiStory-test-716,1,3,2.095453009009699,2.56,not uncertain
AmbiStory,blind,topk_wrong,AmbiStory-test-717,5,3,1.1706395662766076,2.56,somewhat uncertain
AmbiStory,blind,topk_wrong,AmbiStory-test-718,1,3,1.4304415624629945,1.6,not uncertain
AmbiStory,blind,topk_wrong,AmbiStory-test-719,5,2,0.0599642222224461,0.96,not uncertain
AmbiStory,blind,topk_wrong,AmbiStory-test-720,5,4,0.2474888179890695,1.04,not uncertain
AmbiStory,blind,topk_wrong,AmbiStory-test-721,5,3,0.0,1.2,somewhat uncertain
AmbiStory,blind,topk_wrong,AmbiStory-test-722,4,5,0.2273992552331586,0.24,somewhat uncertain
AmbiStory,blind,topk_wrong,AmbiStory-test-723,5,3,0.0,1.84,somewhat uncertain
AmbiStory,blind,topk_wrong,AmbiStory-test-724,5,4,0.4475318577666095,2.16,somewhat uncertain
AmbiStory,blind,topk_wrong,AmbiStory-test-725,5,3,0.0,1.7600000000000002,somewhat uncertain
AmbiStory,blind,topk_wrong,AmbiStory-test-726,5,5,0.0263517679275566,0.0,not uncertain
AmbiStory,blind,topk_wrong,AmbiStory-test-727,2,2,0.1179996026185003,2.16,highly uncertain
AmbiStory,blind,topk_wrong,AmbiStory-test-728,1,2,1.6821494476972194,1.8400000000000003,highly uncertain
AmbiStory,blind,topk_wrong,AmbiStory-test-729,5,4,0.0,1.0400000000000005,somewhat uncertain
AmbiStory,blind,topk_wrong,AmbiStory-test-730,4,4,0.1750259763131967,0.5599999999999999,somewhat uncertain
AmbiStory,blind,topk_wrong,AmbiStory-test-731,4,2,0.4181402273981979,0.9600000000000002,not uncertain
AmbiStory,blind,topk_wrong,AmbiStory-test-732,5,4,0.0,1.36,somewhat uncertain
AmbiStory,blind,topk_wrong,AmbiStory-test-733,2,2,0.2104990366554815,0.96,somewhat uncertain
AmbiStory,blind,topk_wrong,AmbiStory-test-734,5,3,0.108622939555157,2.64,somewhat uncertain
AmbiStory,blind,topk_wrong,AmbiStory-test-735,5,4,0.0552004041502247,1.84,somewhat uncertain
AmbiStory,blind,topk_wrong,AmbiStory-test-736,5,3,0.0405042390422531,2.0,somewhat uncertain
AmbiStory,blind,topk_wrong,AmbiStory-test-737,1,4,0.184741755146006,0.1599999999999999,somewhat uncertain
AmbiStory,blind,topk_wrong,AmbiStory-test-738,5,5,0.0,0.0,somewhat uncertain
AmbiStory,blind,topk_wrong,AmbiStory-test-739,1,1,0.0889127821953137,0.16,highly uncertain
AmbiStory,blind,topk_wrong,AmbiStory-test-740,1,2,0.8156125251014256,0.64,highly uncertain
AmbiStory,blind,topk_wrong,AmbiStory-test-741,5,5,0.0,0.0,somewhat uncertain
AmbiStory,blind,topk_wrong,AmbiStory-test-742,5,4,0.0,0.8,somewhat uncertain
AmbiStory,blind,topk_wrong,AmbiStory-test-743,4,2,2.358410539728012,0.4,somewhat uncertain
AmbiStory,blind,topk_wrong,AmbiStory-test-744,5,5,0.0,0.0,not uncertain
AmbiStory,blind,topk_wrong,AmbiStory-test-745,1,1,0.0,0.16,not uncertain
AmbiStory,blind,topk_wrong,AmbiStory-test-746,5,5,0.0,0.0,not uncertain
AmbiStory,blind,topk_wrong,AmbiStory-test-747,1,1,0.0,0.0,not uncertain
AmbiStory,blind,topk_wrong,AmbiStory-test-748,5,5,0.0,0.24,not uncertain
AmbiStory,blind,topk_wrong,AmbiStory-test-749,1,1,0.0,0.16,not uncertain
AmbiStory,blind,topk_wrong,AmbiStory-test-750,1,2,0.0,0.96,highly uncertain
AmbiStory,blind,topk_wrong,AmbiStory-test-751,5,4,0.0,0.96,somewhat uncertain
AmbiStory,blind,topk_wrong,AmbiStory-test-752,1,1,0.0,0.0,not uncertain
AmbiStory,blind,topk_wrong,AmbiStory-test-753,5,5,0.0,0.0,not uncertain
AmbiStory,blind,topk_wrong,AmbiStory-test-754,1,2,0.0381315459483033,1.2,not uncertain
AmbiStory,blind,topk_wrong,AmbiStory-test-755,5,4,0.0,0.6399999999999999,not uncertain
AmbiStory,blind,topk_wrong,AmbiStory-test-756,5,5,0.0,0.24,somewhat uncertain
AmbiStory,blind,topk_wrong,AmbiStory-test-757,1,1,0.0,0.16,not uncertain
AmbiStory,blind,topk_wrong,AmbiStory-test-758,1,1,0.2100923760119366,0.24,highly uncertain
AmbiStory,blind,topk_wrong,AmbiStory-test-759,5,5,0.0,0.24,somewhat uncertain
AmbiStory,blind,topk_wrong,AmbiStory-test-760,5,2,0.2034846633042382,0.4,somewhat uncertain
AmbiStory,blind,topk_wrong,AmbiStory-test-761,2,4,0.5056732549610482,0.5599999999999999,somewhat uncertain
AmbiStory,blind,topk_wrong,AmbiStory-test-762,5,4,0.0,1.36,not uncertain
AmbiStory,blind,topk_wrong,AmbiStory-test-763,1,1,0.0,0.24,somewhat uncertain
AmbiStory,blind,topk_wrong,AmbiStory-test-764,5,4,0.0,1.36,not uncertain
AmbiStory,blind,topk_wrong,AmbiStory-test-765,1,1,0.0,0.16,not uncertain
AmbiStory,blind,topk_wrong,AmbiStory-test-766,5,4,0.0,0.8,not uncertain
AmbiStory,blind,topk_wrong,AmbiStory-test-767,1,1,0.0,0.24,highly uncertain
AmbiStory,blind,topk_wrong,AmbiStory-test-768,5,3,0.0148862517265355,2.0,somewhat uncertain
AmbiStory,blind,topk_wrong,AmbiStory-test-769,1,2,0.0,0.64,not uncertain
AmbiStory,blind,topk_wrong,AmbiStory-test-770,1,3,0.2029694919860726,0.64,somewhat uncertain
AmbiStory,blind,topk_wrong,AmbiStory-test-771,5,5,0.0,0.6399999999999999,somewhat uncertain
AmbiStory,blind,topk_wrong,AmbiStory-test-772,5,3,0.047355868535518,0.5599999999999999,somewhat uncertain
AmbiStory,blind,topk_wrong,AmbiStory-test-773,1,4,0.3198346709080258,0.64,somewhat uncertain
AmbiStory,blind,topk_wrong,AmbiStory-test-774,4,3,0.074863068660681,1.36,somewhat uncertain
AmbiStory,blind,topk_wrong,AmbiStory-test-775,5,2,0.0,1.4400000000000002,highly uncertain
AmbiStory,blind,topk_wrong,AmbiStory-test-776,5,2,0.7132901576834363,1.2,somewhat uncertain
AmbiStory,blind,topk_wrong,AmbiStory-test-777,1,2,0.0,1.36,somewhat uncertain
AmbiStory,blind,topk_wrong,AmbiStory-test-778,1,3,2.4692390272038365,2.8,not uncertain
AmbiStory,blind,topk_wrong,AmbiStory-test-779,1,2,0.0,0.64,highly uncertain
AmbiStory,blind,topk_wrong,AmbiStory-test-780,5,5,0.0204237875630665,0.1599999999999999,somewhat uncertain
AmbiStory,blind,topk_wrong,AmbiStory-test-781,1,1,0.0216241485494836,0.16,somewhat uncertain
AmbiStory,blind,topk_wrong,AmbiStory-test-782,1,3,0.0310102933356865,0.64,somewhat uncertain
AmbiStory,blind,topk_wrong,AmbiStory-test-783,5,5,0.2837341459101385,0.0,somewhat uncertain
AmbiStory,blind,topk_wrong,AmbiStory-test-784,1,4,2.182063382331391,1.04,somewhat uncertain
AmbiStory,blind,topk_wrong,AmbiStory-test-785,4,3,0.9645230822137468,0.64,somewhat uncertain
AmbiStory,blind,topk_wrong,AmbiStory-test-786,5,4,0.07646927486836,1.36,somewhat uncertain
AmbiStory,blind,topk_wrong,AmbiStory-test-787,4,4,0.3888706504303231,2.16,highly uncertain
AmbiStory,blind,topk_wrong,AmbiStory-test-788,1,2,0.877165503563718,2.5600000000000005,somewhat uncertain
AmbiStory,blind,topk_wrong,AmbiStory-test-789,5,4,0.0,0.5599999999999999,somewhat uncertain
AmbiStory,blind,topk_wrong,AmbiStory-test-790,1,1,2.4236013673149936,0.16,somewhat uncertain
AmbiStory,blind,topk_wrong,AmbiStory-test-791,5,5,0.0994227301694973,0.1599999999999999,somewhat uncertain
AmbiStory,blind,topk_wrong,AmbiStory-test-792,1,3,2.462689326330453,2.56,highly uncertain
AmbiStory,blind,topk_wrong,AmbiStory-test-793,4,3,0.2784469283032456,2.472222222222222,highly uncertain
AmbiStory,blind,topk_wrong,AmbiStory-test-794,4,2,1.4673315474065436,0.24,highly uncertain
AmbiStory,blind,topk_wrong,AmbiStory-test-795,5,4,0.1278192648080696,1.0400000000000005,somewhat uncertain
AmbiStory,blind,topk_wrong,AmbiStory-test-796,5,2,0.8528745635574472,2.24,somewhat uncertain
AmbiStory,blind,topk_wrong,AmbiStory-test-797,5,5,0.0509733552002023,0.1599999999999999,somewhat uncertain
AmbiStory,blind,topk_wrong,AmbiStory-test-798,5,2,0.0,0.56,somewhat uncertain
AmbiStory,blind,topk_wrong,AmbiStory-test-799,1,4,3.938885902555157,0.4,somewhat uncertain
AmbiStory,blind,topk_wrong,AmbiStory-test-800,5,2,0.0,0.56,somewhat uncertain
AmbiStory,blind,topk_wrong,AmbiStory-test-801,5,3,0.0380514117131052,1.44,somewhat uncertain
AmbiStory,blind,topk_wrong,AmbiStory-test-802,5,2,0.0,0.96,somewhat uncertain
AmbiStory,blind,topk_wrong,AmbiStory-test-803,5,3,0.065071023831782,1.0400000000000005,somewhat uncertain
AmbiStory,blind,topk_wrong,AmbiStory-test-804,1,1,3.336331634352358,0.16,highly uncertain
AmbiStory,blind,topk_wrong,AmbiStory-test-805,5,4,0.0,0.5599999999999999,somewhat uncertain
AmbiStory,blind,topk_wrong,AmbiStory-test-806,1,2,0.0252537694922563,0.24,somewhat uncertain
AmbiStory,blind,topk_wrong,AmbiStory-test-807,5,4,0.0,1.36,not uncertain
AmbiStory,blind,topk_wrong,AmbiStory-test-808,1,2,0.0,0.24,somewhat uncertain
AmbiStory,blind,topk_wrong,AmbiStory-test-809,5,4,0.0,0.8,somewhat uncertain
AmbiStory,blind,topk_wrong,AmbiStory-test-810,5,5,0.0,0.1599999999999999,somewhat uncertain
AmbiStory,blind,topk_wrong,AmbiStory-test-811,5,2,0.0346716268174225,2.5600000000000005,somewhat uncertain
AmbiStory,blind,topk_wrong,AmbiStory-test-812,1,2,0.0227934833825729,0.56,highly uncertain
AmbiStory,blind,topk_wrong,AmbiStory-test-813,5,4,0.489036059983775,1.44,somewhat uncertain
AmbiStory,blind,topk_wrong,AmbiStory-test-814,1,1,0.0,0.24,highly uncertain
AmbiStory,blind,topk_wrong,AmbiStory-test-815,5,5,3.41732163959289,0.1599999999999999,somewhat uncertain
AmbiStory,blind,topk_wrong,AmbiStory-test-816,5,5,0.0257946008938353,0.6399999999999999,not uncertain
AmbiStory,blind,topk_wrong,AmbiStory-test-817,5,3,0.0,1.7600000000000002,highly uncertain
AmbiStory,blind,topk_wrong,AmbiStory-test-818,1,3,0.0761821746142097,2.16,somewhat uncertain
AmbiStory,blind,topk_wrong,AmbiStory-test-819,5,4,0.0,1.84,somewhat uncertain
AmbiStory,blind,topk_wrong,AmbiStory-test-820,1,3,0.0784136945774859,1.84,highly uncertain
AmbiStory,blind,topk_wrong,AmbiStory-test-821,5,4,0.0,0.96,not uncertain
AmbiStory,blind,topk_wrong,AmbiStory-test-822,1,2,0.0,0.64,somewhat uncertain
AmbiStory,blind,topk_wrong,AmbiStory-test-823,5,5,0.0,0.6399999999999999,somewhat uncertain
AmbiStory,blind,topk_wrong,AmbiStory-test-824,1,2,0.0,0.64,somewhat uncertain
AmbiStory,blind,topk_wrong,AmbiStory-test-825,5,5,0.0,0.1599999999999999,not uncertain
AmbiStory,blind,topk_wrong,AmbiStory-test-826,1,2,0.281866714735545,0.24,somewhat uncertain
AmbiStory,blind,topk_wrong,AmbiStory-test-827,5,4,0.0,2.16,somewhat uncertain
AmbiStory,blind,topk_wrong,AmbiStory-test-828,5,4,0.0,1.6,somewhat uncertain
AmbiStory,blind,topk_wrong,AmbiStory-test-829,5,4,0.0,2.560000000000001,somewhat uncertain
AmbiStory,blind,topk_wrong,AmbiStory-test-830,5,4,0.1146317310483613,0.96,somewhat uncertain
AmbiStory,blind,topk_wrong,AmbiStory-test-831,5,3,0.0,2.64,somewhat uncertain
AmbiStory,blind,topk_wrong,AmbiStory-test-832,4,3,2.4345386840927783,1.04,somewhat uncertain
AmbiStory,blind,topk_wrong,AmbiStory-test-833,5,4,0.0,0.4,somewhat uncertain
AmbiStory,blind,topk_wrong,AmbiStory-test-834,4,2,1.385937191205054,0.4,somewhat uncertain
AmbiStory,blind,topk_wrong,AmbiStory-test-835,4,4,0.0312655962131155,1.36,somewhat uncertain
AmbiStory,blind,topk_wrong,AmbiStory-test-836,1,3,0.214190543390043,2.16,highly uncertain
AmbiStory,blind,topk_wrong,AmbiStory-test-837,5,5,0.0293645268461198,0.1599999999999999,somewhat uncertain
AmbiStory,blind,topk_wrong,AmbiStory-test-838,5,3,0.232321168571578,2.64,not uncertain
AmbiStory,blind,topk_wrong,AmbiStory-test-839,5,5,0.0,0.1599999999999999,somewhat uncertain
AmbiStory,blind,topk_wrong,AmbiStory-test-840,4,3,0.3596846584721506,1.44,somewhat uncertain
AmbiStory,blind,topk_wrong,AmbiStory-test-841,5,4,0.0,0.64,highly uncertain
AmbiStory,blind,topk_wrong,AmbiStory-test-842,1,2,0.0739735483615411,0.16,somewhat uncertain
AmbiStory,blind,topk_wrong,AmbiStory-test-843,5,4,0.1097322857513813,0.64,somewhat uncertain
AmbiStory,blind,topk_wrong,AmbiStory-test-844,1,2,0.0515350847086488,0.56,highly uncertain
AmbiStory,blind,topk_wrong,AmbiStory-test-845,5,3,0.2245432609944151,1.6,somewhat uncertain
AmbiStory,blind,topk_wrong,AmbiStory-test-846,5,4,0.0896620988171805,0.4,somewhat uncertain
AmbiStory,blind,topk_wrong,AmbiStory-test-847,1,2,0.5708764856269815,0.6400000000000002,somewhat uncertain
AmbiStory,blind,topk_wrong,AmbiStory-test-848,1,1,0.0,0.16,somewhat uncertain
AmbiStory,blind,topk_wrong,AmbiStory-test-849,5,5,0.0296693860103418,0.24,somewhat uncertain
AmbiStory,blind,topk_wrong,AmbiStory-test-850,1,2,0.1521645660571294,1.2,somewhat uncertain
AmbiStory,blind,topk_wrong,AmbiStory-test-851,5,4,0.5454793771695717,0.4,somewhat uncertain
AmbiStory,blind,topk_wrong,AmbiStory-test-852,4,3,1.8203692824755544,1.0400000000000005,somewhat uncertain
AmbiStory,blind,topk_wrong,AmbiStory-test-853,1,2,1.2721662512820666,0.4,somewhat uncertain
AmbiStory,blind,topk_wrong,AmbiStory-test-854,4,2,0.5752056341842859,1.84,somewhat uncertain
AmbiStory,blind,topk_wrong,AmbiStory-test-855,4,3,0.2451370312282916,2.56,not uncertain
AmbiStory,blind,topk_wrong,AmbiStory-test-856,4,3,0.307793788861476,1.04,somewhat uncertain
AmbiStory,blind,topk_wrong,AmbiStory-test-857,5,2,0.106376281975629,1.36,somewhat uncertain
AmbiStory,blind,topk_wrong,AmbiStory-test-858,5,4,1.222584397915281,1.44,somewhat uncertain
AmbiStory,blind,topk_wrong,AmbiStory-test-859,4,1,0.1541546383436528,0.64,highly uncertain
AmbiStory,blind,topk_wrong,AmbiStory-test-860,1,3,0.9273387354113396,0.64,highly uncertain
AmbiStory,blind,topk_wrong,AmbiStory-test-861,4,1,0.7872488357525278,0.24,somewhat uncertain
AmbiStory,blind,topk_wrong,AmbiStory-test-862,1,3,0.1056868728604707,2.8,somewhat uncertain
AmbiStory,blind,topk_wrong,AmbiStory-test-863,5,2,0.7641285530084333,1.8400000000000003,somewhat uncertain
AmbiStory,blind,topk_wrong,AmbiStory-test-864,1,1,0.1716557448080647,0.24,not uncertain
AmbiStory,blind,topk_wrong,AmbiStory-test-865,4,5,0.249972258129909,0.0,not uncertain
AmbiStory,blind,topk_wrong,AmbiStory-test-866,1,1,0.2982586969389011,0.16,highly uncertain
AmbiStory,blind,topk_wrong,AmbiStory-test-867,5,5,0.2499260029957986,0.24,not uncertain
AmbiStory,blind,topk_wrong,AmbiStory-test-868,1,1,0.0410215832175652,0.16,not uncertain
AmbiStory,blind,topk_wrong,AmbiStory-test-869,5,5,0.0869839567376887,0.24,somewhat uncertain
AmbiStory,blind,topk_wrong,AmbiStory-test-870,5,5,0.0,0.6399999999999999,not uncertain
AmbiStory,blind,topk_wrong,AmbiStory-test-871,1,1,0.0,0.16,not uncertain
AmbiStory,blind,topk_wrong,AmbiStory-test-872,5,3,0.0,0.1599999999999999,not uncertain
AmbiStory,blind,topk_wrong,AmbiStory-test-873,1,1,0.0529164334655757,0.0,not uncertain
AmbiStory,blind,topk_wrong,AmbiStory-test-874,5,5,0.0,0.1599999999999999,somewhat uncertain
AmbiStory,blind,topk_wrong,AmbiStory-test-875,1,1,0.0204509900220943,0.0,highly uncertain
AmbiStory,blind,topk_wrong,AmbiStory-test-876,2,4,1.18507520246828,0.4,not uncertain
AmbiStory,blind,topk_wrong,AmbiStory-test-877,1,2,0.1446584755956835,1.8400000000000003,not uncertain
AmbiStory,blind,topk_wrong,AmbiStory-test-878,4,3,1.7694978152756955,2.16,not uncertain
AmbiStory,blind,topk_wrong,AmbiStory-test-879,2,2,0.2248440563477041,1.44,somewhat uncertain
AmbiStory,blind,topk_wrong,AmbiStory-test-880,1,4,0.0827930215848007,0.96,not uncertain
AmbiStory,blind,topk_wrong,AmbiStory-test-881,1,2,0.0700690536990542,1.84,not uncertain
AmbiStory,blind,topk_wrong,AmbiStory-test-882,4,4,2.450760239898138,1.44,somewhat uncertain
AmbiStory,blind,topk_wrong,AmbiStory-test-883,1,2,0.0,3.04,highly uncertain
AmbiStory,blind,topk_wrong,AmbiStory-test-884,5,5,0.1052225170443497,0.1599999999999999,somewhat uncertain
AmbiStory,blind,topk_wrong,AmbiStory-test-885,1,1,0.0,0.16,highly uncertain
AmbiStory,blind,topk_wrong,AmbiStory-test-886,4,5,0.9709831633174087,0.6399999999999999,somewhat uncertain
AmbiStory,blind,topk_wrong,AmbiStory-test-887,1,2,1.2853466969580722,0.56,somewhat uncertain
AmbiStory,blind,topk_wrong,AmbiStory-test-888,5,5,0.0,0.0,not uncertain
AmbiStory,blind,topk_wrong,AmbiStory-test-889,1,2,1.6808559120429454,0.64,not uncertain
AmbiStory,blind,topk_wrong,AmbiStory-test-890,4,3,1.1089118775451712,0.96,somewhat uncertain
AmbiStory,blind,topk_wrong,AmbiStory-test-891,4,3,0.2370040301894513,0.24,not uncertain
AmbiStory,blind,topk_wrong,AmbiStory-test-892,5,4,0.0,0.8,somewhat uncertain
AmbiStory,blind,topk_wrong,AmbiStory-test-893,1,3,0.6886245472705084,1.36,somewhat uncertain
AmbiStory,blind,topk_wrong,AmbiStory-test-894,5,3,0.0853901126462344,0.5599999999999999,somewhat uncertain
AmbiStory,blind,topk_wrong,AmbiStory-test-895,3,2,1.3872863015679986,0.8,highly uncertain
AmbiStory,blind,topk_wrong,AmbiStory-test-896,4,2,0.9784508991003956,0.56,somewhat uncertain
AmbiStory,blind,topk_wrong,AmbiStory-test-897,3,4,0.4658252905700311,1.0400000000000005,not uncertain
AmbiStory,blind,topk_wrong,AmbiStory-test-898,5,2,0.2283967231357498,0.64,somewhat uncertain
AmbiStory,blind,topk_wrong,AmbiStory-test-899,4,3,0.7696518564319137,0.96,highly uncertain
AmbiStory,blind,topk_wrong,AmbiStory-test-900,1,2,0.1476110041662137,0.5599999999999999,highly uncertain
AmbiStory,blind,topk_wrong,AmbiStory-test-901,4,5,0.1534264133146353,0.1599999999999999,somewhat uncertain
AmbiStory,blind,topk_wrong,AmbiStory-test-902,1,2,0.0628456226287766,0.56,somewhat uncertain
AmbiStory,blind,topk_wrong,AmbiStory-test-903,5,5,0.0,0.1599999999999999,somewhat uncertain
AmbiStory,blind,topk_wrong,AmbiStory-test-904,1,2,0.0239610335448783,1.2,somewhat uncertain
AmbiStory,blind,topk_wrong,AmbiStory-test-905,5,4,0.1121779703403708,0.0,somewhat uncertain
AmbiStory,blind,topk_wrong,AmbiStory-test-906,5,5,0.0733462525744408,0.6399999999999999,not uncertain
AmbiStory,blind,topk_wrong,AmbiStory-test-907,2,1,0.1718682355372878,0.16,highly uncertain
AmbiStory,blind,topk_wrong,AmbiStory-test-908,5,3,0.0930264174096821,0.5599999999999999,somewhat uncertain
AmbiStory,blind,topk_wrong,AmbiStory-test-909,4,3,0.0,1.6,somewhat uncertain
AmbiStory,blind,topk_wrong,AmbiStory-test-910,5,3,0.0309807606284611,0.8,somewhat uncertain
AmbiStory,blind,topk_wrong,AmbiStory-test-911,1,2,0.0221640444530366,0.8,highly uncertain
AmbiStory,blind,topk_wrong,AmbiStory-test-912,5,3,0.0,0.96,highly uncertain
AmbiStory,blind,topk_wrong,AmbiStory-test-913,5,3,1.1252256046944336,2.64,somewhat uncertain
AmbiStory,blind,topk_wrong,AmbiStory-test-914,1,2,0.0,2.4,somewhat uncertain
AmbiStory,blind,topk_wrong,AmbiStory-test-915,5,4,0.0,0.64,somewhat uncertain
AmbiStory,blind,topk_wrong,AmbiStory-test-916,1,3,0.0,2.0,somewhat uncertain
AmbiStory,blind,topk_wrong,AmbiStory-test-917,5,5,0.0,0.1599999999999999,not uncertain
AmbiStory,blind,topk_wrong,AmbiStory-test-918,5,4,0.0,1.36,somewhat uncertain
AmbiStory,blind,topk_wrong,AmbiStory-test-919,5,2,0.0,0.4,not uncertain
AmbiStory,blind,topk_wrong,AmbiStory-test-920,5,5,0.0,0.6399999999999999,somewhat uncertain
AmbiStory,blind,topk_wrong,AmbiStory-test-921,1,2,1.4457893737663938,0.64,highly uncertain
AmbiStory,blind,topk_wrong,AmbiStory-test-922,5,4,0.0,0.96,somewhat uncertain
AmbiStory,blind,topk_wrong,AmbiStory-test-923,5,3,0.0429568909253673,0.4,not uncertain
AmbiStory,blind,topk_wrong,AmbiStory-test-924,5,1,0.0,0.0,somewhat uncertain
AmbiStory,blind,topk_wrong,AmbiStory-test-925,2,4,0.640791689798982,1.2,not uncertain
AmbiStory,blind,topk_wrong,AmbiStory-test-926,5,1,0.0,0.16,somewhat uncertain
AmbiStory,blind,topk_wrong,AmbiStory-test-927,1,3,0.5732982527959736,2.222222222222222,not uncertain
AmbiStory,blind,topk_wrong,AmbiStory-test-928,5,2,0.0,1.36,somewhat uncertain
AmbiStory,blind,topk_wrong,AmbiStory-test-929,2,4,1.5485981536044278,0.96,somewhat uncertain
AmbiStory,blind,pros_cons,AmbiStory-test-0,5,4,0.0,1.6,not uncertain
AmbiStory,blind,pros_cons,AmbiStory-test-1,1,2,0.6558683279691048,1.2,not uncertain
AmbiStory,blind,pros_cons,AmbiStory-test-2,5,3,0.0,0.5599999999999999,not uncertain
AmbiStory,blind,pros_cons,AmbiStory-test-3,3,3,1.5635706746167517,1.44,not uncertain
AmbiStory,blind,pros_cons,AmbiStory-test-4,5,3,0.0,1.84,not uncertain
AmbiStory,blind,pros_cons,AmbiStory-test-5,4,2,2.14592062875601,0.56,not uncertain
AmbiStory,blind,pros_cons,AmbiStory-test-6,1,3,1.3976556159891098,0.96,somewhat uncertain
AmbiStory,blind,pros_cons,AmbiStory-test-7,1,4,0.2365789957628531,1.36,highly uncertain
AmbiStory,blind,pros_cons,AmbiStory-test-8,1,1,0.7045444423895764,0.24,not uncertain
AmbiStory,blind,pros_cons,AmbiStory-test-9,1,4,0.2223162655627028,2.16,somewhat uncertain
AmbiStory,blind,pros_cons,AmbiStory-test-10,4,1,1.2871343699135964,0.24,somewhat uncertain
AmbiStory,blind,pros_cons,AmbiStory-test-11,2,5,0.506336299638644,0.1599999999999999,somewhat uncertain
AmbiStory,blind,pros_cons,AmbiStory-test-12,5,4,0.0,0.5599999999999999,not uncertain
AmbiStory,blind,pros_cons,AmbiStory-test-13,1,3,0.0697690821428246,2.64,not uncertain
AmbiStory,blind,pros_cons,AmbiStory-test-14,5,1,2.04151056673464,0.24,not uncertain
AmbiStory,blind,pros_cons,AmbiStory-test-15,5,4,0.023521300637809,2.56,highly uncertain
AmbiStory,blind,pros_cons,AmbiStory-test-16,5,3,0.0,0.5599999999999999,not uncertain
AmbiStory,blind,pros_cons,AmbiStory-test-17,1,4,0.0870603321551535,0.64,not uncertain
AmbiStory,blind,pros_cons,AmbiStory-test-18,5,5,0.0,0.0,not uncertain
AmbiStory,blind,pros_cons,AmbiStory-test-19,5,3,0.108516741136859,2.64,somewhat uncertain
AmbiStory,blind,pros_cons,AmbiStory-test-20,5,5,0.0,0.0,highly uncertain
AmbiStory,blind,pros_cons,AmbiStory-test-21,5,3,0.0782911192361145,0.96,not uncertain
AmbiStory,blind,pros_cons,AmbiStory-test-22,5,5,0.0,0.1599999999999999,not uncertain
AmbiStory,blind,pros_cons,AmbiStory-test-23,5,4,0.2418370280353336,2.56,highly uncertain
AmbiStory,blind,pros_cons,AmbiStory-test-24,5,5,0.0,0.0,not uncertain
AmbiStory,blind,pros_cons,AmbiStory-test-25,1,2,0.0,1.2,not uncertain
AmbiStory,blind,pros_cons,AmbiStory-test-26,5,4,0.0,0.96,somewhat uncertain
AmbiStory,blind,pros_cons,AmbiStory-test-27,1,2,0.0,0.56,not uncertain
AmbiStory,blind,pros_cons,AmbiStory-test-28,5,4,0.0,0.6399999999999999,somewhat uncertain
AmbiStory,blind,pros_cons,AmbiStory-test-29,1,2,0.0,0.64,not uncertain
AmbiStory,blind,pros_cons,AmbiStory-test-30,5,2,0.2420755511151686,0.8,highly uncertain
AmbiStory,blind,pros_cons,AmbiStory-test-31,5,4,0.0,0.6399999999999999,not uncertain
AmbiStory,blind,pros_cons,AmbiStory-test-32,4,3,0.1061791218640112,2.24,highly uncertain
AmbiStory,blind,pros_cons,AmbiStory-test-33,5,4,0.0,0.1599999999999999,not uncertain
AmbiStory,blind,pros_cons,AmbiStory-test-34,5,3,0.0229901769118308,0.96,somewhat uncertain
AmbiStory,blind,pros_cons,AmbiStory-test-35,5,4,0.0,0.96,not uncertain
AmbiStory,blind,pros_cons,AmbiStory-test-36,4,3,0.1691607854292012,0.24,highly uncertain
AmbiStory,blind,pros_cons,AmbiStory-test-37,5,3,0.0,1.6,not uncertain
AmbiStory,blind,pros_cons,AmbiStory-test-38,4,2,1.3230991375737946,1.84,somewhat uncertain
AmbiStory,blind,pros_cons,AmbiStory-test-39,5,4,0.0,1.44,somewhat uncertain
AmbiStory,blind,pros_cons,AmbiStory-test-40,4,3,0.7016930268964681,1.84,not uncertain
AmbiStory,blind,pros_cons,AmbiStory-test-41,5,4,0.0,1.36,not uncertain
AmbiStory,blind,pros_cons,AmbiStory-test-42,1,2,0.0334746650926557,0.1599999999999999,highly uncertain
AmbiStory,blind,pros_cons,AmbiStory-test-43,5,4,0.2312788611989331,0.4,highly uncertain
AmbiStory,blind,pros_cons,AmbiStory-test-44,1,3,0.0383792262536586,2.24,highly uncertain
AmbiStory,blind,pros_cons,AmbiStory-test-45,5,4,0.0332731992224013,1.0400000000000005,highly uncertain
AmbiStory,blind,pros_cons,AmbiStory-test-46,1,3,0.0293790404939005,0.96,not uncertain
AmbiStory,blind,pros_cons,AmbiStory-test-47,5,4,0.0396878238526174,0.8,highly uncertain
AmbiStory,blind,pros_cons,AmbiStory-test-48,5,4,0.0,2.1600000000000006,not uncertain
AmbiStory,blind,pros_cons,AmbiStory-test-49,4,2,0.1127561379819824,2.24,somewhat uncertain
AmbiStory,blind,pros_cons,AmbiStory-test-50,3,2,0.694035016749854,0.24,somewhat uncertain
AmbiStory,blind,pros_cons,AmbiStory-test-51,5,4,0.0,1.36,highly uncertain
AmbiStory,blind,pros_cons,AmbiStory-test-52,3,2,0.7458625637389262,2.16,not uncertain
AmbiStory,blind,pros_cons,AmbiStory-test-53,5,5,0.1801100445945567,0.24,not uncertain
AmbiStory,blind,pros_cons,AmbiStory-test-54,5,3,0.2446412648937045,1.04,somewhat uncertain
AmbiStory,blind,pros_cons,AmbiStory-test-55,4,3,0.2418825909059599,0.96,not uncertain
AmbiStory,blind,pros_cons,AmbiStory-test-56,4,2,0.2492291513563986,0.64,not uncertain
AmbiStory,blind,pros_cons,AmbiStory-test-57,5,5,0.0,0.0,not uncertain
AmbiStory,blind,pros_cons,AmbiStory-test-58,5,2,0.0828901601423061,1.36,not uncertain
AmbiStory,blind,pros_cons,AmbiStory-test-59,5,5,0.0,0.24,somewhat uncertain
AmbiStory,blind,pros_cons,AmbiStory-test-60,5,5,0.0,0.0,not uncertain
AmbiStory,blind,pros_cons,AmbiStory-test-61,1,1,0.0,0.0,not uncertain
AmbiStory,blind,pros_cons,AmbiStory-test-62,1,1,2.069936441370308,0.0,not uncertain
AmbiStory,blind,pros_cons,AmbiStory-test-63,4,3,0.0834302440031427,3.8400000000000007,highly uncertain
AmbiStory,blind,pros_cons,AmbiStory-test-64,5,4,0.0,2.56,not uncertain
AmbiStory,blind,pros_cons,AmbiStory-test-65,1,2,0.2241608971898552,1.36,not uncertain
AmbiStory,blind,pros_cons,AmbiStory-test-66,4,3,1.7300630710579337,2.16,somewhat uncertain
AmbiStory,blind,pros_cons,AmbiStory-test-67,1,2,0.0441010156381337,0.56,not uncertain
AmbiStory,blind,pros_cons,AmbiStory-test-68,1,1,0.0,0.16,not uncertain
AmbiStory,blind,pros_cons,AmbiStory-test-69,5,5,0.0,0.0,not uncertain
AmbiStory,blind,pros_cons,AmbiStory-test-70,1,2,0.0,1.36,not uncertain
AmbiStory,blind,pros_cons,AmbiStory-test-71,1,3,0.7829918931953094,1.0400000000000005,not uncertain
AmbiStory,blind,pros_cons,AmbiStory-test-72,5,3,0.0,2.16,not uncertain
AmbiStory,blind,pros_cons,AmbiStory-test-73,1,3,0.2184790436830367,2.0,somewhat uncertain
AmbiStory,blind,pros_cons,AmbiStory-test-74,5,2,0.0,1.4400000000000002,somewhat uncertain
AmbiStory,blind,pros_cons,AmbiStory-test-75,5,4,0.0,1.36,not uncertain
AmbiStory,blind,pros_cons,AmbiStory-test-76,5,3,3.64090598336708,1.4400000000000002,not uncertain
AmbiStory,blind,pros_cons,AmbiStory-test-77,5,4,0.0,0.6399999999999999,not uncertain
AmbiStory,blind,pros_cons,AmbiStory-test-78,5,4,0.0206090691067229,1.6,highly uncertain
AmbiStory,blind,pros_cons,AmbiStory-test-79,4,2,0.2028305747386825,0.96,not uncertain
AmbiStory,blind,pros_cons,AmbiStory-test-80,5,3,2.792763066991798,0.1599999999999999,not uncertain
AmbiStory,blind,pros_cons,AmbiStory-test-81,5,4,0.0,0.24,somewhat uncertain
AmbiStory,blind,pros_cons,AmbiStory-test-82,1,2,0.6258421817496563,0.8,highly uncertain
AmbiStory,blind,pros_cons,AmbiStory-test-83,5,4,0.0,1.2,highly uncertain
AmbiStory,blind,pros_cons,AmbiStory-test-84,1,2,0.0809076238076926,0.8,not uncertain
AmbiStory,blind,pros_cons,AmbiStory-test-85,5,5,0.0,0.6399999999999999,not uncertain
AmbiStory,blind,pros_cons,AmbiStory-test-86,5,2,0.6682276014190647,0.16,not uncertain
AmbiStory,blind,pros_cons,AmbiStory-test-87,5,4,0.0239414242489565,0.5599999999999999,highly uncertain
AmbiStory,blind,pros_cons,AmbiStory-test-88,1,2,0.1257157413077236,0.4,somewhat uncertain
AmbiStory,blind,pros_cons,AmbiStory-test-89,5,4,0.0235181442053997,0.5599999999999999,not uncertain
AmbiStory,blind,pros_cons,AmbiStory-test-90,5,3,0.1764472565584506,1.6,highly uncertain
AmbiStory,blind,pros_cons,AmbiStory-test-91,1,3,0.2040432957657224,2.16,not uncertain
AmbiStory,blind,pros_cons,AmbiStory-test-92,4,2,0.1617806633728321,0.64,somewhat uncertain
AmbiStory,blind,pros_cons,AmbiStory-test-93,1,4,0.4590961539290061,0.5599999999999999,somewhat uncertain
AmbiStory,blind,pros_cons,AmbiStory-test-94,5,1,0.6889337293518322,0.16,somewhat uncertain
AmbiStory,blind,pros_cons,AmbiStory-test-95,4,4,0.7717961103625491,0.96,somewhat uncertain
AmbiStory,blind,pros_cons,AmbiStory-test-96,5,5,0.0,0.24,highly uncertain
AmbiStory,blind,pros_cons,AmbiStory-test-97,5,3,1.8827310928409764,2.472222222222222,highly uncertain
AmbiStory,blind,pros_cons,AmbiStory-test-98,5,4,0.0,0.5599999999999999,not uncertain
AmbiStory,blind,pros_cons,AmbiStory-test-99,5,3,1.6490042897349655,0.4,not uncertain
AmbiStory,blind,pros_cons,AmbiStory-test-100,5,3,0.0,1.36,highly uncertain
AmbiStory,blind,pros_cons,AmbiStory-test-101,5,4,0.0,1.4400000000000002,not uncertain
AmbiStory,blind,pros_cons,AmbiStory-test-102,5,4,0.0,0.96,somewhat uncertain
AmbiStory,blind,pros_cons,AmbiStory-test-103,5,1,0.0,0.16,not uncertain
AmbiStory,blind,pros_cons,AmbiStory-test-104,1,2,0.6917400978199604,0.24,not uncertain
AmbiStory,blind,pros_cons,AmbiStory-test-105,5,5,0.0,0.1599999999999999,not uncertain
AmbiStory,blind,pros_cons,AmbiStory-test-106,5,3,0.4409413011635256,0.5599999999999999,not uncertain
AmbiStory,blind,pros_cons,AmbiStory-test-107,5,3,0.0,2.24,not uncertain
AmbiStory,blind,pros_cons,AmbiStory-test-108,5,5,0.0,0.1599999999999999,not uncertain
AmbiStory,blind,pros_cons,AmbiStory-test-109,1,1,0.5262373006205864,0.0,
AmbiStory,blind,pros_cons,AmbiStory-test-110,5,4,0.0,0.5599999999999999,not uncertain
AmbiStory,blind,pros_cons,AmbiStory-test-111,5,1,0.3308094472387789,0.24,not uncertain
AmbiStory,blind,pros_cons,AmbiStory-test-112,5,4,0.0,1.36,not uncertain
AmbiStory,blind,pros_cons,AmbiStory-test-113,5,1,0.7363973437734185,0.16,not uncertain
AmbiStory,blind,pros_cons,AmbiStory-test-114,5,5,0.0,0.0,not uncertain
AmbiStory,blind,pros_cons,AmbiStory-test-115,1,2,0.0,2.5600000000000005,not uncertain
AmbiStory,blind,pros_cons,AmbiStory-test-116,5,3,0.0,2.64,not uncertain
AmbiStory,blind,pros_cons,AmbiStory-test-117,5,3,0.0,3.2,not uncertain
AmbiStory,blind,pros_cons,AmbiStory-test-118,5,5,0.0,0.1599999999999999,not uncertain
AmbiStory,blind,pros_cons,AmbiStory-test-119,1,1,0.0,0.24,not uncertain
AmbiStory,blind,pros_cons,AmbiStory-test-120,5,4,0.0,0.4,not uncertain
AmbiStory,blind,pros_cons,AmbiStory-test-121,1,4,0.6275797938174467,0.5599999999999999,not uncertain
AmbiStory,blind,pros_cons,AmbiStory-test-122,5,4,0.0,0.64,not uncertain
AmbiStory,blind,pros_cons,AmbiStory-test-123,1,3,0.1622906769179251,0.5599999999999999,somewhat uncertain
AmbiStory,blind,pros_cons,AmbiStory-test-124,5,3,0.0,1.8400000000000003,not uncertain
AmbiStory,blind,pros_cons,AmbiStory-test-125,4,3,0.5838628571321658,1.8400000000000003,not uncertain
AmbiStory,blind,pros_cons,AmbiStory-test-126,4,3,0.8334312972759513,0.888888888888889,somewhat uncertain
AmbiStory,blind,pros_cons,AmbiStory-test-127,2,3,0.3613875969960839,1.36,not uncertain
AmbiStory,blind,pros_cons,AmbiStory-test-128,1,2,0.2479683523377685,0.64,not uncertain
AmbiStory,blind,pros_cons,AmbiStory-test-129,4,3,1.1422088628442757,2.56,highly uncertain
AmbiStory,blind,pros_cons,AmbiStory-test-130,1,1,0.1113605838341489,0.24,not uncertain
AmbiStory,blind,pros_cons,AmbiStory-test-131,2,3,0.2401914924181974,2.16,highly uncertain
AmbiStory,blind,pros_cons,AmbiStory-test-132,5,5,0.0,0.0,highly uncertain
AmbiStory,blind,pros_cons,AmbiStory-test-133,1,1,0.0,0.24,somewhat uncertain
AmbiStory,blind,pros_cons,AmbiStory-test-134,5,3,0.9128280969632552,1.84,somewhat uncertain
AmbiStory,blind,pros_cons,AmbiStory-test-135,5,4,0.3783478431093399,0.8,highly uncertain
AmbiStory,blind,pros_cons,AmbiStory-test-136,5,3,0.0,2.64,not uncertain
AmbiStory,blind,pros_cons,AmbiStory-test-137,5,3,0.2999038206319766,2.0,highly uncertain
AmbiStory,blind,pros_cons,AmbiStory-test-138,5,5,0.0,0.24,not uncertain
AmbiStory,blind,pros_cons,AmbiStory-test-139,5,5,0.0,0.0,not uncertain
AmbiStory,blind,pros_cons,AmbiStory-test-140,5,5,0.0,0.0,not uncertain
AmbiStory,blind,pros_cons,AmbiStory-test-141,5,5,0.0,0.0,not uncertain
AmbiStory,blind,pros_cons,AmbiStory-test-142,5,4,0.0,1.36,not uncertain
AmbiStory,blind,pros_cons,AmbiStory-test-143,5,5,0.0,0.0,not uncertain
AmbiStory,blind,pros_cons,AmbiStory-test-144,1,1,0.4220409549584868,0.24,not uncertain
AmbiStory,blind,pros_cons,AmbiStory-test-145,5,5,0.2997135068693699,0.1599999999999999,highly uncertain
AmbiStory,blind,pros_cons,AmbiStory-test-146,1,2,3.1642775538623664,2.24,somewhat uncertain
AmbiStory,blind,pros_cons,AmbiStory-test-147,5,5,0.0,0.1599999999999999,highly uncertain
AmbiStory,blind,pros_cons,AmbiStory-test-148,1,2,0.0,0.5599999999999999,somewhat uncertain
AmbiStory,blind,pros_cons,AmbiStory-test-149,5,4,0.0,1.44,highly uncertain
AmbiStory,blind,pros_cons,AmbiStory-test-150,5,3,0.0148368726181598,2.8,highly uncertain
AmbiStory,blind,pros_cons,AmbiStory-test-151,1,3,0.1418212484367879,2.8,not uncertain
AmbiStory,blind,pros_cons,AmbiStory-test-152,5,1,0.2495524803055785,0.6400000000000002,not uncertain
AmbiStory,blind,pros_cons,AmbiStory-test-153,1,4,2.638902187993699,1.84,not uncertain
AmbiStory,blind,pros_cons,AmbiStory-test-154,5,4,0.4998032355273922,1.4400000000000002,highly uncertain
AmbiStory,blind,pros_cons,AmbiStory-test-155,1,3,1.1542135744813176,1.8400000000000003,not uncertain
AmbiStory,blind,pros_cons,AmbiStory-test-156,5,5,0.0,0.0,not uncertain
AmbiStory,blind,pros_cons,AmbiStory-test-157,1,1,0.0,0.16,not uncertain
AmbiStory,blind,pros_cons,AmbiStory-test-158,5,3,0.3698427618535715,1.36,not uncertain
AmbiStory,blind,pros_cons,AmbiStory-test-159,5,3,0.0,0.96,not uncertain
AmbiStory,blind,pros_cons,AmbiStory-test-160,5,5,0.0,0.0,not uncertain
AmbiStory,blind,pros_cons,AmbiStory-test-161,1,2,0.1252854066256092,0.9600000000000002,not uncertain
AmbiStory,blind,pros_cons,AmbiStory-test-162,5,2,0.0223745884641783,0.64,not uncertain
AmbiStory,blind,pros_cons,AmbiStory-test-163,1,4,1.7959947849070037,0.5599999999999999,not uncertain
AmbiStory,blind,pros_cons,AmbiStory-test-164,5,2,0.3863126049747319,0.64,somewhat uncertain
AmbiStory,blind,pros_cons,AmbiStory-test-165,5,3,0.8548959046484426,1.84,not uncertain
AmbiStory,blind,pros_cons,AmbiStory-test-166,5,2,0.034087987367552,0.24,highly uncertain
AmbiStory,blind,pros_cons,AmbiStory-test-167,5,4,0.6984484637822183,0.6399999999999999,not uncertain
AmbiStory,blind,pros_cons,AmbiStory-test-168,5,5,0.0,0.1599999999999999,highly uncertain
AmbiStory,blind,pros_cons,AmbiStory-test-169,1,1,0.0,0.0,not uncertain
AmbiStory,blind,pros_cons,AmbiStory-test-170,5,5,0.0,0.0,not uncertain
AmbiStory,blind,pros_cons,AmbiStory-test-171,1,1,0.0,0.0,not uncertain
AmbiStory,blind,pros_cons,AmbiStory-test-172,5,5,0.1122965302286481,0.24,highly uncertain
AmbiStory,blind,pros_cons,AmbiStory-test-173,1,1,0.0,0.0,not uncertain
AmbiStory,blind,pros_cons,AmbiStory-test-174,5,5,2.185865582398553,0.6399999999999999,somewhat uncertain
AmbiStory,blind,pros_cons,AmbiStory-test-175,4,2,0.321022194474604,0.8,somewhat uncertain
AmbiStory,blind,pros_cons,AmbiStory-test-176,1,1,0.0166584184168744,0.24,not uncertain
AmbiStory,blind,pros_cons,AmbiStory-test-177,4,4,0.2476776333010425,2.1600000000000006,not uncertain
AmbiStory,blind,pros_cons,AmbiStory-test-178,1,2,3.350216362900621,1.04,not uncertain
AmbiStory,blind,pros_cons,AmbiStory-test-179,4,4,0.6171185777389389,0.5599999999999999,somewhat uncertain
AmbiStory,blind,pros_cons,AmbiStory-test-180,5,4,0.0,0.6399999999999999,not uncertain
AmbiStory,blind,pros_cons,AmbiStory-test-181,4,3,1.946879594898853,0.64,not uncertain
AmbiStory,blind,pros_cons,AmbiStory-test-182,1,2,0.0,0.64,not uncertain
AmbiStory,blind,pros_cons,AmbiStory-test-183,5,3,0.2285072544723632,1.84,somewhat uncertain
AmbiStory,blind,pros_cons,AmbiStory-test-184,4,3,0.2421502055669651,0.0,highly uncertain
AmbiStory,blind,pros_cons,AmbiStory-test-185,4,3,0.0964090368268681,1.2,not uncertain
AmbiStory,blind,pros_cons,AmbiStory-test-186,1,3,0.8049579927733204,1.84,somewhat uncertain
AmbiStory,blind,pros_cons,AmbiStory-test-187,1,2,0.177152412388247,0.56,not uncertain
AmbiStory,blind,pros_cons,AmbiStory-test-188,1,1,0.13640257526098,0.16,not uncertain
AmbiStory,blind,pros_cons,AmbiStory-test-189,5,4,0.0,0.64,highly uncertain
AmbiStory,blind,pros_cons,AmbiStory-test-190,1,2,1.539640547134064,0.56,somewhat uncertain
AmbiStory,blind,pros_cons,AmbiStory-test-191,2,3,0.4488721561179614,1.04,not uncertain
AmbiStory,blind,pros_cons,AmbiStory-test-192,5,5,0.0315638945585631,0.1599999999999999,not uncertain
AmbiStory,blind,pros_cons,AmbiStory-test-193,2,1,0.1515105660301323,0.16,not uncertain
AmbiStory,blind,pros_cons,AmbiStory-test-194,5,3,0.0645079047891599,0.64,not uncertain
AmbiStory,blind,pros_cons,AmbiStory-test-195,4,3,0.3302190290786758,1.84,not uncertain
AmbiStory,blind,pros_cons,AmbiStory-test-196,4,4,0.1143972877799565,0.5599999999999999,not uncertain
AmbiStory,blind,pros_cons,AmbiStory-test-197,2,2,0.2476002640764759,0.64,somewhat uncertain
AmbiStory,blind,pros_cons,AmbiStory-test-198,5,5,0.0365359846371729,0.24,not uncertain
AmbiStory,blind,pros_cons,AmbiStory-test-199,5,1,0.2218072313151202,0.64,highly uncertain
AmbiStory,blind,pros_cons,AmbiStory-test-200,5,4,0.0391582798585419,0.4,not uncertain
AmbiStory,blind,pros_cons,AmbiStory-test-201,2,2,0.5619945954219062,1.2,not uncertain
AmbiStory,blind,pros_cons,AmbiStory-test-202,4,5,0.1263613199389198,0.1599999999999999,highly uncertain
AmbiStory,blind,pros_cons,AmbiStory-test-203,3,2,0.2344048074573813,0.64,highly uncertain
AmbiStory,blind,pros_cons,AmbiStory-test-204,5,5,0.1923395543562473,0.24,somewhat uncertain
AmbiStory,blind,pros_cons,AmbiStory-test-205,1,2,0.0649306195643718,0.16,not uncertain
AmbiStory,blind,pros_cons,AmbiStory-test-206,4,4,2.164799465344768,0.24,somewhat uncertain
AmbiStory,blind,pros_cons,AmbiStory-test-207,4,3,2.4829904228353024,1.6,highly uncertain
AmbiStory,blind,pros_cons,AmbiStory-test-208,5,4,1.2329981802260934,0.8,somewhat uncertain
AmbiStory,blind,pros_cons,AmbiStory-test-209,5,2,3.2324105589614924,0.24,somewhat uncertain
AmbiStory,blind,pros_cons,AmbiStory-test-210,1,3,0.8505906366116144,0.5599999999999999,somewhat uncertain
AmbiStory,blind,pros_cons,AmbiStory-test-211,5,2,0.2751860490255462,0.56,not uncertain
AmbiStory,blind,pros_cons,AmbiStory-test-212,1,3,2.136549438339385,0.4,somewhat uncertain
AmbiStory,blind,pros_cons,AmbiStory-test-213,4,3,0.4682614567850015,3.3600000000000003,not uncertain
AmbiStory,blind,pros_cons,AmbiStory-test-214,1,3,0.0242954342646754,1.04,not uncertain
AmbiStory,blind,pros_cons,AmbiStory-test-215,5,2,0.2754519846231909,2.24,highly uncertain
AmbiStory,blind,pros_cons,AmbiStory-test-216,5,4,0.0998339463910729,0.24,not uncertain
AmbiStory,blind,pros_cons,AmbiStory-test-217,5,1,0.5473944904127204,0.6400000000000002,somewhat uncertain
AmbiStory,blind,pros_cons,AmbiStory-test-218,1,3,0.4085981445739122,0.96,somewhat uncertain
AmbiStory,blind,pros_cons,AmbiStory-test-219,1,3,2.9217395316941683,3.3599999999999994,somewhat uncertain
AmbiStory,blind,pros_cons,AmbiStory-test-220,3,3,0.6455998954073928,1.805555555555556,not uncertain
AmbiStory,blind,pros_cons,AmbiStory-test-221,5,3,0.0,1.36,not uncertain
AmbiStory,blind,pros_cons,AmbiStory-test-222,5,5,0.0,0.24,not uncertain
AmbiStory,blind,pros_cons,AmbiStory-test-223,3,3,0.2955599386167448,2.64,somewhat uncertain
AmbiStory,blind,pros_cons,AmbiStory-test-224,2,3,0.249984056628876,1.36,somewhat uncertain
AmbiStory,blind,pros_cons,AmbiStory-test-225,5,4,0.0,0.6399999999999999,not uncertain
AmbiStory,blind,pros_cons,AmbiStory-test-226,3,3,0.2629287448073765,1.2,highly uncertain
AmbiStory,blind,pros_cons,AmbiStory-test-227,5,3,0.0,0.5599999999999999,somewhat uncertain
AmbiStory,blind,pros_cons,AmbiStory-test-228,4,2,0.3808503976567268,1.4400000000000002,not uncertain
AmbiStory,blind,pros_cons,AmbiStory-test-229,4,3,0.2301715672279542,1.04,not uncertain
AmbiStory,blind,pros_cons,AmbiStory-test-230,4,2,0.0881372258561664,0.24,not uncertain
AmbiStory,blind,pros_cons,AmbiStory-test-231,5,4,0.1698542922823948,1.0400000000000005,not uncertain
AmbiStory,blind,pros_cons,AmbiStory-test-232,1,2,1.0856074903246846,0.5599999999999999,not uncertain
AmbiStory,blind,pros_cons,AmbiStory-test-233,4,4,0.2362415047489764,1.36,highly uncertain
AmbiStory,blind,pros_cons,AmbiStory-test-234,5,5,0.0,0.0,not uncertain
AmbiStory,blind,pros_cons,AmbiStory-test-235,4,4,0.1821807140233595,1.36,not uncertain
AmbiStory,blind,pros_cons,AmbiStory-test-236,3,3,0.5717507193774416,1.8400000000000003,not uncertain
AmbiStory,blind,pros_cons,AmbiStory-test-237,5,4,0.0,0.24,highly uncertain
AmbiStory,blind,pros_cons,AmbiStory-test-238,5,4,0.0,0.96,not uncertain
AmbiStory,blind,pros_cons,AmbiStory-test-239,5,4,0.2378306793193874,0.24,not uncertain
AmbiStory,blind,pros_cons,AmbiStory-test-240,1,2,1.905121758013497,0.56,not uncertain
AmbiStory,blind,pros_cons,AmbiStory-test-241,5,5,0.0,0.1599999999999999,not uncertain
AmbiStory,blind,pros_cons,AmbiStory-test-242,1,1,0.2062576923830662,0.24,not uncertain
AmbiStory,blind,pros_cons,AmbiStory-test-243,5,5,0.0,0.1599999999999999,not uncertain
AmbiStory,blind,pros_cons,AmbiStory-test-244,1,2,0.1810074052266558,2.24,not uncertain
AmbiStory,blind,pros_cons,AmbiStory-test-245,5,4,0.0,0.6399999999999999,not uncertain
AmbiStory,blind,pros_cons,AmbiStory-test-246,5,5,0.0,0.1599999999999999,not uncertain
AmbiStory,blind,pros_cons,AmbiStory-test-247,1,1,0.0,0.64,not uncertain
AmbiStory,blind,pros_cons,AmbiStory-test-248,1,5,0.1038250064193011,0.1599999999999999,somewhat uncertain
AmbiStory,blind,pros_cons,AmbiStory-test-249,1,2,0.0,0.64,not uncertain
AmbiStory,blind,pros_cons,AmbiStory-test-250,5,5,0.0,0.24,highly uncertain
AmbiStory,blind,pros_cons,AmbiStory-test-251,1,1,0.0,0.16,not uncertain
AmbiStory,blind,pros_cons,AmbiStory-test-252,5,4,0.0,0.6399999999999999,somewhat uncertain
AmbiStory,blind,pros_cons,AmbiStory-test-253,3,3,0.5900592417399069,1.2,not uncertain
AmbiStory,blind,pros_cons,AmbiStory-test-254,5,4,0.0,0.6399999999999999,not uncertain
AmbiStory,blind,pros_cons,AmbiStory-test-255,1,2,0.2594508405469663,2.24,not uncertain
AmbiStory,blind,pros_cons,AmbiStory-test-256,5,4,0.0,0.5599999999999999,somewhat uncertain
AmbiStory,blind,pros_cons,AmbiStory-test-257,5,2,0.0690372815990402,1.36,not uncertain
AmbiStory,blind,pros_cons,AmbiStory-test-258,1,3,0.2477157448266269,1.44,not uncertain
AmbiStory,blind,pros_cons,AmbiStory-test-259,5,5,0.0,0.0,not uncertain
AmbiStory,blind,pros_cons,AmbiStory-test-260,2,2,0.2827427438267568,0.64,not uncertain
AmbiStory,blind,pros_cons,AmbiStory-test-261,5,5,0.0,0.0,not uncertain
AmbiStory,blind,pros_cons,AmbiStory-test-262,2,4,0.1893662880853241,1.44,not uncertain
AmbiStory,blind,pros_cons,AmbiStory-test-263,5,4,0.0,1.36,highly uncertain
AmbiStory,blind,pros_cons,AmbiStory-test-264,5,3,0.0,3.2,somewhat uncertain
AmbiStory,blind,pros_cons,AmbiStory-test-265,5,3,0.0,2.56,not uncertain
AmbiStory,blind,pros_cons,AmbiStory-test-266,5,1,0.0,0.16,not uncertain
AmbiStory,blind,pros_cons,AmbiStory-test-267,5,4,0.0,1.6,not uncertain
AmbiStory,blind,pros_cons,AmbiStory-test-268,5,3,0.0,2.56,somewhat uncertain
AmbiStory,blind,pros_cons,AmbiStory-test-269,5,4,0.0,3.04,not uncertain
AmbiStory,blind,pros_cons,AmbiStory-test-270,5,5,0.0,0.24,not uncertain
AmbiStory,blind,pros_cons,AmbiStory-test-271,5,2,0.4431886149394624,0.64,somewhat uncertain
AmbiStory,blind,pros_cons,AmbiStory-test-272,3,2,1.037010641425539,0.8,not uncertain
AmbiStory,blind,pros_cons,AmbiStory-test-273,5,4,0.0,2.4,somewhat uncertain
AmbiStory,blind,pros_cons,AmbiStory-test-274,5,4,0.0,1.36,highly uncertain
AmbiStory,blind,pros_cons,AmbiStory-test-275,5,3,0.0398558102968922,1.36,highly uncertain
AmbiStory,blind,pros_cons,AmbiStory-test-276,1,2,0.0,0.64,not uncertain
AmbiStory,blind,pros_cons,AmbiStory-test-277,5,5,0.0,0.6399999999999999,not uncertain
AmbiStory,blind,pros_cons,AmbiStory-test-278,1,2,0.0,0.64,not uncertain
AmbiStory,blind,pros_cons,AmbiStory-test-279,5,5,0.0,0.0,highly uncertain
AmbiStory,blind,pros_cons,AmbiStory-test-280,1,2,0.0,0.5599999999999999,not uncertain
AmbiStory,blind,pros_cons,AmbiStory-test-281,5,4,0.0,0.64,not uncertain
AmbiStory,blind,pros_cons,AmbiStory-test-282,5,3,0.0,1.04,highly uncertain
AmbiStory,blind,pros_cons,AmbiStory-test-283,5,4,0.0,2.56,not uncertain
AmbiStory,blind,pros_cons,AmbiStory-test-284,5,4,0.0,0.5599999999999999,highly uncertain
AmbiStory,blind,pros_cons,AmbiStory-test-285,5,4,0.0,2.4,highly uncertain
AmbiStory,blind,pros_cons,AmbiStory-test-286,5,3,0.0,0.64,not uncertain
AmbiStory,blind,pros_cons,AmbiStory-test-287,5,4,0.0,0.64,highly uncertain
AmbiStory,blind,pros_cons,AmbiStory-test-288,5,4,0.0217039836091683,0.96,not uncertain
AmbiStory,blind,pros_cons,AmbiStory-test-289,5,4,0.2136275533712405,0.5599999999999999,highly uncertain
AmbiStory,blind,pros_cons,AmbiStory-test-290,5,3,0.4997777075240993,2.8,not uncertain
AmbiStory,blind,pros_cons,AmbiStory-test-291,5,4,0.0681642073634707,0.8,not uncertain
AmbiStory,blind,pros_cons,AmbiStory-test-292,5,4,0.0222912796267326,0.6399999999999999,not uncertain
AmbiStory,blind,pros_cons,AmbiStory-test-293,5,4,0.1369196138306208,2.16,not uncertain
AmbiStory,blind,pros_cons,AmbiStory-test-294,1,3,0.0629342526295136,1.7600000000000002,not uncertain
AmbiStory,blind,pros_cons,AmbiStory-test-295,5,2,0.0517677893798322,0.64,not uncertain
AmbiStory,blind,pros_cons,AmbiStory-test-296,2,3,0.2499996972251819,1.2,not uncertain
AmbiStory,blind,pros_cons,AmbiStory-test-297,5,5,0.0,0.24,not uncertain
AmbiStory,blind,pros_cons,AmbiStory-test-298,1,2,0.0383637277372542,0.56,highly uncertain
AmbiStory,blind,pros_cons,AmbiStory-test-299,5,4,0.0,1.8400000000000003,not uncertain
AmbiStory,blind,pros_cons,AmbiStory-test-300,1,2,1.174476610043349,1.36,somewhat uncertain
AmbiStory,blind,pros_cons,AmbiStory-test-301,1,1,0.2505562924120349,0.16,somewhat uncertain
AmbiStory,blind,pros_cons,AmbiStory-test-302,4,3,0.299201368235511,0.64,highly uncertain
AmbiStory,blind,pros_cons,AmbiStory-test-303,5,2,0.0,1.3600000000000003,not uncertain
AmbiStory,blind,pros_cons,AmbiStory-test-304,5,4,0.1765213307758983,1.4400000000000002,not uncertain
AmbiStory,blind,pros_cons,AmbiStory-test-305,2,2,0.659617586361064,0.56,somewhat uncertain
AmbiStory,blind,pros_cons,AmbiStory-test-306,4,5,0.2668413739218783,0.0,not uncertain
AmbiStory,blind,pros_cons,AmbiStory-test-307,4,1,0.0230742944474176,0.24,not uncertain
AmbiStory,blind,pros_cons,AmbiStory-test-308,4,4,0.0494838460680988,2.56,somewhat uncertain
AmbiStory,blind,pros_cons,AmbiStory-test-309,4,2,0.8446152910358975,0.9600000000000002,not uncertain
AmbiStory,blind,pros_cons,AmbiStory-test-310,4,4,0.1842740745758754,0.64,not uncertain
AmbiStory,blind,pros_cons,AmbiStory-test-311,4,3,0.0748643344245821,2.16,somewhat uncertain
AmbiStory,blind,pros_cons,AmbiStory-test-312,5,4,0.214490142670886,0.24,not uncertain
AmbiStory,blind,pros_cons,AmbiStory-test-313,5,3,0.6939698656907733,3.8400000000000007,not uncertain
AmbiStory,blind,pros_cons,AmbiStory-test-314,4,4,0.2499971767811925,1.36,not uncertain
AmbiStory,blind,pros_cons,AmbiStory-test-315,5,3,2.490094675736441,0.96,highly uncertain
AmbiStory,blind,pros_cons,AmbiStory-test-316,4,3,0.1380180636681204,1.8400000000000003,not uncertain
AmbiStory,blind,pros_cons,AmbiStory-test-317,1,4,0.0,1.8400000000000003,not uncertain
AmbiStory,blind,pros_cons,AmbiStory-test-318,5,5,0.0,0.1599999999999999,not uncertain
AmbiStory,blind,pros_cons,AmbiStory-test-319,1,1,0.0,0.16,not uncertain
AmbiStory,blind,pros_cons,AmbiStory-test-320,5,5,0.0,0.1599999999999999,highly uncertain
AmbiStory,blind,pros_cons,AmbiStory-test-321,1,1,0.0,0.0,not uncertain
AmbiStory,blind,pros_cons,AmbiStory-test-322,5,5,0.0,0.24,not uncertain
AmbiStory,blind,pros_cons,AmbiStory-test-323,1,1,0.0532674642955604,0.16,not uncertain
AmbiStory,blind,pros_cons,AmbiStory-test-324,5,5,0.0,0.0,not uncertain
AmbiStory,blind,pros_cons,AmbiStory-test-325,1,1,0.0,0.0,not uncertain
AmbiStory,blind,pros_cons,AmbiStory-test-326,5,5,0.0,0.1599999999999999,not uncertain
AmbiStory,blind,pros_cons,AmbiStory-test-327,1,2,0.2066990395404429,0.9600000000000002,somewhat uncertain
AmbiStory,blind,pros_cons,AmbiStory-test-328,5,5,0.0,0.0,highly uncertain
AmbiStory,blind,pros_cons,AmbiStory-test-329,1,2,0.0,2.1388888888888897,not uncertain
AmbiStory,blind,pros_cons,AmbiStory-test-330,4,4,1.1739280378297452,0.5599999999999999,not uncertain
AmbiStory,blind,pros_cons,AmbiStory-test-331,5,3,0.0,2.56,not uncertain
AmbiStory,blind,pros_cons,AmbiStory-test-332,1,1,0.0,0.0,not uncertain
AmbiStory,blind,pros_cons,AmbiStory-test-333,5,5,0.0,0.1599999999999999,not uncertain
AmbiStory,blind,pros_cons,AmbiStory-test-334,1,1,0.2326506836803286,0.16,somewhat uncertain
AmbiStory,blind,pros_cons,AmbiStory-test-335,5,4,0.0,1.2,highly uncertain
AmbiStory,blind,pros_cons,AmbiStory-test-336,5,5,0.0,0.1599999999999999,not uncertain
AmbiStory,blind,pros_cons,AmbiStory-test-337,1,1,0.0417555248965872,0.0,not uncertain
AmbiStory,blind,pros_cons,AmbiStory-test-338,4,2,0.3384884806380258,0.24,not uncertain
AmbiStory,blind,pros_cons,AmbiStory-test-339,5,4,0.0398112163447954,0.5599999999999999,not uncertain
AmbiStory,blind,pros_cons,AmbiStory-test-340,5,5,0.0,0.24,highly uncertain
AmbiStory,blind,pros_cons,AmbiStory-test-341,1,2,0.0518386832971469,0.5599999999999999,somewhat uncertain
AmbiStory,blind,pros_cons,AmbiStory-test-342,5,5,0.0,0.0,not uncertain
AmbiStory,blind,pros_cons,AmbiStory-test-343,1,1,0.07372428955323,0.0,not uncertain
AmbiStory,blind,pros_cons,AmbiStory-test-344,5,5,0.0,0.1599999999999999,not uncertain
AmbiStory,blind,pros_cons,AmbiStory-test-345,1,3,0.7037804782479286,0.64,not uncertain
AmbiStory,blind,pros_cons,AmbiStory-test-346,5,4,0.0,2.56,highly uncertain
AmbiStory,blind,pros_cons,AmbiStory-test-347,1,2,0.0,0.25,not uncertain
AmbiStory,blind,pros_cons,AmbiStory-test-348,5,4,0.0,2.560000000000001,highly uncertain
AmbiStory,blind,pros_cons,AmbiStory-test-349,2,2,0.0555182505860812,2.560000000000001,not uncertain
AmbiStory,blind,pros_cons,AmbiStory-test-350,1,2,0.2340298652137859,2.16,not uncertain
AmbiStory,blind,pros_cons,AmbiStory-test-351,4,2,0.0579304169186991,1.04,somewhat uncertain
AmbiStory,blind,pros_cons,AmbiStory-test-352,1,2,0.2323535902813358,0.56,not uncertain
AmbiStory,blind,pros_cons,AmbiStory-test-353,1,1,0.2547914285627227,0.16,somewhat uncertain
AmbiStory,blind,pros_cons,AmbiStory-test-354,5,5,0.0,0.0,not uncertain
AmbiStory,blind,pros_cons,AmbiStory-test-355,1,1,0.0,0.0,not uncertain
AmbiStory,blind,pros_cons,AmbiStory-test-356,5,5,0.0,0.0,not uncertain
AmbiStory,blind,pros_cons,AmbiStory-test-357,1,1,0.0198947517820127,0.0,not uncertain
AmbiStory,blind,pros_cons,AmbiStory-test-358,5,5,0.0,0.0,highly uncertain
AmbiStory,blind,pros_cons,AmbiStory-test-359,1,2,0.0,0.56,not uncertain
AmbiStory,blind,pros_cons,AmbiStory-test-360,5,5,0.0,0.1599999999999999,not uncertain
AmbiStory,blind,pros_cons,AmbiStory-test-361,1,1,0.0,0.24,not uncertain
AmbiStory,blind,pros_cons,AmbiStory-test-362,5,4,0.0,2.56,not uncertain
AmbiStory,blind,pros_cons,AmbiStory-test-363,1,1,0.026518532239244,0.0,somewhat uncertain
AmbiStory,blind,pros_cons,AmbiStory-test-364,5,2,0.0,0.96,not uncertain
AmbiStory,blind,pros_cons,AmbiStory-test-365,1,3,0.1528852020121663,1.6,not uncertain
AmbiStory,blind,pros_cons,AmbiStory-test-366,5,3,0.0366566927385058,1.4400000000000002,not uncertain
AmbiStory,blind,pros_cons,AmbiStory-test-367,4,2,0.3719650356705193,0.16,somewhat uncertain
AmbiStory,blind,pros_cons,AmbiStory-test-368,5,2,1.598863132637978,0.5599999999999999,somewhat uncertain
AmbiStory,blind,pros_cons,AmbiStory-test-369,5,4,0.0,2.24,not uncertain
AmbiStory,blind,pros_cons,AmbiStory-test-370,1,2,0.3628289763271651,0.56,not uncertain
AmbiStory,blind,pros_cons,AmbiStory-test-371,4,2,1.1481375206395934,2.24,somewhat uncertain
AmbiStory,blind,pros_cons,AmbiStory-test-372,5,4,0.0,0.64,highly uncertain
AmbiStory,blind,pros_cons,AmbiStory-test-373,1,2,0.0521284827410804,0.56,not uncertain
AmbiStory,blind,pros_cons,AmbiStory-test-374,5,5,0.0,0.24,highly uncertain
AmbiStory,blind,pros_cons,AmbiStory-test-375,1,1,0.0,0.0,somewhat uncertain
AmbiStory,blind,pros_cons,AmbiStory-test-376,5,5,0.020456811021304,0.24,somewhat uncertain
AmbiStory,blind,pros_cons,AmbiStory-test-377,2,2,0.2931883795116058,0.56,not uncertain
AmbiStory,blind,pros_cons,AmbiStory-test-378,5,4,0.0,2.56,not uncertain
AmbiStory,blind,pros_cons,AmbiStory-test-379,1,1,0.0515923710711541,0.64,not uncertain
AmbiStory,blind,pros_cons,AmbiStory-test-380,5,1,0.4711444817039071,0.0,not uncertain
AmbiStory,blind,pros_cons,AmbiStory-test-381,5,5,0.0,0.24,not uncertain
AmbiStory,blind,pros_cons,AmbiStory-test-382,5,3,0.0,2.56,not uncertain
AmbiStory,blind,pros_cons,AmbiStory-test-383,5,4,0.0,0.24,not uncertain
AmbiStory,blind,pros_cons,AmbiStory-test-384,5,5,0.0,0.0,not uncertain
AmbiStory,blind,pros_cons,AmbiStory-test-385,1,1,0.0,0.16,not uncertain
AmbiStory,blind,pros_cons,AmbiStory-test-386,5,3,0.0,2.16,not uncertain
AmbiStory,blind,pros_cons,AmbiStory-test-387,1,2,0.2410174541509095,1.36,not uncertain
AmbiStory,blind,pros_cons,AmbiStory-test-388,5,4,0.0,0.96,not uncertain
AmbiStory,blind,pros_cons,AmbiStory-test-389,1,2,0.0,1.6,not uncertain
AmbiStory,blind,pros_cons,AmbiStory-test-390,5,5,0.0,0.1599999999999999,not uncertain
AmbiStory,blind,pros_cons,AmbiStory-test-391,1,1,0.0,0.16,not uncertain
AmbiStory,blind,pros_cons,AmbiStory-test-392,5,4,0.989919167802437,0.64,not uncertain
AmbiStory,blind,pros_cons,AmbiStory-test-393,5,3,0.0,1.36,somewhat uncertain
AmbiStory,blind,pros_cons,AmbiStory-test-394,5,4,0.0,2.24,not uncertain
AmbiStory,blind,pros_cons,AmbiStory-test-395,1,2,0.0,0.8,not uncertain
AmbiStory,blind,pros_cons,AmbiStory-test-396,5,5,0.0,0.0,not uncertain
AmbiStory,blind,pros_cons,AmbiStory-test-397,1,1,0.0,0.24,not uncertain
AmbiStory,blind,pros_cons,AmbiStory-test-398,5,4,0.0,0.5599999999999999,not uncertain
AmbiStory,blind,pros_cons,AmbiStory-test-399,5,3,0.0,0.1599999999999999,not uncertain
AmbiStory,blind,pros_cons,AmbiStory-test-400,5,5,0.0,0.1599999999999999,not uncertain
AmbiStory,blind,pros_cons,AmbiStory-test-401,5,1,0.2060892630787787,0.24,not uncertain
AmbiStory,blind,pros_cons,AmbiStory-test-402,5,4,1.0375333299679916,0.5599999999999999,not uncertain
AmbiStory,blind,pros_cons,AmbiStory-test-403,5,2,0.0,0.4,not uncertain
AmbiStory,blind,pros_cons,AmbiStory-test-404,4,4,0.9856907476245982,0.5599999999999999,not uncertain
AmbiStory,blind,pros_cons,AmbiStory-test-405,5,2,0.0,0.4,not uncertain
AmbiStory,blind,pros_cons,AmbiStory-test-406,4,4,2.641508013720084,0.24,not uncertain
AmbiStory,blind,pros_cons,AmbiStory-test-407,5,2,0.0,1.36,not uncertain
AmbiStory,blind,pros_cons,AmbiStory-test-408,5,4,0.0,1.44,not uncertain
AmbiStory,blind,pros_cons,AmbiStory-test-409,1,1,0.0370779402884137,0.0,not uncertain
AmbiStory,blind,pros_cons,AmbiStory-test-410,5,4,0.0,1.36,not uncertain
AmbiStory,blind,pros_cons,AmbiStory-test-411,5,2,0.0,1.04,somewhat uncertain
AmbiStory,blind,pros_cons,AmbiStory-test-412,5,4,0.0,0.96,not uncertain
AmbiStory,blind,pros_cons,AmbiStory-test-413,1,1,0.0,0.64,not uncertain
AmbiStory,blind,pros_cons,AmbiStory-test-414,5,5,0.0,0.0,not uncertain
AmbiStory,blind,pros_cons,AmbiStory-test-415,1,1,0.0,0.24,not uncertain
AmbiStory,blind,pros_cons,AmbiStory-test-416,5,5,0.0181337794675261,0.1599999999999999,not uncertain
AmbiStory,blind,pros_cons,AmbiStory-test-417,1,2,1.2186208722471563,0.64,not uncertain
AmbiStory,blind,pros_cons,AmbiStory-test-418,5,5,0.0,0.1599999999999999,highly uncertain
AmbiStory,blind,pros_cons,AmbiStory-test-419,1,2,0.0960972276465765,2.24,not uncertain
AmbiStory,blind,pros_cons,AmbiStory-test-420,5,3,1.135123223653713,2.2222222222222228,somewhat uncertain
AmbiStory,blind,pros_cons,AmbiStory-test-421,1,3,0.0,1.4400000000000002,somewhat uncertain
AmbiStory,blind,pros_cons,AmbiStory-test-422,5,3,0.0,2.24,somewhat uncertain
AmbiStory,blind,pros_cons,AmbiStory-test-423,1,3,0.0,2.0,somewhat uncertain
AmbiStory,blind,pros_cons,AmbiStory-test-424,5,3,0.0,0.4,not uncertain
AmbiStory,blind,pros_cons,AmbiStory-test-425,1,3,0.0,1.04,not uncertain
AmbiStory,blind,pros_cons,AmbiStory-test-426,5,3,0.0279234936738634,0.64,not uncertain
AmbiStory,blind,pros_cons,AmbiStory-test-427,5,3,0.3754383174711668,1.36,not uncertain
AmbiStory,blind,pros_cons,AmbiStory-test-428,5,4,0.0183159967061541,0.6399999999999999,somewhat uncertain
AmbiStory,blind,pros_cons,AmbiStory-test-429,5,2,0.3197570077847361,0.4,somewhat uncertain
AmbiStory,blind,pros_cons,AmbiStory-test-430,5,4,0.0,1.6,not uncertain
AmbiStory,blind,pros_cons,AmbiStory-test-431,5,2,0.3987014668401878,0.16,highly uncertain
AmbiStory,blind,pros_cons,AmbiStory-test-432,5,4,0.0503772088633059,1.44,highly uncertain
AmbiStory,blind,pros_cons,AmbiStory-test-433,1,1,0.0276505981376687,0.24,somewhat uncertain
AmbiStory,blind,pros_cons,AmbiStory-test-434,5,5,0.0,0.24,not uncertain
AmbiStory,blind,pros_cons,AmbiStory-test-435,1,1,0.0,0.64,not uncertain
AmbiStory,blind,pros_cons,AmbiStory-test-436,5,4,0.0,1.36,somewhat uncertain
AmbiStory,blind,pros_cons,AmbiStory-test-437,1,1,0.0,0.0,somewhat uncertain
AmbiStory,blind,pros_cons,AmbiStory-test-438,5,5,0.0,0.1599999999999999,not uncertain
AmbiStory,blind,pros_cons,AmbiStory-test-439,1,2,2.8520047408710534,2.24,not uncertain
AmbiStory,blind,pros_cons,AmbiStory-test-440,4,3,0.8590933583337123,1.36,not uncertain
AmbiStory,blind,pros_cons,AmbiStory-test-441,5,3,2.4971534528204886,1.84,highly uncertain
AmbiStory,blind,pros_cons,AmbiStory-test-442,4,4,0.4578239194135119,0.5599999999999999,not uncertain
AmbiStory,blind,pros_cons,AmbiStory-test-443,1,3,2.342857363802388,2.64,highly uncertain
AmbiStory,blind,pros_cons,AmbiStory-test-444,5,4,0.0,1.36,not uncertain
AmbiStory,blind,pros_cons,AmbiStory-test-445,5,2,3.075386275054333,1.36,highly uncertain
AmbiStory,blind,pros_cons,AmbiStory-test-446,5,3,0.7299500775247941,1.36,somewhat uncertain
AmbiStory,blind,pros_cons,AmbiStory-test-447,5,4,1.269390962434472,1.36,not uncertain
AmbiStory,blind,pros_cons,AmbiStory-test-448,5,4,1.1062335716960687,0.24,somewhat uncertain
AmbiStory,blind,pros_cons,AmbiStory-test-449,5,2,2.849329823439735,0.8,highly uncertain
AmbiStory,blind,pros_cons,AmbiStory-test-450,5,4,0.2450851364541924,0.5599999999999999,highly uncertain
AmbiStory,blind,pros_cons,AmbiStory-test-451,1,2,0.0,0.9600000000000002,not uncertain
AmbiStory,blind,pros_cons,AmbiStory-test-452,5,2,0.1958437632547163,0.24,not uncertain
AmbiStory,blind,pros_cons,AmbiStory-test-453,5,5,0.0,0.1599999999999999,not uncertain
AmbiStory,blind,pros_cons,AmbiStory-test-454,5,3,0.2001867271065325,2.24,not uncertain
AmbiStory,blind,pros_cons,AmbiStory-test-455,1,3,0.0448409918630917,0.64,somewhat uncertain
AmbiStory,blind,pros_cons,AmbiStory-test-456,4,4,0.2874108545564163,1.36,not uncertain
AmbiStory,blind,pros_cons,AmbiStory-test-457,1,3,0.0,1.04,not uncertain
AmbiStory,blind,pros_cons,AmbiStory-test-458,5,3,3.0880988636240927,1.36,somewhat uncertain
AmbiStory,blind,pros_cons,AmbiStory-test-459,5,4,1.811015437798748,0.4,not uncertain
AmbiStory,blind,pros_cons,AmbiStory-test-460,3,3,1.0540496433437192,1.7600000000000002,not uncertain
AmbiStory,blind,pros_cons,AmbiStory-test-461,1,3,0.1015766701484983,1.5555555555555556,somewhat uncertain
AmbiStory,blind,pros_cons,AmbiStory-test-462,5,2,0.135731201191116,3.04,highly uncertain
AmbiStory,blind,pros_cons,AmbiStory-test-463,5,5,0.0,0.0,highly uncertain
AmbiStory,blind,pros_cons,AmbiStory-test-464,4,2,1.3752290602003114,0.8,highly uncertain
AmbiStory,blind,pros_cons,AmbiStory-test-465,5,5,0.0,0.6399999999999999,not uncertain
AmbiStory,blind,pros_cons,AmbiStory-test-466,4,3,0.2812799701841613,0.8,highly uncertain
AmbiStory,blind,pros_cons,AmbiStory-test-467,5,3,0.1736290575550191,1.84,somewhat uncertain
AmbiStory,blind,pros_cons,AmbiStory-test-468,5,5,0.0,0.1599999999999999,highly uncertain
AmbiStory,blind,pros_cons,AmbiStory-test-469,5,5,0.0,0.1599999999999999,not uncertain
AmbiStory,blind,pros_cons,AmbiStory-test-470,5,5,0.0,0.6399999999999999,not uncertain
AmbiStory,blind,pros_cons,AmbiStory-test-471,5,4,0.0,1.36,not uncertain
AmbiStory,blind,pros_cons,AmbiStory-test-472,5,4,0.0,1.0400000000000005,not uncertain
AmbiStory,blind,pros_cons,AmbiStory-test-473,5,4,0.0,1.44,highly uncertain
AmbiStory,blind,pros_cons,AmbiStory-test-474,5,5,0.0,0.0,not uncertain
AmbiStory,blind,pros_cons,AmbiStory-test-475,4,3,0.7556463708619279,2.64,somewhat uncertain
AmbiStory,blind,pros_cons,AmbiStory-test-476,5,4,0.0,0.64,not uncertain
AmbiStory,blind,pros_cons,AmbiStory-test-477,4,3,0.1088474299420343,2.16,somewhat uncertain
AmbiStory,blind,pros_cons,AmbiStory-test-478,5,4,0.0,0.5599999999999999,highly uncertain
AmbiStory,blind,pros_cons,AmbiStory-test-479,4,3,0.5706539701331208,2.0,not uncertain
AmbiStory,blind,pros_cons,AmbiStory-test-480,5,5,0.1119118773166679,0.0,not uncertain
AmbiStory,blind,pros_cons,AmbiStory-test-481,1,2,0.0,0.64,not uncertain
AmbiStory,blind,pros_cons,AmbiStory-test-482,3,2,0.5083773386853035,2.1600000000000006,not uncertain
AmbiStory,blind,pros_cons,AmbiStory-test-483,5,4,0.0,0.5599999999999999,not uncertain
AmbiStory,blind,pros_cons,AmbiStory-test-484,4,4,0.2623806221160973,1.36,somewhat uncertain
AmbiStory,blind,pros_cons,AmbiStory-test-485,2,3,0.7175086606268548,1.84,not uncertain
AmbiStory,blind,pros_cons,AmbiStory-test-486,1,2,0.0436935158910359,0.64,not uncertain
AmbiStory,blind,pros_cons,AmbiStory-test-487,5,4,0.0,0.8,not uncertain
AmbiStory,blind,pros_cons,AmbiStory-test-488,1,1,0.2895990937222425,0.0,not uncertain
AmbiStory,blind,pros_cons,AmbiStory-test-489,5,5,0.0,0.0,not uncertain
AmbiStory,blind,pros_cons,AmbiStory-test-490,1,1,0.1284926941081436,0.24,not uncertain
AmbiStory,blind,pros_cons,AmbiStory-test-491,5,5,0.0,0.1599999999999999,highly uncertain
AmbiStory,blind,pros_cons,AmbiStory-test-492,5,5,0.0,0.0,not uncertain
AmbiStory,blind,pros_cons,AmbiStory-test-493,1,3,0.9267396770573952,2.64,not uncertain
AmbiStory,blind,pros_cons,AmbiStory-test-494,5,4,0.0,2.56,not uncertain
AmbiStory,blind,pros_cons,AmbiStory-test-495,1,3,2.0369456397644408,1.7600000000000002,not uncertain
AmbiStory,blind,pros_cons,AmbiStory-test-496,5,4,0.0,1.36,not uncertain
AmbiStory,blind,pros_cons,AmbiStory-test-497,1,2,0.1980814173169271,0.56,not uncertain
AmbiStory,blind,pros_cons,AmbiStory-test-498,1,4,0.0920888839168253,0.5599999999999999,somewhat uncertain
AmbiStory,blind,pros_cons,AmbiStory-test-499,5,2,0.0,1.2,somewhat uncertain
AmbiStory,blind,pros_cons,AmbiStory-test-500,1,1,0.0,0.24,not uncertain
AmbiStory,blind,pros_cons,AmbiStory-test-501,5,4,0.0,0.96,highly uncertain
AmbiStory,blind,pros_cons,AmbiStory-test-502,1,3,0.0,1.0400000000000005,not uncertain
AmbiStory,blind,pros_cons,AmbiStory-test-503,5,3,0.0,1.8400000000000003,not uncertain
AmbiStory,blind,pros_cons,AmbiStory-test-504,5,5,0.0,0.6399999999999999,highly uncertain
AmbiStory,blind,pros_cons,AmbiStory-test-505,1,1,0.0,0.0,not uncertain
AmbiStory,blind,pros_cons,AmbiStory-test-506,3,3,0.5543492725704033,1.0400000000000005,not uncertain
AmbiStory,blind,pros_cons,AmbiStory-test-507,5,3,0.0,1.6,highly uncertain
AmbiStory,blind,pros_cons,AmbiStory-test-508,5,3,0.0,1.36,highly uncertain
AmbiStory,blind,pros_cons,AmbiStory-test-509,5,2,0.0,2.2222222222222223,not uncertain
AmbiStory,blind,pros_cons,AmbiStory-test-510,5,3,0.2193579151108571,1.36,not uncertain
AmbiStory,blind,pros_cons,AmbiStory-test-511,5,2,0.2107373937842,0.96,not uncertain
AmbiStory,blind,pros_cons,AmbiStory-test-512,1,2,0.8491303878846194,1.8400000000000003,not uncertain
AmbiStory,blind,pros_cons,AmbiStory-test-513,5,4,0.0,0.6399999999999999,not uncertain
AmbiStory,blind,pros_cons,AmbiStory-test-514,4,3,0.7831133533125605,0.64,highly uncertain
AmbiStory,blind,pros_cons,AmbiStory-test-515,5,4,0.0,0.5599999999999999,not uncertain
AmbiStory,blind,pros_cons,AmbiStory-test-516,5,4,0.0,1.44,highly uncertain
AmbiStory,blind,pros_cons,AmbiStory-test-517,1,2,0.9603329030344668,1.36,not uncertain
AmbiStory,blind,pros_cons,AmbiStory-test-518,1,2,0.0,2.4,not uncertain
AmbiStory,blind,pros_cons,AmbiStory-test-519,5,5,0.0,0.0,not uncertain
AmbiStory,blind,pros_cons,AmbiStory-test-520,1,2,0.0,0.56,not uncertain
AmbiStory,blind,pros_cons,AmbiStory-test-521,1,3,0.9747190399495336,1.84,somewhat uncertain
AmbiStory,blind,pros_cons,AmbiStory-test-522,2,2,1.3647080765356612,1.36,not uncertain
AmbiStory,blind,pros_cons,AmbiStory-test-523,5,5,0.0,0.24,highly uncertain
AmbiStory,blind,pros_cons,AmbiStory-test-524,1,2,0.0,1.4400000000000002,not uncertain
AmbiStory,blind,pros_cons,AmbiStory-test-525,5,5,0.0,0.1599999999999999,not uncertain
AmbiStory,blind,pros_cons,AmbiStory-test-526,2,1,0.2306660760022544,0.16,not uncertain
AmbiStory,blind,pros_cons,AmbiStory-test-527,5,4,0.0,0.64,not uncertain
AmbiStory,blind,pros_cons,AmbiStory-test-528,4,3,0.2264880387402977,0.8,highly uncertain
AmbiStory,blind,pros_cons,AmbiStory-test-529,5,4,0.1980564469190529,0.1599999999999999,not uncertain
AmbiStory,blind,pros_cons,AmbiStory-test-530,1,1,0.1202969487134836,0.24,not uncertain
AmbiStory,blind,pros_cons,AmbiStory-test-531,5,5,0.0,0.24,not uncertain
AmbiStory,blind,pros_cons,AmbiStory-test-532,4,3,0.0954607791299606,0.24,not uncertain
AmbiStory,blind,pros_cons,AmbiStory-test-533,5,3,0.0,0.0,not uncertain
AmbiStory,blind,pros_cons,AmbiStory-test-534,5,5,0.0478435607182895,0.1599999999999999,not uncertain
AmbiStory,blind,pros_cons,AmbiStory-test-535,5,5,0.0,0.1599999999999999,not uncertain
AmbiStory,blind,pros_cons,AmbiStory-test-536,4,5,0.2726371675617801,0.24,not uncertain
AmbiStory,blind,pros_cons,AmbiStory-test-537,5,5,0.0,0.0,not uncertain
AmbiStory,blind,pros_cons,AmbiStory-test-538,5,5,0.0,0.0,not uncertain
AmbiStory,blind,pros_cons,AmbiStory-test-539,5,5,0.0,0.0,highly uncertain
AmbiStory,blind,pros_cons,AmbiStory-test-540,1,3,1.7494260314103272,1.7600000000000002,somewhat uncertain
AmbiStory,blind,pros_cons,AmbiStory-test-541,5,4,0.0,2.16,highly uncertain
AmbiStory,blind,pros_cons,AmbiStory-test-542,1,3,0.0684413791511432,1.84,not uncertain
AmbiStory,blind,pros_cons,AmbiStory-test-543,5,5,0.0,0.0,not uncertain
AmbiStory,blind,pros_cons,AmbiStory-test-544,1,4,0.1399953032085378,1.44,not uncertain
AmbiStory,blind,pros_cons,AmbiStory-test-545,5,5,0.0,0.0,not uncertain
AmbiStory,blind,pros_cons,AmbiStory-test-546,4,3,1.2424079719851158,1.36,not uncertain
AmbiStory,blind,pros_cons,AmbiStory-test-547,4,3,1.7929232873146042,0.96,not uncertain
AmbiStory,blind,pros_cons,AmbiStory-test-548,1,2,0.0,0.64,not uncertain
AmbiStory,blind,pros_cons,AmbiStory-test-549,5,4,0.0,0.8,not uncertain
AmbiStory,blind,pros_cons,AmbiStory-test-550,1,2,0.0,0.56,not uncertain
AmbiStory,blind,pros_cons,AmbiStory-test-551,5,4,0.0,0.5599999999999999,not uncertain
AmbiStory,blind,pros_cons,AmbiStory-test-552,1,1,0.0,0.0,not uncertain
AmbiStory,blind,pros_cons,AmbiStory-test-553,5,3,0.0717223659859335,1.04,somewhat uncertain
AmbiStory,blind,pros_cons,AmbiStory-test-554,1,2,0.0,1.8400000000000003,not uncertain
AmbiStory,blind,pros_cons,AmbiStory-test-555,5,3,0.0,0.96,not uncertain
AmbiStory,blind,pros_cons,AmbiStory-test-556,1,1,0.0,0.24,not uncertain
AmbiStory,blind,pros_cons,AmbiStory-test-557,5,4,0.0,2.24,not uncertain
AmbiStory,blind,pros_cons,AmbiStory-test-558,5,5,0.0,0.0,not uncertain
AmbiStory,blind,pros_cons,AmbiStory-test-559,2,2,0.497158852819123,2.4,somewhat uncertain
AmbiStory,blind,pros_cons,AmbiStory-test-560,1,1,0.0,0.16,not uncertain
AmbiStory,blind,pros_cons,AmbiStory-test-561,5,4,0.0,0.64,not uncertain
AmbiStory,blind,pros_cons,AmbiStory-test-562,1,2,0.3611954859151433,0.5599999999999999,not uncertain
AmbiStory,blind,pros_cons,AmbiStory-test-563,5,4,0.0,0.24,somewhat uncertain
AmbiStory,blind,pros_cons,AmbiStory-test-564,5,4,0.0,1.0400000000000005,not uncertain
AmbiStory,blind,pros_cons,AmbiStory-test-565,5,4,0.9387263855713364,0.5599999999999999,not uncertain
AmbiStory,blind,pros_cons,AmbiStory-test-566,5,3,0.0,0.5599999999999999,highly uncertain
AmbiStory,blind,pros_cons,AmbiStory-test-567,5,4,0.1615996378742455,2.16,somewhat uncertain
AmbiStory,blind,pros_cons,AmbiStory-test-568,4,3,0.1819243613983992,1.04,not uncertain
AmbiStory,blind,pros_cons,AmbiStory-test-569,5,4,0.0,0.96,not uncertain
AmbiStory,blind,pros_cons,AmbiStory-test-570,5,5,0.08694273303909,0.24,not uncertain
AmbiStory,blind,pros_cons,AmbiStory-test-571,1,1,0.7395764018420691,0.16,not uncertain
AmbiStory,blind,pros_cons,AmbiStory-test-572,4,3,0.8335869291044397,0.64,not uncertain
AmbiStory,blind,pros_cons,AmbiStory-test-573,5,4,0.2269809144506409,3.04,somewhat uncertain
AmbiStory,blind,pros_cons,AmbiStory-test-574,5,4,0.0,2.16,not uncertain
AmbiStory,blind,pros_cons,AmbiStory-test-575,4,2,0.6840104782199002,0.5555555555555555,somewhat uncertain
AmbiStory,blind,pros_cons,AmbiStory-test-576,5,5,0.0314931582960687,0.1599999999999999,not uncertain
AmbiStory,blind,pros_cons,AmbiStory-test-577,5,4,0.4227755358235308,1.2,somewhat uncertain
AmbiStory,blind,pros_cons,AmbiStory-test-578,1,1,0.0,0.24,highly uncertain
AmbiStory,blind,pros_cons,AmbiStory-test-579,5,5,0.0,0.0,not uncertain
AmbiStory,blind,pros_cons,AmbiStory-test-580,5,1,1.437887663596113,0.24,not uncertain
AmbiStory,blind,pros_cons,AmbiStory-test-581,5,5,0.0,0.1599999999999999,not uncertain
AmbiStory,blind,pros_cons,AmbiStory-test-582,5,3,0.0,0.4,not uncertain
AmbiStory,blind,pros_cons,AmbiStory-test-583,1,2,0.2687941833788239,1.4400000000000002,not uncertain
AmbiStory,blind,pros_cons,AmbiStory-test-584,4,2,0.2395173399934928,0.8,not uncertain
AmbiStory,blind,pros_cons,AmbiStory-test-585,5,3,0.227780362207278,0.96,not uncertain
AmbiStory,blind,pros_cons,AmbiStory-test-586,5,3,0.0,1.2,not uncertain
AmbiStory,blind,pros_cons,AmbiStory-test-587,2,2,0.1833860830874542,0.64,not uncertain
AmbiStory,blind,pros_cons,AmbiStory-test-588,1,2,1.0949257219548292,0.5599999999999999,highly uncertain
AmbiStory,blind,pros_cons,AmbiStory-test-589,5,4,0.0798690009247395,1.36,not uncertain
AmbiStory,blind,pros_cons,AmbiStory-test-590,1,4,0.1505037998485073,1.84,not uncertain
AmbiStory,blind,pros_cons,AmbiStory-test-591,5,5,0.0,0.24,not uncertain
AmbiStory,blind,pros_cons,AmbiStory-test-592,4,3,2.5535957215501908,2.56,not uncertain
AmbiStory,blind,pros_cons,AmbiStory-test-593,5,5,0.0,0.1599999999999999,not uncertain
AmbiStory,blind,pros_cons,AmbiStory-test-594,1,2,0.1224854082886808,0.64,not uncertain
AmbiStory,blind,pros_cons,AmbiStory-test-595,4,4,0.1810309866726825,2.4,highly uncertain
AmbiStory,blind,pros_cons,AmbiStory-test-596,1,1,0.1604746390842577,0.24,not uncertain
AmbiStory,blind,pros_cons,AmbiStory-test-597,5,3,0.1446893353979128,2.0,highly uncertain
AmbiStory,blind,pros_cons,AmbiStory-test-598,1,2,0.0207535437936703,0.24,not uncertain
AmbiStory,blind,pros_cons,AmbiStory-test-599,4,5,0.0946042674128925,0.6399999999999999,highly uncertain
AmbiStory,blind,pros_cons,AmbiStory-test-600,5,5,0.0,0.1599999999999999,not uncertain
AmbiStory,blind,pros_cons,AmbiStory-test-601,1,2,0.0,0.56,not uncertain
AmbiStory,blind,pros_cons,AmbiStory-test-602,5,5,0.6392992441913204,0.0,not uncertain
AmbiStory,blind,pros_cons,AmbiStory-test-603,1,3,0.3456594475049026,2.2222222222222223,not uncertain
AmbiStory,blind,pros_cons,AmbiStory-test-604,5,4,0.0,0.24,not uncertain
AmbiStory,blind,pros_cons,AmbiStory-test-605,1,2,0.0,0.24,not uncertain
AmbiStory,blind,pros_cons,AmbiStory-test-606,1,3,1.737022629258816,2.56,not uncertain
AmbiStory,blind,pros_cons,AmbiStory-test-607,5,3,0.0,1.8400000000000003,not uncertain
AmbiStory,blind,pros_cons,AmbiStory-test-608,1,1,0.0,0.0,not uncertain
AmbiStory,blind,pros_cons,AmbiStory-test-609,5,5,0.0,0.1599999999999999,not uncertain
AmbiStory,blind,pros_cons,AmbiStory-test-610,1,1,0.0,0.24,not uncertain
AmbiStory,blind,pros_cons,AmbiStory-test-611,5,4,0.0,1.36,highly uncertain
AmbiStory,blind,pros_cons,AmbiStory-test-612,5,5,0.0430659263869219,0.0,somewhat uncertain
AmbiStory,blind,pros_cons,AmbiStory-test-613,4,2,0.1414162663804008,2.16,somewhat uncertain
AmbiStory,blind,pros_cons,AmbiStory-test-614,1,1,0.0,0.0,
AmbiStory,blind,pros_cons,AmbiStory-test-615,5,5,0.0,0.24,highly uncertain
AmbiStory,blind,pros_cons,AmbiStory-test-616,1,2,0.0,0.64,not uncertain
AmbiStory,blind,pros_cons,AmbiStory-test-617,5,5,0.0,0.24,not uncertain
AmbiStory,blind,pros_cons,AmbiStory-test-618,5,4,0.6287620480428229,2.24,not uncertain
AmbiStory,blind,pros_cons,AmbiStory-test-619,5,3,0.0263998132441976,3.3599999999999994,somewhat uncertain
AmbiStory,blind,pros_cons,AmbiStory-test-620,1,2,0.0,0.24,not uncertain
AmbiStory,blind,pros_cons,AmbiStory-test-621,5,5,0.0,0.24,not uncertain
AmbiStory,blind,pros_cons,AmbiStory-test-622,1,2,0.0,1.04,not uncertain
AmbiStory,blind,pros_cons,AmbiStory-test-623,5,5,0.0,0.0,highly uncertain
AmbiStory,blind,pros_cons,AmbiStory-test-624,1,1,0.7397608114653258,0.64,not uncertain
AmbiStory,blind,pros_cons,AmbiStory-test-625,5,3,0.0840758615502877,2.56,highly uncertain
AmbiStory,blind,pros_cons,AmbiStory-test-626,1,2,0.0,2.24,not uncertain
AmbiStory,blind,pros_cons,AmbiStory-test-627,5,4,0.0,0.24,highly uncertain
AmbiStory,blind,pros_cons,AmbiStory-test-628,1,3,0.0764870514689246,0.64,not uncertain
AmbiStory,blind,pros_cons,AmbiStory-test-629,5,5,0.0,0.24,highly uncertain
AmbiStory,blind,pros_cons,AmbiStory-test-630,5,5,0.0,0.0,not uncertain
AmbiStory,blind,pros_cons,AmbiStory-test-631,1,1,0.0,0.24,not uncertain
AmbiStory,blind,pros_cons,AmbiStory-test-632,5,5,0.0,0.0,not uncertain
AmbiStory,blind,pros_cons,AmbiStory-test-633,1,1,0.0,0.0,not uncertain
AmbiStory,blind,pros_cons,AmbiStory-test-634,5,5,0.0,0.0,highly uncertain
AmbiStory,blind,pros_cons,AmbiStory-test-635,1,2,0.0220654634123557,0.24,not uncertain
AmbiStory,blind,pros_cons,AmbiStory-test-636,5,4,0.0,0.5599999999999999,somewhat uncertain
AmbiStory,blind,pros_cons,AmbiStory-test-637,1,2,0.7929647984552504,1.2,not uncertain
AmbiStory,blind,pros_cons,AmbiStory-test-638,5,3,0.0,1.84,not uncertain
AmbiStory,blind,pros_cons,AmbiStory-test-639,5,3,0.0,2.64,highly uncertain
AmbiStory,blind,pros_cons,AmbiStory-test-640,5,3,0.0,1.4400000000000002,somewhat uncertain
AmbiStory,blind,pros_cons,AmbiStory-test-641,5,2,1.2801758204100022,2.1600000000000006,not uncertain
AmbiStory,blind,pros_cons,AmbiStory-test-642,5,5,0.0,0.0,not uncertain
AmbiStory,blind,pros_cons,AmbiStory-test-643,1,2,0.0,0.64,somewhat uncertain
AmbiStory,blind,pros_cons,AmbiStory-test-644,5,5,0.0,0.24,not uncertain
AmbiStory,blind,pros_cons,AmbiStory-test-645,1,1,0.0,0.6400000000000002,not uncertain
AmbiStory,blind,pros_cons,AmbiStory-test-646,5,5,0.0,0.0,not uncertain
AmbiStory,blind,pros_cons,AmbiStory-test-647,1,1,0.0,0.16,not uncertain
AmbiStory,blind,pros_cons,AmbiStory-test-648,1,2,0.068753411766284,0.96,somewhat uncertain
AmbiStory,blind,pros_cons,AmbiStory-test-649,5,4,0.0,1.6,not uncertain
AmbiStory,blind,pros_cons,AmbiStory-test-650,1,1,0.0307088628327049,0.16,not uncertain
AmbiStory,blind,pros_cons,AmbiStory-test-651,5,5,0.0,0.0,not uncertain
AmbiStory,blind,pros_cons,AmbiStory-test-652,1,3,0.0,1.6,not uncertain
AmbiStory,blind,pros_cons,AmbiStory-test-653,5,5,0.0,0.24,highly uncertain
AmbiStory,blind,pros_cons,AmbiStory-test-654,5,5,0.0,0.24,not uncertain
AmbiStory,blind,pros_cons,AmbiStory-test-655,1,2,0.0,0.64,not uncertain
AmbiStory,blind,pros_cons,AmbiStory-test-656,5,3,0.0,1.6,not uncertain
AmbiStory,blind,pros_cons,AmbiStory-test-657,4,3,0.4829933894798052,2.64,not uncertain
AmbiStory,blind,pros_cons,AmbiStory-test-658,5,4,0.0,1.36,not uncertain
AmbiStory,blind,pros_cons,AmbiStory-test-659,1,4,0.0,0.5599999999999999,not uncertain
AmbiStory,blind,pros_cons,AmbiStory-test-660,5,5,0.0196054065150744,0.0,not uncertain
AmbiStory,blind,pros_cons,AmbiStory-test-661,1,2,0.2481500593644351,0.56,not uncertain
AmbiStory,blind,pros_cons,AmbiStory-test-662,5,4,0.1916303883918007,1.2,not uncertain
AmbiStory,blind,pros_cons,AmbiStory-test-663,1,4,0.3386549481690872,1.6,not uncertain
AmbiStory,blind,pros_cons,AmbiStory-test-664,5,4,0.0236617751424019,0.8,not uncertain
AmbiStory,blind,pros_cons,AmbiStory-test-665,1,3,0.4698577419163634,0.4,not uncertain
AmbiStory,blind,pros_cons,AmbiStory-test-666,5,5,0.0,0.6399999999999999,not uncertain
AmbiStory,blind,pros_cons,AmbiStory-test-667,1,2,0.0523441946407831,2.16,somewhat uncertain
AmbiStory,blind,pros_cons,AmbiStory-test-668,5,4,0.0,0.64,not uncertain
AmbiStory,blind,pros_cons,AmbiStory-test-669,5,2,0.0,1.8400000000000003,not uncertain
AmbiStory,blind,pros_cons,AmbiStory-test-670,5,5,0.0,0.1599999999999999,not uncertain
AmbiStory,blind,pros_cons,AmbiStory-test-671,1,1,0.2914455572189092,0.0,not uncertain
AmbiStory,blind,pros_cons,AmbiStory-test-672,5,5,0.0,0.6399999999999999,not uncertain
AmbiStory,blind,pros_cons,AmbiStory-test-673,5,4,0.0,2.4,not uncertain
AmbiStory,blind,pros_cons,AmbiStory-test-674,5,5,0.0152491939710185,0.1599999999999999,not uncertain
AmbiStory,blind,pros_cons,AmbiStory-test-675,5,5,0.0,0.1599999999999999,not uncertain
AmbiStory,blind,pros_cons,AmbiStory-test-676,5,5,0.0,0.1599999999999999,highly uncertain
AmbiStory,blind,pros_cons,AmbiStory-test-677,5,5,0.0,0.0,highly uncertain
AmbiStory,blind,pros_cons,AmbiStory-test-678,5,3,0.0,1.4400000000000002,not uncertain
AmbiStory,blind,pros_cons,AmbiStory-test-679,5,3,0.0,1.36,not uncertain
AmbiStory,blind,pros_cons,AmbiStory-test-680,5,1,0.0187038105328398,0.2222222222222222,not uncertain
AmbiStory,blind,pros_cons,AmbiStory-test-681,5,3,0.0,3.8400000000000007,not uncertain
AmbiStory,blind,pros_cons,AmbiStory-test-682,5,3,0.0,0.96,somewhat uncertain
AmbiStory,blind,pros_cons,AmbiStory-test-683,5,3,0.0,0.1599999999999999,not uncertain
AmbiStory,blind,pros_cons,AmbiStory-test-684,1,2,2.0597439287664088,1.2,not uncertain
AmbiStory,blind,pros_cons,AmbiStory-test-685,5,4,0.0,0.96,not uncertain
AmbiStory,blind,pros_cons,AmbiStory-test-686,1,4,1.231773185877296,0.24,not uncertain
AmbiStory,blind,pros_cons,AmbiStory-test-687,5,3,0.0,1.84,not uncertain
AmbiStory,blind,pros_cons,AmbiStory-test-688,1,2,1.488943223036702,1.0400000000000005,somewhat uncertain
AmbiStory,blind,pros_cons,AmbiStory-test-689,5,3,0.0,1.0400000000000005,not uncertain
AmbiStory,blind,pros_cons,AmbiStory-test-690,5,3,0.0241952348086655,0.8,highly uncertain
AmbiStory,blind,pros_cons,AmbiStory-test-691,5,4,0.2227991691025583,0.96,not uncertain
AmbiStory,blind,pros_cons,AmbiStory-test-692,1,2,1.7773960413937475,0.64,not uncertain
AmbiStory,blind,pros_cons,AmbiStory-test-693,5,5,0.0,0.0,not uncertain
AmbiStory,blind,pros_cons,AmbiStory-test-694,1,3,2.38119264854894,1.36,not uncertain
AmbiStory,blind,pros_cons,AmbiStory-test-695,5,3,0.0,2.24,somewhat uncertain
AmbiStory,blind,pros_cons,AmbiStory-test-696,4,1,1.008999168193429,0.24,highly uncertain
AmbiStory,blind,pros_cons,AmbiStory-test-697,5,2,0.0,0.4,highly uncertain
AmbiStory,blind,pros_cons,AmbiStory-test-698,4,3,0.2870015384282124,1.7600000000000002,not uncertain
AmbiStory,blind,pros_cons,AmbiStory-test-699,5,4,0.0,1.6,not uncertain
AmbiStory,blind,pros_cons,AmbiStory-test-700,1,3,0.8299431414099347,2.56,not uncertain
AmbiStory,blind,pros_cons,AmbiStory-test-701,5,2,0.0,0.56,somewhat uncertain
AmbiStory,blind,pros_cons,AmbiStory-test-702,2,2,1.2996922378600626,0.64,not uncertain
AmbiStory,blind,pros_cons,AmbiStory-test-703,5,2,1.730239078344251,1.8400000000000003,somewhat uncertain
AmbiStory,blind,pros_cons,AmbiStory-test-704,5,4,0.105292195728954,1.36,highly uncertain
AmbiStory,blind,pros_cons,AmbiStory-test-705,5,4,0.4384102528268611,0.8,somewhat uncertain
AmbiStory,blind,pros_cons,AmbiStory-test-706,3,3,0.6411161408950066,1.04,not uncertain
AmbiStory,blind,pros_cons,AmbiStory-test-707,5,3,0.4864249301282839,1.84,somewhat uncertain
AmbiStory,blind,pros_cons,AmbiStory-test-708,5,4,0.0,1.36,not uncertain
AmbiStory,blind,pros_cons,AmbiStory-test-709,1,2,0.0,2.1600000000000006,not uncertain
AmbiStory,blind,pros_cons,AmbiStory-test-710,5,2,0.9931799682016924,0.24,highly uncertain
AmbiStory,blind,pros_cons,AmbiStory-test-711,1,4,0.025118563559944,1.36,somewhat uncertain
AmbiStory,blind,pros_cons,AmbiStory-test-712,5,3,0.0189352180134482,1.2,highly uncertain
AmbiStory,blind,pros_cons,AmbiStory-test-713,1,3,0.058033006005958,1.04,not uncertain
AmbiStory,blind,pros_cons,AmbiStory-test-714,5,4,0.0597700563330238,0.5599999999999999,highly uncertain
AmbiStory,blind,pros_cons,AmbiStory-test-715,5,3,0.0,1.84,not uncertain
AmbiStory,blind,pros_cons,AmbiStory-test-716,1,3,2.095453009009699,2.56,somewhat uncertain
AmbiStory,blind,pros_cons,AmbiStory-test-717,5,3,1.1706395662766076,2.56,highly uncertain
AmbiStory,blind,pros_cons,AmbiStory-test-718,1,3,1.4304415624629945,1.6,highly uncertain
AmbiStory,blind,pros_cons,AmbiStory-test-719,5,2,0.0599642222224461,0.96,highly uncertain
AmbiStory,blind,pros_cons,AmbiStory-test-720,5,4,0.2474888179890695,1.04,not uncertain
AmbiStory,blind,pros_cons,AmbiStory-test-721,5,3,0.0,1.2,highly uncertain
AmbiStory,blind,pros_cons,AmbiStory-test-722,4,5,0.2273992552331586,0.24,somewhat uncertain
AmbiStory,blind,pros_cons,AmbiStory-test-723,5,3,0.0,1.84,highly uncertain
AmbiStory,blind,pros_cons,AmbiStory-test-724,5,4,0.4475318577666095,2.16,not uncertain
AmbiStory,blind,pros_cons,AmbiStory-test-725,5,3,0.0,1.7600000000000002,highly uncertain
AmbiStory,blind,pros_cons,AmbiStory-test-726,5,5,0.0263517679275566,0.0,highly uncertain
AmbiStory,blind,pros_cons,AmbiStory-test-727,2,2,0.1179996026185003,2.16,somewhat uncertain
AmbiStory,blind,pros_cons,AmbiStory-test-728,1,2,1.6821494476972194,1.8400000000000003,somewhat uncertain
AmbiStory,blind,pros_cons,AmbiStory-test-729,5,4,0.0,1.0400000000000005,highly uncertain
AmbiStory,blind,pros_cons,AmbiStory-test-730,4,4,0.1750259763131967,0.5599999999999999,not uncertain
AmbiStory,blind,pros_cons,AmbiStory-test-731,4,2,0.4181402273981979,0.9600000000000002,somewhat uncertain
AmbiStory,blind,pros_cons,AmbiStory-test-732,5,4,0.0,1.36,highly uncertain
AmbiStory,blind,pros_cons,AmbiStory-test-733,2,2,0.2104990366554815,0.96,somewhat uncertain
AmbiStory,blind,pros_cons,AmbiStory-test-734,5,3,0.108622939555157,2.64,somewhat uncertain
AmbiStory,blind,pros_cons,AmbiStory-test-735,5,4,0.0552004041502247,1.84,somewhat uncertain
AmbiStory,blind,pros_cons,AmbiStory-test-736,5,3,0.0405042390422531,2.0,not uncertain
AmbiStory,blind,pros_cons,AmbiStory-test-737,1,4,0.184741755146006,0.1599999999999999,somewhat uncertain
AmbiStory,blind,pros_cons,AmbiStory-test-738,5,5,0.0,0.0,not uncertain
AmbiStory,blind,pros_cons,AmbiStory-test-739,1,1,0.0889127821953137,0.16,not uncertain
AmbiStory,blind,pros_cons,AmbiStory-test-740,1,2,0.8156125251014256,0.64,not uncertain
AmbiStory,blind,pros_cons,AmbiStory-test-741,5,5,0.0,0.0,highly uncertain
AmbiStory,blind,pros_cons,AmbiStory-test-742,5,4,0.0,0.8,somewhat uncertain
AmbiStory,blind,pros_cons,AmbiStory-test-743,4,2,2.358410539728012,0.4,not uncertain
AmbiStory,blind,pros_cons,AmbiStory-test-744,5,5,0.0,0.0,not uncertain
AmbiStory,blind,pros_cons,AmbiStory-test-745,1,1,0.0,0.16,not uncertain
AmbiStory,blind,pros_cons,AmbiStory-test-746,5,5,0.0,0.0,highly uncertain
AmbiStory,blind,pros_cons,AmbiStory-test-747,1,1,0.0,0.0,not uncertain
AmbiStory,blind,pros_cons,AmbiStory-test-748,5,5,0.0,0.24,not uncertain
AmbiStory,blind,pros_cons,AmbiStory-test-749,1,1,0.0,0.16,not uncertain
AmbiStory,blind,pros_cons,AmbiStory-test-750,1,2,0.0,0.96,not uncertain
AmbiStory,blind,pros_cons,AmbiStory-test-751,5,4,0.0,0.96,not uncertain
AmbiStory,blind,pros_cons,AmbiStory-test-752,1,1,0.0,0.0,not uncertain
AmbiStory,blind,pros_cons,AmbiStory-test-753,5,5,0.0,0.0,not uncertain
AmbiStory,blind,pros_cons,AmbiStory-test-754,1,2,0.0381315459483033,1.2,not uncertain
AmbiStory,blind,pros_cons,AmbiStory-test-755,5,4,0.0,0.6399999999999999,not uncertain
AmbiStory,blind,pros_cons,AmbiStory-test-756,5,5,0.0,0.24,not uncertain
AmbiStory,blind,pros_cons,AmbiStory-test-757,1,1,0.0,0.16,somewhat uncertain
AmbiStory,blind,pros_cons,AmbiStory-test-758,1,1,0.2100923760119366,0.24,not uncertain
AmbiStory,blind,pros_cons,AmbiStory-test-759,5,5,0.0,0.24,highly uncertain
AmbiStory,blind,pros_cons,AmbiStory-test-760,5,2,0.2034846633042382,0.4,not uncertain
AmbiStory,blind,pros_cons,AmbiStory-test-761,2,4,0.5056732549610482,0.5599999999999999,not uncertain
AmbiStory,blind,pros_cons,AmbiStory-test-762,5,4,0.0,1.36,not uncertain
AmbiStory,blind,pros_cons,AmbiStory-test-763,1,1,0.0,0.24,not uncertain
AmbiStory,blind,pros_cons,AmbiStory-test-764,5,4,0.0,1.36,not uncertain
AmbiStory,blind,pros_cons,AmbiStory-test-765,1,1,0.0,0.16,not uncertain
AmbiStory,blind,pros_cons,AmbiStory-test-766,5,4,0.0,0.8,not uncertain
AmbiStory,blind,pros_cons,AmbiStory-test-767,1,1,0.0,0.24,not uncertain
AmbiStory,blind,pros_cons,AmbiStory-test-768,5,3,0.0148862517265355,2.0,not uncertain
AmbiStory,blind,pros_cons,AmbiStory-test-769,1,2,0.0,0.64,not uncertain
AmbiStory,blind,pros_cons,AmbiStory-test-770,1,3,0.2029694919860726,0.64,highly uncertain
AmbiStory,blind,pros_cons,AmbiStory-test-771,5,5,0.0,0.6399999999999999,highly uncertain
AmbiStory,blind,pros_cons,AmbiStory-test-772,5,3,0.047355868535518,0.5599999999999999,not uncertain
AmbiStory,blind,pros_cons,AmbiStory-test-773,1,4,0.3198346709080258,0.64,somewhat uncertain
AmbiStory,blind,pros_cons,AmbiStory-test-774,4,3,0.074863068660681,1.36,not uncertain
AmbiStory,blind,pros_cons,AmbiStory-test-775,5,2,0.0,1.4400000000000002,somewhat uncertain
AmbiStory,blind,pros_cons,AmbiStory-test-776,5,2,0.7132901576834363,1.2,not uncertain
AmbiStory,blind,pros_cons,AmbiStory-test-777,1,2,0.0,1.36,not uncertain
AmbiStory,blind,pros_cons,AmbiStory-test-778,1,3,2.4692390272038365,2.8,not uncertain
AmbiStory,blind,pros_cons,AmbiStory-test-779,1,2,0.0,0.64,not uncertain
AmbiStory,blind,pros_cons,AmbiStory-test-780,5,5,0.0204237875630665,0.1599999999999999,not uncertain
AmbiStory,blind,pros_cons,AmbiStory-test-781,1,1,0.0216241485494836,0.16,somewhat uncertain
AmbiStory,blind,pros_cons,AmbiStory-test-782,1,3,0.0310102933356865,0.64,not uncertain
AmbiStory,blind,pros_cons,AmbiStory-test-783,5,5,0.2837341459101385,0.0,not uncertain
AmbiStory,blind,pros_cons,AmbiStory-test-784,1,4,2.182063382331391,1.04,somewhat uncertain
AmbiStory,blind,pros_cons,AmbiStory-test-785,4,3,0.9645230822137468,0.64,not uncertain
AmbiStory,blind,pros_cons,AmbiStory-test-786,5,4,0.07646927486836,1.36,not uncertain
AmbiStory,blind,pros_cons,AmbiStory-test-787,4,4,0.3888706504303231,2.16,not uncertain
AmbiStory,blind,pros_cons,AmbiStory-test-788,1,2,0.877165503563718,2.5600000000000005,not uncertain
AmbiStory,blind,pros_cons,AmbiStory-test-789,5,4,0.0,0.5599999999999999,not uncertain
AmbiStory,blind,pros_cons,AmbiStory-test-790,1,1,2.4236013673149936,0.16,not uncertain
AmbiStory,blind,pros_cons,AmbiStory-test-791,5,5,0.0994227301694973,0.1599999999999999,not uncertain
AmbiStory,blind,pros_cons,AmbiStory-test-792,1,3,2.462689326330453,2.56,not uncertain
AmbiStory,blind,pros_cons,AmbiStory-test-793,4,3,0.2784469283032456,2.472222222222222,somewhat uncertain
AmbiStory,blind,pros_cons,AmbiStory-test-794,4,2,1.4673315474065436,0.24,
AmbiStory,blind,pros_cons,AmbiStory-test-795,5,4,0.1278192648080696,1.0400000000000005,not uncertain
AmbiStory,blind,pros_cons,AmbiStory-test-796,5,2,0.8528745635574472,2.24,not uncertain
AmbiStory,blind,pros_cons,AmbiStory-test-797,5,5,0.0509733552002023,0.1599999999999999,not uncertain
AmbiStory,blind,pros_cons,AmbiStory-test-798,5,2,0.0,0.56,not uncertain
AmbiStory,blind,pros_cons,AmbiStory-test-799,1,4,3.938885902555157,0.4,not uncertain
AmbiStory,blind,pros_cons,AmbiStory-test-800,5,2,0.0,0.56,not uncertain
AmbiStory,blind,pros_cons,AmbiStory-test-801,5,3,0.0380514117131052,1.44,somewhat uncertain
AmbiStory,blind,pros_cons,AmbiStory-test-802,5,2,0.0,0.96,not uncertain
AmbiStory,blind,pros_cons,AmbiStory-test-803,5,3,0.065071023831782,1.0400000000000005,somewhat uncertain
AmbiStory,blind,pros_cons,AmbiStory-test-804,1,1,3.336331634352358,0.16,highly uncertain
AmbiStory,blind,pros_cons,AmbiStory-test-805,5,4,0.0,0.5599999999999999,not uncertain
AmbiStory,blind,pros_cons,AmbiStory-test-806,1,2,0.0252537694922563,0.24,not uncertain
AmbiStory,blind,pros_cons,AmbiStory-test-807,5,4,0.0,1.36,not uncertain
AmbiStory,blind,pros_cons,AmbiStory-test-808,1,2,0.0,0.24,not uncertain
AmbiStory,blind,pros_cons,AmbiStory-test-809,5,4,0.0,0.8,highly uncertain
AmbiStory,blind,pros_cons,AmbiStory-test-810,5,5,0.0,0.1599999999999999,somewhat uncertain
AmbiStory,blind,pros_cons,AmbiStory-test-811,5,2,0.0346716268174225,2.5600000000000005,not uncertain
AmbiStory,blind,pros_cons,AmbiStory-test-812,1,2,0.0227934833825729,0.56,not uncertain
AmbiStory,blind,pros_cons,AmbiStory-test-813,5,4,0.489036059983775,1.44,not uncertain
AmbiStory,blind,pros_cons,AmbiStory-test-814,1,1,0.0,0.24,not uncertain
AmbiStory,blind,pros_cons,AmbiStory-test-815,5,5,3.41732163959289,0.1599999999999999,highly uncertain
AmbiStory,blind,pros_cons,AmbiStory-test-816,5,5,0.0257946008938353,0.6399999999999999,not uncertain
AmbiStory,blind,pros_cons,AmbiStory-test-817,5,3,0.0,1.7600000000000002,not uncertain
AmbiStory,blind,pros_cons,AmbiStory-test-818,1,3,0.0761821746142097,2.16,not uncertain
AmbiStory,blind,pros_cons,AmbiStory-test-819,5,4,0.0,1.84,not uncertain
AmbiStory,blind,pros_cons,AmbiStory-test-820,1,3,0.0784136945774859,1.84,not uncertain
AmbiStory,blind,pros_cons,AmbiStory-test-821,5,4,0.0,0.96,somewhat uncertain
AmbiStory,blind,pros_cons,AmbiStory-test-822,1,2,0.0,0.64,not uncertain
AmbiStory,blind,pros_cons,AmbiStory-test-823,5,5,0.0,0.6399999999999999,highly uncertain
AmbiStory,blind,pros_cons,AmbiStory-test-824,1,2,0.0,0.64,not uncertain
AmbiStory,blind,pros_cons,AmbiStory-test-825,5,5,0.0,0.1599999999999999,not uncertain
AmbiStory,blind,pros_cons,AmbiStory-test-826,1,2,0.281866714735545,0.24,somewhat uncertain
AmbiStory,blind,pros_cons,AmbiStory-test-827,5,4,0.0,2.16,highly uncertain
AmbiStory,blind,pros_cons,AmbiStory-test-828,5,4,0.0,1.6,not uncertain
AmbiStory,blind,pros_cons,AmbiStory-test-829,5,4,0.0,2.560000000000001,not uncertain
AmbiStory,blind,pros_cons,AmbiStory-test-830,5,4,0.1146317310483613,0.96,not uncertain
AmbiStory,blind,pros_cons,AmbiStory-test-831,5,3,0.0,2.64,somewhat uncertain
AmbiStory,blind,pros_cons,AmbiStory-test-832,4,3,2.4345386840927783,1.04,not uncertain
AmbiStory,blind,pros_cons,AmbiStory-test-833,5,4,0.0,0.4,somewhat uncertain
AmbiStory,blind,pros_cons,AmbiStory-test-834,4,2,1.385937191205054,0.4,not uncertain
AmbiStory,blind,pros_cons,AmbiStory-test-835,4,4,0.0312655962131155,1.36,highly uncertain
AmbiStory,blind,pros_cons,AmbiStory-test-836,1,3,0.214190543390043,2.16,highly uncertain
AmbiStory,blind,pros_cons,AmbiStory-test-837,5,5,0.0293645268461198,0.1599999999999999,highly uncertain
AmbiStory,blind,pros_cons,AmbiStory-test-838,5,3,0.232321168571578,2.64,not uncertain
AmbiStory,blind,pros_cons,AmbiStory-test-839,5,5,0.0,0.1599999999999999,not uncertain
AmbiStory,blind,pros_cons,AmbiStory-test-840,4,3,0.3596846584721506,1.44,somewhat uncertain
AmbiStory,blind,pros_cons,AmbiStory-test-841,5,4,0.0,0.64,somewhat uncertain
AmbiStory,blind,pros_cons,AmbiStory-test-842,1,2,0.0739735483615411,0.16,not uncertain
AmbiStory,blind,pros_cons,AmbiStory-test-843,5,4,0.1097322857513813,0.64,not uncertain
AmbiStory,blind,pros_cons,AmbiStory-test-844,1,2,0.0515350847086488,0.56,not uncertain
AmbiStory,blind,pros_cons,AmbiStory-test-845,5,3,0.2245432609944151,1.6,not uncertain
AmbiStory,blind,pros_cons,AmbiStory-test-846,5,4,0.0896620988171805,0.4,highly uncertain
AmbiStory,blind,pros_cons,AmbiStory-test-847,1,2,0.5708764856269815,0.6400000000000002,somewhat uncertain
AmbiStory,blind,pros_cons,AmbiStory-test-848,1,1,0.0,0.16,not uncertain
AmbiStory,blind,pros_cons,AmbiStory-test-849,5,5,0.0296693860103418,0.24,not uncertain
AmbiStory,blind,pros_cons,AmbiStory-test-850,1,2,0.1521645660571294,1.2,not uncertain
AmbiStory,blind,pros_cons,AmbiStory-test-851,5,4,0.5454793771695717,0.4,not uncertain
AmbiStory,blind,pros_cons,AmbiStory-test-852,4,3,1.8203692824755544,1.0400000000000005,not uncertain
AmbiStory,blind,pros_cons,AmbiStory-test-853,1,2,1.2721662512820666,0.4,not uncertain
AmbiStory,blind,pros_cons,AmbiStory-test-854,4,2,0.5752056341842859,1.84,not uncertain
AmbiStory,blind,pros_cons,AmbiStory-test-855,4,3,0.2451370312282916,2.56,not uncertain
AmbiStory,blind,pros_cons,AmbiStory-test-856,4,3,0.307793788861476,1.04,somewhat uncertain
AmbiStory,blind,pros_cons,AmbiStory-test-857,5,2,0.106376281975629,1.36,somewhat uncertain
AmbiStory,blind,pros_cons,AmbiStory-test-858,5,4,1.222584397915281,1.44,not uncertain
AmbiStory,blind,pros_cons,AmbiStory-test-859,4,1,0.1541546383436528,0.64,somewhat uncertain
AmbiStory,blind,pros_cons,AmbiStory-test-860,1,3,0.9273387354113396,0.64,not uncertain
AmbiStory,blind,pros_cons,AmbiStory-test-861,4,1,0.7872488357525278,0.24,highly uncertain
AmbiStory,blind,pros_cons,AmbiStory-test-862,1,3,0.1056868728604707,2.8,not uncertain
AmbiStory,blind,pros_cons,AmbiStory-test-863,5,2,0.7641285530084333,1.8400000000000003,highly uncertain
AmbiStory,blind,pros_cons,AmbiStory-test-864,1,1,0.1716557448080647,0.24,not uncertain
AmbiStory,blind,pros_cons,AmbiStory-test-865,4,5,0.249972258129909,0.0,not uncertain
AmbiStory,blind,pros_cons,AmbiStory-test-866,1,1,0.2982586969389011,0.16,not uncertain
AmbiStory,blind,pros_cons,AmbiStory-test-867,5,5,0.2499260029957986,0.24,somewhat uncertain
AmbiStory,blind,pros_cons,AmbiStory-test-868,1,1,0.0410215832175652,0.16,not uncertain
AmbiStory,blind,pros_cons,AmbiStory-test-869,5,5,0.0869839567376887,0.24,somewhat uncertain
AmbiStory,blind,pros_cons,AmbiStory-test-870,5,5,0.0,0.6399999999999999,not uncertain
AmbiStory,blind,pros_cons,AmbiStory-test-871,1,1,0.0,0.16,not uncertain
AmbiStory,blind,pros_cons,AmbiStory-test-872,5,3,0.0,0.1599999999999999,not uncertain
AmbiStory,blind,pros_cons,AmbiStory-test-873,1,1,0.0529164334655757,0.0,not uncertain
AmbiStory,blind,pros_cons,AmbiStory-test-874,5,5,0.0,0.1599999999999999,not uncertain
AmbiStory,blind,pros_cons,AmbiStory-test-875,1,1,0.0204509900220943,0.0,not uncertain
AmbiStory,blind,pros_cons,AmbiStory-test-876,2,4,1.18507520246828,0.4,not uncertain
AmbiStory,blind,pros_cons,AmbiStory-test-877,1,2,0.1446584755956835,1.8400000000000003,not uncertain
AmbiStory,blind,pros_cons,AmbiStory-test-878,4,3,1.7694978152756955,2.16,not uncertain
AmbiStory,blind,pros_cons,AmbiStory-test-879,2,2,0.2248440563477041,1.44,not uncertain
AmbiStory,blind,pros_cons,AmbiStory-test-880,1,4,0.0827930215848007,0.96,not uncertain
AmbiStory,blind,pros_cons,AmbiStory-test-881,1,2,0.0700690536990542,1.84,not uncertain
AmbiStory,blind,pros_cons,AmbiStory-test-882,4,4,2.450760239898138,1.44,not uncertain
AmbiStory,blind,pros_cons,AmbiStory-test-883,1,2,0.0,3.04,not uncertain
AmbiStory,blind,pros_cons,AmbiStory-test-884,5,5,0.1052225170443497,0.1599999999999999,highly uncertain
AmbiStory,blind,pros_cons,AmbiStory-test-885,1,1,0.0,0.16,somewhat uncertain
AmbiStory,blind,pros_cons,AmbiStory-test-886,4,5,0.9709831633174087,0.6399999999999999,highly uncertain
AmbiStory,blind,pros_cons,AmbiStory-test-887,1,2,1.2853466969580722,0.56,somewhat uncertain
AmbiStory,blind,pros_cons,AmbiStory-test-888,5,5,0.0,0.0,not uncertain
AmbiStory,blind,pros_cons,AmbiStory-test-889,1,2,1.6808559120429454,0.64,not uncertain
AmbiStory,blind,pros_cons,AmbiStory-test-890,4,3,1.1089118775451712,0.96,not uncertain
AmbiStory,blind,pros_cons,AmbiStory-test-891,4,3,0.2370040301894513,0.24,not uncertain
AmbiStory,blind,pros_cons,AmbiStory-test-892,5,4,0.0,0.8,highly uncertain
AmbiStory,blind,pros_cons,AmbiStory-test-893,1,3,0.6886245472705084,1.36,somewhat uncertain
AmbiStory,blind,pros_cons,AmbiStory-test-894,5,3,0.0853901126462344,0.5599999999999999,not uncertain
AmbiStory,blind,pros_cons,AmbiStory-test-895,3,2,1.3872863015679986,0.8,somewhat uncertain
AmbiStory,blind,pros_cons,AmbiStory-test-896,4,2,0.9784508991003956,0.56,somewhat uncertain
AmbiStory,blind,pros_cons,AmbiStory-test-897,3,4,0.4658252905700311,1.0400000000000005,somewhat uncertain
AmbiStory,blind,pros_cons,AmbiStory-test-898,5,2,0.2283967231357498,0.64,somewhat uncertain
AmbiStory,blind,pros_cons,AmbiStory-test-899,4,3,0.7696518564319137,0.96,not uncertain
AmbiStory,blind,pros_cons,AmbiStory-test-900,1,2,0.1476110041662137,0.5599999999999999,not uncertain
AmbiStory,blind,pros_cons,AmbiStory-test-901,4,5,0.1534264133146353,0.1599999999999999,somewhat uncertain
AmbiStory,blind,pros_cons,AmbiStory-test-902,1,2,0.0628456226287766,0.56,not uncertain
AmbiStory,blind,pros_cons,AmbiStory-test-903,5,5,0.0,0.1599999999999999,somewhat uncertain
AmbiStory,blind,pros_cons,AmbiStory-test-904,1,2,0.0239610335448783,1.2,not uncertain
AmbiStory,blind,pros_cons,AmbiStory-test-905,5,4,0.1121779703403708,0.0,somewhat uncertain
AmbiStory,blind,pros_cons,AmbiStory-test-906,5,5,0.0733462525744408,0.6399999999999999,highly uncertain
AmbiStory,blind,pros_cons,AmbiStory-test-907,2,1,0.1718682355372878,0.16,not uncertain
AmbiStory,blind,pros_cons,AmbiStory-test-908,5,3,0.0930264174096821,0.5599999999999999,not uncertain
AmbiStory,blind,pros_cons,AmbiStory-test-909,4,3,0.0,1.6,not uncertain
AmbiStory,blind,pros_cons,AmbiStory-test-910,5,3,0.0309807606284611,0.8,highly uncertain
AmbiStory,blind,pros_cons,AmbiStory-test-911,1,2,0.0221640444530366,0.8,not uncertain
AmbiStory,blind,pros_cons,AmbiStory-test-912,5,3,0.0,0.96,somewhat uncertain
AmbiStory,blind,pros_cons,AmbiStory-test-913,5,3,1.1252256046944336,2.64,highly uncertain
AmbiStory,blind,pros_cons,AmbiStory-test-914,1,2,0.0,2.4,not uncertain
AmbiStory,blind,pros_cons,AmbiStory-test-915,5,4,0.0,0.64,not uncertain
AmbiStory,blind,pros_cons,AmbiStory-test-916,1,3,0.0,2.0,not uncertain
AmbiStory,blind,pros_cons,AmbiStory-test-917,5,5,0.0,0.1599999999999999,not uncertain
AmbiStory,blind,pros_cons,AmbiStory-test-918,5,4,0.0,1.36,not uncertain
AmbiStory,blind,pros_cons,AmbiStory-test-919,5,2,0.0,0.4,not uncertain
AmbiStory,blind,pros_cons,AmbiStory-test-920,5,5,0.0,0.6399999999999999,not uncertain
AmbiStory,blind,pros_cons,AmbiStory-test-921,1,2,1.4457893737663938,0.64,not uncertain
AmbiStory,blind,pros_cons,AmbiStory-test-922,5,4,0.0,0.96,not uncertain
AmbiStory,blind,pros_cons,AmbiStory-test-923,5,3,0.0429568909253673,0.4,not uncertain
AmbiStory,blind,pros_cons,AmbiStory-test-924,5,1,0.0,0.0,not uncertain
AmbiStory,blind,pros_cons,AmbiStory-test-925,2,4,0.640791689798982,1.2,highly uncertain
AmbiStory,blind,pros_cons,AmbiStory-test-926,5,1,0.0,0.16,highly uncertain
AmbiStory,blind,pros_cons,AmbiStory-test-927,1,3,0.5732982527959736,2.222222222222222,not uncertain
AmbiStory,blind,pros_cons,AmbiStory-test-928,5,2,0.0,1.36,not uncertain
AmbiStory,blind,pros_cons,AmbiStory-test-929,2,4,1.5485981536044278,0.96,not uncertain
AmbiStory,blind,GEPA,AmbiStory-test-0,5,4,0.0,1.6,not uncertain
AmbiStory,blind,GEPA,AmbiStory-test-1,1,2,0.6558683279691048,1.2,highly uncertain
AmbiStory,blind,GEPA,AmbiStory-test-2,5,3,0.0,0.5599999999999999,not uncertain
AmbiStory,blind,GEPA,AmbiStory-test-3,3,3,1.5635706746167517,1.44,highly uncertain
AmbiStory,blind,GEPA,AmbiStory-test-4,5,3,0.0,1.84,not uncertain
AmbiStory,blind,GEPA,AmbiStory-test-5,4,2,2.14592062875601,0.56,highly uncertain
AmbiStory,blind,GEPA,AmbiStory-test-6,1,3,1.3976556159891098,0.96,highly uncertain
AmbiStory,blind,GEPA,AmbiStory-test-7,1,4,0.2365789957628531,1.36,highly uncertain
AmbiStory,blind,GEPA,AmbiStory-test-8,1,1,0.7045444423895764,0.24,highly uncertain
AmbiStory,blind,GEPA,AmbiStory-test-9,1,4,0.2223162655627028,2.16,highly uncertain
AmbiStory,blind,GEPA,AmbiStory-test-10,4,1,1.2871343699135964,0.24,highly uncertain
AmbiStory,blind,GEPA,AmbiStory-test-11,2,5,0.506336299638644,0.1599999999999999,highly uncertain
AmbiStory,blind,GEPA,AmbiStory-test-12,5,4,0.0,0.5599999999999999,highly uncertain
AmbiStory,blind,GEPA,AmbiStory-test-13,1,3,0.0697690821428246,2.64,not uncertain
AmbiStory,blind,GEPA,AmbiStory-test-14,5,1,2.04151056673464,0.24,highly uncertain
AmbiStory,blind,GEPA,AmbiStory-test-15,5,4,0.023521300637809,2.56,not uncertain
AmbiStory,blind,GEPA,AmbiStory-test-16,5,3,0.0,0.5599999999999999,highly uncertain
AmbiStory,blind,GEPA,AmbiStory-test-17,1,4,0.0870603321551535,0.64,not uncertain
AmbiStory,blind,GEPA,AmbiStory-test-18,5,5,0.0,0.0,not uncertain
AmbiStory,blind,GEPA,AmbiStory-test-19,5,3,0.108516741136859,2.64,highly uncertain
AmbiStory,blind,GEPA,AmbiStory-test-20,5,5,0.0,0.0,not uncertain
AmbiStory,blind,GEPA,AmbiStory-test-21,5,3,0.0782911192361145,0.96,not uncertain
AmbiStory,blind,GEPA,AmbiStory-test-22,5,5,0.0,0.1599999999999999,not uncertain
AmbiStory,blind,GEPA,AmbiStory-test-23,5,4,0.2418370280353336,2.56,highly uncertain
AmbiStory,blind,GEPA,AmbiStory-test-24,5,5,0.0,0.0,highly uncertain
AmbiStory,blind,GEPA,AmbiStory-test-25,1,2,0.0,1.2,highly uncertain
AmbiStory,blind,GEPA,AmbiStory-test-26,5,4,0.0,0.96,not uncertain
AmbiStory,blind,GEPA,AmbiStory-test-27,1,2,0.0,0.56,highly uncertain
AmbiStory,blind,GEPA,AmbiStory-test-28,5,4,0.0,0.6399999999999999,somewhat uncertain
AmbiStory,blind,GEPA,AmbiStory-test-29,1,2,0.0,0.64,highly uncertain
AmbiStory,blind,GEPA,AmbiStory-test-30,5,2,0.2420755511151686,0.8,somewhat uncertain
AmbiStory,blind,GEPA,AmbiStory-test-31,5,4,0.0,0.6399999999999999,not uncertain
AmbiStory,blind,GEPA,AmbiStory-test-32,4,3,0.1061791218640112,2.24,somewhat uncertain
AmbiStory,blind,GEPA,AmbiStory-test-33,5,4,0.0,0.1599999999999999,not uncertain
AmbiStory,blind,GEPA,AmbiStory-test-34,5,3,0.0229901769118308,0.96,somewhat uncertain
AmbiStory,blind,GEPA,AmbiStory-test-35,5,4,0.0,0.96,not uncertain
AmbiStory,blind,GEPA,AmbiStory-test-36,4,3,0.1691607854292012,0.24,highly uncertain
AmbiStory,blind,GEPA,AmbiStory-test-37,5,3,0.0,1.6,not uncertain
AmbiStory,blind,GEPA,AmbiStory-test-38,4,2,1.3230991375737946,1.84,somewhat uncertain
AmbiStory,blind,GEPA,AmbiStory-test-39,5,4,0.0,1.44,highly uncertain
AmbiStory,blind,GEPA,AmbiStory-test-40,4,3,0.7016930268964681,1.84,highly uncertain
AmbiStory,blind,GEPA,AmbiStory-test-41,5,4,0.0,1.36,highly uncertain
AmbiStory,blind,GEPA,AmbiStory-test-42,1,2,0.0334746650926557,0.1599999999999999,highly uncertain
AmbiStory,blind,GEPA,AmbiStory-test-43,5,4,0.2312788611989331,0.4,highly uncertain
AmbiStory,blind,GEPA,AmbiStory-test-44,1,3,0.0383792262536586,2.24,highly uncertain
AmbiStory,blind,GEPA,AmbiStory-test-45,5,4,0.0332731992224013,1.0400000000000005,highly uncertain
AmbiStory,blind,GEPA,AmbiStory-test-46,1,3,0.0293790404939005,0.96,highly uncertain
AmbiStory,blind,GEPA,AmbiStory-test-47,5,4,0.0396878238526174,0.8,highly uncertain
AmbiStory,blind,GEPA,AmbiStory-test-48,5,4,0.0,2.1600000000000006,highly uncertain
AmbiStory,blind,GEPA,AmbiStory-test-49,4,2,0.1127561379819824,2.24,highly uncertain
AmbiStory,blind,GEPA,AmbiStory-test-50,3,2,0.694035016749854,0.24,highly uncertain
AmbiStory,blind,GEPA,AmbiStory-test-51,5,4,0.0,1.36,somewhat uncertain
AmbiStory,blind,GEPA,AmbiStory-test-52,3,2,0.7458625637389262,2.16,highly uncertain
AmbiStory,blind,GEPA,AmbiStory-test-53,5,5,0.1801100445945567,0.24,highly uncertain
AmbiStory,blind,GEPA,AmbiStory-test-54,5,3,0.2446412648937045,1.04,highly uncertain
AmbiStory,blind,GEPA,AmbiStory-test-55,4,3,0.2418825909059599,0.96,somewhat uncertain
AmbiStory,blind,GEPA,AmbiStory-test-56,4,2,0.2492291513563986,0.64,highly uncertain
AmbiStory,blind,GEPA,AmbiStory-test-57,5,5,0.0,0.0,somewhat uncertain
AmbiStory,blind,GEPA,AmbiStory-test-58,5,2,0.0828901601423061,1.36,highly uncertain
AmbiStory,blind,GEPA,AmbiStory-test-59,5,5,0.0,0.24,somewhat uncertain
AmbiStory,blind,GEPA,AmbiStory-test-60,5,5,0.0,0.0,not uncertain
AmbiStory,blind,GEPA,AmbiStory-test-61,1,1,0.0,0.0,highly uncertain
AmbiStory,blind,GEPA,AmbiStory-test-62,1,1,2.069936441370308,0.0,highly uncertain
AmbiStory,blind,GEPA,AmbiStory-test-63,4,3,0.0834302440031427,3.8400000000000007,highly uncertain
AmbiStory,blind,GEPA,AmbiStory-test-64,5,4,0.0,2.56,not uncertain
AmbiStory,blind,GEPA,AmbiStory-test-65,1,2,0.2241608971898552,1.36,highly uncertain
AmbiStory,blind,GEPA,AmbiStory-test-66,4,3,1.7300630710579337,2.16,highly uncertain
AmbiStory,blind,GEPA,AmbiStory-test-67,1,2,0.0441010156381337,0.56,highly uncertain
AmbiStory,blind,GEPA,AmbiStory-test-68,1,1,0.0,0.16,highly uncertain
AmbiStory,blind,GEPA,AmbiStory-test-69,5,5,0.0,0.0,highly uncertain
AmbiStory,blind,GEPA,AmbiStory-test-70,1,2,0.0,1.36,highly uncertain
AmbiStory,blind,GEPA,AmbiStory-test-71,1,3,0.7829918931953094,1.0400000000000005,highly uncertain
AmbiStory,blind,GEPA,AmbiStory-test-72,5,3,0.0,2.16,not uncertain
AmbiStory,blind,GEPA,AmbiStory-test-73,1,3,0.2184790436830367,2.0,highly uncertain
AmbiStory,blind,GEPA,AmbiStory-test-74,5,2,0.0,1.4400000000000002,highly uncertain
AmbiStory,blind,GEPA,AmbiStory-test-75,5,4,0.0,1.36,not uncertain
AmbiStory,blind,GEPA,AmbiStory-test-76,5,3,3.64090598336708,1.4400000000000002,highly uncertain
AmbiStory,blind,GEPA,AmbiStory-test-77,5,4,0.0,0.6399999999999999,not uncertain
AmbiStory,blind,GEPA,AmbiStory-test-78,5,4,0.0206090691067229,1.6,not uncertain
AmbiStory,blind,GEPA,AmbiStory-test-79,4,2,0.2028305747386825,0.96,highly uncertain
AmbiStory,blind,GEPA,AmbiStory-test-80,5,3,2.792763066991798,0.1599999999999999,highly uncertain
AmbiStory,blind,GEPA,AmbiStory-test-81,5,4,0.0,0.24,highly uncertain
AmbiStory,blind,GEPA,AmbiStory-test-82,1,2,0.6258421817496563,0.8,highly uncertain
AmbiStory,blind,GEPA,AmbiStory-test-83,5,4,0.0,1.2,not uncertain
AmbiStory,blind,GEPA,AmbiStory-test-84,1,2,0.0809076238076926,0.8,highly uncertain
AmbiStory,blind,GEPA,AmbiStory-test-85,5,5,0.0,0.6399999999999999,not uncertain
AmbiStory,blind,GEPA,AmbiStory-test-86,5,2,0.6682276014190647,0.16,highly uncertain
AmbiStory,blind,GEPA,AmbiStory-test-87,5,4,0.0239414242489565,0.5599999999999999,highly uncertain
AmbiStory,blind,GEPA,AmbiStory-test-88,1,2,0.1257157413077236,0.4,highly uncertain
AmbiStory,blind,GEPA,AmbiStory-test-89,5,4,0.0235181442053997,0.5599999999999999,not uncertain
AmbiStory,blind,GEPA,AmbiStory-test-90,5,3,0.1764472565584506,1.6,highly uncertain
AmbiStory,blind,GEPA,AmbiStory-test-91,1,3,0.2040432957657224,2.16,highly uncertain
AmbiStory,blind,GEPA,AmbiStory-test-92,4,2,0.1617806633728321,0.64,highly uncertain
AmbiStory,blind,GEPA,AmbiStory-test-93,1,4,0.4590961539290061,0.5599999999999999,highly uncertain
AmbiStory,blind,GEPA,AmbiStory-test-94,5,1,0.6889337293518322,0.16,highly uncertain
AmbiStory,blind,GEPA,AmbiStory-test-95,4,4,0.7717961103625491,0.96,highly uncertain
AmbiStory,blind,GEPA,AmbiStory-test-96,5,5,0.0,0.24,highly uncertain
AmbiStory,blind,GEPA,AmbiStory-test-97,5,3,1.8827310928409764,2.472222222222222,highly uncertain
AmbiStory,blind,GEPA,AmbiStory-test-98,5,4,0.0,0.5599999999999999,not uncertain
AmbiStory,blind,GEPA,AmbiStory-test-99,5,3,1.6490042897349655,0.4,highly uncertain
AmbiStory,blind,GEPA,AmbiStory-test-100,5,3,0.0,1.36,not uncertain
AmbiStory,blind,GEPA,AmbiStory-test-101,5,4,0.0,1.4400000000000002,highly uncertain
AmbiStory,blind,GEPA,AmbiStory-test-102,5,4,0.0,0.96,highly uncertain
AmbiStory,blind,GEPA,AmbiStory-test-103,5,1,0.0,0.16,highly uncertain
AmbiStory,blind,GEPA,AmbiStory-test-104,1,2,0.6917400978199604,0.24,highly uncertain
AmbiStory,blind,GEPA,AmbiStory-test-105,5,5,0.0,0.1599999999999999,not uncertain
AmbiStory,blind,GEPA,AmbiStory-test-106,5,3,0.4409413011635256,0.5599999999999999,highly uncertain
AmbiStory,blind,GEPA,AmbiStory-test-107,5,3,0.0,2.24,not uncertain
AmbiStory,blind,GEPA,AmbiStory-test-108,5,5,0.0,0.1599999999999999,not uncertain
AmbiStory,blind,GEPA,AmbiStory-test-109,1,1,0.5262373006205864,0.0,highly uncertain
AmbiStory,blind,GEPA,AmbiStory-test-110,5,4,0.0,0.5599999999999999,highly uncertain
AmbiStory,blind,GEPA,AmbiStory-test-111,5,1,0.3308094472387789,0.24,highly uncertain
AmbiStory,blind,GEPA,AmbiStory-test-112,5,4,0.0,1.36,not uncertain
AmbiStory,blind,GEPA,AmbiStory-test-113,5,1,0.7363973437734185,0.16,highly uncertain
AmbiStory,blind,GEPA,AmbiStory-test-114,5,5,0.0,0.0,not uncertain
AmbiStory,blind,GEPA,AmbiStory-test-115,1,2,0.0,2.5600000000000005,highly uncertain
AmbiStory,blind,GEPA,AmbiStory-test-116,5,3,0.0,2.64,highly uncertain
AmbiStory,blind,GEPA,AmbiStory-test-117,5,3,0.0,3.2,highly uncertain
AmbiStory,blind,GEPA,AmbiStory-test-118,5,5,0.0,0.1599999999999999,not uncertain
AmbiStory,blind,GEPA,AmbiStory-test-119,1,1,0.0,0.24,highly uncertain
AmbiStory,blind,GEPA,AmbiStory-test-120,5,4,0.0,0.4,not uncertain
AmbiStory,blind,GEPA,AmbiStory-test-121,1,4,0.6275797938174467,0.5599999999999999,highly uncertain
AmbiStory,blind,GEPA,AmbiStory-test-122,5,4,0.0,0.64,not uncertain
AmbiStory,blind,GEPA,AmbiStory-test-123,1,3,0.1622906769179251,0.5599999999999999,highly uncertain
AmbiStory,blind,GEPA,AmbiStory-test-124,5,3,0.0,1.8400000000000003,highly uncertain
AmbiStory,blind,GEPA,AmbiStory-test-125,4,3,0.5838628571321658,1.8400000000000003,highly uncertain
AmbiStory,blind,GEPA,AmbiStory-test-126,4,3,0.8334312972759513,0.888888888888889,highly uncertain
AmbiStory,blind,GEPA,AmbiStory-test-127,2,3,0.3613875969960839,1.36,highly uncertain
AmbiStory,blind,GEPA,AmbiStory-test-128,1,2,0.2479683523377685,0.64,highly uncertain
AmbiStory,blind,GEPA,AmbiStory-test-129,4,3,1.1422088628442757,2.56,highly uncertain
AmbiStory,blind,GEPA,AmbiStory-test-130,1,1,0.1113605838341489,0.24,highly uncertain
AmbiStory,blind,GEPA,AmbiStory-test-131,2,3,0.2401914924181974,2.16,highly uncertain
AmbiStory,blind,GEPA,AmbiStory-test-132,5,5,0.0,0.0,highly uncertain
AmbiStory,blind,GEPA,AmbiStory-test-133,1,1,0.0,0.24,highly uncertain
AmbiStory,blind,GEPA,AmbiStory-test-134,5,3,0.9128280969632552,1.84,highly uncertain
AmbiStory,blind,GEPA,AmbiStory-test-135,5,4,0.3783478431093399,0.8,not uncertain
AmbiStory,blind,GEPA,AmbiStory-test-136,5,3,0.0,2.64,highly uncertain
AmbiStory,blind,GEPA,AmbiStory-test-137,5,3,0.2999038206319766,2.0,not uncertain
AmbiStory,blind,GEPA,AmbiStory-test-138,5,5,0.0,0.24,not uncertain
AmbiStory,blind,GEPA,AmbiStory-test-139,5,5,0.0,0.0,highly uncertain
AmbiStory,blind,GEPA,AmbiStory-test-140,5,5,0.0,0.0,not uncertain
AmbiStory,blind,GEPA,AmbiStory-test-141,5,5,0.0,0.0,highly uncertain
AmbiStory,blind,GEPA,AmbiStory-test-142,5,4,0.0,1.36,not uncertain
AmbiStory,blind,GEPA,AmbiStory-test-143,5,5,0.0,0.0,not uncertain
AmbiStory,blind,GEPA,AmbiStory-test-144,1,1,0.4220409549584868,0.24,highly uncertain
AmbiStory,blind,GEPA,AmbiStory-test-145,5,5,0.2997135068693699,0.1599999999999999,highly uncertain
AmbiStory,blind,GEPA,AmbiStory-test-146,1,2,3.1642775538623664,2.24,highly uncertain
AmbiStory,blind,GEPA,AmbiStory-test-147,5,5,0.0,0.1599999999999999,highly uncertain
AmbiStory,blind,GEPA,AmbiStory-test-148,1,2,0.0,0.5599999999999999,highly uncertain
AmbiStory,blind,GEPA,AmbiStory-test-149,5,4,0.0,1.44,highly uncertain
AmbiStory,blind,GEPA,AmbiStory-test-150,5,3,0.0148368726181598,2.8,not uncertain
AmbiStory,blind,GEPA,AmbiStory-test-151,1,3,0.1418212484367879,2.8,highly uncertain
AmbiStory,blind,GEPA,AmbiStory-test-152,5,1,0.2495524803055785,0.6400000000000002,highly uncertain
AmbiStory,blind,GEPA,AmbiStory-test-153,1,4,2.638902187993699,1.84,highly uncertain
AmbiStory,blind,GEPA,AmbiStory-test-154,5,4,0.4998032355273922,1.4400000000000002,not uncertain
AmbiStory,blind,GEPA,AmbiStory-test-155,1,3,1.1542135744813176,1.8400000000000003,highly uncertain
AmbiStory,blind,GEPA,AmbiStory-test-156,5,5,0.0,0.0,highly uncertain
AmbiStory,blind,GEPA,AmbiStory-test-157,1,1,0.0,0.16,highly uncertain
AmbiStory,blind,GEPA,AmbiStory-test-158,5,3,0.3698427618535715,1.36,highly uncertain
AmbiStory,blind,GEPA,AmbiStory-test-159,5,3,0.0,0.96,not uncertain
AmbiStory,blind,GEPA,AmbiStory-test-160,5,5,0.0,0.0,not uncertain
AmbiStory,blind,GEPA,AmbiStory-test-161,1,2,0.1252854066256092,0.9600000000000002,highly uncertain
AmbiStory,blind,GEPA,AmbiStory-test-162,5,2,0.0223745884641783,0.64,highly uncertain
AmbiStory,blind,GEPA,AmbiStory-test-163,1,4,1.7959947849070037,0.5599999999999999,highly uncertain
AmbiStory,blind,GEPA,AmbiStory-test-164,5,2,0.3863126049747319,0.64,highly uncertain
AmbiStory,blind,GEPA,AmbiStory-test-165,5,3,0.8548959046484426,1.84,highly uncertain
AmbiStory,blind,GEPA,AmbiStory-test-166,5,2,0.034087987367552,0.24,highly uncertain
AmbiStory,blind,GEPA,AmbiStory-test-167,5,4,0.6984484637822183,0.6399999999999999,highly uncertain
AmbiStory,blind,GEPA,AmbiStory-test-168,5,5,0.0,0.1599999999999999,highly uncertain
AmbiStory,blind,GEPA,AmbiStory-test-169,1,1,0.0,0.0,highly uncertain
AmbiStory,blind,GEPA,AmbiStory-test-170,5,5,0.0,0.0,highly uncertain
AmbiStory,blind,GEPA,AmbiStory-test-171,1,1,0.0,0.0,highly uncertain
AmbiStory,blind,GEPA,AmbiStory-test-172,5,5,0.1122965302286481,0.24,somewhat uncertain
AmbiStory,blind,GEPA,AmbiStory-test-173,1,1,0.0,0.0,highly uncertain
AmbiStory,blind,GEPA,AmbiStory-test-174,5,5,2.185865582398553,0.6399999999999999,highly uncertain
AmbiStory,blind,GEPA,AmbiStory-test-175,4,2,0.321022194474604,0.8,highly uncertain
AmbiStory,blind,GEPA,AmbiStory-test-176,1,1,0.0166584184168744,0.24,highly uncertain
AmbiStory,blind,GEPA,AmbiStory-test-177,4,4,0.2476776333010425,2.1600000000000006,highly uncertain
AmbiStory,blind,GEPA,AmbiStory-test-178,1,2,3.350216362900621,1.04,highly uncertain
AmbiStory,blind,GEPA,AmbiStory-test-179,4,4,0.6171185777389389,0.5599999999999999,highly uncertain
AmbiStory,blind,GEPA,AmbiStory-test-180,5,4,0.0,0.6399999999999999,not uncertain
AmbiStory,blind,GEPA,AmbiStory-test-181,4,3,1.946879594898853,0.64,highly uncertain
AmbiStory,blind,GEPA,AmbiStory-test-182,1,2,0.0,0.64,highly uncertain
AmbiStory,blind,GEPA,AmbiStory-test-183,5,3,0.2285072544723632,1.84,highly uncertain
AmbiStory,blind,GEPA,AmbiStory-test-184,4,3,0.2421502055669651,0.0,highly uncertain
AmbiStory,blind,GEPA,AmbiStory-test-185,4,3,0.0964090368268681,1.2,highly uncertain
AmbiStory,blind,GEPA,AmbiStory-test-186,1,3,0.8049579927733204,1.84,highly uncertain
AmbiStory,blind,GEPA,AmbiStory-test-187,1,2,0.177152412388247,0.56,highly uncertain
AmbiStory,blind,GEPA,AmbiStory-test-188,1,1,0.13640257526098,0.16,highly uncertain
AmbiStory,blind,GEPA,AmbiStory-test-189,5,4,0.0,0.64,highly uncertain
AmbiStory,blind,GEPA,AmbiStory-test-190,1,2,1.539640547134064,0.56,highly uncertain
AmbiStory,blind,GEPA,AmbiStory-test-191,2,3,0.4488721561179614,1.04,highly uncertain
AmbiStory,blind,GEPA,AmbiStory-test-192,5,5,0.0315638945585631,0.1599999999999999,highly uncertain
AmbiStory,blind,GEPA,AmbiStory-test-193,2,1,0.1515105660301323,0.16,highly uncertain
AmbiStory,blind,GEPA,AmbiStory-test-194,5,3,0.0645079047891599,0.64,highly uncertain
AmbiStory,blind,GEPA,AmbiStory-test-195,4,3,0.3302190290786758,1.84,highly uncertain
AmbiStory,blind,GEPA,AmbiStory-test-196,4,4,0.1143972877799565,0.5599999999999999,highly uncertain
AmbiStory,blind,GEPA,AmbiStory-test-197,2,2,0.2476002640764759,0.64,highly uncertain
AmbiStory,blind,GEPA,AmbiStory-test-198,5,5,0.0365359846371729,0.24,somewhat uncertain
AmbiStory,blind,GEPA,AmbiStory-test-199,5,1,0.2218072313151202,0.64,highly uncertain
AmbiStory,blind,GEPA,AmbiStory-test-200,5,4,0.0391582798585419,0.4,highly uncertain
AmbiStory,blind,GEPA,AmbiStory-test-201,2,2,0.5619945954219062,1.2,highly uncertain
AmbiStory,blind,GEPA,AmbiStory-test-202,4,5,0.1263613199389198,0.1599999999999999,somewhat uncertain
AmbiStory,blind,GEPA,AmbiStory-test-203,3,2,0.2344048074573813,0.64,highly uncertain
AmbiStory,blind,GEPA,AmbiStory-test-204,5,5,0.1923395543562473,0.24,somewhat uncertain
AmbiStory,blind,GEPA,AmbiStory-test-205,1,2,0.0649306195643718,0.16,highly uncertain
AmbiStory,blind,GEPA,AmbiStory-test-206,4,4,2.164799465344768,0.24,highly uncertain
AmbiStory,blind,GEPA,AmbiStory-test-207,4,3,2.4829904228353024,1.6,highly uncertain
AmbiStory,blind,GEPA,AmbiStory-test-208,5,4,1.2329981802260934,0.8,highly uncertain
AmbiStory,blind,GEPA,AmbiStory-test-209,5,2,3.2324105589614924,0.24,highly uncertain
AmbiStory,blind,GEPA,AmbiStory-test-210,1,3,0.8505906366116144,0.5599999999999999,highly uncertain
AmbiStory,blind,GEPA,AmbiStory-test-211,5,2,0.2751860490255462,0.56,highly uncertain
AmbiStory,blind,GEPA,AmbiStory-test-212,1,3,2.136549438339385,0.4,highly uncertain
AmbiStory,blind,GEPA,AmbiStory-test-213,4,3,0.4682614567850015,3.3600000000000003,highly uncertain
AmbiStory,blind,GEPA,AmbiStory-test-214,1,3,0.0242954342646754,1.04,highly uncertain
AmbiStory,blind,GEPA,AmbiStory-test-215,5,2,0.2754519846231909,2.24,highly uncertain
AmbiStory,blind,GEPA,AmbiStory-test-216,5,4,0.0998339463910729,0.24,highly uncertain
AmbiStory,blind,GEPA,AmbiStory-test-217,5,1,0.5473944904127204,0.6400000000000002,highly uncertain
AmbiStory,blind,GEPA,AmbiStory-test-218,1,3,0.4085981445739122,0.96,highly uncertain
AmbiStory,blind,GEPA,AmbiStory-test-219,1,3,2.9217395316941683,3.3599999999999994,highly uncertain
AmbiStory,blind,GEPA,AmbiStory-test-220,3,3,0.6455998954073928,1.805555555555556,highly uncertain
AmbiStory,blind,GEPA,AmbiStory-test-221,5,3,0.0,1.36,highly uncertain
AmbiStory,blind,GEPA,AmbiStory-test-222,5,5,0.0,0.24,not uncertain
AmbiStory,blind,GEPA,AmbiStory-test-223,3,3,0.2955599386167448,2.64,highly uncertain
AmbiStory,blind,GEPA,AmbiStory-test-224,2,3,0.249984056628876,1.36,somewhat uncertain
AmbiStory,blind,GEPA,AmbiStory-test-225,5,4,0.0,0.6399999999999999,highly uncertain
AmbiStory,blind,GEPA,AmbiStory-test-226,3,3,0.2629287448073765,1.2,somewhat uncertain
AmbiStory,blind,GEPA,AmbiStory-test-227,5,3,0.0,0.5599999999999999,highly uncertain
AmbiStory,blind,GEPA,AmbiStory-test-228,4,2,0.3808503976567268,1.4400000000000002,highly uncertain
AmbiStory,blind,GEPA,AmbiStory-test-229,4,3,0.2301715672279542,1.04,highly uncertain
AmbiStory,blind,GEPA,AmbiStory-test-230,4,2,0.0881372258561664,0.24,highly uncertain
AmbiStory,blind,GEPA,AmbiStory-test-231,5,4,0.1698542922823948,1.0400000000000005,highly uncertain
AmbiStory,blind,GEPA,AmbiStory-test-232,1,2,1.0856074903246846,0.5599999999999999,highly uncertain
AmbiStory,blind,GEPA,AmbiStory-test-233,4,4,0.2362415047489764,1.36,highly uncertain
AmbiStory,blind,GEPA,AmbiStory-test-234,5,5,0.0,0.0,highly uncertain
AmbiStory,blind,GEPA,AmbiStory-test-235,4,4,0.1821807140233595,1.36,somewhat uncertain
AmbiStory,blind,GEPA,AmbiStory-test-236,3,3,0.5717507193774416,1.8400000000000003,highly uncertain
AmbiStory,blind,GEPA,AmbiStory-test-237,5,4,0.0,0.24,not uncertain
AmbiStory,blind,GEPA,AmbiStory-test-238,5,4,0.0,0.96,highly uncertain
AmbiStory,blind,GEPA,AmbiStory-test-239,5,4,0.2378306793193874,0.24,somewhat uncertain
AmbiStory,blind,GEPA,AmbiStory-test-240,1,2,1.905121758013497,0.56,highly uncertain
AmbiStory,blind,GEPA,AmbiStory-test-241,5,5,0.0,0.1599999999999999,highly uncertain
AmbiStory,blind,GEPA,AmbiStory-test-242,1,1,0.2062576923830662,0.24,highly uncertain
AmbiStory,blind,GEPA,AmbiStory-test-243,5,5,0.0,0.1599999999999999,not uncertain
AmbiStory,blind,GEPA,AmbiStory-test-244,1,2,0.1810074052266558,2.24,highly uncertain
AmbiStory,blind,GEPA,AmbiStory-test-245,5,4,0.0,0.6399999999999999,not uncertain
AmbiStory,blind,GEPA,AmbiStory-test-246,5,5,0.0,0.1599999999999999,not uncertain
AmbiStory,blind,GEPA,AmbiStory-test-247,1,1,0.0,0.64,highly uncertain
AmbiStory,blind,GEPA,AmbiStory-test-248,1,5,0.1038250064193011,0.1599999999999999,highly uncertain
AmbiStory,blind,GEPA,AmbiStory-test-249,1,2,0.0,0.64,highly uncertain
AmbiStory,blind,GEPA,AmbiStory-test-250,5,5,0.0,0.24,highly uncertain
AmbiStory,blind,GEPA,AmbiStory-test-251,1,1,0.0,0.16,highly uncertain
AmbiStory,blind,GEPA,AmbiStory-test-252,5,4,0.0,0.6399999999999999,somewhat uncertain
AmbiStory,blind,GEPA,AmbiStory-test-253,3,3,0.5900592417399069,1.2,highly uncertain
AmbiStory,blind,GEPA,AmbiStory-test-254,5,4,0.0,0.6399999999999999,highly uncertain
AmbiStory,blind,GEPA,AmbiStory-test-255,1,2,0.2594508405469663,2.24,highly uncertain
AmbiStory,blind,GEPA,AmbiStory-test-256,5,4,0.0,0.5599999999999999,somewhat uncertain
AmbiStory,blind,GEPA,AmbiStory-test-257,5,2,0.0690372815990402,1.36,not uncertain
AmbiStory,blind,GEPA,AmbiStory-test-258,1,3,0.2477157448266269,1.44,highly uncertain
AmbiStory,blind,GEPA,AmbiStory-test-259,5,5,0.0,0.0,not uncertain
AmbiStory,blind,GEPA,AmbiStory-test-260,2,2,0.2827427438267568,0.64,highly uncertain
AmbiStory,blind,GEPA,AmbiStory-test-261,5,5,0.0,0.0,not uncertain
AmbiStory,blind,GEPA,AmbiStory-test-262,2,4,0.1893662880853241,1.44,highly uncertain
AmbiStory,blind,GEPA,AmbiStory-test-263,5,4,0.0,1.36,not uncertain
AmbiStory,blind,GEPA,AmbiStory-test-264,5,3,0.0,3.2,highly uncertain
AmbiStory,blind,GEPA,AmbiStory-test-265,5,3,0.0,2.56,not uncertain
AmbiStory,blind,GEPA,AmbiStory-test-266,5,1,0.0,0.16,highly uncertain
AmbiStory,blind,GEPA,AmbiStory-test-267,5,4,0.0,1.6,not uncertain
AmbiStory,blind,GEPA,AmbiStory-test-268,5,3,0.0,2.56,highly uncertain
AmbiStory,blind,GEPA,AmbiStory-test-269,5,4,0.0,3.04,not uncertain
AmbiStory,blind,GEPA,AmbiStory-test-270,5,5,0.0,0.24,not uncertain
AmbiStory,blind,GEPA,AmbiStory-test-271,5,2,0.4431886149394624,0.64,highly uncertain
AmbiStory,blind,GEPA,AmbiStory-test-272,3,2,1.037010641425539,0.8,highly uncertain
AmbiStory,blind,GEPA,AmbiStory-test-273,5,4,0.0,2.4,highly uncertain
AmbiStory,blind,GEPA,AmbiStory-test-274,5,4,0.0,1.36,not uncertain
AmbiStory,blind,GEPA,AmbiStory-test-275,5,3,0.0398558102968922,1.36,highly uncertain
AmbiStory,blind,GEPA,AmbiStory-test-276,1,2,0.0,0.64,highly uncertain
AmbiStory,blind,GEPA,AmbiStory-test-277,5,5,0.0,0.6399999999999999,not uncertain
AmbiStory,blind,GEPA,AmbiStory-test-278,1,2,0.0,0.64,highly uncertain
AmbiStory,blind,GEPA,AmbiStory-test-279,5,5,0.0,0.0,not uncertain
AmbiStory,blind,GEPA,AmbiStory-test-280,1,2,0.0,0.5599999999999999,highly uncertain
AmbiStory,blind,GEPA,AmbiStory-test-281,5,4,0.0,0.64,not uncertain
AmbiStory,blind,GEPA,AmbiStory-test-282,5,3,0.0,1.04,highly uncertain
AmbiStory,blind,GEPA,AmbiStory-test-283,5,4,0.0,2.56,not uncertain
AmbiStory,blind,GEPA,AmbiStory-test-284,5,4,0.0,0.5599999999999999,highly uncertain
AmbiStory,blind,GEPA,AmbiStory-test-285,5,4,0.0,2.4,not uncertain
AmbiStory,blind,GEPA,AmbiStory-test-286,5,3,0.0,0.64,not uncertain
AmbiStory,blind,GEPA,AmbiStory-test-287,5,4,0.0,0.64,not uncertain
AmbiStory,blind,GEPA,AmbiStory-test-288,5,4,0.0217039836091683,0.96,not uncertain
AmbiStory,blind,GEPA,AmbiStory-test-289,5,4,0.2136275533712405,0.5599999999999999,highly uncertain
AmbiStory,blind,GEPA,AmbiStory-test-290,5,3,0.4997777075240993,2.8,highly uncertain
AmbiStory,blind,GEPA,AmbiStory-test-291,5,4,0.0681642073634707,0.8,highly uncertain
AmbiStory,blind,GEPA,AmbiStory-test-292,5,4,0.0222912796267326,0.6399999999999999,not uncertain
AmbiStory,blind,GEPA,AmbiStory-test-293,5,4,0.1369196138306208,2.16,not uncertain
AmbiStory,blind,GEPA,AmbiStory-test-294,1,3,0.0629342526295136,1.7600000000000002,highly uncertain
AmbiStory,blind,GEPA,AmbiStory-test-295,5,2,0.0517677893798322,0.64,highly uncertain
AmbiStory,blind,GEPA,AmbiStory-test-296,2,3,0.2499996972251819,1.2,somewhat uncertain
AmbiStory,blind,GEPA,AmbiStory-test-297,5,5,0.0,0.24,not uncertain
AmbiStory,blind,GEPA,AmbiStory-test-298,1,2,0.0383637277372542,0.56,highly uncertain
AmbiStory,blind,GEPA,AmbiStory-test-299,5,4,0.0,1.8400000000000003,not uncertain
AmbiStory,blind,GEPA,AmbiStory-test-300,1,2,1.174476610043349,1.36,highly uncertain
AmbiStory,blind,GEPA,AmbiStory-test-301,1,1,0.2505562924120349,0.16,highly uncertain
AmbiStory,blind,GEPA,AmbiStory-test-302,4,3,0.299201368235511,0.64,not uncertain
AmbiStory,blind,GEPA,AmbiStory-test-303,5,2,0.0,1.3600000000000003,not uncertain
AmbiStory,blind,GEPA,AmbiStory-test-304,5,4,0.1765213307758983,1.4400000000000002,not uncertain
AmbiStory,blind,GEPA,AmbiStory-test-305,2,2,0.659617586361064,0.56,highly uncertain
AmbiStory,blind,GEPA,AmbiStory-test-306,4,5,0.2668413739218783,0.0,highly uncertain
AmbiStory,blind,GEPA,AmbiStory-test-307,4,1,0.0230742944474176,0.24,somewhat uncertain
AmbiStory,blind,GEPA,AmbiStory-test-308,4,4,0.0494838460680988,2.56,highly uncertain
AmbiStory,blind,GEPA,AmbiStory-test-309,4,2,0.8446152910358975,0.9600000000000002,not uncertain
AmbiStory,blind,GEPA,AmbiStory-test-310,4,4,0.1842740745758754,0.64,somewhat uncertain
AmbiStory,blind,GEPA,AmbiStory-test-311,4,3,0.0748643344245821,2.16,highly uncertain
AmbiStory,blind,GEPA,AmbiStory-test-312,5,4,0.214490142670886,0.24,highly uncertain
AmbiStory,blind,GEPA,AmbiStory-test-313,5,3,0.6939698656907733,3.8400000000000007,highly uncertain
AmbiStory,blind,GEPA,AmbiStory-test-314,4,4,0.2499971767811925,1.36,highly uncertain
AmbiStory,blind,GEPA,AmbiStory-test-315,5,3,2.490094675736441,0.96,highly uncertain
AmbiStory,blind,GEPA,AmbiStory-test-316,4,3,0.1380180636681204,1.8400000000000003,highly uncertain
AmbiStory,blind,GEPA,AmbiStory-test-317,1,4,0.0,1.8400000000000003,highly uncertain
AmbiStory,blind,GEPA,AmbiStory-test-318,5,5,0.0,0.1599999999999999,highly uncertain
AmbiStory,blind,GEPA,AmbiStory-test-319,1,1,0.0,0.16,highly uncertain
AmbiStory,blind,GEPA,AmbiStory-test-320,5,5,0.0,0.1599999999999999,highly uncertain
AmbiStory,blind,GEPA,AmbiStory-test-321,1,1,0.0,0.0,highly uncertain
AmbiStory,blind,GEPA,AmbiStory-test-322,5,5,0.0,0.24,highly uncertain
AmbiStory,blind,GEPA,AmbiStory-test-323,1,1,0.0532674642955604,0.16,highly uncertain
AmbiStory,blind,GEPA,AmbiStory-test-324,5,5,0.0,0.0,not uncertain
AmbiStory,blind,GEPA,AmbiStory-test-325,1,1,0.0,0.0,highly uncertain
AmbiStory,blind,GEPA,AmbiStory-test-326,5,5,0.0,0.1599999999999999,highly uncertain
AmbiStory,blind,GEPA,AmbiStory-test-327,1,2,0.2066990395404429,0.9600000000000002,highly uncertain
AmbiStory,blind,GEPA,AmbiStory-test-328,5,5,0.0,0.0,highly uncertain
AmbiStory,blind,GEPA,AmbiStory-test-329,1,2,0.0,2.1388888888888897,highly uncertain
AmbiStory,blind,GEPA,AmbiStory-test-330,4,4,1.1739280378297452,0.5599999999999999,highly uncertain
AmbiStory,blind,GEPA,AmbiStory-test-331,5,3,0.0,2.56,not uncertain
AmbiStory,blind,GEPA,AmbiStory-test-332,1,1,0.0,0.0,highly uncertain
AmbiStory,blind,GEPA,AmbiStory-test-333,5,5,0.0,0.1599999999999999,not uncertain
AmbiStory,blind,GEPA,AmbiStory-test-334,1,1,0.2326506836803286,0.16,highly uncertain
AmbiStory,blind,GEPA,AmbiStory-test-335,5,4,0.0,1.2,highly uncertain
AmbiStory,blind,GEPA,AmbiStory-test-336,5,5,0.0,0.1599999999999999,not uncertain
AmbiStory,blind,GEPA,AmbiStory-test-337,1,1,0.0417555248965872,0.0,highly uncertain
AmbiStory,blind,GEPA,AmbiStory-test-338,4,2,0.3384884806380258,0.24,highly uncertain
AmbiStory,blind,GEPA,AmbiStory-test-339,5,4,0.0398112163447954,0.5599999999999999,highly uncertain
AmbiStory,blind,GEPA,AmbiStory-test-340,5,5,0.0,0.24,not uncertain
AmbiStory,blind,GEPA,AmbiStory-test-341,1,2,0.0518386832971469,0.5599999999999999,highly uncertain
AmbiStory,blind,GEPA,AmbiStory-test-342,5,5,0.0,0.0,not uncertain
AmbiStory,blind,GEPA,AmbiStory-test-343,1,1,0.07372428955323,0.0,highly uncertain
AmbiStory,blind,GEPA,AmbiStory-test-344,5,5,0.0,0.1599999999999999,not uncertain
AmbiStory,blind,GEPA,AmbiStory-test-345,1,3,0.7037804782479286,0.64,highly uncertain
AmbiStory,blind,GEPA,AmbiStory-test-346,5,4,0.0,2.56,not uncertain
AmbiStory,blind,GEPA,AmbiStory-test-347,1,2,0.0,0.25,highly uncertain
AmbiStory,blind,GEPA,AmbiStory-test-348,5,4,0.0,2.560000000000001,highly uncertain
AmbiStory,blind,GEPA,AmbiStory-test-349,2,2,0.0555182505860812,2.560000000000001,highly uncertain
AmbiStory,blind,GEPA,AmbiStory-test-350,1,2,0.2340298652137859,2.16,highly uncertain
AmbiStory,blind,GEPA,AmbiStory-test-351,4,2,0.0579304169186991,1.04,highly uncertain
AmbiStory,blind,GEPA,AmbiStory-test-352,1,2,0.2323535902813358,0.56,highly uncertain
AmbiStory,blind,GEPA,AmbiStory-test-353,1,1,0.2547914285627227,0.16,highly uncertain
AmbiStory,blind,GEPA,AmbiStory-test-354,5,5,0.0,0.0,highly uncertain
AmbiStory,blind,GEPA,AmbiStory-test-355,1,1,0.0,0.0,highly uncertain
AmbiStory,blind,GEPA,AmbiStory-test-356,5,5,0.0,0.0,highly uncertain
AmbiStory,blind,GEPA,AmbiStory-test-357,1,1,0.0198947517820127,0.0,highly uncertain
AmbiStory,blind,GEPA,AmbiStory-test-358,5,5,0.0,0.0,highly uncertain
AmbiStory,blind,GEPA,AmbiStory-test-359,1,2,0.0,0.56,highly uncertain
AmbiStory,blind,GEPA,AmbiStory-test-360,5,5,0.0,0.1599999999999999,highly uncertain
AmbiStory,blind,GEPA,AmbiStory-test-361,1,1,0.0,0.24,highly uncertain
AmbiStory,blind,GEPA,AmbiStory-test-362,5,4,0.0,2.56,highly uncertain
AmbiStory,blind,GEPA,AmbiStory-test-363,1,1,0.026518532239244,0.0,highly uncertain
AmbiStory,blind,GEPA,AmbiStory-test-364,5,2,0.0,0.96,highly uncertain
AmbiStory,blind,GEPA,AmbiStory-test-365,1,3,0.1528852020121663,1.6,highly uncertain
AmbiStory,blind,GEPA,AmbiStory-test-366,5,3,0.0366566927385058,1.4400000000000002,not uncertain
AmbiStory,blind,GEPA,AmbiStory-test-367,4,2,0.3719650356705193,0.16,highly uncertain
AmbiStory,blind,GEPA,AmbiStory-test-368,5,2,1.598863132637978,0.5599999999999999,highly uncertain
AmbiStory,blind,GEPA,AmbiStory-test-369,5,4,0.0,2.24,highly uncertain
AmbiStory,blind,GEPA,AmbiStory-test-370,1,2,0.3628289763271651,0.56,highly uncertain
AmbiStory,blind,GEPA,AmbiStory-test-371,4,2,1.1481375206395934,2.24,highly uncertain
AmbiStory,blind,GEPA,AmbiStory-test-372,5,4,0.0,0.64,highly uncertain
AmbiStory,blind,GEPA,AmbiStory-test-373,1,2,0.0521284827410804,0.56,highly uncertain
AmbiStory,blind,GEPA,AmbiStory-test-374,5,5,0.0,0.24,highly uncertain
AmbiStory,blind,GEPA,AmbiStory-test-375,1,1,0.0,0.0,highly uncertain
AmbiStory,blind,GEPA,AmbiStory-test-376,5,5,0.020456811021304,0.24,highly uncertain
AmbiStory,blind,GEPA,AmbiStory-test-377,2,2,0.2931883795116058,0.56,highly uncertain
AmbiStory,blind,GEPA,AmbiStory-test-378,5,4,0.0,2.56,not uncertain
AmbiStory,blind,GEPA,AmbiStory-test-379,1,1,0.0515923710711541,0.64,highly uncertain
AmbiStory,blind,GEPA,AmbiStory-test-380,5,1,0.4711444817039071,0.0,highly uncertain
AmbiStory,blind,GEPA,AmbiStory-test-381,5,5,0.0,0.24,highly uncertain
AmbiStory,blind,GEPA,AmbiStory-test-382,5,3,0.0,2.56,highly uncertain
AmbiStory,blind,GEPA,AmbiStory-test-383,5,4,0.0,0.24,highly uncertain
AmbiStory,blind,GEPA,AmbiStory-test-384,5,5,0.0,0.0,highly uncertain
AmbiStory,blind,GEPA,AmbiStory-test-385,1,1,0.0,0.16,highly uncertain
AmbiStory,blind,GEPA,AmbiStory-test-386,5,3,0.0,2.16,not uncertain
AmbiStory,blind,GEPA,AmbiStory-test-387,1,2,0.2410174541509095,1.36,highly uncertain
AmbiStory,blind,GEPA,AmbiStory-test-388,5,4,0.0,0.96,not uncertain
AmbiStory,blind,GEPA,AmbiStory-test-389,1,2,0.0,1.6,highly uncertain
AmbiStory,blind,GEPA,AmbiStory-test-390,5,5,0.0,0.1599999999999999,not uncertain
AmbiStory,blind,GEPA,AmbiStory-test-391,1,1,0.0,0.16,highly uncertain
AmbiStory,blind,GEPA,AmbiStory-test-392,5,4,0.989919167802437,0.64,not uncertain
AmbiStory,blind,GEPA,AmbiStory-test-393,5,3,0.0,1.36,highly uncertain
AmbiStory,blind,GEPA,AmbiStory-test-394,5,4,0.0,2.24,not uncertain
AmbiStory,blind,GEPA,AmbiStory-test-395,1,2,0.0,0.8,highly uncertain
AmbiStory,blind,GEPA,AmbiStory-test-396,5,5,0.0,0.0,not uncertain
AmbiStory,blind,GEPA,AmbiStory-test-397,1,1,0.0,0.24,highly uncertain
AmbiStory,blind,GEPA,AmbiStory-test-398,5,4,0.0,0.5599999999999999,not uncertain
AmbiStory,blind,GEPA,AmbiStory-test-399,5,3,0.0,0.1599999999999999,highly uncertain
AmbiStory,blind,GEPA,AmbiStory-test-400,5,5,0.0,0.1599999999999999,not uncertain
AmbiStory,blind,GEPA,AmbiStory-test-401,5,1,0.2060892630787787,0.24,highly uncertain
AmbiStory,blind,GEPA,AmbiStory-test-402,5,4,1.0375333299679916,0.5599999999999999,highly uncertain
AmbiStory,blind,GEPA,AmbiStory-test-403,5,2,0.0,0.4,not uncertain
AmbiStory,blind,GEPA,AmbiStory-test-404,4,4,0.9856907476245982,0.5599999999999999,highly uncertain
AmbiStory,blind,GEPA,AmbiStory-test-405,5,2,0.0,0.4,not uncertain
AmbiStory,blind,GEPA,AmbiStory-test-406,4,4,2.641508013720084,0.24,highly uncertain
AmbiStory,blind,GEPA,AmbiStory-test-407,5,2,0.0,1.36,not uncertain
AmbiStory,blind,GEPA,AmbiStory-test-408,5,4,0.0,1.44,not uncertain
AmbiStory,blind,GEPA,AmbiStory-test-409,1,1,0.0370779402884137,0.0,highly uncertain
AmbiStory,blind,GEPA,AmbiStory-test-410,5,4,0.0,1.36,somewhat uncertain
AmbiStory,blind,GEPA,AmbiStory-test-411,5,2,0.0,1.04,highly uncertain
AmbiStory,blind,GEPA,AmbiStory-test-412,5,4,0.0,0.96,somewhat uncertain
AmbiStory,blind,GEPA,AmbiStory-test-413,1,1,0.0,0.64,highly uncertain
AmbiStory,blind,GEPA,AmbiStory-test-414,5,5,0.0,0.0,not uncertain
AmbiStory,blind,GEPA,AmbiStory-test-415,1,1,0.0,0.24,highly uncertain
AmbiStory,blind,GEPA,AmbiStory-test-416,5,5,0.0181337794675261,0.1599999999999999,highly uncertain
AmbiStory,blind,GEPA,AmbiStory-test-417,1,2,1.2186208722471563,0.64,highly uncertain
AmbiStory,blind,GEPA,AmbiStory-test-418,5,5,0.0,0.1599999999999999,not uncertain
AmbiStory,blind,GEPA,AmbiStory-test-419,1,2,0.0960972276465765,2.24,highly uncertain
AmbiStory,blind,GEPA,AmbiStory-test-420,5,3,1.135123223653713,2.2222222222222228,highly uncertain
AmbiStory,blind,GEPA,AmbiStory-test-421,1,3,0.0,1.4400000000000002,highly uncertain
AmbiStory,blind,GEPA,AmbiStory-test-422,5,3,0.0,2.24,highly uncertain
AmbiStory,blind,GEPA,AmbiStory-test-423,1,3,0.0,2.0,highly uncertain
AmbiStory,blind,GEPA,AmbiStory-test-424,5,3,0.0,0.4,highly uncertain
AmbiStory,blind,GEPA,AmbiStory-test-425,1,3,0.0,1.04,highly uncertain
AmbiStory,blind,GEPA,AmbiStory-test-426,5,3,0.0279234936738634,0.64,highly uncertain
AmbiStory,blind,GEPA,AmbiStory-test-427,5,3,0.3754383174711668,1.36,highly uncertain
AmbiStory,blind,GEPA,AmbiStory-test-428,5,4,0.0183159967061541,0.6399999999999999,highly uncertain
AmbiStory,blind,GEPA,AmbiStory-test-429,5,2,0.3197570077847361,0.4,highly uncertain
AmbiStory,blind,GEPA,AmbiStory-test-430,5,4,0.0,1.6,highly uncertain
AmbiStory,blind,GEPA,AmbiStory-test-431,5,2,0.3987014668401878,0.16,highly uncertain
AmbiStory,blind,GEPA,AmbiStory-test-432,5,4,0.0503772088633059,1.44,highly uncertain
AmbiStory,blind,GEPA,AmbiStory-test-433,1,1,0.0276505981376687,0.24,highly uncertain
AmbiStory,blind,GEPA,AmbiStory-test-434,5,5,0.0,0.24,highly uncertain
AmbiStory,blind,GEPA,AmbiStory-test-435,1,1,0.0,0.64,somewhat uncertain
AmbiStory,blind,GEPA,AmbiStory-test-436,5,4,0.0,1.36,highly uncertain
AmbiStory,blind,GEPA,AmbiStory-test-437,1,1,0.0,0.0,highly uncertain
AmbiStory,blind,GEPA,AmbiStory-test-438,5,5,0.0,0.1599999999999999,highly uncertain
AmbiStory,blind,GEPA,AmbiStory-test-439,1,2,2.8520047408710534,2.24,highly uncertain
AmbiStory,blind,GEPA,AmbiStory-test-440,4,3,0.8590933583337123,1.36,highly uncertain
AmbiStory,blind,GEPA,AmbiStory-test-441,5,3,2.4971534528204886,1.84,highly uncertain
AmbiStory,blind,GEPA,AmbiStory-test-442,4,4,0.4578239194135119,0.5599999999999999,highly uncertain
AmbiStory,blind,GEPA,AmbiStory-test-443,1,3,2.342857363802388,2.64,highly uncertain
AmbiStory,blind,GEPA,AmbiStory-test-444,5,4,0.0,1.36,highly uncertain
AmbiStory,blind,GEPA,AmbiStory-test-445,5,2,3.075386275054333,1.36,highly uncertain
AmbiStory,blind,GEPA,AmbiStory-test-446,5,3,0.7299500775247941,1.36,highly uncertain
AmbiStory,blind,GEPA,AmbiStory-test-447,5,4,1.269390962434472,1.36,highly uncertain
AmbiStory,blind,GEPA,AmbiStory-test-448,5,4,1.1062335716960687,0.24,highly uncertain
AmbiStory,blind,GEPA,AmbiStory-test-449,5,2,2.849329823439735,0.8,highly uncertain
AmbiStory,blind,GEPA,AmbiStory-test-450,5,4,0.2450851364541924,0.5599999999999999,somewhat uncertain
AmbiStory,blind,GEPA,AmbiStory-test-451,1,2,0.0,0.9600000000000002,highly uncertain
AmbiStory,blind,GEPA,AmbiStory-test-452,5,2,0.1958437632547163,0.24,somewhat uncertain
AmbiStory,blind,GEPA,AmbiStory-test-453,5,5,0.0,0.1599999999999999,not uncertain
AmbiStory,blind,GEPA,AmbiStory-test-454,5,3,0.2001867271065325,2.24,highly uncertain
AmbiStory,blind,GEPA,AmbiStory-test-455,1,3,0.0448409918630917,0.64,highly uncertain
AmbiStory,blind,GEPA,AmbiStory-test-456,4,4,0.2874108545564163,1.36,highly uncertain
AmbiStory,blind,GEPA,AmbiStory-test-457,1,3,0.0,1.04,highly uncertain
AmbiStory,blind,GEPA,AmbiStory-test-458,5,3,3.0880988636240927,1.36,highly uncertain
AmbiStory,blind,GEPA,AmbiStory-test-459,5,4,1.811015437798748,0.4,highly uncertain
AmbiStory,blind,GEPA,AmbiStory-test-460,3,3,1.0540496433437192,1.7600000000000002,highly uncertain
AmbiStory,blind,GEPA,AmbiStory-test-461,1,3,0.1015766701484983,1.5555555555555556,highly uncertain
AmbiStory,blind,GEPA,AmbiStory-test-462,5,2,0.135731201191116,3.04,highly uncertain
AmbiStory,blind,GEPA,AmbiStory-test-463,5,5,0.0,0.0,not uncertain
AmbiStory,blind,GEPA,AmbiStory-test-464,4,2,1.3752290602003114,0.8,highly uncertain
AmbiStory,blind,GEPA,AmbiStory-test-465,5,5,0.0,0.6399999999999999,not uncertain
AmbiStory,blind,GEPA,AmbiStory-test-466,4,3,0.2812799701841613,0.8,highly uncertain
AmbiStory,blind,GEPA,AmbiStory-test-467,5,3,0.1736290575550191,1.84,highly uncertain
AmbiStory,blind,GEPA,AmbiStory-test-468,5,5,0.0,0.1599999999999999,not uncertain
AmbiStory,blind,GEPA,AmbiStory-test-469,5,5,0.0,0.1599999999999999,not uncertain
AmbiStory,blind,GEPA,AmbiStory-test-470,5,5,0.0,0.6399999999999999,not uncertain
AmbiStory,blind,GEPA,AmbiStory-test-471,5,4,0.0,1.36,not uncertain
AmbiStory,blind,GEPA,AmbiStory-test-472,5,4,0.0,1.0400000000000005,not uncertain
AmbiStory,blind,GEPA,AmbiStory-test-473,5,4,0.0,1.44,not uncertain
AmbiStory,blind,GEPA,AmbiStory-test-474,5,5,0.0,0.0,somewhat uncertain
AmbiStory,blind,GEPA,AmbiStory-test-475,4,3,0.7556463708619279,2.64,somewhat uncertain
AmbiStory,blind,GEPA,AmbiStory-test-476,5,4,0.0,0.64,not uncertain
AmbiStory,blind,GEPA,AmbiStory-test-477,4,3,0.1088474299420343,2.16,somewhat uncertain
AmbiStory,blind,GEPA,AmbiStory-test-478,5,4,0.0,0.5599999999999999,somewhat uncertain
AmbiStory,blind,GEPA,AmbiStory-test-479,4,3,0.5706539701331208,2.0,somewhat uncertain
AmbiStory,blind,GEPA,AmbiStory-test-480,5,5,0.1119118773166679,0.0,highly uncertain
AmbiStory,blind,GEPA,AmbiStory-test-481,1,2,0.0,0.64,highly uncertain
AmbiStory,blind,GEPA,AmbiStory-test-482,3,2,0.5083773386853035,2.1600000000000006,highly uncertain
AmbiStory,blind,GEPA,AmbiStory-test-483,5,4,0.0,0.5599999999999999,highly uncertain
AmbiStory,blind,GEPA,AmbiStory-test-484,4,4,0.2623806221160973,1.36,highly uncertain
AmbiStory,blind,GEPA,AmbiStory-test-485,2,3,0.7175086606268548,1.84,highly uncertain
AmbiStory,blind,GEPA,AmbiStory-test-486,1,2,0.0436935158910359,0.64,highly uncertain
AmbiStory,blind,GEPA,AmbiStory-test-487,5,4,0.0,0.8,highly uncertain
AmbiStory,blind,GEPA,AmbiStory-test-488,1,1,0.2895990937222425,0.0,highly uncertain
AmbiStory,blind,GEPA,AmbiStory-test-489,5,5,0.0,0.0,not uncertain
AmbiStory,blind,GEPA,AmbiStory-test-490,1,1,0.1284926941081436,0.24,highly uncertain
AmbiStory,blind,GEPA,AmbiStory-test-491,5,5,0.0,0.1599999999999999,highly uncertain
AmbiStory,blind,GEPA,AmbiStory-test-492,5,5,0.0,0.0,not uncertain
AmbiStory,blind,GEPA,AmbiStory-test-493,1,3,0.9267396770573952,2.64,highly uncertain
AmbiStory,blind,GEPA,AmbiStory-test-494,5,4,0.0,2.56,not uncertain
AmbiStory,blind,GEPA,AmbiStory-test-495,1,3,2.0369456397644408,1.7600000000000002,highly uncertain
AmbiStory,blind,GEPA,AmbiStory-test-496,5,4,0.0,1.36,not uncertain
AmbiStory,blind,GEPA,AmbiStory-test-497,1,2,0.1980814173169271,0.56,highly uncertain
AmbiStory,blind,GEPA,AmbiStory-test-498,1,4,0.0920888839168253,0.5599999999999999,highly uncertain
AmbiStory,blind,GEPA,AmbiStory-test-499,5,2,0.0,1.2,highly uncertain
AmbiStory,blind,GEPA,AmbiStory-test-500,1,1,0.0,0.24,highly uncertain
AmbiStory,blind,GEPA,AmbiStory-test-501,5,4,0.0,0.96,highly uncertain
AmbiStory,blind,GEPA,AmbiStory-test-502,1,3,0.0,1.0400000000000005,highly uncertain
AmbiStory,blind,GEPA,AmbiStory-test-503,5,3,0.0,1.8400000000000003,somewhat uncertain
AmbiStory,blind,GEPA,AmbiStory-test-504,5,5,0.0,0.6399999999999999,not uncertain
AmbiStory,blind,GEPA,AmbiStory-test-505,1,1,0.0,0.0,highly uncertain
AmbiStory,blind,GEPA,AmbiStory-test-506,3,3,0.5543492725704033,1.0400000000000005,highly uncertain
AmbiStory,blind,GEPA,AmbiStory-test-507,5,3,0.0,1.6,highly uncertain
AmbiStory,blind,GEPA,AmbiStory-test-508,5,3,0.0,1.36,highly uncertain
AmbiStory,blind,GEPA,AmbiStory-test-509,5,2,0.0,2.2222222222222223,highly uncertain
AmbiStory,blind,GEPA,AmbiStory-test-510,5,3,0.2193579151108571,1.36,highly uncertain
AmbiStory,blind,GEPA,AmbiStory-test-511,5,2,0.2107373937842,0.96,highly uncertain
AmbiStory,blind,GEPA,AmbiStory-test-512,1,2,0.8491303878846194,1.8400000000000003,highly uncertain
AmbiStory,blind,GEPA,AmbiStory-test-513,5,4,0.0,0.6399999999999999,not uncertain
AmbiStory,blind,GEPA,AmbiStory-test-514,4,3,0.7831133533125605,0.64,highly uncertain
AmbiStory,blind,GEPA,AmbiStory-test-515,5,4,0.0,0.5599999999999999,not uncertain
AmbiStory,blind,GEPA,AmbiStory-test-516,5,4,0.0,1.44,highly uncertain
AmbiStory,blind,GEPA,AmbiStory-test-517,1,2,0.9603329030344668,1.36,highly uncertain
AmbiStory,blind,GEPA,AmbiStory-test-518,1,2,0.0,2.4,highly uncertain
AmbiStory,blind,GEPA,AmbiStory-test-519,5,5,0.0,0.0,highly uncertain
AmbiStory,blind,GEPA,AmbiStory-test-520,1,2,0.0,0.56,highly uncertain
AmbiStory,blind,GEPA,AmbiStory-test-521,1,3,0.9747190399495336,1.84,highly uncertain
AmbiStory,blind,GEPA,AmbiStory-test-522,2,2,1.3647080765356612,1.36,highly uncertain
AmbiStory,blind,GEPA,AmbiStory-test-523,5,5,0.0,0.24,highly uncertain
AmbiStory,blind,GEPA,AmbiStory-test-524,1,2,0.0,1.4400000000000002,highly uncertain
AmbiStory,blind,GEPA,AmbiStory-test-525,5,5,0.0,0.1599999999999999,not uncertain
AmbiStory,blind,GEPA,AmbiStory-test-526,2,1,0.2306660760022544,0.16,highly uncertain
AmbiStory,blind,GEPA,AmbiStory-test-527,5,4,0.0,0.64,not uncertain
AmbiStory,blind,GEPA,AmbiStory-test-528,4,3,0.2264880387402977,0.8,highly uncertain
AmbiStory,blind,GEPA,AmbiStory-test-529,5,4,0.1980564469190529,0.1599999999999999,highly uncertain
AmbiStory,blind,GEPA,AmbiStory-test-530,1,1,0.1202969487134836,0.24,highly uncertain
AmbiStory,blind,GEPA,AmbiStory-test-531,5,5,0.0,0.24,not uncertain
AmbiStory,blind,GEPA,AmbiStory-test-532,4,3,0.0954607791299606,0.24,highly uncertain
AmbiStory,blind,GEPA,AmbiStory-test-533,5,3,0.0,0.0,highly uncertain
AmbiStory,blind,GEPA,AmbiStory-test-534,5,5,0.0478435607182895,0.1599999999999999,highly uncertain
AmbiStory,blind,GEPA,AmbiStory-test-535,5,5,0.0,0.1599999999999999,highly uncertain
AmbiStory,blind,GEPA,AmbiStory-test-536,4,5,0.2726371675617801,0.24,highly uncertain
AmbiStory,blind,GEPA,AmbiStory-test-537,5,5,0.0,0.0,somewhat uncertain
AmbiStory,blind,GEPA,AmbiStory-test-538,5,5,0.0,0.0,highly uncertain
AmbiStory,blind,GEPA,AmbiStory-test-539,5,5,0.0,0.0,highly uncertain
AmbiStory,blind,GEPA,AmbiStory-test-540,1,3,1.7494260314103272,1.7600000000000002,highly uncertain
AmbiStory,blind,GEPA,AmbiStory-test-541,5,4,0.0,2.16,not uncertain
AmbiStory,blind,GEPA,AmbiStory-test-542,1,3,0.0684413791511432,1.84,highly uncertain
AmbiStory,blind,GEPA,AmbiStory-test-543,5,5,0.0,0.0,not uncertain
AmbiStory,blind,GEPA,AmbiStory-test-544,1,4,0.1399953032085378,1.44,highly uncertain
AmbiStory,blind,GEPA,AmbiStory-test-545,5,5,0.0,0.0,not uncertain
AmbiStory,blind,GEPA,AmbiStory-test-546,4,3,1.2424079719851158,1.36,highly uncertain
AmbiStory,blind,GEPA,AmbiStory-test-547,4,3,1.7929232873146042,0.96,highly uncertain
AmbiStory,blind,GEPA,AmbiStory-test-548,1,2,0.0,0.64,highly uncertain
AmbiStory,blind,GEPA,AmbiStory-test-549,5,4,0.0,0.8,not uncertain
AmbiStory,blind,GEPA,AmbiStory-test-550,1,2,0.0,0.56,highly uncertain
AmbiStory,blind,GEPA,AmbiStory-test-551,5,4,0.0,0.5599999999999999,not uncertain
AmbiStory,blind,GEPA,AmbiStory-test-552,1,1,0.0,0.0,highly uncertain
AmbiStory,blind,GEPA,AmbiStory-test-553,5,3,0.0717223659859335,1.04,somewhat uncertain
AmbiStory,blind,GEPA,AmbiStory-test-554,1,2,0.0,1.8400000000000003,highly uncertain
AmbiStory,blind,GEPA,AmbiStory-test-555,5,3,0.0,0.96,somewhat uncertain
AmbiStory,blind,GEPA,AmbiStory-test-556,1,1,0.0,0.24,highly uncertain
AmbiStory,blind,GEPA,AmbiStory-test-557,5,4,0.0,2.24,somewhat uncertain
AmbiStory,blind,GEPA,AmbiStory-test-558,5,5,0.0,0.0,highly uncertain
AmbiStory,blind,GEPA,AmbiStory-test-559,2,2,0.497158852819123,2.4,somewhat uncertain
AmbiStory,blind,GEPA,AmbiStory-test-560,1,1,0.0,0.16,highly uncertain
AmbiStory,blind,GEPA,AmbiStory-test-561,5,4,0.0,0.64,somewhat uncertain
AmbiStory,blind,GEPA,AmbiStory-test-562,1,2,0.3611954859151433,0.5599999999999999,highly uncertain
AmbiStory,blind,GEPA,AmbiStory-test-563,5,4,0.0,0.24,somewhat uncertain
AmbiStory,blind,GEPA,AmbiStory-test-564,5,4,0.0,1.0400000000000005,not uncertain
AmbiStory,blind,GEPA,AmbiStory-test-565,5,4,0.9387263855713364,0.5599999999999999,highly uncertain
AmbiStory,blind,GEPA,AmbiStory-test-566,5,3,0.0,0.5599999999999999,highly uncertain
AmbiStory,blind,GEPA,AmbiStory-test-567,5,4,0.1615996378742455,2.16,not uncertain
AmbiStory,blind,GEPA,AmbiStory-test-568,4,3,0.1819243613983992,1.04,highly uncertain
AmbiStory,blind,GEPA,AmbiStory-test-569,5,4,0.0,0.96,not uncertain
AmbiStory,blind,GEPA,AmbiStory-test-570,5,5,0.08694273303909,0.24,highly uncertain
AmbiStory,blind,GEPA,AmbiStory-test-571,1,1,0.7395764018420691,0.16,highly uncertain
AmbiStory,blind,GEPA,AmbiStory-test-572,4,3,0.8335869291044397,0.64,highly uncertain
AmbiStory,blind,GEPA,AmbiStory-test-573,5,4,0.2269809144506409,3.04,somewhat uncertain
AmbiStory,blind,GEPA,AmbiStory-test-574,5,4,0.0,2.16,highly uncertain
AmbiStory,blind,GEPA,AmbiStory-test-575,4,2,0.6840104782199002,0.5555555555555555,highly uncertain
AmbiStory,blind,GEPA,AmbiStory-test-576,5,5,0.0314931582960687,0.1599999999999999,highly uncertain
AmbiStory,blind,GEPA,AmbiStory-test-577,5,4,0.4227755358235308,1.2,somewhat uncertain
AmbiStory,blind,GEPA,AmbiStory-test-578,1,1,0.0,0.24,highly uncertain
AmbiStory,blind,GEPA,AmbiStory-test-579,5,5,0.0,0.0,not uncertain
AmbiStory,blind,GEPA,AmbiStory-test-580,5,1,1.437887663596113,0.24,highly uncertain
AmbiStory,blind,GEPA,AmbiStory-test-581,5,5,0.0,0.1599999999999999,not uncertain
AmbiStory,blind,GEPA,AmbiStory-test-582,5,3,0.0,0.4,highly uncertain
AmbiStory,blind,GEPA,AmbiStory-test-583,1,2,0.2687941833788239,1.4400000000000002,highly uncertain
AmbiStory,blind,GEPA,AmbiStory-test-584,4,2,0.2395173399934928,0.8,highly uncertain
AmbiStory,blind,GEPA,AmbiStory-test-585,5,3,0.227780362207278,0.96,highly uncertain
AmbiStory,blind,GEPA,AmbiStory-test-586,5,3,0.0,1.2,highly uncertain
AmbiStory,blind,GEPA,AmbiStory-test-587,2,2,0.1833860830874542,0.64,highly uncertain
AmbiStory,blind,GEPA,AmbiStory-test-588,1,2,1.0949257219548292,0.5599999999999999,highly uncertain
AmbiStory,blind,GEPA,AmbiStory-test-589,5,4,0.0798690009247395,1.36,not uncertain
AmbiStory,blind,GEPA,AmbiStory-test-590,1,4,0.1505037998485073,1.84,highly uncertain
AmbiStory,blind,GEPA,AmbiStory-test-591,5,5,0.0,0.24,not uncertain
AmbiStory,blind,GEPA,AmbiStory-test-592,4,3,2.5535957215501908,2.56,highly uncertain
AmbiStory,blind,GEPA,AmbiStory-test-593,5,5,0.0,0.1599999999999999,not uncertain
AmbiStory,blind,GEPA,AmbiStory-test-594,1,2,0.1224854082886808,0.64,highly uncertain
AmbiStory,blind,GEPA,AmbiStory-test-595,4,4,0.1810309866726825,2.4,highly uncertain
AmbiStory,blind,GEPA,AmbiStory-test-596,1,1,0.1604746390842577,0.24,highly uncertain
AmbiStory,blind,GEPA,AmbiStory-test-597,5,3,0.1446893353979128,2.0,highly uncertain
AmbiStory,blind,GEPA,AmbiStory-test-598,1,2,0.0207535437936703,0.24,highly uncertain
AmbiStory,blind,GEPA,AmbiStory-test-599,4,5,0.0946042674128925,0.6399999999999999,highly uncertain
AmbiStory,blind,GEPA,AmbiStory-test-600,5,5,0.0,0.1599999999999999,not uncertain
AmbiStory,blind,GEPA,AmbiStory-test-601,1,2,0.0,0.56,highly uncertain
AmbiStory,blind,GEPA,AmbiStory-test-602,5,5,0.6392992441913204,0.0,not uncertain
AmbiStory,blind,GEPA,AmbiStory-test-603,1,3,0.3456594475049026,2.2222222222222223,highly uncertain
AmbiStory,blind,GEPA,AmbiStory-test-604,5,4,0.0,0.24,not uncertain
AmbiStory,blind,GEPA,AmbiStory-test-605,1,2,0.0,0.24,highly uncertain
AmbiStory,blind,GEPA,AmbiStory-test-606,1,3,1.737022629258816,2.56,highly uncertain
AmbiStory,blind,GEPA,AmbiStory-test-607,5,3,0.0,1.8400000000000003,highly uncertain
AmbiStory,blind,GEPA,AmbiStory-test-608,1,1,0.0,0.0,highly uncertain
AmbiStory,blind,GEPA,AmbiStory-test-609,5,5,0.0,0.1599999999999999,not uncertain
AmbiStory,blind,GEPA,AmbiStory-test-610,1,1,0.0,0.24,highly uncertain
AmbiStory,blind,GEPA,AmbiStory-test-611,5,4,0.0,1.36,not uncertain
AmbiStory,blind,GEPA,AmbiStory-test-612,5,5,0.0430659263869219,0.0,highly uncertain
AmbiStory,blind,GEPA,AmbiStory-test-613,4,2,0.1414162663804008,2.16,highly uncertain
AmbiStory,blind,GEPA,AmbiStory-test-614,1,1,0.0,0.0,highly uncertain
AmbiStory,blind,GEPA,AmbiStory-test-615,5,5,0.0,0.24,not uncertain
AmbiStory,blind,GEPA,AmbiStory-test-616,1,2,0.0,0.64,highly uncertain
AmbiStory,blind,GEPA,AmbiStory-test-617,5,5,0.0,0.24,highly uncertain
AmbiStory,blind,GEPA,AmbiStory-test-618,5,4,0.6287620480428229,2.24,highly uncertain
AmbiStory,blind,GEPA,AmbiStory-test-619,5,3,0.0263998132441976,3.3599999999999994,somewhat uncertain
AmbiStory,blind,GEPA,AmbiStory-test-620,1,2,0.0,0.24,highly uncertain
AmbiStory,blind,GEPA,AmbiStory-test-621,5,5,0.0,0.24,not uncertain
AmbiStory,blind,GEPA,AmbiStory-test-622,1,2,0.0,1.04,highly uncertain
AmbiStory,blind,GEPA,AmbiStory-test-623,5,5,0.0,0.0,somewhat uncertain
AmbiStory,blind,GEPA,AmbiStory-test-624,1,1,0.7397608114653258,0.64,highly uncertain
AmbiStory,blind,GEPA,AmbiStory-test-625,5,3,0.0840758615502877,2.56,highly uncertain
AmbiStory,blind,GEPA,AmbiStory-test-626,1,2,0.0,2.24,highly uncertain
AmbiStory,blind,GEPA,AmbiStory-test-627,5,4,0.0,0.24,not uncertain
AmbiStory,blind,GEPA,AmbiStory-test-628,1,3,0.0764870514689246,0.64,highly uncertain
AmbiStory,blind,GEPA,AmbiStory-test-629,5,5,0.0,0.24,not uncertain
AmbiStory,blind,GEPA,AmbiStory-test-630,5,5,0.0,0.0,highly uncertain
AmbiStory,blind,GEPA,AmbiStory-test-631,1,1,0.0,0.24,highly uncertain
AmbiStory,blind,GEPA,AmbiStory-test-632,5,5,0.0,0.0,highly uncertain
AmbiStory,blind,GEPA,AmbiStory-test-633,1,1,0.0,0.0,highly uncertain
AmbiStory,blind,GEPA,AmbiStory-test-634,5,5,0.0,0.0,somewhat uncertain
AmbiStory,blind,GEPA,AmbiStory-test-635,1,2,0.0220654634123557,0.24,highly uncertain
AmbiStory,blind,GEPA,AmbiStory-test-636,5,4,0.0,0.5599999999999999,highly uncertain
AmbiStory,blind,GEPA,AmbiStory-test-637,1,2,0.7929647984552504,1.2,highly uncertain
AmbiStory,blind,GEPA,AmbiStory-test-638,5,3,0.0,1.84,highly uncertain
AmbiStory,blind,GEPA,AmbiStory-test-639,5,3,0.0,2.64,highly uncertain
AmbiStory,blind,GEPA,AmbiStory-test-640,5,3,0.0,1.4400000000000002,highly uncertain
AmbiStory,blind,GEPA,AmbiStory-test-641,5,2,1.2801758204100022,2.1600000000000006,highly uncertain
AmbiStory,blind,GEPA,AmbiStory-test-642,5,5,0.0,0.0,not uncertain
AmbiStory,blind,GEPA,AmbiStory-test-643,1,2,0.0,0.64,highly uncertain
AmbiStory,blind,GEPA,AmbiStory-test-644,5,5,0.0,0.24,highly uncertain
AmbiStory,blind,GEPA,AmbiStory-test-645,1,1,0.0,0.6400000000000002,highly uncertain
AmbiStory,blind,GEPA,AmbiStory-test-646,5,5,0.0,0.0,highly uncertain
AmbiStory,blind,GEPA,AmbiStory-test-647,1,1,0.0,0.16,highly uncertain
AmbiStory,blind,GEPA,AmbiStory-test-648,1,2,0.068753411766284,0.96,highly uncertain
AmbiStory,blind,GEPA,AmbiStory-test-649,5,4,0.0,1.6,not uncertain
AmbiStory,blind,GEPA,AmbiStory-test-650,1,1,0.0307088628327049,0.16,highly uncertain
AmbiStory,blind,GEPA,AmbiStory-test-651,5,5,0.0,0.0,not uncertain
AmbiStory,blind,GEPA,AmbiStory-test-652,1,3,0.0,1.6,highly uncertain
AmbiStory,blind,GEPA,AmbiStory-test-653,5,5,0.0,0.24,not uncertain
AmbiStory,blind,GEPA,AmbiStory-test-654,5,5,0.0,0.24,not uncertain
AmbiStory,blind,GEPA,AmbiStory-test-655,1,2,0.0,0.64,highly uncertain
AmbiStory,blind,GEPA,AmbiStory-test-656,5,3,0.0,1.6,somewhat uncertain
AmbiStory,blind,GEPA,AmbiStory-test-657,4,3,0.4829933894798052,2.64,highly uncertain
AmbiStory,blind,GEPA,AmbiStory-test-658,5,4,0.0,1.36,highly uncertain
AmbiStory,blind,GEPA,AmbiStory-test-659,1,4,0.0,0.5599999999999999,highly uncertain
AmbiStory,blind,GEPA,AmbiStory-test-660,5,5,0.0196054065150744,0.0,highly uncertain
AmbiStory,blind,GEPA,AmbiStory-test-661,1,2,0.2481500593644351,0.56,highly uncertain
AmbiStory,blind,GEPA,AmbiStory-test-662,5,4,0.1916303883918007,1.2,highly uncertain
AmbiStory,blind,GEPA,AmbiStory-test-663,1,4,0.3386549481690872,1.6,highly uncertain
AmbiStory,blind,GEPA,AmbiStory-test-664,5,4,0.0236617751424019,0.8,highly uncertain
AmbiStory,blind,GEPA,AmbiStory-test-665,1,3,0.4698577419163634,0.4,highly uncertain
AmbiStory,blind,GEPA,AmbiStory-test-666,5,5,0.0,0.6399999999999999,not uncertain
AmbiStory,blind,GEPA,AmbiStory-test-667,1,2,0.0523441946407831,2.16,highly uncertain
AmbiStory,blind,GEPA,AmbiStory-test-668,5,4,0.0,0.64,not uncertain
AmbiStory,blind,GEPA,AmbiStory-test-669,5,2,0.0,1.8400000000000003,highly uncertain
AmbiStory,blind,GEPA,AmbiStory-test-670,5,5,0.0,0.1599999999999999,not uncertain
AmbiStory,blind,GEPA,AmbiStory-test-671,1,1,0.2914455572189092,0.0,highly uncertain
AmbiStory,blind,GEPA,AmbiStory-test-672,5,5,0.0,0.6399999999999999,highly uncertain
AmbiStory,blind,GEPA,AmbiStory-test-673,5,4,0.0,2.4,not uncertain
AmbiStory,blind,GEPA,AmbiStory-test-674,5,5,0.0152491939710185,0.1599999999999999,highly uncertain
AmbiStory,blind,GEPA,AmbiStory-test-675,5,5,0.0,0.1599999999999999,highly uncertain
AmbiStory,blind,GEPA,AmbiStory-test-676,5,5,0.0,0.1599999999999999,highly uncertain
AmbiStory,blind,GEPA,AmbiStory-test-677,5,5,0.0,0.0,highly uncertain
AmbiStory,blind,GEPA,AmbiStory-test-678,5,3,0.0,1.4400000000000002,highly uncertain
AmbiStory,blind,GEPA,AmbiStory-test-679,5,3,0.0,1.36,not uncertain
AmbiStory,blind,GEPA,AmbiStory-test-680,5,1,0.0187038105328398,0.2222222222222222,highly uncertain
AmbiStory,blind,GEPA,AmbiStory-test-681,5,3,0.0,3.8400000000000007,not uncertain
AmbiStory,blind,GEPA,AmbiStory-test-682,5,3,0.0,0.96,highly uncertain
AmbiStory,blind,GEPA,AmbiStory-test-683,5,3,0.0,0.1599999999999999,highly uncertain
AmbiStory,blind,GEPA,AmbiStory-test-684,1,2,2.0597439287664088,1.2,highly uncertain
AmbiStory,blind,GEPA,AmbiStory-test-685,5,4,0.0,0.96,not uncertain
AmbiStory,blind,GEPA,AmbiStory-test-686,1,4,1.231773185877296,0.24,highly uncertain
AmbiStory,blind,GEPA,AmbiStory-test-687,5,3,0.0,1.84,not uncertain
AmbiStory,blind,GEPA,AmbiStory-test-688,1,2,1.488943223036702,1.0400000000000005,highly uncertain
AmbiStory,blind,GEPA,AmbiStory-test-689,5,3,0.0,1.0400000000000005,not uncertain
AmbiStory,blind,GEPA,AmbiStory-test-690,5,3,0.0241952348086655,0.8,highly uncertain
AmbiStory,blind,GEPA,AmbiStory-test-691,5,4,0.2227991691025583,0.96,highly uncertain
AmbiStory,blind,GEPA,AmbiStory-test-692,1,2,1.7773960413937475,0.64,highly uncertain
AmbiStory,blind,GEPA,AmbiStory-test-693,5,5,0.0,0.0,not uncertain
AmbiStory,blind,GEPA,AmbiStory-test-694,1,3,2.38119264854894,1.36,highly uncertain
AmbiStory,blind,GEPA,AmbiStory-test-695,5,3,0.0,2.24,highly uncertain
AmbiStory,blind,GEPA,AmbiStory-test-696,4,1,1.008999168193429,0.24,highly uncertain
AmbiStory,blind,GEPA,AmbiStory-test-697,5,2,0.0,0.4,not uncertain
AmbiStory,blind,GEPA,AmbiStory-test-698,4,3,0.2870015384282124,1.7600000000000002,highly uncertain
AmbiStory,blind,GEPA,AmbiStory-test-699,5,4,0.0,1.6,highly uncertain
AmbiStory,blind,GEPA,AmbiStory-test-700,1,3,0.8299431414099347,2.56,highly uncertain
AmbiStory,blind,GEPA,AmbiStory-test-701,5,2,0.0,0.56,not uncertain
AmbiStory,blind,GEPA,AmbiStory-test-702,2,2,1.2996922378600626,0.64,highly uncertain
AmbiStory,blind,GEPA,AmbiStory-test-703,5,2,1.730239078344251,1.8400000000000003,highly uncertain
AmbiStory,blind,GEPA,AmbiStory-test-704,5,4,0.105292195728954,1.36,highly uncertain
AmbiStory,blind,GEPA,AmbiStory-test-705,5,4,0.4384102528268611,0.8,somewhat uncertain
AmbiStory,blind,GEPA,AmbiStory-test-706,3,3,0.6411161408950066,1.04,highly uncertain
AmbiStory,blind,GEPA,AmbiStory-test-707,5,3,0.4864249301282839,1.84,highly uncertain
AmbiStory,blind,GEPA,AmbiStory-test-708,5,4,0.0,1.36,highly uncertain
AmbiStory,blind,GEPA,AmbiStory-test-709,1,2,0.0,2.1600000000000006,highly uncertain
AmbiStory,blind,GEPA,AmbiStory-test-710,5,2,0.9931799682016924,0.24,highly uncertain
AmbiStory,blind,GEPA,AmbiStory-test-711,1,4,0.025118563559944,1.36,highly uncertain
AmbiStory,blind,GEPA,AmbiStory-test-712,5,3,0.0189352180134482,1.2,not uncertain
AmbiStory,blind,GEPA,AmbiStory-test-713,1,3,0.058033006005958,1.04,highly uncertain
AmbiStory,blind,GEPA,AmbiStory-test-714,5,4,0.0597700563330238,0.5599999999999999,somewhat uncertain
AmbiStory,blind,GEPA,AmbiStory-test-715,5,3,0.0,1.84,somewhat uncertain
AmbiStory,blind,GEPA,AmbiStory-test-716,1,3,2.095453009009699,2.56,somewhat uncertain
AmbiStory,blind,GEPA,AmbiStory-test-717,5,3,1.1706395662766076,2.56,highly uncertain
AmbiStory,blind,GEPA,AmbiStory-test-718,1,3,1.4304415624629945,1.6,highly uncertain
AmbiStory,blind,GEPA,AmbiStory-test-719,5,2,0.0599642222224461,0.96,not uncertain
AmbiStory,blind,GEPA,AmbiStory-test-720,5,4,0.2474888179890695,1.04,highly uncertain
AmbiStory,blind,GEPA,AmbiStory-test-721,5,3,0.0,1.2,highly uncertain
AmbiStory,blind,GEPA,AmbiStory-test-722,4,5,0.2273992552331586,0.24,highly uncertain
AmbiStory,blind,GEPA,AmbiStory-test-723,5,3,0.0,1.84,somewhat uncertain
AmbiStory,blind,GEPA,AmbiStory-test-724,5,4,0.4475318577666095,2.16,highly uncertain
AmbiStory,blind,GEPA,AmbiStory-test-725,5,3,0.0,1.7600000000000002,somewhat uncertain
AmbiStory,blind,GEPA,AmbiStory-test-726,5,5,0.0263517679275566,0.0,somewhat uncertain
AmbiStory,blind,GEPA,AmbiStory-test-727,2,2,0.1179996026185003,2.16,highly uncertain
AmbiStory,blind,GEPA,AmbiStory-test-728,1,2,1.6821494476972194,1.8400000000000003,highly uncertain
AmbiStory,blind,GEPA,AmbiStory-test-729,5,4,0.0,1.0400000000000005,highly uncertain
AmbiStory,blind,GEPA,AmbiStory-test-730,4,4,0.1750259763131967,0.5599999999999999,somewhat uncertain
AmbiStory,blind,GEPA,AmbiStory-test-731,4,2,0.4181402273981979,0.9600000000000002,highly uncertain
AmbiStory,blind,GEPA,AmbiStory-test-732,5,4,0.0,1.36,somewhat uncertain
AmbiStory,blind,GEPA,AmbiStory-test-733,2,2,0.2104990366554815,0.96,highly uncertain
AmbiStory,blind,GEPA,AmbiStory-test-734,5,3,0.108622939555157,2.64,highly uncertain
AmbiStory,blind,GEPA,AmbiStory-test-735,5,4,0.0552004041502247,1.84,highly uncertain
AmbiStory,blind,GEPA,AmbiStory-test-736,5,3,0.0405042390422531,2.0,highly uncertain
AmbiStory,blind,GEPA,AmbiStory-test-737,1,4,0.184741755146006,0.1599999999999999,highly uncertain
AmbiStory,blind,GEPA,AmbiStory-test-738,5,5,0.0,0.0,not uncertain
AmbiStory,blind,GEPA,AmbiStory-test-739,1,1,0.0889127821953137,0.16,highly uncertain
AmbiStory,blind,GEPA,AmbiStory-test-740,1,2,0.8156125251014256,0.64,highly uncertain
AmbiStory,blind,GEPA,AmbiStory-test-741,5,5,0.0,0.0,somewhat uncertain
AmbiStory,blind,GEPA,AmbiStory-test-742,5,4,0.0,0.8,highly uncertain
AmbiStory,blind,GEPA,AmbiStory-test-743,4,2,2.358410539728012,0.4,highly uncertain
AmbiStory,blind,GEPA,AmbiStory-test-744,5,5,0.0,0.0,not uncertain
AmbiStory,blind,GEPA,AmbiStory-test-745,1,1,0.0,0.16,highly uncertain
AmbiStory,blind,GEPA,AmbiStory-test-746,5,5,0.0,0.0,not uncertain
AmbiStory,blind,GEPA,AmbiStory-test-747,1,1,0.0,0.0,highly uncertain
AmbiStory,blind,GEPA,AmbiStory-test-748,5,5,0.0,0.24,not uncertain
AmbiStory,blind,GEPA,AmbiStory-test-749,1,1,0.0,0.16,highly uncertain
AmbiStory,blind,GEPA,AmbiStory-test-750,1,2,0.0,0.96,highly uncertain
AmbiStory,blind,GEPA,AmbiStory-test-751,5,4,0.0,0.96,highly uncertain
AmbiStory,blind,GEPA,AmbiStory-test-752,1,1,0.0,0.0,highly uncertain
AmbiStory,blind,GEPA,AmbiStory-test-753,5,5,0.0,0.0,not uncertain
AmbiStory,blind,GEPA,AmbiStory-test-754,1,2,0.0381315459483033,1.2,highly uncertain
AmbiStory,blind,GEPA,AmbiStory-test-755,5,4,0.0,0.6399999999999999,highly uncertain
AmbiStory,blind,GEPA,AmbiStory-test-756,5,5,0.0,0.24,highly uncertain
AmbiStory,blind,GEPA,AmbiStory-test-757,1,1,0.0,0.16,highly uncertain
AmbiStory,blind,GEPA,AmbiStory-test-758,1,1,0.2100923760119366,0.24,highly uncertain
AmbiStory,blind,GEPA,AmbiStory-test-759,5,5,0.0,0.24,not uncertain
AmbiStory,blind,GEPA,AmbiStory-test-760,5,2,0.2034846633042382,0.4,highly uncertain
AmbiStory,blind,GEPA,AmbiStory-test-761,2,4,0.5056732549610482,0.5599999999999999,somewhat uncertain
AmbiStory,blind,GEPA,AmbiStory-test-762,5,4,0.0,1.36,highly uncertain
AmbiStory,blind,GEPA,AmbiStory-test-763,1,1,0.0,0.24,highly uncertain
AmbiStory,blind,GEPA,AmbiStory-test-764,5,4,0.0,1.36,highly uncertain
AmbiStory,blind,GEPA,AmbiStory-test-765,1,1,0.0,0.16,highly uncertain
AmbiStory,blind,GEPA,AmbiStory-test-766,5,4,0.0,0.8,highly uncertain
AmbiStory,blind,GEPA,AmbiStory-test-767,1,1,0.0,0.24,highly uncertain
AmbiStory,blind,GEPA,AmbiStory-test-768,5,3,0.0148862517265355,2.0,highly uncertain
AmbiStory,blind,GEPA,AmbiStory-test-769,1,2,0.0,0.64,highly uncertain
AmbiStory,blind,GEPA,AmbiStory-test-770,1,3,0.2029694919860726,0.64,highly uncertain
AmbiStory,blind,GEPA,AmbiStory-test-771,5,5,0.0,0.6399999999999999,highly uncertain
AmbiStory,blind,GEPA,AmbiStory-test-772,5,3,0.047355868535518,0.5599999999999999,highly uncertain
AmbiStory,blind,GEPA,AmbiStory-test-773,1,4,0.3198346709080258,0.64,highly uncertain
AmbiStory,blind,GEPA,AmbiStory-test-774,4,3,0.074863068660681,1.36,highly uncertain
AmbiStory,blind,GEPA,AmbiStory-test-775,5,2,0.0,1.4400000000000002,highly uncertain
AmbiStory,blind,GEPA,AmbiStory-test-776,5,2,0.7132901576834363,1.2,highly uncertain
AmbiStory,blind,GEPA,AmbiStory-test-777,1,2,0.0,1.36,highly uncertain
AmbiStory,blind,GEPA,AmbiStory-test-778,1,3,2.4692390272038365,2.8,highly uncertain
AmbiStory,blind,GEPA,AmbiStory-test-779,1,2,0.0,0.64,highly uncertain
AmbiStory,blind,GEPA,AmbiStory-test-780,5,5,0.0204237875630665,0.1599999999999999,highly uncertain
AmbiStory,blind,GEPA,AmbiStory-test-781,1,1,0.0216241485494836,0.16,highly uncertain
AmbiStory,blind,GEPA,AmbiStory-test-782,1,3,0.0310102933356865,0.64,highly uncertain
AmbiStory,blind,GEPA,AmbiStory-test-783,5,5,0.2837341459101385,0.0,somewhat uncertain
AmbiStory,blind,GEPA,AmbiStory-test-784,1,4,2.182063382331391,1.04,highly uncertain
AmbiStory,blind,GEPA,AmbiStory-test-785,4,3,0.9645230822137468,0.64,highly uncertain
AmbiStory,blind,GEPA,AmbiStory-test-786,5,4,0.07646927486836,1.36,highly uncertain
AmbiStory,blind,GEPA,AmbiStory-test-787,4,4,0.3888706504303231,2.16,highly uncertain
AmbiStory,blind,GEPA,AmbiStory-test-788,1,2,0.877165503563718,2.5600000000000005,highly uncertain
AmbiStory,blind,GEPA,AmbiStory-test-789,5,4,0.0,0.5599999999999999,highly uncertain
AmbiStory,blind,GEPA,AmbiStory-test-790,1,1,2.4236013673149936,0.16,highly uncertain
AmbiStory,blind,GEPA,AmbiStory-test-791,5,5,0.0994227301694973,0.1599999999999999,highly uncertain
AmbiStory,blind,GEPA,AmbiStory-test-792,1,3,2.462689326330453,2.56,highly uncertain
AmbiStory,blind,GEPA,AmbiStory-test-793,4,3,0.2784469283032456,2.472222222222222,highly uncertain
AmbiStory,blind,GEPA,AmbiStory-test-794,4,2,1.4673315474065436,0.24,highly uncertain
AmbiStory,blind,GEPA,AmbiStory-test-795,5,4,0.1278192648080696,1.0400000000000005,highly uncertain
AmbiStory,blind,GEPA,AmbiStory-test-796,5,2,0.8528745635574472,2.24,highly uncertain
AmbiStory,blind,GEPA,AmbiStory-test-797,5,5,0.0509733552002023,0.1599999999999999,highly uncertain
AmbiStory,blind,GEPA,AmbiStory-test-798,5,2,0.0,0.56,highly uncertain
AmbiStory,blind,GEPA,AmbiStory-test-799,1,4,3.938885902555157,0.4,highly uncertain
AmbiStory,blind,GEPA,AmbiStory-test-800,5,2,0.0,0.56,highly uncertain
AmbiStory,blind,GEPA,AmbiStory-test-801,5,3,0.0380514117131052,1.44,highly uncertain
AmbiStory,blind,GEPA,AmbiStory-test-802,5,2,0.0,0.96,highly uncertain
AmbiStory,blind,GEPA,AmbiStory-test-803,5,3,0.065071023831782,1.0400000000000005,highly uncertain
AmbiStory,blind,GEPA,AmbiStory-test-804,1,1,3.336331634352358,0.16,highly uncertain
AmbiStory,blind,GEPA,AmbiStory-test-805,5,4,0.0,0.5599999999999999,not uncertain
AmbiStory,blind,GEPA,AmbiStory-test-806,1,2,0.0252537694922563,0.24,highly uncertain
AmbiStory,blind,GEPA,AmbiStory-test-807,5,4,0.0,1.36,highly uncertain
AmbiStory,blind,GEPA,AmbiStory-test-808,1,2,0.0,0.24,highly uncertain
AmbiStory,blind,GEPA,AmbiStory-test-809,5,4,0.0,0.8,not uncertain
AmbiStory,blind,GEPA,AmbiStory-test-810,5,5,0.0,0.1599999999999999,highly uncertain
AmbiStory,blind,GEPA,AmbiStory-test-811,5,2,0.0346716268174225,2.5600000000000005,highly uncertain
AmbiStory,blind,GEPA,AmbiStory-test-812,1,2,0.0227934833825729,0.56,highly uncertain
AmbiStory,blind,GEPA,AmbiStory-test-813,5,4,0.489036059983775,1.44,highly uncertain
AmbiStory,blind,GEPA,AmbiStory-test-814,1,1,0.0,0.24,highly uncertain
AmbiStory,blind,GEPA,AmbiStory-test-815,5,5,3.41732163959289,0.1599999999999999,highly uncertain
AmbiStory,blind,GEPA,AmbiStory-test-816,5,5,0.0257946008938353,0.6399999999999999,highly uncertain
AmbiStory,blind,GEPA,AmbiStory-test-817,5,3,0.0,1.7600000000000002,highly uncertain
AmbiStory,blind,GEPA,AmbiStory-test-818,1,3,0.0761821746142097,2.16,highly uncertain
AmbiStory,blind,GEPA,AmbiStory-test-819,5,4,0.0,1.84,not uncertain
AmbiStory,blind,GEPA,AmbiStory-test-820,1,3,0.0784136945774859,1.84,highly uncertain
AmbiStory,blind,GEPA,AmbiStory-test-821,5,4,0.0,0.96,not uncertain
AmbiStory,blind,GEPA,AmbiStory-test-822,1,2,0.0,0.64,highly uncertain
AmbiStory,blind,GEPA,AmbiStory-test-823,5,5,0.0,0.6399999999999999,not uncertain
AmbiStory,blind,GEPA,AmbiStory-test-824,1,2,0.0,0.64,highly uncertain
AmbiStory,blind,GEPA,AmbiStory-test-825,5,5,0.0,0.1599999999999999,highly uncertain
AmbiStory,blind,GEPA,AmbiStory-test-826,1,2,0.281866714735545,0.24,highly uncertain
AmbiStory,blind,GEPA,AmbiStory-test-827,5,4,0.0,2.16,somewhat uncertain
AmbiStory,blind,GEPA,AmbiStory-test-828,5,4,0.0,1.6,not uncertain
AmbiStory,blind,GEPA,AmbiStory-test-829,5,4,0.0,2.560000000000001,somewhat uncertain
AmbiStory,blind,GEPA,AmbiStory-test-830,5,4,0.1146317310483613,0.96,not uncertain
AmbiStory,blind,GEPA,AmbiStory-test-831,5,3,0.0,2.64,somewhat uncertain
AmbiStory,blind,GEPA,AmbiStory-test-832,4,3,2.4345386840927783,1.04,not uncertain
AmbiStory,blind,GEPA,AmbiStory-test-833,5,4,0.0,0.4,somewhat uncertain
AmbiStory,blind,GEPA,AmbiStory-test-834,4,2,1.385937191205054,0.4,highly uncertain
AmbiStory,blind,GEPA,AmbiStory-test-835,4,4,0.0312655962131155,1.36,somewhat uncertain
AmbiStory,blind,GEPA,AmbiStory-test-836,1,3,0.214190543390043,2.16,highly uncertain
AmbiStory,blind,GEPA,AmbiStory-test-837,5,5,0.0293645268461198,0.1599999999999999,somewhat uncertain
AmbiStory,blind,GEPA,AmbiStory-test-838,5,3,0.232321168571578,2.64,highly uncertain
AmbiStory,blind,GEPA,AmbiStory-test-839,5,5,0.0,0.1599999999999999,somewhat uncertain
AmbiStory,blind,GEPA,AmbiStory-test-840,4,3,0.3596846584721506,1.44,not uncertain
AmbiStory,blind,GEPA,AmbiStory-test-841,5,4,0.0,0.64,somewhat uncertain
AmbiStory,blind,GEPA,AmbiStory-test-842,1,2,0.0739735483615411,0.16,highly uncertain
AmbiStory,blind,GEPA,AmbiStory-test-843,5,4,0.1097322857513813,0.64,somewhat uncertain
AmbiStory,blind,GEPA,AmbiStory-test-844,1,2,0.0515350847086488,0.56,not uncertain
AmbiStory,blind,GEPA,AmbiStory-test-845,5,3,0.2245432609944151,1.6,somewhat uncertain
AmbiStory,blind,GEPA,AmbiStory-test-846,5,4,0.0896620988171805,0.4,not uncertain
AmbiStory,blind,GEPA,AmbiStory-test-847,1,2,0.5708764856269815,0.6400000000000002,highly uncertain
AmbiStory,blind,GEPA,AmbiStory-test-848,1,1,0.0,0.16,highly uncertain
AmbiStory,blind,GEPA,AmbiStory-test-849,5,5,0.0296693860103418,0.24,not uncertain
AmbiStory,blind,GEPA,AmbiStory-test-850,1,2,0.1521645660571294,1.2,highly uncertain
AmbiStory,blind,GEPA,AmbiStory-test-851,5,4,0.5454793771695717,0.4,highly uncertain
AmbiStory,blind,GEPA,AmbiStory-test-852,4,3,1.8203692824755544,1.0400000000000005,highly uncertain
AmbiStory,blind,GEPA,AmbiStory-test-853,1,2,1.2721662512820666,0.4,highly uncertain
AmbiStory,blind,GEPA,AmbiStory-test-854,4,2,0.5752056341842859,1.84,highly uncertain
AmbiStory,blind,GEPA,AmbiStory-test-855,4,3,0.2451370312282916,2.56,highly uncertain
AmbiStory,blind,GEPA,AmbiStory-test-856,4,3,0.307793788861476,1.04,highly uncertain
AmbiStory,blind,GEPA,AmbiStory-test-857,5,2,0.106376281975629,1.36,highly uncertain
AmbiStory,blind,GEPA,AmbiStory-test-858,5,4,1.222584397915281,1.44,highly uncertain
AmbiStory,blind,GEPA,AmbiStory-test-859,4,1,0.1541546383436528,0.64,highly uncertain
AmbiStory,blind,GEPA,AmbiStory-test-860,1,3,0.9273387354113396,0.64,highly uncertain
AmbiStory,blind,GEPA,AmbiStory-test-861,4,1,0.7872488357525278,0.24,highly uncertain
AmbiStory,blind,GEPA,AmbiStory-test-862,1,3,0.1056868728604707,2.8,highly uncertain
AmbiStory,blind,GEPA,AmbiStory-test-863,5,2,0.7641285530084333,1.8400000000000003,highly uncertain
AmbiStory,blind,GEPA,AmbiStory-test-864,1,1,0.1716557448080647,0.24,highly uncertain
AmbiStory,blind,GEPA,AmbiStory-test-865,4,5,0.249972258129909,0.0,highly uncertain
AmbiStory,blind,GEPA,AmbiStory-test-866,1,1,0.2982586969389011,0.16,highly uncertain
AmbiStory,blind,GEPA,AmbiStory-test-867,5,5,0.2499260029957986,0.24,highly uncertain
AmbiStory,blind,GEPA,AmbiStory-test-868,1,1,0.0410215832175652,0.16,highly uncertain
AmbiStory,blind,GEPA,AmbiStory-test-869,5,5,0.0869839567376887,0.24,highly uncertain
AmbiStory,blind,GEPA,AmbiStory-test-870,5,5,0.0,0.6399999999999999,not uncertain
AmbiStory,blind,GEPA,AmbiStory-test-871,1,1,0.0,0.16,highly uncertain
AmbiStory,blind,GEPA,AmbiStory-test-872,5,3,0.0,0.1599999999999999,not uncertain
AmbiStory,blind,GEPA,AmbiStory-test-873,1,1,0.0529164334655757,0.0,highly uncertain
AmbiStory,blind,GEPA,AmbiStory-test-874,5,5,0.0,0.1599999999999999,not uncertain
AmbiStory,blind,GEPA,AmbiStory-test-875,1,1,0.0204509900220943,0.0,highly uncertain
AmbiStory,blind,GEPA,AmbiStory-test-876,2,4,1.18507520246828,0.4,highly uncertain
AmbiStory,blind,GEPA,AmbiStory-test-877,1,2,0.1446584755956835,1.8400000000000003,highly uncertain
AmbiStory,blind,GEPA,AmbiStory-test-878,4,3,1.7694978152756955,2.16,highly uncertain
AmbiStory,blind,GEPA,AmbiStory-test-879,2,2,0.2248440563477041,1.44,highly uncertain
AmbiStory,blind,GEPA,AmbiStory-test-880,1,4,0.0827930215848007,0.96,highly uncertain
AmbiStory,blind,GEPA,AmbiStory-test-881,1,2,0.0700690536990542,1.84,highly uncertain
AmbiStory,blind,GEPA,AmbiStory-test-882,4,4,2.450760239898138,1.44,not uncertain
AmbiStory,blind,GEPA,AmbiStory-test-883,1,2,0.0,3.04,highly uncertain
AmbiStory,blind,GEPA,AmbiStory-test-884,5,5,0.1052225170443497,0.1599999999999999,not uncertain
AmbiStory,blind,GEPA,AmbiStory-test-885,1,1,0.0,0.16,highly uncertain
AmbiStory,blind,GEPA,AmbiStory-test-886,4,5,0.9709831633174087,0.6399999999999999,not uncertain
AmbiStory,blind,GEPA,AmbiStory-test-887,1,2,1.2853466969580722,0.56,highly uncertain
AmbiStory,blind,GEPA,AmbiStory-test-888,5,5,0.0,0.0,not uncertain
AmbiStory,blind,GEPA,AmbiStory-test-889,1,2,1.6808559120429454,0.64,highly uncertain
AmbiStory,blind,GEPA,AmbiStory-test-890,4,3,1.1089118775451712,0.96,highly uncertain
AmbiStory,blind,GEPA,AmbiStory-test-891,4,3,0.2370040301894513,0.24,highly uncertain
AmbiStory,blind,GEPA,AmbiStory-test-892,5,4,0.0,0.8,highly uncertain
AmbiStory,blind,GEPA,AmbiStory-test-893,1,3,0.6886245472705084,1.36,highly uncertain
AmbiStory,blind,GEPA,AmbiStory-test-894,5,3,0.0853901126462344,0.5599999999999999,highly uncertain
AmbiStory,blind,GEPA,AmbiStory-test-895,3,2,1.3872863015679986,0.8,highly uncertain
AmbiStory,blind,GEPA,AmbiStory-test-896,4,2,0.9784508991003956,0.56,highly uncertain
AmbiStory,blind,GEPA,AmbiStory-test-897,3,4,0.4658252905700311,1.0400000000000005,highly uncertain
AmbiStory,blind,GEPA,AmbiStory-test-898,5,2,0.2283967231357498,0.64,highly uncertain
AmbiStory,blind,GEPA,AmbiStory-test-899,4,3,0.7696518564319137,0.96,highly uncertain
AmbiStory,blind,GEPA,AmbiStory-test-900,1,2,0.1476110041662137,0.5599999999999999,highly uncertain
AmbiStory,blind,GEPA,AmbiStory-test-901,4,5,0.1534264133146353,0.1599999999999999,somewhat uncertain
AmbiStory,blind,GEPA,AmbiStory-test-902,1,2,0.0628456226287766,0.56,highly uncertain
AmbiStory,blind,GEPA,AmbiStory-test-903,5,5,0.0,0.1599999999999999,somewhat uncertain
AmbiStory,blind,GEPA,AmbiStory-test-904,1,2,0.0239610335448783,1.2,highly uncertain
AmbiStory,blind,GEPA,AmbiStory-test-905,5,4,0.1121779703403708,0.0,somewhat uncertain
AmbiStory,blind,GEPA,AmbiStory-test-906,5,5,0.0733462525744408,0.6399999999999999,not uncertain
AmbiStory,blind,GEPA,AmbiStory-test-907,2,1,0.1718682355372878,0.16,highly uncertain
AmbiStory,blind,GEPA,AmbiStory-test-908,5,3,0.0930264174096821,0.5599999999999999,somewhat uncertain
AmbiStory,blind,GEPA,AmbiStory-test-909,4,3,0.0,1.6,highly uncertain
AmbiStory,blind,GEPA,AmbiStory-test-910,5,3,0.0309807606284611,0.8,highly uncertain
AmbiStory,blind,GEPA,AmbiStory-test-911,1,2,0.0221640444530366,0.8,highly uncertain
AmbiStory,blind,GEPA,AmbiStory-test-912,5,3,0.0,0.96,highly uncertain
AmbiStory,blind,GEPA,AmbiStory-test-913,5,3,1.1252256046944336,2.64,not uncertain
AmbiStory,blind,GEPA,AmbiStory-test-914,1,2,0.0,2.4,highly uncertain
AmbiStory,blind,GEPA,AmbiStory-test-915,5,4,0.0,0.64,not uncertain
AmbiStory,blind,GEPA,AmbiStory-test-916,1,3,0.0,2.0,highly uncertain
AmbiStory,blind,GEPA,AmbiStory-test-917,5,5,0.0,0.1599999999999999,not uncertain
AmbiStory,blind,GEPA,AmbiStory-test-918,5,4,0.0,1.36,not uncertain
AmbiStory,blind,GEPA,AmbiStory-test-919,5,2,0.0,0.4,highly uncertain
AmbiStory,blind,GEPA,AmbiStory-test-920,5,5,0.0,0.6399999999999999,highly uncertain
AmbiStory,blind,GEPA,AmbiStory-test-921,1,2,1.4457893737663938,0.64,highly uncertain
AmbiStory,blind,GEPA,AmbiStory-test-922,5,4,0.0,0.96,highly uncertain
AmbiStory,blind,GEPA,AmbiStory-test-923,5,3,0.0429568909253673,0.4,highly uncertain
AmbiStory,blind,GEPA,AmbiStory-test-924,5,1,0.0,0.0,highly uncertain
AmbiStory,blind,GEPA,AmbiStory-test-925,2,4,0.640791689798982,1.2,highly uncertain
AmbiStory,blind,GEPA,AmbiStory-test-926,5,1,0.0,0.16,highly uncertain
AmbiStory,blind,GEPA,AmbiStory-test-927,1,3,0.5732982527959736,2.222222222222222,highly uncertain
AmbiStory,blind,GEPA,AmbiStory-test-928,5,2,0.0,1.36,highly uncertain
AmbiStory,blind,GEPA,AmbiStory-test-929,2,4,1.5485981536044278,0.96,highly uncertain
