benchmark,condition,method,item_id,llm1_label,consensus,g_m,u_m,hedge
HSBrexit,blind,single_hedge,HS-Brexit-test-1,0,0,0.0,0.0,not uncertain
HSBrexit,blind,single_hedge,HS-Brexit-test-2,1,1,0.0,0.2222222222222222,not uncertain
HSBrexit,blind,single_hedge,HS-Brexit-test-3,0,0,0.0,0.0,not uncertain
HSBrexit,blind,single_hedge,HS-Brexit-test-4,0,0,0.0,0.0,somewhat uncertain
HSBrexit,blind,single_hedge,HS-Brexit-test-5,0,0,0.16,0.2222222222222222,somewhat uncertain
HSBrexit,blind,single_hedge,HS-Brexit-test-6,0,0,0.0,0.0,somewhat uncertain
HSBrexit,blind,single_hedge,HS-Brexit-test-7,1,0,0.0,0.1388888888888889,somewhat uncertain
HSBrexit,blind,single_hedge,HS-Brexit-test-8,1,0,0.0,0.25,not uncertain
HSBrexit,blind,single_hedge,HS-Brexit-test-9,1,0,0.1875,0.25,not uncertain
HSBrexit,blind,single_hedge,HS-Brexit-test-10,0,0,0.0,0.25,not uncertain
HSBrexit,blind,single_hedge,HS-Brexit-test-11,1,0,0.0,0.25,not uncertain
HSBrexit,blind,single_hedge,HS-Brexit-test-12,1,0,0.0,0.2222222222222222,not uncertain
HSBrexit,blind,single_hedge,HS-Brexit-test-13,0,0,0.0475,0.0,not uncertain
HSBrexit,blind,single_hedge,HS-Brexit-test-14,1,0,0.0,0.0,somewhat uncertain
HSBrexit,blind,single_hedge,HS-Brexit-test-15,0,0,0.0,0.0,somewhat uncertain
HSBrexit,blind,single_hedge,HS-Brexit-test-16,1,0,0.0,0.0,not uncertain
HSBrexit,blind,single_hedge,HS-Brexit-test-17,0,0,0.0,0.0,not uncertain
HSBrexit,blind,single_hedge,HS-Brexit-test-18,0,0,0.0,0.0,not uncertain
HSBrexit,blind,single_hedge,HS-Brexit-test-19,1,0,0.0,0.25,not uncertain
HSBrexit,blind,single_hedge,HS-Brexit-test-20,0,0,0.0,0.0,not uncertain
HSBrexit,blind,single_hedge,HS-Brexit-test-21,0,0,0.0,0.0,somewhat uncertain
HSBrexit,blind,single_hedge,HS-Brexit-test-22,0,0,0.0,0.0,not uncertain
HSBrexit,blind,single_hedge,HS-Brexit-test-23,1,1,0.0,0.2222222222222222,not uncertain
HSBrexit,blind,single_hedge,HS-Brexit-test-24,0,0,0.0,0.0,not uncertain
HSBrexit,blind,single_hedge,HS-Brexit-test-25,1,1,0.0,0.1388888888888888,not uncertain
HSBrexit,blind,single_hedge,HS-Brexit-test-26,0,0,0.0,0.0,not uncertain
HSBrexit,blind,single_hedge,HS-Brexit-test-27,0,0,0.0,0.0,not uncertain
HSBrexit,blind,single_hedge,HS-Brexit-test-28,0,0,0.0,0.0,not uncertain
HSBrexit,blind,single_hedge,HS-Brexit-test-29,0,0,0.0,0.0,not uncertain
HSBrexit,blind,single_hedge,HS-Brexit-test-30,0,0,0.1875,0.2222222222222222,not uncertain
HSBrexit,blind,single_hedge,HS-Brexit-test-31,0,0,0.0,0.0,not uncertain
HSBrexit,blind,single_hedge,HS-Brexit-test-32,1,0,0.0,0.0,not uncertain
HSBrexit,blind,single_hedge,HS-Brexit-test-33,0,0,0.21,0.0,not uncertain
HSBrexit,blind,single_hedge,HS-Brexit-test-34,1,0,0.21,0.1388888888888889,not uncertain
HSBrexit,blind,single_hedge,HS-Brexit-test-35,1,0,0.0,0.0,not uncertain
HSBrexit,blind,single_hedge,HS-Brexit-test-36,1,0,0.0,0.25,not uncertain
HSBrexit,blind,single_hedge,HS-Brexit-test-37,0,0,0.24,0.0,not uncertain
HSBrexit,blind,single_hedge,HS-Brexit-test-38,0,0,0.0475,0.0,somewhat uncertain
HSBrexit,blind,single_hedge,HS-Brexit-test-39,0,0,0.0,0.0,not uncertain
HSBrexit,blind,single_hedge,HS-Brexit-test-40,1,0,0.0475,0.1388888888888889,somewhat uncertain
HSBrexit,blind,single_hedge,HS-Brexit-test-41,0,0,0.0,0.0,not uncertain
HSBrexit,blind,single_hedge,HS-Brexit-test-42,0,0,0.0,0.0,not uncertain
HSBrexit,blind,single_hedge,HS-Brexit-test-43,0,0,0.21,0.2222222222222222,not uncertain
HSBrexit,blind,single_hedge,HS-Brexit-test-44,0,0,0.0,0.0,not uncertain
HSBrexit,blind,single_hedge,HS-Brexit-test-45,0,0,0.0,0.1388888888888889,not uncertain
HSBrexit,blind,single_hedge,HS-Brexit-test-46,0,0,0.0,0.0,not uncertain
HSBrexit,blind,single_hedge,HS-Brexit-test-47,0,0,0.0,0.0,not uncertain
HSBrexit,blind,single_hedge,HS-Brexit-test-48,0,0,0.0,0.0,not uncertain
HSBrexit,blind,single_hedge,HS-Brexit-test-49,0,0,0.0,0.0,somewhat uncertain
HSBrexit,blind,single_hedge,HS-Brexit-test-50,0,0,0.0,0.0,somewhat uncertain
HSBrexit,blind,single_hedge,HS-Brexit-test-51,0,0,0.25,0.1388888888888889,not uncertain
HSBrexit,blind,single_hedge,HS-Brexit-test-52,1,0,0.0,0.0,not uncertain
HSBrexit,blind,single_hedge,HS-Brexit-test-53,0,0,0.0,0.0,not uncertain
HSBrexit,blind,single_hedge,HS-Brexit-test-54,0,0,0.0,0.0,somewhat uncertain
HSBrexit,blind,single_hedge,HS-Brexit-test-55,1,0,0.0,0.25,not uncertain
HSBrexit,blind,single_hedge,HS-Brexit-test-56,0,0,0.0,0.0,somewhat uncertain
HSBrexit,blind,single_hedge,HS-Brexit-test-57,0,0,0.0,0.2222222222222222,not uncertain
HSBrexit,blind,single_hedge,HS-Brexit-test-58,1,0,0.0,0.1388888888888889,not uncertain
HSBrexit,blind,single_hedge,HS-Brexit-test-59,0,0,0.0,0.0,not uncertain
HSBrexit,blind,single_hedge,HS-Brexit-test-60,0,0,0.0,0.0,not uncertain
HSBrexit,blind,single_hedge,HS-Brexit-test-61,0,0,0.0,0.0,not uncertain
HSBrexit,blind,single_hedge,HS-Brexit-test-62,0,0,0.0,0.0,not uncertain
HSBrexit,blind,single_hedge,HS-Brexit-test-63,1,0,0.0,0.25,not uncertain
HSBrexit,blind,single_hedge,HS-Brexit-test-64,0,0,0.0,0.0,somewhat uncertain
HSBrexit,blind,single_hedge,HS-Brexit-test-65,1,1,0.0,0.0,not uncertain
HSBrexit,blind,single_hedge,HS-Brexit-test-66,0,0,0.09,0.2222222222222222,not uncertain
HSBrexit,blind,single_hedge,HS-Brexit-test-67,1,1,0.0,0.2222222222222222,not uncertain
HSBrexit,blind,single_hedge,HS-Brexit-test-68,1,0,0.0,0.25,not uncertain
HSBrexit,blind,single_hedge,HS-Brexit-test-69,1,1,0.0,0.0,not uncertain
HSBrexit,blind,single_hedge,HS-Brexit-test-70,0,0,0.0,0.1388888888888889,not uncertain
HSBrexit,blind,single_hedge,HS-Brexit-test-71,0,0,0.0,0.0,not uncertain
HSBrexit,blind,single_hedge,HS-Brexit-test-72,0,0,0.0,0.0,highly uncertain
HSBrexit,blind,single_hedge,HS-Brexit-test-73,1,0,0.0,0.1388888888888889,not uncertain
HSBrexit,blind,single_hedge,HS-Brexit-test-74,0,0,0.21,0.0,not uncertain
HSBrexit,blind,single_hedge,HS-Brexit-test-75,0,0,0.2274999999999999,0.0,not uncertain
HSBrexit,blind,single_hedge,HS-Brexit-test-76,0,0,0.0,0.0,somewhat uncertain
HSBrexit,blind,single_hedge,HS-Brexit-test-77,1,1,0.0,0.1388888888888888,not uncertain
HSBrexit,blind,single_hedge,HS-Brexit-test-78,0,0,0.0,0.0,not uncertain
HSBrexit,blind,single_hedge,HS-Brexit-test-79,0,0,0.0,0.0,not uncertain
HSBrexit,blind,single_hedge,HS-Brexit-test-80,0,0,0.0,0.0,somewhat uncertain
HSBrexit,blind,single_hedge,HS-Brexit-test-81,0,0,0.2099999999999999,0.0,not uncertain
HSBrexit,blind,single_hedge,HS-Brexit-test-82,0,0,0.0,0.0,not uncertain
HSBrexit,blind,single_hedge,HS-Brexit-test-83,0,0,0.09,0.0,not uncertain
HSBrexit,blind,single_hedge,HS-Brexit-test-84,0,0,0.0,0.0,not uncertain
HSBrexit,blind,single_hedge,HS-Brexit-test-85,0,0,0.0,0.0,not uncertain
HSBrexit,blind,single_hedge,HS-Brexit-test-86,1,0,0.0475,0.0,not uncertain
HSBrexit,blind,single_hedge,HS-Brexit-test-87,1,1,0.0,0.2222222222222222,not uncertain
HSBrexit,blind,single_hedge,HS-Brexit-test-88,0,0,0.0,0.1388888888888889,not uncertain
HSBrexit,blind,single_hedge,HS-Brexit-test-89,1,0,0.2274999999999999,0.0,not uncertain
HSBrexit,blind,single_hedge,HS-Brexit-test-90,0,0,0.0,0.0,not uncertain
HSBrexit,blind,single_hedge,HS-Brexit-test-91,0,0,0.0,0.0,somewhat uncertain
HSBrexit,blind,single_hedge,HS-Brexit-test-92,0,0,0.0,0.0,not uncertain
HSBrexit,blind,single_hedge,HS-Brexit-test-93,0,0,0.0475,0.2222222222222222,somewhat uncertain
HSBrexit,blind,single_hedge,HS-Brexit-test-94,1,0,0.0,0.2222222222222222,not uncertain
HSBrexit,blind,single_hedge,HS-Brexit-test-95,0,0,0.0,0.0,not uncertain
HSBrexit,blind,single_hedge,HS-Brexit-test-96,1,0,0.0,0.2222222222222222,not uncertain
HSBrexit,blind,single_hedge,HS-Brexit-test-97,0,0,0.0,0.0,not uncertain
HSBrexit,blind,single_hedge,HS-Brexit-test-98,0,0,0.0,0.0,not uncertain
HSBrexit,blind,single_hedge,HS-Brexit-test-99,0,0,0.0,0.1388888888888889,not uncertain
HSBrexit,blind,single_hedge,HS-Brexit-test-100,0,0,0.0,0.1388888888888889,not uncertain
HSBrexit,blind,single_hedge,HS-Brexit-test-101,1,0,0.1875,0.25,not uncertain
HSBrexit,blind,single_hedge,HS-Brexit-test-102,0,0,0.0,0.0,not uncertain
HSBrexit,blind,single_hedge,HS-Brexit-test-103,0,0,0.0,0.0,not uncertain
HSBrexit,blind,single_hedge,HS-Brexit-test-104,0,0,0.0475,0.0,not uncertain
HSBrexit,blind,single_hedge,HS-Brexit-test-105,0,0,0.0,0.0,not uncertain
HSBrexit,blind,single_hedge,HS-Brexit-test-106,0,0,0.0,0.0,not uncertain
HSBrexit,blind,single_hedge,HS-Brexit-test-107,1,0,0.0475,0.0,not uncertain
HSBrexit,blind,single_hedge,HS-Brexit-test-108,1,1,0.0,0.1388888888888888,not uncertain
HSBrexit,blind,single_hedge,HS-Brexit-test-109,1,0,0.0475,0.0,not uncertain
HSBrexit,blind,single_hedge,HS-Brexit-test-110,1,0,0.16,0.2222222222222222,not uncertain
HSBrexit,blind,single_hedge,HS-Brexit-test-111,0,0,0.2274999999999999,0.1388888888888889,somewhat uncertain
HSBrexit,blind,single_hedge,HS-Brexit-test-112,0,0,0.0,0.0,not uncertain
HSBrexit,blind,single_hedge,HS-Brexit-test-113,0,0,0.0,0.0,somewhat uncertain
HSBrexit,blind,single_hedge,HS-Brexit-test-114,0,0,0.0,0.0,not uncertain
HSBrexit,blind,single_hedge,HS-Brexit-test-115,0,0,0.0,0.0,not uncertain
HSBrexit,blind,single_hedge,HS-Brexit-test-116,0,0,0.0,0.0,not uncertain
HSBrexit,blind,single_hedge,HS-Brexit-test-117,1,0,0.0,0.2222222222222222,not uncertain
HSBrexit,blind,single_hedge,HS-Brexit-test-118,0,0,0.0,0.0,not uncertain
HSBrexit,blind,single_hedge,HS-Brexit-test-119,1,0,0.0,0.1388888888888889,not uncertain
HSBrexit,blind,single_hedge,HS-Brexit-test-120,0,0,0.0,0.0,not uncertain
HSBrexit,blind,single_hedge,HS-Brexit-test-121,0,0,0.1275,0.0,not uncertain
HSBrexit,blind,single_hedge,HS-Brexit-test-122,0,0,0.0,0.1388888888888889,not uncertain
HSBrexit,blind,single_hedge,HS-Brexit-test-123,0,0,0.0,0.0,somewhat uncertain
HSBrexit,blind,single_hedge,HS-Brexit-test-124,0,0,0.0,0.0,not uncertain
HSBrexit,blind,single_hedge,HS-Brexit-test-125,1,0,0.0,0.0,not uncertain
HSBrexit,blind,single_hedge,HS-Brexit-test-126,0,0,0.0,0.0,not uncertain
HSBrexit,blind,single_hedge,HS-Brexit-test-127,1,1,0.0,0.2222222222222222,not uncertain
HSBrexit,blind,single_hedge,HS-Brexit-test-128,0,0,0.0,0.0,not uncertain
HSBrexit,blind,single_hedge,HS-Brexit-test-129,0,0,0.0,0.0,not uncertain
HSBrexit,blind,single_hedge,HS-Brexit-test-130,0,0,0.0,0.0,not uncertain
HSBrexit,blind,single_hedge,HS-Brexit-test-131,1,0,0.16,0.0,not uncertain
HSBrexit,blind,single_hedge,HS-Brexit-test-132,0,0,0.0,0.0,not uncertain
HSBrexit,blind,single_hedge,HS-Brexit-test-133,1,0,0.0475,0.0,not uncertain
HSBrexit,blind,single_hedge,HS-Brexit-test-134,1,0,0.24,0.2222222222222222,not uncertain
HSBrexit,blind,single_hedge,HS-Brexit-test-135,0,0,0.1275,0.0,not uncertain
HSBrexit,blind,single_hedge,HS-Brexit-test-136,1,0,0.0475,0.1388888888888889,not uncertain
HSBrexit,blind,single_hedge,HS-Brexit-test-137,0,0,0.0,0.0,not uncertain
HSBrexit,blind,single_hedge,HS-Brexit-test-138,0,0,0.0,0.0,not uncertain
HSBrexit,blind,single_hedge,HS-Brexit-test-139,0,0,0.0,0.0,not uncertain
HSBrexit,blind,single_hedge,HS-Brexit-test-140,0,0,0.0475,0.0,not uncertain
HSBrexit,blind,single_hedge,HS-Brexit-test-141,0,0,0.0,0.0,not uncertain
HSBrexit,blind,single_hedge,HS-Brexit-test-142,0,0,0.0,0.0,not uncertain
HSBrexit,blind,single_hedge,HS-Brexit-test-143,0,0,0.0,0.0,not uncertain
HSBrexit,blind,single_hedge,HS-Brexit-test-144,1,0,0.0,0.2222222222222222,not uncertain
HSBrexit,blind,single_hedge,HS-Brexit-test-145,0,0,0.0,0.0,not uncertain
HSBrexit,blind,single_hedge,HS-Brexit-test-146,1,0,0.0475,0.0,not uncertain
HSBrexit,blind,single_hedge,HS-Brexit-test-147,0,0,0.0,0.0,not uncertain
HSBrexit,blind,single_hedge,HS-Brexit-test-148,1,0,0.0,0.2222222222222222,not uncertain
HSBrexit,blind,single_hedge,HS-Brexit-test-149,0,0,0.0,0.0,not uncertain
HSBrexit,blind,single_hedge,HS-Brexit-test-150,0,0,0.0,0.0,somewhat uncertain
HSBrexit,blind,single_hedge,HS-Brexit-test-151,1,0,0.0,0.0,not uncertain
HSBrexit,blind,single_hedge,HS-Brexit-test-152,1,0,0.0,0.0,not uncertain
HSBrexit,blind,single_hedge,HS-Brexit-test-153,0,0,0.0,0.2222222222222222,somewhat uncertain
HSBrexit,blind,single_hedge,HS-Brexit-test-154,0,0,0.0,0.0,not uncertain
HSBrexit,blind,single_hedge,HS-Brexit-test-155,0,0,0.0,0.0,not uncertain
HSBrexit,blind,single_hedge,HS-Brexit-test-156,1,0,0.09,0.25,not uncertain
HSBrexit,blind,single_hedge,HS-Brexit-test-157,0,0,0.0,0.0,not uncertain
HSBrexit,blind,single_hedge,HS-Brexit-test-158,1,0,0.16,0.1388888888888889,not uncertain
HSBrexit,blind,single_hedge,HS-Brexit-test-159,1,0,0.0475,0.0,not uncertain
HSBrexit,blind,single_hedge,HS-Brexit-test-160,0,0,0.0,0.0,not uncertain
HSBrexit,blind,single_hedge,HS-Brexit-test-161,0,0,0.0,0.0,not uncertain
HSBrexit,blind,single_hedge,HS-Brexit-test-162,0,0,0.0,0.0,somewhat uncertain
HSBrexit,blind,single_hedge,HS-Brexit-test-163,1,0,0.2475,0.0,not uncertain
HSBrexit,blind,single_hedge,HS-Brexit-test-164,0,0,0.0,0.0,not uncertain
HSBrexit,blind,single_hedge,HS-Brexit-test-165,1,0,0.0,0.25,not uncertain
HSBrexit,blind,single_hedge,HS-Brexit-test-166,1,0,0.16,0.25,not uncertain
HSBrexit,blind,single_hedge,HS-Brexit-test-167,1,0,0.0,0.0,not uncertain
HSBrexit,blind,single_hedge,HS-Brexit-test-168,0,0,0.0,0.0,not uncertain
HSBrexit,blind,topk_wrong,HS-Brexit-test-1,0,0,0.0,0.0,highly uncertain
HSBrexit,blind,topk_wrong,HS-Brexit-test-2,1,1,0.0,0.2222222222222222,not uncertain
HSBrexit,blind,topk_wrong,HS-Brexit-test-3,0,0,0.0,0.0,somewhat uncertain
HSBrexit,blind,topk_wrong,HS-Brexit-test-4,0,0,0.0,0.0,somewhat uncertain
HSBrexit,blind,topk_wrong,HS-Brexit-test-5,0,0,0.16,0.2222222222222222,somewhat uncertain
HSBrexit,blind,topk_wrong,HS-Brexit-test-6,0,0,0.0,0.0,highly uncertain
HSBrexit,blind,topk_wrong,HS-Brexit-test-7,1,0,0.0,0.1388888888888889,somewhat uncertain
HSBrexit,blind,topk_wrong,HS-Brexit-test-8,1,0,0.0,0.25,not uncertain
HSBrexit,blind,topk_wrong,HS-Brexit-test-9,1,0,0.1875,0.25,somewhat uncertain
HSBrexit,blind,topk_wrong,HS-Brexit-test-10,0,0,0.0,0.25,not uncertain
HSBrexit,blind,topk_wrong,HS-Brexit-test-11,1,0,0.0,0.25,not uncertain
HSBrexit,blind,topk_wrong,HS-Brexit-test-12,1,0,0.0,0.2222222222222222,somewhat uncertain
HSBrexit,blind,topk_wrong,HS-Brexit-test-13,0,0,0.0475,0.0,somewhat uncertain
HSBrexit,blind,topk_wrong,HS-Brexit-test-14,1,0,0.0,0.0,somewhat uncertain
HSBrexit,blind,topk_wrong,HS-Brexit-test-15,0,0,0.0,0.0,somewhat uncertain
HSBrexit,blind,topk_wrong,HS-Brexit-test-16,1,0,0.0,0.0,not uncertain
HSBrexit,blind,topk_wrong,HS-Brexit-test-17,0,0,0.0,0.0,not uncertain
HSBrexit,blind,topk_wrong,HS-Brexit-test-18,0,0,0.0,0.0,not uncertain
HSBrexit,blind,topk_wrong,HS-Brexit-test-19,1,0,0.0,0.25,not uncertain
HSBrexit,blind,topk_wrong,HS-Brexit-test-20,0,0,0.0,0.0,not uncertain
HSBrexit,blind,topk_wrong,HS-Brexit-test-21,0,0,0.0,0.0,highly uncertain
HSBrexit,blind,topk_wrong,HS-Brexit-test-22,0,0,0.0,0.0,highly uncertain
HSBrexit,blind,topk_wrong,HS-Brexit-test-23,1,1,0.0,0.2222222222222222,not uncertain
HSBrexit,blind,topk_wrong,HS-Brexit-test-24,0,0,0.0,0.0,not uncertain
HSBrexit,blind,topk_wrong,HS-Brexit-test-25,1,1,0.0,0.1388888888888888,not uncertain
HSBrexit,blind,topk_wrong,HS-Brexit-test-26,0,0,0.0,0.0,somewhat uncertain
HSBrexit,blind,topk_wrong,HS-Brexit-test-27,0,0,0.0,0.0,somewhat uncertain
HSBrexit,blind,topk_wrong,HS-Brexit-test-28,0,0,0.0,0.0,somewhat uncertain
HSBrexit,blind,topk_wrong,HS-Brexit-test-29,0,0,0.0,0.0,somewhat uncertain
HSBrexit,blind,topk_wrong,HS-Brexit-test-30,0,0,0.1875,0.2222222222222222,not uncertain
HSBrexit,blind,topk_wrong,HS-Brexit-test-31,0,0,0.0,0.0,not uncertain
HSBrexit,blind,topk_wrong,HS-Brexit-test-32,1,0,0.0,0.0,somewhat uncertain
HSBrexit,blind,topk_wrong,HS-Brexit-test-33,0,0,0.21,0.0,not uncertain
HSBrexit,blind,topk_wrong,HS-Brexit-test-34,1,0,0.21,0.1388888888888889,not uncertain
HSBrexit,blind,topk_wrong,HS-Brexit-test-35,1,0,0.0,0.0,not uncertain
HSBrexit,blind,topk_wrong,HS-Brexit-test-36,1,0,0.0,0.25,somewhat uncertain
HSBrexit,blind,topk_wrong,HS-Brexit-test-37,0,0,0.24,0.0,somewhat uncertain
HSBrexit,blind,topk_wrong,HS-Brexit-test-38,0,0,0.0475,0.0,highly uncertain
HSBrexit,blind,topk_wrong,HS-Brexit-test-39,0,0,0.0,0.0,not uncertain
HSBrexit,blind,topk_wrong,HS-Brexit-test-40,1,0,0.0475,0.1388888888888889,somewhat uncertain
HSBrexit,blind,topk_wrong,HS-Brexit-test-41,0,0,0.0,0.0,somewhat uncertain
HSBrexit,blind,topk_wrong,HS-Brexit-test-42,0,0,0.0,0.0,somewhat uncertain
HSBrexit,blind,topk_wrong,HS-Brexit-test-43,0,0,0.21,0.2222222222222222,somewhat uncertain
HSBrexit,blind,topk_wrong,HS-Brexit-test-44,0,0,0.0,0.0,somewhat uncertain
HSBrexit,blind,topk_wrong,HS-Brexit-test-45,0,0,0.0,0.1388888888888889,somewhat uncertain
HSBrexit,blind,topk_wrong,HS-Brexit-test-46,0,0,0.0,0.0,somewhat uncertain
HSBrexit,blind,topk_wrong,HS-Brexit-test-47,0,0,0.0,0.0,somewhat uncertain
HSBrexit,blind,topk_wrong,HS-Brexit-test-48,0,0,0.0,0.0,somewhat uncertain
HSBrexit,blind,topk_wrong,HS-Brexit-test-49,0,0,0.0,0.0,somewhat uncertain
HSBrexit,blind,topk_wrong,HS-Brexit-test-50,0,0,0.0,0.0,somewhat uncertain
HSBrexit,blind,topk_wrong,HS-Brexit-test-51,0,0,0.25,0.1388888888888889,somewhat uncertain
HSBrexit,blind,topk_wrong,HS-Brexit-test-52,1,0,0.0,0.0,not uncertain
HSBrexit,blind,topk_wrong,HS-Brexit-test-53,0,0,0.0,0.0,highly uncertain
HSBrexit,blind,topk_wrong,HS-Brexit-test-54,0,0,0.0,0.0,somewhat uncertain
HSBrexit,blind,topk_wrong,HS-Brexit-test-55,1,0,0.0,0.25,not uncertain
HSBrexit,blind,topk_wrong,HS-Brexit-test-56,0,0,0.0,0.0,somewhat uncertain
HSBrexit,blind,topk_wrong,HS-Brexit-test-57,0,0,0.0,0.2222222222222222,somewhat uncertain
HSBrexit,blind,topk_wrong,HS-Brexit-test-58,1,0,0.0,0.1388888888888889,somewhat uncertain
HSBrexit,blind,topk_wrong,HS-Brexit-test-59,0,0,0.0,0.0,somewhat uncertain
HSBrexit,blind,topk_wrong,HS-Brexit-test-60,0,0,0.0,0.0,somewhat uncertain
HSBrexit,blind,topk_wrong,HS-Brexit-test-61,0,0,0.0,0.0,not uncertain
HSBrexit,blind,topk_wrong,HS-Brexit-test-62,0,0,0.0,0.0,not uncertain
HSBrexit,blind,topk_wrong,HS-Brexit-test-63,1,0,0.0,0.25,not uncertain
HSBrexit,blind,topk_wrong,HS-Brexit-test-64,0,0,0.0,0.0,not uncertain
HSBrexit,blind,topk_wrong,HS-Brexit-test-65,1,1,0.0,0.0,not uncertain
HSBrexit,blind,topk_wrong,HS-Brexit-test-66,0,0,0.09,0.2222222222222222,not uncertain
HSBrexit,blind,topk_wrong,HS-Brexit-test-67,1,1,0.0,0.2222222222222222,not uncertain
HSBrexit,blind,topk_wrong,HS-Brexit-test-68,1,0,0.0,0.25,not uncertain
HSBrexit,blind,topk_wrong,HS-Brexit-test-69,1,1,0.0,0.0,somewhat uncertain
HSBrexit,blind,topk_wrong,HS-Brexit-test-70,0,0,0.0,0.1388888888888889,somewhat uncertain
HSBrexit,blind,topk_wrong,HS-Brexit-test-71,0,0,0.0,0.0,somewhat uncertain
HSBrexit,blind,topk_wrong,HS-Brexit-test-72,0,0,0.0,0.0,somewhat uncertain
HSBrexit,blind,topk_wrong,HS-Brexit-test-73,1,0,0.0,0.1388888888888889,somewhat uncertain
HSBrexit,blind,topk_wrong,HS-Brexit-test-74,0,0,0.21,0.0,somewhat uncertain
HSBrexit,blind,topk_wrong,HS-Brexit-test-75,0,0,0.2274999999999999,0.0,somewhat uncertain
HSBrexit,blind,topk_wrong,HS-Brexit-test-76,0,0,0.0,0.0,not uncertain
HSBrexit,blind,topk_wrong,HS-Brexit-test-77,1,1,0.0,0.1388888888888888,not uncertain
HSBrexit,blind,topk_wrong,HS-Brexit-test-78,0,0,0.0,0.0,somewhat uncertain
HSBrexit,blind,topk_wrong,HS-Brexit-test-79,0,0,0.0,0.0,not uncertain
HSBrexit,blind,topk_wrong,HS-Brexit-test-80,0,0,0.0,0.0,not uncertain
HSBrexit,blind,topk_wrong,HS-Brexit-test-81,0,0,0.2099999999999999,0.0,not uncertain
HSBrexit,blind,topk_wrong,HS-Brexit-test-82,0,0,0.0,0.0,highly uncertain
HSBrexit,blind,topk_wrong,HS-Brexit-test-83,0,0,0.09,0.0,somewhat uncertain
HSBrexit,blind,topk_wrong,HS-Brexit-test-84,0,0,0.0,0.0,somewhat uncertain
HSBrexit,blind,topk_wrong,HS-Brexit-test-85,0,0,0.0,0.0,somewhat uncertain
HSBrexit,blind,topk_wrong,HS-Brexit-test-86,1,0,0.0475,0.0,not uncertain
HSBrexit,blind,topk_wrong,HS-Brexit-test-87,1,1,0.0,0.2222222222222222,somewhat uncertain
HSBrexit,blind,topk_wrong,HS-Brexit-test-88,0,0,0.0,0.1388888888888889,somewhat uncertain
HSBrexit,blind,topk_wrong,HS-Brexit-test-89,1,0,0.2274999999999999,0.0,somewhat uncertain
HSBrexit,blind,topk_wrong,HS-Brexit-test-90,0,0,0.0,0.0,somewhat uncertain
HSBrexit,blind,topk_wrong,HS-Brexit-test-91,0,0,0.0,0.0,not uncertain
HSBrexit,blind,topk_wrong,HS-Brexit-test-92,0,0,0.0,0.0,somewhat uncertain
HSBrexit,blind,topk_wrong,HS-Brexit-test-93,0,0,0.0475,0.2222222222222222,somewhat uncertain
HSBrexit,blind,topk_wrong,HS-Brexit-test-94,1,0,0.0,0.2222222222222222,not uncertain
HSBrexit,blind,topk_wrong,HS-Brexit-test-95,0,0,0.0,0.0,somewhat uncertain
HSBrexit,blind,topk_wrong,HS-Brexit-test-96,1,0,0.0,0.2222222222222222,not uncertain
HSBrexit,blind,topk_wrong,HS-Brexit-test-97,0,0,0.0,0.0,highly uncertain
HSBrexit,blind,topk_wrong,HS-Brexit-test-98,0,0,0.0,0.0,somewhat uncertain
HSBrexit,blind,topk_wrong,HS-Brexit-test-99,0,0,0.0,0.1388888888888889,somewhat uncertain
HSBrexit,blind,topk_wrong,HS-Brexit-test-100,0,0,0.0,0.1388888888888889,highly uncertain
HSBrexit,blind,topk_wrong,HS-Brexit-test-101,1,0,0.1875,0.25,not uncertain
HSBrexit,blind,topk_wrong,HS-Brexit-test-102,0,0,0.0,0.0,somewhat uncertain
HSBrexit,blind,topk_wrong,HS-Brexit-test-103,0,0,0.0,0.0,not uncertain
HSBrexit,blind,topk_wrong,HS-Brexit-test-104,0,0,0.0475,0.0,somewhat uncertain
HSBrexit,blind,topk_wrong,HS-Brexit-test-105,0,0,0.0,0.0,somewhat uncertain
HSBrexit,blind,topk_wrong,HS-Brexit-test-106,0,0,0.0,0.0,somewhat uncertain
HSBrexit,blind,topk_wrong,HS-Brexit-test-107,1,0,0.0475,0.0,somewhat uncertain
HSBrexit,blind,topk_wrong,HS-Brexit-test-108,1,1,0.0,0.1388888888888888,somewhat uncertain
HSBrexit,blind,topk_wrong,HS-Brexit-test-109,1,0,0.0475,0.0,not uncertain
HSBrexit,blind,topk_wrong,HS-Brexit-test-110,1,0,0.16,0.2222222222222222,somewhat uncertain
HSBrexit,blind,topk_wrong,HS-Brexit-test-111,0,0,0.2274999999999999,0.1388888888888889,somewhat uncertain
HSBrexit,blind,topk_wrong,HS-Brexit-test-112,0,0,0.0,0.0,not uncertain
HSBrexit,blind,topk_wrong,HS-Brexit-test-113,0,0,0.0,0.0,not uncertain
HSBrexit,blind,topk_wrong,HS-Brexit-test-114,0,0,0.0,0.0,somewhat uncertain
HSBrexit,blind,topk_wrong,HS-Brexit-test-115,0,0,0.0,0.0,somewhat uncertain
HSBrexit,blind,topk_wrong,HS-Brexit-test-116,0,0,0.0,0.0,somewhat uncertain
HSBrexit,blind,topk_wrong,HS-Brexit-test-117,1,0,0.0,0.2222222222222222,not uncertain
HSBrexit,blind,topk_wrong,HS-Brexit-test-118,0,0,0.0,0.0,somewhat uncertain
HSBrexit,blind,topk_wrong,HS-Brexit-test-119,1,0,0.0,0.1388888888888889,not uncertain
HSBrexit,blind,topk_wrong,HS-Brexit-test-120,0,0,0.0,0.0,not uncertain
HSBrexit,blind,topk_wrong,HS-Brexit-test-121,0,0,0.1275,0.0,somewhat uncertain
HSBrexit,blind,topk_wrong,HS-Brexit-test-122,0,0,0.0,0.1388888888888889,not uncertain
HSBrexit,blind,topk_wrong,HS-Brexit-test-123,0,0,0.0,0.0,somewhat uncertain
HSBrexit,blind,topk_wrong,HS-Brexit-test-124,0,0,0.0,0.0,not uncertain
HSBrexit,blind,topk_wrong,HS-Brexit-test-125,1,0,0.0,0.0,not uncertain
HSBrexit,blind,topk_wrong,HS-Brexit-test-126,0,0,0.0,0.0,somewhat uncertain
HSBrexit,blind,topk_wrong,HS-Brexit-test-127,1,1,0.0,0.2222222222222222,not uncertain
HSBrexit,blind,topk_wrong,HS-Brexit-test-128,0,0,0.0,0.0,not uncertain
HSBrexit,blind,topk_wrong,HS-Brexit-test-129,0,0,0.0,0.0,somewhat uncertain
HSBrexit,blind,topk_wrong,HS-Brexit-test-130,0,0,0.0,0.0,somewhat uncertain
HSBrexit,blind,topk_wrong,HS-Brexit-test-131,1,0,0.16,0.0,not uncertain
HSBrexit,blind,topk_wrong,HS-Brexit-test-132,0,0,0.0,0.0,not uncertain
HSBrexit,blind,topk_wrong,HS-Brexit-test-133,1,0,0.0475,0.0,somewhat uncertain
HSBrexit,blind,topk_wrong,HS-Brexit-test-134,1,0,0.24,0.2222222222222222,not uncertain
HSBrexit,blind,topk_wrong,HS-Brexit-test-135,0,0,0.1275,0.0,not uncertain
HSBrexit,blind,topk_wrong,HS-Brexit-test-136,1,0,0.0475,0.1388888888888889,somewhat uncertain
HSBrexit,blind,topk_wrong,HS-Brexit-test-137,0,0,0.0,0.0,not uncertain
HSBrexit,blind,topk_wrong,HS-Brexit-test-138,0,0,0.0,0.0,somewhat uncertain
HSBrexit,blind,topk_wrong,HS-Brexit-test-139,0,0,0.0,0.0,highly uncertain
HSBrexit,blind,topk_wrong,HS-Brexit-test-140,0,0,0.0475,0.0,somewhat uncertain
HSBrexit,blind,topk_wrong,HS-Brexit-test-141,0,0,0.0,0.0,not uncertain
HSBrexit,blind,topk_wrong,HS-Brexit-test-142,0,0,0.0,0.0,not uncertain
HSBrexit,blind,topk_wrong,HS-Brexit-test-143,0,0,0.0,0.0,not uncertain
HSBrexit,blind,topk_wrong,HS-Brexit-test-144,1,0,0.0,0.2222222222222222,somewhat uncertain
HSBrexit,blind,topk_wrong,HS-Brexit-test-145,0,0,0.0,0.0,somewhat uncertain
HSBrexit,blind,topk_wrong,HS-Brexit-test-146,1,0,0.0475,0.0,somewhat uncertain
HSBrexit,blind,topk_wrong,HS-Brexit-test-147,0,0,0.0,0.0,somewhat uncertain
HSBrexit,blind,topk_wrong,HS-Brexit-test-148,1,0,0.0,0.2222222222222222,not uncertain
HSBrexit,blind,topk_wrong,HS-Brexit-test-149,0,0,0.0,0.0,not uncertain
HSBrexit,blind,topk_wrong,HS-Brexit-test-150,0,0,0.0,0.0,not uncertain
HSBrexit,blind,topk_wrong,HS-Brexit-test-151,1,0,0.0,0.0,not uncertain
HSBrexit,blind,topk_wrong,HS-Brexit-test-152,1,0,0.0,0.0,somewhat uncertain
HSBrexit,blind,topk_wrong,HS-Brexit-test-153,0,0,0.0,0.2222222222222222,somewhat uncertain
HSBrexit,blind,topk_wrong,HS-Brexit-test-154,0,0,0.0,0.0,somewhat uncertain
HSBrexit,blind,topk_wrong,HS-Brexit-test-155,0,0,0.0,0.0,somewhat uncertain
HSBrexit,blind,topk_wrong,HS-Brexit-test-156,1,0,0.09,0.25,not uncertain
HSBrexit,blind,topk_wrong,HS-Brexit-test-157,0,0,0.0,0.0,not uncertain
HSBrexit,blind,topk_wrong,HS-Brexit-test-158,1,0,0.16,0.1388888888888889,somewhat uncertain
HSBrexit,blind,topk_wrong,HS-Brexit-test-159,1,0,0.0475,0.0,somewhat uncertain
HSBrexit,blind,topk_wrong,HS-Brexit-test-160,0,0,0.0,0.0,somewhat uncertain
HSBrexit,blind,topk_wrong,HS-Brexit-test-161,0,0,0.0,0.0,highly uncertain
HSBrexit,blind,topk_wrong,HS-Brexit-test-162,0,0,0.0,0.0,somewhat uncertain
HSBrexit,blind,topk_wrong,HS-Brexit-test-163,1,0,0.2475,0.0,not uncertain
HSBrexit,blind,topk_wrong,HS-Brexit-test-164,0,0,0.0,0.0,somewhat uncertain
HSBrexit,blind,topk_wrong,HS-Brexit-test-165,1,0,0.0,0.25,not uncertain
HSBrexit,blind,topk_wrong,HS-Brexit-test-166,1,0,0.16,0.25,not uncertain
HSBrexit,blind,topk_wrong,HS-Brexit-test-167,1,0,0.0,0.0,not uncertain
HSBrexit,blind,topk_wrong,HS-Brexit-test-168,0,0,0.0,0.0,somewhat uncertain
HSBrexit,blind,pros_cons,HS-Brexit-test-1,0,0,0.0,0.0,not uncertain
HSBrexit,blind,pros_cons,HS-Brexit-test-2,1,1,0.0,0.2222222222222222,not uncertain
HSBrexit,blind,pros_cons,HS-Brexit-test-3,0,0,0.0,0.0,not uncertain
HSBrexit,blind,pros_cons,HS-Brexit-test-4,0,0,0.0,0.0,not uncertain
HSBrexit,blind,pros_cons,HS-Brexit-test-5,0,0,0.16,0.2222222222222222,somewhat uncertain
HSBrexit,blind,pros_cons,HS-Brexit-test-6,0,0,0.0,0.0,not uncertain
HSBrexit,blind,pros_cons,HS-Brexit-test-7,1,0,0.0,0.1388888888888889,not uncertain
HSBrexit,blind,pros_cons,HS-Brexit-test-8,1,0,0.0,0.25,not uncertain
HSBrexit,blind,pros_cons,HS-Brexit-test-9,1,0,0.1875,0.25,not uncertain
HSBrexit,blind,pros_cons,HS-Brexit-test-10,0,0,0.0,0.25,not uncertain
HSBrexit,blind,pros_cons,HS-Brexit-test-11,1,0,0.0,0.25,not uncertain
HSBrexit,blind,pros_cons,HS-Brexit-test-12,1,0,0.0,0.2222222222222222,not uncertain
HSBrexit,blind,pros_cons,HS-Brexit-test-13,0,0,0.0475,0.0,somewhat uncertain
HSBrexit,blind,pros_cons,HS-Brexit-test-14,1,0,0.0,0.0,somewhat uncertain
HSBrexit,blind,pros_cons,HS-Brexit-test-15,0,0,0.0,0.0,not uncertain
HSBrexit,blind,pros_cons,HS-Brexit-test-16,1,0,0.0,0.0,not uncertain
HSBrexit,blind,pros_cons,HS-Brexit-test-17,0,0,0.0,0.0,somewhat uncertain
HSBrexit,blind,pros_cons,HS-Brexit-test-18,0,0,0.0,0.0,somewhat uncertain
HSBrexit,blind,pros_cons,HS-Brexit-test-19,1,0,0.0,0.25,not uncertain
HSBrexit,blind,pros_cons,HS-Brexit-test-20,0,0,0.0,0.0,not uncertain
HSBrexit,blind,pros_cons,HS-Brexit-test-21,0,0,0.0,0.0,not uncertain
HSBrexit,blind,pros_cons,HS-Brexit-test-22,0,0,0.0,0.0,not uncertain
HSBrexit,blind,pros_cons,HS-Brexit-test-23,1,1,0.0,0.2222222222222222,not uncertain
HSBrexit,blind,pros_cons,HS-Brexit-test-24,0,0,0.0,0.0,not uncertain
HSBrexit,blind,pros_cons,HS-Brexit-test-25,1,1,0.0,0.1388888888888888,highly uncertain
HSBrexit,blind,pros_cons,HS-Brexit-test-26,0,0,0.0,0.0,not uncertain
HSBrexit,blind,pros_cons,HS-Brexit-test-27,0,0,0.0,0.0,somewhat uncertain
HSBrexit,blind,pros_cons,HS-Brexit-test-28,0,0,0.0,0.0,somewhat uncertain
HSBrexit,blind,pros_cons,HS-Brexit-test-29,0,0,0.0,0.0,not uncertain
HSBrexit,blind,pros_cons,HS-Brexit-test-30,0,0,0.1875,0.2222222222222222,not uncertain
HSBrexit,blind,pros_cons,HS-Brexit-test-31,0,0,0.0,0.0,not uncertain
HSBrexit,blind,pros_cons,HS-Brexit-test-32,1,0,0.0,0.0,somewhat uncertain
HSBrexit,blind,pros_cons,HS-Brexit-test-33,0,0,0.21,0.0,not uncertain
HSBrexit,blind,pros_cons,HS-Brexit-test-34,1,0,0.21,0.1388888888888889,not uncertain
HSBrexit,blind,pros_cons,HS-Brexit-test-35,1,0,0.0,0.0,not uncertain
HSBrexit,blind,pros_cons,HS-Brexit-test-36,1,0,0.0,0.25,not uncertain
HSBrexit,blind,pros_cons,HS-Brexit-test-37,0,0,0.24,0.0,not uncertain
HSBrexit,blind,pros_cons,HS-Brexit-test-38,0,0,0.0475,0.0,somewhat uncertain
HSBrexit,blind,pros_cons,HS-Brexit-test-39,0,0,0.0,0.0,not uncertain
HSBrexit,blind,pros_cons,HS-Brexit-test-40,1,0,0.0475,0.1388888888888889,highly uncertain
HSBrexit,blind,pros_cons,HS-Brexit-test-41,0,0,0.0,0.0,not uncertain
HSBrexit,blind,pros_cons,HS-Brexit-test-42,0,0,0.0,0.0,somewhat uncertain
HSBrexit,blind,pros_cons,HS-Brexit-test-43,0,0,0.21,0.2222222222222222,somewhat uncertain
HSBrexit,blind,pros_cons,HS-Brexit-test-44,0,0,0.0,0.0,somewhat uncertain
HSBrexit,blind,pros_cons,HS-Brexit-test-45,0,0,0.0,0.1388888888888889,not uncertain
HSBrexit,blind,pros_cons,HS-Brexit-test-46,0,0,0.0,0.0,somewhat uncertain
HSBrexit,blind,pros_cons,HS-Brexit-test-47,0,0,0.0,0.0,somewhat uncertain
HSBrexit,blind,pros_cons,HS-Brexit-test-48,0,0,0.0,0.0,somewhat uncertain
HSBrexit,blind,pros_cons,HS-Brexit-test-49,0,0,0.0,0.0,not uncertain
HSBrexit,blind,pros_cons,HS-Brexit-test-50,0,0,0.0,0.0,not uncertain
HSBrexit,blind,pros_cons,HS-Brexit-test-51,0,0,0.25,0.1388888888888889,somewhat uncertain
HSBrexit,blind,pros_cons,HS-Brexit-test-52,1,0,0.0,0.0,not uncertain
HSBrexit,blind,pros_cons,HS-Brexit-test-53,0,0,0.0,0.0,not uncertain
HSBrexit,blind,pros_cons,HS-Brexit-test-54,0,0,0.0,0.0,somewhat uncertain
HSBrexit,blind,pros_cons,HS-Brexit-test-55,1,0,0.0,0.25,not uncertain
HSBrexit,blind,pros_cons,HS-Brexit-test-56,0,0,0.0,0.0,somewhat uncertain
HSBrexit,blind,pros_cons,HS-Brexit-test-57,0,0,0.0,0.2222222222222222,somewhat uncertain
HSBrexit,blind,pros_cons,HS-Brexit-test-58,1,0,0.0,0.1388888888888889,not uncertain
HSBrexit,blind,pros_cons,HS-Brexit-test-59,0,0,0.0,0.0,not uncertain
HSBrexit,blind,pros_cons,HS-Brexit-test-60,0,0,0.0,0.0,not uncertain
HSBrexit,blind,pros_cons,HS-Brexit-test-61,0,0,0.0,0.0,not uncertain
HSBrexit,blind,pros_cons,HS-Brexit-test-62,0,0,0.0,0.0,not uncertain
HSBrexit,blind,pros_cons,HS-Brexit-test-63,1,0,0.0,0.25,not uncertain
HSBrexit,blind,pros_cons,HS-Brexit-test-64,0,0,0.0,0.0,not uncertain
HSBrexit,blind,pros_cons,HS-Brexit-test-65,1,1,0.0,0.0,not uncertain
HSBrexit,blind,pros_cons,HS-Brexit-test-66,0,0,0.09,0.2222222222222222,not uncertain
HSBrexit,blind,pros_cons,HS-Brexit-test-67,1,1,0.0,0.2222222222222222,highly uncertain
HSBrexit,blind,pros_cons,HS-Brexit-test-68,1,0,0.0,0.25,not uncertain
HSBrexit,blind,pros_cons,HS-Brexit-test-69,1,1,0.0,0.0,not uncertain
HSBrexit,blind,pros_cons,HS-Brexit-test-70,0,0,0.0,0.1388888888888889,somewhat uncertain
HSBrexit,blind,pros_cons,HS-Brexit-test-71,0,0,0.0,0.0,somewhat uncertain
HSBrexit,blind,pros_cons,HS-Brexit-test-72,0,0,0.0,0.0,somewhat uncertain
HSBrexit,blind,pros_cons,HS-Brexit-test-73,1,0,0.0,0.1388888888888889,somewhat uncertain
HSBrexit,blind,pros_cons,HS-Brexit-test-74,0,0,0.21,0.0,somewhat uncertain
HSBrexit,blind,pros_cons,HS-Brexit-test-75,0,0,0.2274999999999999,0.0,not uncertain
HSBrexit,blind,pros_cons,HS-Brexit-test-76,0,0,0.0,0.0,somewhat uncertain
HSBrexit,blind,pros_cons,HS-Brexit-test-77,1,1,0.0,0.1388888888888888,not uncertain
HSBrexit,blind,pros_cons,HS-Brexit-test-78,0,0,0.0,0.0,not uncertain
HSBrexit,blind,pros_cons,HS-Brexit-test-79,0,0,0.0,0.0,not uncertain
HSBrexit,blind,pros_cons,HS-Brexit-test-80,0,0,0.0,0.0,not uncertain
HSBrexit,blind,pros_cons,HS-Brexit-test-81,0,0,0.2099999999999999,0.0,not uncertain
HSBrexit,blind,pros_cons,HS-Brexit-test-82,0,0,0.0,0.0,not uncertain
HSBrexit,blind,pros_cons,HS-Brexit-test-83,0,0,0.09,0.0,somewhat uncertain
HSBrexit,blind,pros_cons,HS-Brexit-test-84,0,0,0.0,0.0,not uncertain
HSBrexit,blind,pros_cons,HS-Brexit-test-85,0,0,0.0,0.0,somewhat uncertain
HSBrexit,blind,pros_cons,HS-Brexit-test-86,1,0,0.0475,0.0,not uncertain
HSBrexit,blind,pros_cons,HS-Brexit-test-87,1,1,0.0,0.2222222222222222,somewhat uncertain
HSBrexit,blind,pros_cons,HS-Brexit-test-88,0,0,0.0,0.1388888888888889,not uncertain
HSBrexit,blind,pros_cons,HS-Brexit-test-89,1,0,0.2274999999999999,0.0,not uncertain
HSBrexit,blind,pros_cons,HS-Brexit-test-90,0,0,0.0,0.0,somewhat uncertain
HSBrexit,blind,pros_cons,HS-Brexit-test-91,0,0,0.0,0.0,not uncertain
HSBrexit,blind,pros_cons,HS-Brexit-test-92,0,0,0.0,0.0,not uncertain
HSBrexit,blind,pros_cons,HS-Brexit-test-93,0,0,0.0475,0.2222222222222222,not uncertain
HSBrexit,blind,pros_cons,HS-Brexit-test-94,1,0,0.0,0.2222222222222222,not uncertain
HSBrexit,blind,pros_cons,HS-Brexit-test-95,0,0,0.0,0.0,somewhat uncertain
HSBrexit,blind,pros_cons,HS-Brexit-test-96,1,0,0.0,0.2222222222222222,not uncertain
HSBrexit,blind,pros_cons,HS-Brexit-test-97,0,0,0.0,0.0,not uncertain
HSBrexit,blind,pros_cons,HS-Brexit-test-98,0,0,0.0,0.0,not uncertain
HSBrexit,blind,pros_cons,HS-Brexit-test-99,0,0,0.0,0.1388888888888889,not uncertain
HSBrexit,blind,pros_cons,HS-Brexit-test-100,0,0,0.0,0.1388888888888889,somewhat uncertain
HSBrexit,blind,pros_cons,HS-Brexit-test-101,1,0,0.1875,0.25,not uncertain
HSBrexit,blind,pros_cons,HS-Brexit-test-102,0,0,0.0,0.0,not uncertain
HSBrexit,blind,pros_cons,HS-Brexit-test-103,0,0,0.0,0.0,somewhat uncertain
HSBrexit,blind,pros_cons,HS-Brexit-test-104,0,0,0.0475,0.0,somewhat uncertain
HSBrexit,blind,pros_cons,HS-Brexit-test-105,0,0,0.0,0.0,not uncertain
HSBrexit,blind,pros_cons,HS-Brexit-test-106,0,0,0.0,0.0,not uncertain
HSBrexit,blind,pros_cons,HS-Brexit-test-107,1,0,0.0475,0.0,not uncertain
HSBrexit,blind,pros_cons,HS-Brexit-test-108,1,1,0.0,0.1388888888888888,not uncertain
HSBrexit,blind,pros_cons,HS-Brexit-test-109,1,0,0.0475,0.0,not uncertain
HSBrexit,blind,pros_cons,HS-Brexit-test-110,1,0,0.16,0.2222222222222222,somewhat uncertain
HSBrexit,blind,pros_cons,HS-Brexit-test-111,0,0,0.2274999999999999,0.1388888888888889,not uncertain
HSBrexit,blind,pros_cons,HS-Brexit-test-112,0,0,0.0,0.0,not uncertain
HSBrexit,blind,pros_cons,HS-Brexit-test-113,0,0,0.0,0.0,not uncertain
HSBrexit,blind,pros_cons,HS-Brexit-test-114,0,0,0.0,0.0,somewhat uncertain
HSBrexit,blind,pros_cons,HS-Brexit-test-115,0,0,0.0,0.0,somewhat uncertain
HSBrexit,blind,pros_cons,HS-Brexit-test-116,0,0,0.0,0.0,not uncertain
HSBrexit,blind,pros_cons,HS-Brexit-test-117,1,0,0.0,0.2222222222222222,not uncertain
HSBrexit,blind,pros_cons,HS-Brexit-test-118,0,0,0.0,0.0,not uncertain
HSBrexit,blind,pros_cons,HS-Brexit-test-119,1,0,0.0,0.1388888888888889,somewhat uncertain
HSBrexit,blind,pros_cons,HS-Brexit-test-120,0,0,0.0,0.0,not uncertain
HSBrexit,blind,pros_cons,HS-Brexit-test-121,0,0,0.1275,0.0,not uncertain
HSBrexit,blind,pros_cons,HS-Brexit-test-122,0,0,0.0,0.1388888888888889,not uncertain
HSBrexit,blind,pros_cons,HS-Brexit-test-123,0,0,0.0,0.0,not uncertain
HSBrexit,blind,pros_cons,HS-Brexit-test-124,0,0,0.0,0.0,not uncertain
HSBrexit,blind,pros_cons,HS-Brexit-test-125,1,0,0.0,0.0,not uncertain
HSBrexit,blind,pros_cons,HS-Brexit-test-126,0,0,0.0,0.0,not uncertain
HSBrexit,blind,pros_cons,HS-Brexit-test-127,1,1,0.0,0.2222222222222222,highly uncertain
HSBrexit,blind,pros_cons,HS-Brexit-test-128,0,0,0.0,0.0,somewhat uncertain
HSBrexit,blind,pros_cons,HS-Brexit-test-129,0,0,0.0,0.0,somewhat uncertain
HSBrexit,blind,pros_cons,HS-Brexit-test-130,0,0,0.0,0.0,not uncertain
HSBrexit,blind,pros_cons,HS-Brexit-test-131,1,0,0.16,0.0,not uncertain
HSBrexit,blind,pros_cons,HS-Brexit-test-132,0,0,0.0,0.0,not uncertain
HSBrexit,blind,pros_cons,HS-Brexit-test-133,1,0,0.0475,0.0,somewhat uncertain
HSBrexit,blind,pros_cons,HS-Brexit-test-134,1,0,0.24,0.2222222222222222,somewhat uncertain
HSBrexit,blind,pros_cons,HS-Brexit-test-135,0,0,0.1275,0.0,somewhat uncertain
HSBrexit,blind,pros_cons,HS-Brexit-test-136,1,0,0.0475,0.1388888888888889,not uncertain
HSBrexit,blind,pros_cons,HS-Brexit-test-137,0,0,0.0,0.0,not uncertain
HSBrexit,blind,pros_cons,HS-Brexit-test-138,0,0,0.0,0.0,not uncertain
HSBrexit,blind,pros_cons,HS-Brexit-test-139,0,0,0.0,0.0,not uncertain
HSBrexit,blind,pros_cons,HS-Brexit-test-140,0,0,0.0475,0.0,not uncertain
HSBrexit,blind,pros_cons,HS-Brexit-test-141,0,0,0.0,0.0,not uncertain
HSBrexit,blind,pros_cons,HS-Brexit-test-142,0,0,0.0,0.0,not uncertain
HSBrexit,blind,pros_cons,HS-Brexit-test-143,0,0,0.0,0.0,not uncertain
HSBrexit,blind,pros_cons,HS-Brexit-test-144,1,0,0.0,0.2222222222222222,highly uncertain
HSBrexit,blind,pros_cons,HS-Brexit-test-145,0,0,0.0,0.0,somewhat uncertain
HSBrexit,blind,pros_cons,HS-Brexit-test-146,1,0,0.0475,0.0,not uncertain
HSBrexit,blind,pros_cons,HS-Brexit-test-147,0,0,0.0,0.0,not uncertain
HSBrexit,blind,pros_cons,HS-Brexit-test-148,1,0,0.0,0.2222222222222222,not uncertain
HSBrexit,blind,pros_cons,HS-Brexit-test-149,0,0,0.0,0.0,not uncertain
HSBrexit,blind,pros_cons,HS-Brexit-test-150,0,0,0.0,0.0,somewhat uncertain
HSBrexit,blind,pros_cons,HS-Brexit-test-151,1,0,0.0,0.0,not uncertain
HSBrexit,blind,pros_cons,HS-Brexit-test-152,1,0,0.0,0.0,not uncertain
HSBrexit,blind,pros_cons,HS-Brexit-test-153,0,0,0.0,0.2222222222222222,not uncertain
HSBrexit,blind,pros_cons,HS-Brexit-test-154,0,0,0.0,0.0,not uncertain
HSBrexit,blind,pros_cons,HS-Brexit-test-155,0,0,0.0,0.0,not uncertain
HSBrexit,blind,pros_cons,HS-Brexit-test-156,1,0,0.09,0.25,not uncertain
HSBrexit,blind,pros_cons,HS-Brexit-test-157,0,0,0.0,0.0,somewhat uncertain
HSBrexit,blind,pros_cons,HS-Brexit-test-158,1,0,0.16,0.1388888888888889,not uncertain
HSBrexit,blind,pros_cons,HS-Brexit-test-159,1,0,0.0475,0.0,not uncertain
HSBrexit,blind,pros_cons,HS-Brexit-test-160,0,0,0.0,0.0,not uncertain
HSBrexit,blind,pros_cons,HS-Brexit-test-161,0,0,0.0,0.0,not uncertain
HSBrexit,blind,pros_cons,HS-Brexit-test-162,0,0,0.0,0.0,somewhat uncertain
HSBrexit,blind,pros_cons,HS-Brexit-test-163,1,0,0.2475,0.0,somewhat uncertain
HSBrexit,blind,pros_cons,HS-Brexit-test-164,0,0,0.0,0.0,not uncertain
HSBrexit,blind,pros_cons,HS-Brexit-test-165,1,0,0.0,0.25,not uncertain
HSBrexit,blind,pros_cons,HS-Brexit-test-166,1,0,0.16,0.25,not uncertain
HSBrexit,blind,pros_cons,HS-Brexit-test-167,1,0,0.0,0.0,not uncertain
HSBrexit,blind,pros_cons,HS-Brexit-test-168,0,0,0.0,0.0,not uncertain
HSBrexit,blind,GEPA,HS-Brexit-test-1,0,0,0.0,0.0,not uncertain
HSBrexit,blind,GEPA,HS-Brexit-test-2,1,1,0.0,0.2222222222222222,not uncertain
HSBrexit,blind,GEPA,HS-Brexit-test-3,0,0,0.0,0.0,not uncertain
HSBrexit,blind,GEPA,HS-Brexit-test-4,0,0,0.0,0.0,not uncertain
HSBrexit,blind,GEPA,HS-Brexit-test-5,0,0,0.16,0.2222222222222222,not uncertain
HSBrexit,blind,GEPA,HS-Brexit-test-6,0,0,0.0,0.0,not uncertain
HSBrexit,blind,GEPA,HS-Brexit-test-7,1,0,0.0,0.1388888888888889,somewhat uncertain
HSBrexit,blind,GEPA,HS-Brexit-test-8,1,0,0.0,0.25,not uncertain
HSBrexit,blind,GEPA,HS-Brexit-test-9,1,0,0.1875,0.25,not uncertain
HSBrexit,blind,GEPA,HS-Brexit-test-10,0,0,0.0,0.25,not uncertain
HSBrexit,blind,GEPA,HS-Brexit-test-11,1,0,0.0,0.25,not uncertain
HSBrexit,blind,GEPA,HS-Brexit-test-12,1,0,0.0,0.2222222222222222,not uncertain
HSBrexit,blind,GEPA,HS-Brexit-test-13,0,0,0.0475,0.0,somewhat uncertain
HSBrexit,blind,GEPA,HS-Brexit-test-14,1,0,0.0,0.0,somewhat uncertain
HSBrexit,blind,GEPA,HS-Brexit-test-15,0,0,0.0,0.0,not uncertain
HSBrexit,blind,GEPA,HS-Brexit-test-16,1,0,0.0,0.0,not uncertain
HSBrexit,blind,GEPA,HS-Brexit-test-17,0,0,0.0,0.0,not uncertain
HSBrexit,blind,GEPA,HS-Brexit-test-18,0,0,0.0,0.0,not uncertain
HSBrexit,blind,GEPA,HS-Brexit-test-19,1,0,0.0,0.25,not uncertain
HSBrexit,blind,GEPA,HS-Brexit-test-20,0,0,0.0,0.0,not uncertain
HSBrexit,blind,GEPA,HS-Brexit-test-21,0,0,0.0,0.0,not uncertain
HSBrexit,blind,GEPA,HS-Brexit-test-22,0,0,0.0,0.0,not uncertain
HSBrexit,blind,GEPA,HS-Brexit-test-23,1,1,0.0,0.2222222222222222,not uncertain
HSBrexit,blind,GEPA,HS-Brexit-test-24,0,0,0.0,0.0,not uncertain
HSBrexit,blind,GEPA,HS-Brexit-test-25,1,1,0.0,0.1388888888888888,not uncertain
HSBrexit,blind,GEPA,HS-Brexit-test-26,0,0,0.0,0.0,not uncertain
HSBrexit,blind,GEPA,HS-Brexit-test-27,0,0,0.0,0.0,not uncertain
HSBrexit,blind,GEPA,HS-Brexit-test-28,0,0,0.0,0.0,not uncertain
HSBrexit,blind,GEPA,HS-Brexit-test-29,0,0,0.0,0.0,not uncertain
HSBrexit,blind,GEPA,HS-Brexit-test-30,0,0,0.1875,0.2222222222222222,highly uncertain
HSBrexit,blind,GEPA,HS-Brexit-test-31,0,0,0.0,0.0,not uncertain
HSBrexit,blind,GEPA,HS-Brexit-test-32,1,0,0.0,0.0,not uncertain
HSBrexit,blind,GEPA,HS-Brexit-test-33,0,0,0.21,0.0,somewhat uncertain
HSBrexit,blind,GEPA,HS-Brexit-test-34,1,0,0.21,0.1388888888888889,not uncertain
HSBrexit,blind,GEPA,HS-Brexit-test-35,1,0,0.0,0.0,somewhat uncertain
HSBrexit,blind,GEPA,HS-Brexit-test-36,1,0,0.0,0.25,not uncertain
HSBrexit,blind,GEPA,HS-Brexit-test-37,0,0,0.24,0.0,not uncertain
HSBrexit,blind,GEPA,HS-Brexit-test-38,0,0,0.0475,0.0,not uncertain
HSBrexit,blind,GEPA,HS-Brexit-test-39,0,0,0.0,0.0,not uncertain
HSBrexit,blind,GEPA,HS-Brexit-test-40,1,0,0.0475,0.1388888888888889,somewhat uncertain
HSBrexit,blind,GEPA,HS-Brexit-test-41,0,0,0.0,0.0,not uncertain
HSBrexit,blind,GEPA,HS-Brexit-test-42,0,0,0.0,0.0,not uncertain
HSBrexit,blind,GEPA,HS-Brexit-test-43,0,0,0.21,0.2222222222222222,not uncertain
HSBrexit,blind,GEPA,HS-Brexit-test-44,0,0,0.0,0.0,not uncertain
HSBrexit,blind,GEPA,HS-Brexit-test-45,0,0,0.0,0.1388888888888889,not uncertain
HSBrexit,blind,GEPA,HS-Brexit-test-46,0,0,0.0,0.0,not uncertain
HSBrexit,blind,GEPA,HS-Brexit-test-47,0,0,0.0,0.0,not uncertain
HSBrexit,blind,GEPA,HS-Brexit-test-48,0,0,0.0,0.0,not uncertain
HSBrexit,blind,GEPA,HS-Brexit-test-49,0,0,0.0,0.0,not uncertain
HSBrexit,blind,GEPA,HS-Brexit-test-50,0,0,0.0,0.0,not uncertain
HSBrexit,blind,GEPA,HS-Brexit-test-51,0,0,0.25,0.1388888888888889,somewhat uncertain
HSBrexit,blind,GEPA,HS-Brexit-test-52,1,0,0.0,0.0,somewhat uncertain
HSBrexit,blind,GEPA,HS-Brexit-test-53,0,0,0.0,0.0,not uncertain
HSBrexit,blind,GEPA,HS-Brexit-test-54,0,0,0.0,0.0,not uncertain
HSBrexit,blind,GEPA,HS-Brexit-test-55,1,0,0.0,0.25,not uncertain
HSBrexit,blind,GEPA,HS-Brexit-test-56,0,0,0.0,0.0,not uncertain
HSBrexit,blind,GEPA,HS-Brexit-test-57,0,0,0.0,0.2222222222222222,not uncertain
HSBrexit,blind,GEPA,HS-Brexit-test-58,1,0,0.0,0.1388888888888889,somewhat uncertain
HSBrexit,blind,GEPA,HS-Brexit-test-59,0,0,0.0,0.0,not uncertain
HSBrexit,blind,GEPA,HS-Brexit-test-60,0,0,0.0,0.0,not uncertain
HSBrexit,blind,GEPA,HS-Brexit-test-61,0,0,0.0,0.0,not uncertain
HSBrexit,blind,GEPA,HS-Brexit-test-62,0,0,0.0,0.0,not uncertain
HSBrexit,blind,GEPA,HS-Brexit-test-63,1,0,0.0,0.25,not uncertain
HSBrexit,blind,GEPA,HS-Brexit-test-64,0,0,0.0,0.0,not uncertain
HSBrexit,blind,GEPA,HS-Brexit-test-65,1,1,0.0,0.0,somewhat uncertain
HSBrexit,blind,GEPA,HS-Brexit-test-66,0,0,0.09,0.2222222222222222,not uncertain
HSBrexit,blind,GEPA,HS-Brexit-test-67,1,1,0.0,0.2222222222222222,not uncertain
HSBrexit,blind,GEPA,HS-Brexit-test-68,1,0,0.0,0.25,not uncertain
HSBrexit,blind,GEPA,HS-Brexit-test-69,1,1,0.0,0.0,not uncertain
HSBrexit,blind,GEPA,HS-Brexit-test-70,0,0,0.0,0.1388888888888889,not uncertain
HSBrexit,blind,GEPA,HS-Brexit-test-71,0,0,0.0,0.0,not uncertain
HSBrexit,blind,GEPA,HS-Brexit-test-72,0,0,0.0,0.0,not uncertain
HSBrexit,blind,GEPA,HS-Brexit-test-73,1,0,0.0,0.1388888888888889,not uncertain
HSBrexit,blind,GEPA,HS-Brexit-test-74,0,0,0.21,0.0,somewhat uncertain
HSBrexit,blind,GEPA,HS-Brexit-test-75,0,0,0.2274999999999999,0.0,not uncertain
HSBrexit,blind,GEPA,HS-Brexit-test-76,0,0,0.0,0.0,not uncertain
HSBrexit,blind,GEPA,HS-Brexit-test-77,1,1,0.0,0.1388888888888888,not uncertain
HSBrexit,blind,GEPA,HS-Brexit-test-78,0,0,0.0,0.0,not uncertain
HSBrexit,blind,GEPA,HS-Brexit-test-79,0,0,0.0,0.0,not uncertain
HSBrexit,blind,GEPA,HS-Brexit-test-80,0,0,0.0,0.0,not uncertain
HSBrexit,blind,GEPA,HS-Brexit-test-81,0,0,0.2099999999999999,0.0,not uncertain
HSBrexit,blind,GEPA,HS-Brexit-test-82,0,0,0.0,0.0,not uncertain
HSBrexit,blind,GEPA,HS-Brexit-test-83,0,0,0.09,0.0,not uncertain
HSBrexit,blind,GEPA,HS-Brexit-test-84,0,0,0.0,0.0,not uncertain
HSBrexit,blind,GEPA,HS-Brexit-test-85,0,0,0.0,0.0,not uncertain
HSBrexit,blind,GEPA,HS-Brexit-test-86,1,0,0.0475,0.0,not uncertain
HSBrexit,blind,GEPA,HS-Brexit-test-87,1,1,0.0,0.2222222222222222,somewhat uncertain
HSBrexit,blind,GEPA,HS-Brexit-test-88,0,0,0.0,0.1388888888888889,not uncertain
HSBrexit,blind,GEPA,HS-Brexit-test-89,1,0,0.2274999999999999,0.0,not uncertain
HSBrexit,blind,GEPA,HS-Brexit-test-90,0,0,0.0,0.0,not uncertain
HSBrexit,blind,GEPA,HS-Brexit-test-91,0,0,0.0,0.0,not uncertain
HSBrexit,blind,GEPA,HS-Brexit-test-92,0,0,0.0,0.0,not uncertain
HSBrexit,blind,GEPA,HS-Brexit-test-93,0,0,0.0475,0.2222222222222222,somewhat uncertain
HSBrexit,blind,GEPA,HS-Brexit-test-94,1,0,0.0,0.2222222222222222,not uncertain
HSBrexit,blind,GEPA,HS-Brexit-test-95,0,0,0.0,0.0,not uncertain
HSBrexit,blind,GEPA,HS-Brexit-test-96,1,0,0.0,0.2222222222222222,not uncertain
HSBrexit,blind,GEPA,HS-Brexit-test-97,0,0,0.0,0.0,not uncertain
HSBrexit,blind,GEPA,HS-Brexit-test-98,0,0,0.0,0.0,not uncertain
HSBrexit,blind,GEPA,HS-Brexit-test-99,0,0,0.0,0.1388888888888889,not uncertain
HSBrexit,blind,GEPA,HS-Brexit-test-100,0,0,0.0,0.1388888888888889,somewhat uncertain
HSBrexit,blind,GEPA,HS-Brexit-test-101,1,0,0.1875,0.25,not uncertain
HSBrexit,blind,GEPA,HS-Brexit-test-102,0,0,0.0,0.0,not uncertain
HSBrexit,blind,GEPA,HS-Brexit-test-103,0,0,0.0,0.0,not uncertain
HSBrexit,blind,GEPA,HS-Brexit-test-104,0,0,0.0475,0.0,somewhat uncertain
HSBrexit,blind,GEPA,HS-Brexit-test-105,0,0,0.0,0.0,not uncertain
HSBrexit,blind,GEPA,HS-Brexit-test-106,0,0,0.0,0.0,not uncertain
HSBrexit,blind,GEPA,HS-Brexit-test-107,1,0,0.0475,0.0,not uncertain
HSBrexit,blind,GEPA,HS-Brexit-test-108,1,1,0.0,0.1388888888888888,not uncertain
HSBrexit,blind,GEPA,HS-Brexit-test-109,1,0,0.0475,0.0,not uncertain
HSBrexit,blind,GEPA,HS-Brexit-test-110,1,0,0.16,0.2222222222222222,not uncertain
HSBrexit,blind,GEPA,HS-Brexit-test-111,0,0,0.2274999999999999,0.1388888888888889,not uncertain
HSBrexit,blind,GEPA,HS-Brexit-test-112,0,0,0.0,0.0,not uncertain
HSBrexit,blind,GEPA,HS-Brexit-test-113,0,0,0.0,0.0,not uncertain
HSBrexit,blind,GEPA,HS-Brexit-test-114,0,0,0.0,0.0,not uncertain
HSBrexit,blind,GEPA,HS-Brexit-test-115,0,0,0.0,0.0,not uncertain
HSBrexit,blind,GEPA,HS-Brexit-test-116,0,0,0.0,0.0,somewhat uncertain
HSBrexit,blind,GEPA,HS-Brexit-test-117,1,0,0.0,0.2222222222222222,somewhat uncertain
HSBrexit,blind,GEPA,HS-Brexit-test-118,0,0,0.0,0.0,not uncertain
HSBrexit,blind,GEPA,HS-Brexit-test-119,1,0,0.0,0.1388888888888889,not uncertain
HSBrexit,blind,GEPA,HS-Brexit-test-120,0,0,0.0,0.0,not uncertain
HSBrexit,blind,GEPA,HS-Brexit-test-121,0,0,0.1275,0.0,somewhat uncertain
HSBrexit,blind,GEPA,HS-Brexit-test-122,0,0,0.0,0.1388888888888889,not uncertain
HSBrexit,blind,GEPA,HS-Brexit-test-123,0,0,0.0,0.0,not uncertain
HSBrexit,blind,GEPA,HS-Brexit-test-124,0,0,0.0,0.0,not uncertain
HSBrexit,blind,GEPA,HS-Brexit-test-125,1,0,0.0,0.0,somewhat uncertain
HSBrexit,blind,GEPA,HS-Brexit-test-126,0,0,0.0,0.0,not uncertain
HSBrexit,blind,GEPA,HS-Brexit-test-127,1,1,0.0,0.2222222222222222,not uncertain
HSBrexit,blind,GEPA,HS-Brexit-test-128,0,0,0.0,0.0,not uncertain
HSBrexit,blind,GEPA,HS-Brexit-test-129,0,0,0.0,0.0,not uncertain
HSBrexit,blind,GEPA,HS-Brexit-test-130,0,0,0.0,0.0,not uncertain
HSBrexit,blind,GEPA,HS-Brexit-test-131,1,0,0.16,0.0,somewhat uncertain
HSBrexit,blind,GEPA,HS-Brexit-test-132,0,0,0.0,0.0,somewhat uncertain
HSBrexit,blind,GEPA,HS-Brexit-test-133,1,0,0.0475,0.0,not uncertain
HSBrexit,blind,GEPA,HS-Brexit-test-134,1,0,0.24,0.2222222222222222,not uncertain
HSBrexit,blind,GEPA,HS-Brexit-test-135,0,0,0.1275,0.0,not uncertain
HSBrexit,blind,GEPA,HS-Brexit-test-136,1,0,0.0475,0.1388888888888889,somewhat uncertain
HSBrexit,blind,GEPA,HS-Brexit-test-137,0,0,0.0,0.0,not uncertain
HSBrexit,blind,GEPA,HS-Brexit-test-138,0,0,0.0,0.0,not uncertain
HSBrexit,blind,GEPA,HS-Brexit-test-139,0,0,0.0,0.0,not uncertain
HSBrexit,blind,GEPA,HS-Brexit-test-140,0,0,0.0475,0.0,not uncertain
HSBrexit,blind,GEPA,HS-Brexit-test-141,0,0,0.0,0.0,not uncertain
HSBrexit,blind,GEPA,HS-Brexit-test-142,0,0,0.0,0.0,not uncertain
HSBrexit,blind,GEPA,HS-Brexit-test-143,0,0,0.0,0.0,not uncertain
HSBrexit,blind,GEPA,HS-Brexit-test-144,1,0,0.0,0.2222222222222222,not uncertain
HSBrexit,blind,GEPA,HS-Brexit-test-145,0,0,0.0,0.0,not uncertain
HSBrexit,blind,GEPA,HS-Brexit-test-146,1,0,0.0475,0.0,not uncertain
HSBrexit,blind,GEPA,HS-Brexit-test-147,0,0,0.0,0.0,not uncertain
HSBrexit,blind,GEPA,HS-Brexit-test-148,1,0,0.0,0.2222222222222222,not uncertain
HSBrexit,blind,GEPA,HS-Brexit-test-149,0,0,0.0,0.0,not uncertain
HSBrexit,blind,GEPA,HS-Brexit-test-150,0,0,0.0,0.0,not uncertain
HSBrexit,blind,GEPA,HS-Brexit-test-151,1,0,0.0,0.0,somewhat uncertain
HSBrexit,blind,GEPA,HS-Brexit-test-152,1,0,0.0,0.0,somewhat uncertain
HSBrexit,blind,GEPA,HS-Brexit-test-153,0,0,0.0,0.2222222222222222,somewhat uncertain
HSBrexit,blind,GEPA,HS-Brexit-test-154,0,0,0.0,0.0,not uncertain
HSBrexit,blind,GEPA,HS-Brexit-test-155,0,0,0.0,0.0,not uncertain
HSBrexit,blind,GEPA,HS-Brexit-test-156,1,0,0.09,0.25,not uncertain
HSBrexit,blind,GEPA,HS-Brexit-test-157,0,0,0.0,0.0,not uncertain
HSBrexit,blind,GEPA,HS-Brexit-test-158,1,0,0.16,0.1388888888888889,not uncertain
HSBrexit,blind,GEPA,HS-Brexit-test-159,1,0,0.0475,0.0,not uncertain
HSBrexit,blind,GEPA,HS-Brexit-test-160,0,0,0.0,0.0,not uncertain
HSBrexit,blind,GEPA,HS-Brexit-test-161,0,0,0.0,0.0,not uncertain
HSBrexit,blind,GEPA,HS-Brexit-test-162,0,0,0.0,0.0,not uncertain
HSBrexit,blind,GEPA,HS-Brexit-test-163,1,0,0.2475,0.0,not uncertain
HSBrexit,blind,GEPA,HS-Brexit-test-164,0,0,0.0,0.0,not uncertain
HSBrexit,blind,GEPA,HS-Brexit-test-165,1,0,0.0,0.25,not uncertain
HSBrexit,blind,GEPA,HS-Brexit-test-166,1,0,0.16,0.25,not uncertain
HSBrexit,blind,GEPA,HS-Brexit-test-167,1,0,0.0,0.0,not uncertain
HSBrexit,blind,GEPA,HS-Brexit-test-168,0,0,0.0,0.0,not uncertain
HSBrexit,labelled,single_hedge,HS-Brexit-test-1,0,0,0.0,0.0,not uncertain
HSBrexit,labelled,single_hedge,HS-Brexit-test-2,1,1,0.0,0.2222222222222222,not uncertain
HSBrexit,labelled,single_hedge,HS-Brexit-test-3,0,0,0.0,0.0,not uncertain
HSBrexit,labelled,single_hedge,HS-Brexit-test-4,0,0,0.0,0.0,not uncertain
HSBrexit,labelled,single_hedge,HS-Brexit-test-5,0,0,0.16,0.2222222222222222,not uncertain
HSBrexit,labelled,single_hedge,HS-Brexit-test-6,0,0,0.0,0.0,not uncertain
HSBrexit,labelled,single_hedge,HS-Brexit-test-7,1,0,0.0,0.1388888888888889,somewhat uncertain
HSBrexit,labelled,single_hedge,HS-Brexit-test-8,1,0,0.0,0.25,not uncertain
HSBrexit,labelled,single_hedge,HS-Brexit-test-9,1,0,0.1875,0.25,somewhat uncertain
HSBrexit,labelled,single_hedge,HS-Brexit-test-10,0,0,0.0,0.25,not uncertain
HSBrexit,labelled,single_hedge,HS-Brexit-test-11,1,0,0.0,0.25,not uncertain
HSBrexit,labelled,single_hedge,HS-Brexit-test-12,1,0,0.0,0.2222222222222222,not uncertain
HSBrexit,labelled,single_hedge,HS-Brexit-test-13,0,0,0.0475,0.0,not uncertain
HSBrexit,labelled,single_hedge,HS-Brexit-test-14,1,0,0.0,0.0,somewhat uncertain
HSBrexit,labelled,single_hedge,HS-Brexit-test-15,0,0,0.0,0.0,not uncertain
HSBrexit,labelled,single_hedge,HS-Brexit-test-16,1,0,0.0,0.0,not uncertain
HSBrexit,labelled,single_hedge,HS-Brexit-test-17,0,0,0.0,0.0,not uncertain
HSBrexit,labelled,single_hedge,HS-Brexit-test-18,0,0,0.0,0.0,not uncertain
HSBrexit,labelled,single_hedge,HS-Brexit-test-19,1,0,0.0,0.25,not uncertain
HSBrexit,labelled,single_hedge,HS-Brexit-test-20,0,0,0.0,0.0,not uncertain
HSBrexit,labelled,single_hedge,HS-Brexit-test-21,0,0,0.0,0.0,not uncertain
HSBrexit,labelled,single_hedge,HS-Brexit-test-22,0,0,0.0,0.0,not uncertain
HSBrexit,labelled,single_hedge,HS-Brexit-test-23,1,1,0.0,0.2222222222222222,highly uncertain
HSBrexit,labelled,single_hedge,HS-Brexit-test-24,0,0,0.0,0.0,not uncertain
HSBrexit,labelled,single_hedge,HS-Brexit-test-25,1,1,0.0,0.1388888888888888,somewhat uncertain
HSBrexit,labelled,single_hedge,HS-Brexit-test-26,0,0,0.0,0.0,not uncertain
HSBrexit,labelled,single_hedge,HS-Brexit-test-27,0,0,0.0,0.0,not uncertain
HSBrexit,labelled,single_hedge,HS-Brexit-test-28,0,0,0.0,0.0,not uncertain
HSBrexit,labelled,single_hedge,HS-Brexit-test-29,0,0,0.0,0.0,not uncertain
HSBrexit,labelled,single_hedge,HS-Brexit-test-30,0,0,0.1875,0.2222222222222222,not uncertain
HSBrexit,labelled,single_hedge,HS-Brexit-test-31,0,0,0.0,0.0,not uncertain
HSBrexit,labelled,single_hedge,HS-Brexit-test-32,1,0,0.0,0.0,somewhat uncertain
HSBrexit,labelled,single_hedge,HS-Brexit-test-33,0,0,0.21,0.0,highly uncertain
HSBrexit,labelled,single_hedge,HS-Brexit-test-34,1,0,0.21,0.1388888888888889,not uncertain
HSBrexit,labelled,single_hedge,HS-Brexit-test-35,1,0,0.0,0.0,not uncertain
HSBrexit,labelled,single_hedge,HS-Brexit-test-36,1,0,0.0,0.25,somewhat uncertain
HSBrexit,labelled,single_hedge,HS-Brexit-test-37,0,0,0.24,0.0,somewhat uncertain
HSBrexit,labelled,single_hedge,HS-Brexit-test-38,0,0,0.0475,0.0,not uncertain
HSBrexit,labelled,single_hedge,HS-Brexit-test-39,0,0,0.0,0.0,not uncertain
HSBrexit,labelled,single_hedge,HS-Brexit-test-40,1,0,0.0475,0.1388888888888889,not uncertain
HSBrexit,labelled,single_hedge,HS-Brexit-test-41,0,0,0.0,0.0,not uncertain
HSBrexit,labelled,single_hedge,HS-Brexit-test-42,0,0,0.0,0.0,not uncertain
HSBrexit,labelled,single_hedge,HS-Brexit-test-43,0,0,0.21,0.2222222222222222,somewhat uncertain
HSBrexit,labelled,single_hedge,HS-Brexit-test-44,0,0,0.0,0.0,not uncertain
HSBrexit,labelled,single_hedge,HS-Brexit-test-45,0,0,0.0,0.1388888888888889,not uncertain
HSBrexit,labelled,single_hedge,HS-Brexit-test-46,0,0,0.0,0.0,not uncertain
HSBrexit,labelled,single_hedge,HS-Brexit-test-47,0,0,0.0,0.0,not uncertain
HSBrexit,labelled,single_hedge,HS-Brexit-test-48,0,0,0.0,0.0,highly uncertain
HSBrexit,labelled,single_hedge,HS-Brexit-test-49,0,0,0.0,0.0,not uncertain
HSBrexit,labelled,single_hedge,HS-Brexit-test-50,0,0,0.0,0.0,not uncertain
HSBrexit,labelled,single_hedge,HS-Brexit-test-51,0,0,0.25,0.1388888888888889,somewhat uncertain
HSBrexit,labelled,single_hedge,HS-Brexit-test-52,1,0,0.0,0.0,somewhat uncertain
HSBrexit,labelled,single_hedge,HS-Brexit-test-53,0,0,0.0,0.0,not uncertain
HSBrexit,labelled,single_hedge,HS-Brexit-test-54,0,0,0.0,0.0,not uncertain
HSBrexit,labelled,single_hedge,HS-Brexit-test-55,1,0,0.0,0.25,not uncertain
HSBrexit,labelled,single_hedge,HS-Brexit-test-56,0,0,0.0,0.0,not uncertain
HSBrexit,labelled,single_hedge,HS-Brexit-test-57,0,0,0.0,0.2222222222222222,not uncertain
HSBrexit,labelled,single_hedge,HS-Brexit-test-58,1,0,0.0,0.1388888888888889,not uncertain
HSBrexit,labelled,single_hedge,HS-Brexit-test-59,0,0,0.0,0.0,not uncertain
HSBrexit,labelled,single_hedge,HS-Brexit-test-60,0,0,0.0,0.0,not uncertain
HSBrexit,labelled,single_hedge,HS-Brexit-test-61,0,0,0.0,0.0,not uncertain
HSBrexit,labelled,single_hedge,HS-Brexit-test-62,0,0,0.0,0.0,not uncertain
HSBrexit,labelled,single_hedge,HS-Brexit-test-63,1,0,0.0,0.25,not uncertain
HSBrexit,labelled,single_hedge,HS-Brexit-test-64,0,0,0.0,0.0,not uncertain
HSBrexit,labelled,single_hedge,HS-Brexit-test-65,1,1,0.0,0.0,not uncertain
HSBrexit,labelled,single_hedge,HS-Brexit-test-66,0,0,0.09,0.2222222222222222,not uncertain
HSBrexit,labelled,single_hedge,HS-Brexit-test-67,1,1,0.0,0.2222222222222222,not uncertain
HSBrexit,labelled,single_hedge,HS-Brexit-test-68,1,0,0.0,0.25,not uncertain
HSBrexit,labelled,single_hedge,HS-Brexit-test-69,1,1,0.0,0.0,somewhat uncertain
HSBrexit,labelled,single_hedge,HS-Brexit-test-70,0,0,0.0,0.1388888888888889,not uncertain
HSBrexit,labelled,single_hedge,HS-Brexit-test-71,0,0,0.0,0.0,not uncertain
HSBrexit,labelled,single_hedge,HS-Brexit-test-72,0,0,0.0,0.0,not uncertain
HSBrexit,labelled,single_hedge,HS-Brexit-test-73,1,0,0.0,0.1388888888888889,somewhat uncertain
HSBrexit,labelled,single_hedge,HS-Brexit-test-74,0,0,0.21,0.0,not uncertain
HSBrexit,labelled,single_hedge,HS-Brexit-test-75,0,0,0.2274999999999999,0.0,not uncertain
HSBrexit,labelled,single_hedge,HS-Brexit-test-76,0,0,0.0,0.0,not uncertain
HSBrexit,labelled,single_hedge,HS-Brexit-test-77,1,1,0.0,0.1388888888888888,not uncertain
HSBrexit,labelled,single_hedge,HS-Brexit-test-78,0,0,0.0,0.0,not uncertain
HSBrexit,labelled,single_hedge,HS-Brexit-test-79,0,0,0.0,0.0,not uncertain
HSBrexit,labelled,single_hedge,HS-Brexit-test-80,0,0,0.0,0.0,somewhat uncertain
HSBrexit,labelled,single_hedge,HS-Brexit-test-81,0,0,0.2099999999999999,0.0,not uncertain
HSBrexit,labelled,single_hedge,HS-Brexit-test-82,0,0,0.0,0.0,not uncertain
HSBrexit,labelled,single_hedge,HS-Brexit-test-83,0,0,0.09,0.0,not uncertain
HSBrexit,labelled,single_hedge,HS-Brexit-test-84,0,0,0.0,0.0,not uncertain
HSBrexit,labelled,single_hedge,HS-Brexit-test-85,0,0,0.0,0.0,not uncertain
HSBrexit,labelled,single_hedge,HS-Brexit-test-86,1,0,0.0475,0.0,highly uncertain
HSBrexit,labelled,single_hedge,HS-Brexit-test-87,1,1,0.0,0.2222222222222222,not uncertain
HSBrexit,labelled,single_hedge,HS-Brexit-test-88,0,0,0.0,0.1388888888888889,not uncertain
HSBrexit,labelled,single_hedge,HS-Brexit-test-89,1,0,0.2274999999999999,0.0,not uncertain
HSBrexit,labelled,single_hedge,HS-Brexit-test-90,0,0,0.0,0.0,not uncertain
HSBrexit,labelled,single_hedge,HS-Brexit-test-91,0,0,0.0,0.0,not uncertain
HSBrexit,labelled,single_hedge,HS-Brexit-test-92,0,0,0.0,0.0,not uncertain
HSBrexit,labelled,single_hedge,HS-Brexit-test-93,0,0,0.0475,0.2222222222222222,not uncertain
HSBrexit,labelled,single_hedge,HS-Brexit-test-94,1,0,0.0,0.2222222222222222,not uncertain
HSBrexit,labelled,single_hedge,HS-Brexit-test-95,0,0,0.0,0.0,not uncertain
HSBrexit,labelled,single_hedge,HS-Brexit-test-96,1,0,0.0,0.2222222222222222,not uncertain
HSBrexit,labelled,single_hedge,HS-Brexit-test-97,0,0,0.0,0.0,not uncertain
HSBrexit,labelled,single_hedge,HS-Brexit-test-98,0,0,0.0,0.0,not uncertain
HSBrexit,labelled,single_hedge,HS-Brexit-test-99,0,0,0.0,0.1388888888888889,somewhat uncertain
HSBrexit,labelled,single_hedge,HS-Brexit-test-100,0,0,0.0,0.1388888888888889,somewhat uncertain
HSBrexit,labelled,single_hedge,HS-Brexit-test-101,1,0,0.1875,0.25,not uncertain
HSBrexit,labelled,single_hedge,HS-Brexit-test-102,0,0,0.0,0.0,not uncertain
HSBrexit,labelled,single_hedge,HS-Brexit-test-103,0,0,0.0,0.0,not uncertain
HSBrexit,labelled,single_hedge,HS-Brexit-test-104,0,0,0.0475,0.0,not uncertain
HSBrexit,labelled,single_hedge,HS-Brexit-test-105,0,0,0.0,0.0,not uncertain
HSBrexit,labelled,single_hedge,HS-Brexit-test-106,0,0,0.0,0.0,not uncertain
HSBrexit,labelled,single_hedge,HS-Brexit-test-107,1,0,0.0475,0.0,somewhat uncertain
HSBrexit,labelled,single_hedge,HS-Brexit-test-108,1,1,0.0,0.1388888888888888,not uncertain
HSBrexit,labelled,single_hedge,HS-Brexit-test-109,1,0,0.0475,0.0,not uncertain
HSBrexit,labelled,single_hedge,HS-Brexit-test-110,1,0,0.16,0.2222222222222222,somewhat uncertain
HSBrexit,labelled,single_hedge,HS-Brexit-test-111,0,0,0.2274999999999999,0.1388888888888889,not uncertain
HSBrexit,labelled,single_hedge,HS-Brexit-test-112,0,0,0.0,0.0,not uncertain
HSBrexit,labelled,single_hedge,HS-Brexit-test-113,0,0,0.0,0.0,not uncertain
HSBrexit,labelled,single_hedge,HS-Brexit-test-114,0,0,0.0,0.0,not uncertain
HSBrexit,labelled,single_hedge,HS-Brexit-test-115,0,0,0.0,0.0,not uncertain
HSBrexit,labelled,single_hedge,HS-Brexit-test-116,0,0,0.0,0.0,not uncertain
HSBrexit,labelled,single_hedge,HS-Brexit-test-117,1,0,0.0,0.2222222222222222,somewhat uncertain
HSBrexit,labelled,single_hedge,HS-Brexit-test-118,0,0,0.0,0.0,not uncertain
HSBrexit,labelled,single_hedge,HS-Brexit-test-119,1,0,0.0,0.1388888888888889,somewhat uncertain
HSBrexit,labelled,single_hedge,HS-Brexit-test-120,0,0,0.0,0.0,not uncertain
HSBrexit,labelled,single_hedge,HS-Brexit-test-121,0,0,0.1275,0.0,not uncertain
HSBrexit,labelled,single_hedge,HS-Brexit-test-122,0,0,0.0,0.1388888888888889,not uncertain
HSBrexit,labelled,single_hedge,HS-Brexit-test-123,0,0,0.0,0.0,not uncertain
HSBrexit,labelled,single_hedge,HS-Brexit-test-124,0,0,0.0,0.0,not uncertain
HSBrexit,labelled,single_hedge,HS-Brexit-test-125,1,0,0.0,0.0,somewhat uncertain
HSBrexit,labelled,single_hedge,HS-Brexit-test-126,0,0,0.0,0.0,not uncertain
HSBrexit,labelled,single_hedge,HS-Brexit-test-127,1,1,0.0,0.2222222222222222,not uncertain
HSBrexit,labelled,single_hedge,HS-Brexit-test-128,0,0,0.0,0.0,not uncertain
HSBrexit,labelled,single_hedge,HS-Brexit-test-129,0,0,0.0,0.0,not uncertain
HSBrexit,labelled,single_hedge,HS-Brexit-test-130,0,0,0.0,0.0,not uncertain
HSBrexit,labelled,single_hedge,HS-Brexit-test-131,1,0,0.16,0.0,somewhat uncertain
HSBrexit,labelled,single_hedge,HS-Brexit-test-132,0,0,0.0,0.0,not uncertain
HSBrexit,labelled,single_hedge,HS-Brexit-test-133,1,0,0.0475,0.0,not uncertain
HSBrexit,labelled,single_hedge,HS-Brexit-test-134,1,0,0.24,0.2222222222222222,somewhat uncertain
HSBrexit,labelled,single_hedge,HS-Brexit-test-135,0,0,0.1275,0.0,not uncertain
HSBrexit,labelled,single_hedge,HS-Brexit-test-136,1,0,0.0475,0.1388888888888889,somewhat uncertain
HSBrexit,labelled,single_hedge,HS-Brexit-test-137,0,0,0.0,0.0,not uncertain
HSBrexit,labelled,single_hedge,HS-Brexit-test-138,0,0,0.0,0.0,not uncertain
HSBrexit,labelled,single_hedge,HS-Brexit-test-139,0,0,0.0,0.0,not uncertain
HSBrexit,labelled,single_hedge,HS-Brexit-test-140,0,0,0.0475,0.0,not uncertain
HSBrexit,labelled,single_hedge,HS-Brexit-test-141,0,0,0.0,0.0,not uncertain
HSBrexit,labelled,single_hedge,HS-Brexit-test-142,0,0,0.0,0.0,not uncertain
HSBrexit,labelled,single_hedge,HS-Brexit-test-143,0,0,0.0,0.0,not uncertain
HSBrexit,labelled,single_hedge,HS-Brexit-test-144,1,0,0.0,0.2222222222222222,not uncertain
HSBrexit,labelled,single_hedge,HS-Brexit-test-145,0,0,0.0,0.0,not uncertain
HSBrexit,labelled,single_hedge,HS-Brexit-test-146,1,0,0.0475,0.0,somewhat uncertain
HSBrexit,labelled,single_hedge,HS-Brexit-test-147,0,0,0.0,0.0,not uncertain
HSBrexit,labelled,single_hedge,HS-Brexit-test-148,1,0,0.0,0.2222222222222222,highly uncertain
HSBrexit,labelled,single_hedge,HS-Brexit-test-149,0,0,0.0,0.0,not uncertain
HSBrexit,labelled,single_hedge,HS-Brexit-test-150,0,0,0.0,0.0,not uncertain
HSBrexit,labelled,single_hedge,HS-Brexit-test-151,1,0,0.0,0.0,not uncertain
HSBrexit,labelled,single_hedge,HS-Brexit-test-152,1,0,0.0,0.0,somewhat uncertain
HSBrexit,labelled,single_hedge,HS-Brexit-test-153,0,0,0.0,0.2222222222222222,not uncertain
HSBrexit,labelled,single_hedge,HS-Brexit-test-154,0,0,0.0,0.0,not uncertain
HSBrexit,labelled,single_hedge,HS-Brexit-test-155,0,0,0.0,0.0,not uncertain
HSBrexit,labelled,single_hedge,HS-Brexit-test-156,1,0,0.09,0.25,not uncertain
HSBrexit,labelled,single_hedge,HS-Brexit-test-157,0,0,0.0,0.0,not uncertain
HSBrexit,labelled,single_hedge,HS-Brexit-test-158,1,0,0.16,0.1388888888888889,somewhat uncertain
HSBrexit,labelled,single_hedge,HS-Brexit-test-159,1,0,0.0475,0.0,not uncertain
HSBrexit,labelled,single_hedge,HS-Brexit-test-160,0,0,0.0,0.0,not uncertain
HSBrexit,labelled,single_hedge,HS-Brexit-test-161,0,0,0.0,0.0,not uncertain
HSBrexit,labelled,single_hedge,HS-Brexit-test-162,0,0,0.0,0.0,not uncertain
HSBrexit,labelled,single_hedge,HS-Brexit-test-163,1,0,0.2475,0.0,not uncertain
HSBrexit,labelled,single_hedge,HS-Brexit-test-164,0,0,0.0,0.0,not uncertain
HSBrexit,labelled,single_hedge,HS-Brexit-test-165,1,0,0.0,0.25,not uncertain
HSBrexit,labelled,single_hedge,HS-Brexit-test-166,1,0,0.16,0.25,not uncertain
HSBrexit,labelled,single_hedge,HS-Brexit-test-167,1,0,0.0,0.0,not uncertain
HSBrexit,labelled,single_hedge,HS-Brexit-test-168,0,0,0.0,0.0,not uncertain
HSBrexit,labelled,reclassify,HS-Brexit-test-1,0,0,0.0,0.0,not uncertain
HSBrexit,labelled,reclassify,HS-Brexit-test-2,1,1,0.0,0.2222222222222222,not uncertain
HSBrexit,labelled,reclassify,HS-Brexit-test-3,0,0,0.0,0.0,not uncertain
HSBrexit,labelled,reclassify,HS-Brexit-test-4,0,0,0.0,0.0,not uncertain
HSBrexit,labelled,reclassify,HS-Brexit-test-5,0,0,0.16,0.2222222222222222,not uncertain
HSBrexit,labelled,reclassify,HS-Brexit-test-6,0,0,0.0,0.0,not uncertain
HSBrexit,labelled,reclassify,HS-Brexit-test-7,1,0,0.0,0.1388888888888889,not uncertain
HSBrexit,labelled,reclassify,HS-Brexit-test-8,1,0,0.0,0.25,not uncertain
HSBrexit,labelled,reclassify,HS-Brexit-test-9,1,0,0.1875,0.25,not uncertain
HSBrexit,labelled,reclassify,HS-Brexit-test-10,0,0,0.0,0.25,somewhat uncertain
HSBrexit,labelled,reclassify,HS-Brexit-test-11,1,0,0.0,0.25,not uncertain
HSBrexit,labelled,reclassify,HS-Brexit-test-12,1,0,0.0,0.2222222222222222,not uncertain
HSBrexit,labelled,reclassify,HS-Brexit-test-13,0,0,0.0475,0.0,not uncertain
HSBrexit,labelled,reclassify,HS-Brexit-test-14,1,0,0.0,0.0,not uncertain
HSBrexit,labelled,reclassify,HS-Brexit-test-15,0,0,0.0,0.0,not uncertain
HSBrexit,labelled,reclassify,HS-Brexit-test-16,1,0,0.0,0.0,not uncertain
HSBrexit,labelled,reclassify,HS-Brexit-test-17,0,0,0.0,0.0,not uncertain
HSBrexit,labelled,reclassify,HS-Brexit-test-18,0,0,0.0,0.0,not uncertain
HSBrexit,labelled,reclassify,HS-Brexit-test-19,1,0,0.0,0.25,not uncertain
HSBrexit,labelled,reclassify,HS-Brexit-test-20,0,0,0.0,0.0,not uncertain
HSBrexit,labelled,reclassify,HS-Brexit-test-21,0,0,0.0,0.0,not uncertain
HSBrexit,labelled,reclassify,HS-Brexit-test-22,0,0,0.0,0.0,not uncertain
HSBrexit,labelled,reclassify,HS-Brexit-test-23,1,1,0.0,0.2222222222222222,not uncertain
HSBrexit,labelled,reclassify,HS-Brexit-test-24,0,0,0.0,0.0,not uncertain
HSBrexit,labelled,reclassify,HS-Brexit-test-25,1,1,0.0,0.1388888888888888,not uncertain
HSBrexit,labelled,reclassify,HS-Brexit-test-26,0,0,0.0,0.0,not uncertain
HSBrexit,labelled,reclassify,HS-Brexit-test-27,0,0,0.0,0.0,not uncertain
HSBrexit,labelled,reclassify,HS-Brexit-test-28,0,0,0.0,0.0,not uncertain
HSBrexit,labelled,reclassify,HS-Brexit-test-29,0,0,0.0,0.0,not uncertain
HSBrexit,labelled,reclassify,HS-Brexit-test-30,0,0,0.1875,0.2222222222222222,not uncertain
HSBrexit,labelled,reclassify,HS-Brexit-test-31,0,0,0.0,0.0,not uncertain
HSBrexit,labelled,reclassify,HS-Brexit-test-32,1,0,0.0,0.0,not uncertain
HSBrexit,labelled,reclassify,HS-Brexit-test-33,0,0,0.21,0.0,not uncertain
HSBrexit,labelled,reclassify,HS-Brexit-test-34,1,0,0.21,0.1388888888888889,not uncertain
HSBrexit,labelled,reclassify,HS-Brexit-test-35,1,0,0.0,0.0,not uncertain
HSBrexit,labelled,reclassify,HS-Brexit-test-36,1,0,0.0,0.25,not uncertain
HSBrexit,labelled,reclassify,HS-Brexit-test-37,0,0,0.24,0.0,not uncertain
HSBrexit,labelled,reclassify,HS-Brexit-test-38,0,0,0.0475,0.0,not uncertain
HSBrexit,labelled,reclassify,HS-Brexit-test-39,0,0,0.0,0.0,not uncertain
HSBrexit,labelled,reclassify,HS-Brexit-test-40,1,0,0.0475,0.1388888888888889,not uncertain
HSBrexit,labelled,reclassify,HS-Brexit-test-41,0,0,0.0,0.0,not uncertain
HSBrexit,labelled,reclassify,HS-Brexit-test-42,0,0,0.0,0.0,not uncertain
HSBrexit,labelled,reclassify,HS-Brexit-test-43,0,0,0.21,0.2222222222222222,not uncertain
HSBrexit,labelled,reclassify,HS-Brexit-test-44,0,0,0.0,0.0,not uncertain
HSBrexit,labelled,reclassify,HS-Brexit-test-45,0,0,0.0,0.1388888888888889,not uncertain
HSBrexit,labelled,reclassify,HS-Brexit-test-46,0,0,0.0,0.0,not uncertain
HSBrexit,labelled,reclassify,HS-Brexit-test-47,0,0,0.0,0.0,not uncertain
HSBrexit,labelled,reclassify,HS-Brexit-test-48,0,0,0.0,0.0,not uncertain
HSBrexit,labelled,reclassify,HS-Brexit-test-49,0,0,0.0,0.0,not uncertain
HSBrexit,labelled,reclassify,HS-Brexit-test-50,0,0,0.0,0.0,not uncertain
HSBrexit,labelled,reclassify,HS-Brexit-test-51,0,0,0.25,0.1388888888888889,not uncertain
HSBrexit,labelled,reclassify,HS-Brexit-test-52,1,0,0.0,0.0,not uncertain
HSBrexit,labelled,reclassify,HS-Brexit-test-53,0,0,0.0,0.0,not uncertain
HSBrexit,labelled,reclassify,HS-Brexit-test-54,0,0,0.0,0.0,not uncertain
HSBrexit,labelled,reclassify,HS-Brexit-test-55,1,0,0.0,0.25,not uncertain
HSBrexit,labelled,reclassify,HS-Brexit-test-56,0,0,0.0,0.0,not uncertain
HSBrexit,labelled,reclassify,HS-Brexit-test-57,0,0,0.0,0.2222222222222222,not uncertain
HSBrexit,labelled,reclassify,HS-Brexit-test-58,1,0,0.0,0.1388888888888889,not uncertain
HSBrexit,labelled,reclassify,HS-Brexit-test-59,0,0,0.0,0.0,not uncertain
HSBrexit,labelled,reclassify,HS-Brexit-test-60,0,0,0.0,0.0,not uncertain
HSBrexit,labelled,reclassify,HS-Brexit-test-61,0,0,0.0,0.0,not uncertain
HSBrexit,labelled,reclassify,HS-Brexit-test-62,0,0,0.0,0.0,not uncertain
HSBrexit,labelled,reclassify,HS-Brexit-test-63,1,0,0.0,0.25,not uncertain
HSBrexit,labelled,reclassify,HS-Brexit-test-64,0,0,0.0,0.0,not uncertain
HSBrexit,labelled,reclassify,HS-Brexit-test-65,1,1,0.0,0.0,not uncertain
HSBrexit,labelled,reclassify,HS-Brexit-test-66,0,0,0.09,0.2222222222222222,not uncertain
HSBrexit,labelled,reclassify,HS-Brexit-test-67,1,1,0.0,0.2222222222222222,not uncertain
HSBrexit,labelled,reclassify,HS-Brexit-test-68,1,0,0.0,0.25,not uncertain
HSBrexit,labelled,reclassify,HS-Brexit-test-69,1,1,0.0,0.0,not uncertain
HSBrexit,labelled,reclassify,HS-Brexit-test-70,0,0,0.0,0.1388888888888889,not uncertain
HSBrexit,labelled,reclassify,HS-Brexit-test-71,0,0,0.0,0.0,not uncertain
HSBrexit,labelled,reclassify,HS-Brexit-test-72,0,0,0.0,0.0,not uncertain
HSBrexit,labelled,reclassify,HS-Brexit-test-73,1,0,0.0,0.1388888888888889,not uncertain
HSBrexit,labelled,reclassify,HS-Brexit-test-74,0,0,0.21,0.0,not uncertain
HSBrexit,labelled,reclassify,HS-Brexit-test-75,0,0,0.2274999999999999,0.0,not uncertain
HSBrexit,labelled,reclassify,HS-Brexit-test-76,0,0,0.0,0.0,not uncertain
HSBrexit,labelled,reclassify,HS-Brexit-test-77,1,1,0.0,0.1388888888888888,not uncertain
HSBrexit,labelled,reclassify,HS-Brexit-test-78,0,0,0.0,0.0,not uncertain
HSBrexit,labelled,reclassify,HS-Brexit-test-79,0,0,0.0,0.0,not uncertain
HSBrexit,labelled,reclassify,HS-Brexit-test-80,0,0,0.0,0.0,not uncertain
HSBrexit,labelled,reclassify,HS-Brexit-test-81,0,0,0.2099999999999999,0.0,not uncertain
HSBrexit,labelled,reclassify,HS-Brexit-test-82,0,0,0.0,0.0,not uncertain
HSBrexit,labelled,reclassify,HS-Brexit-test-83,0,0,0.09,0.0,not uncertain
HSBrexit,labelled,reclassify,HS-Brexit-test-84,0,0,0.0,0.0,not uncertain
HSBrexit,labelled,reclassify,HS-Brexit-test-85,0,0,0.0,0.0,not uncertain
HSBrexit,labelled,reclassify,HS-Brexit-test-86,1,0,0.0475,0.0,not uncertain
HSBrexit,labelled,reclassify,HS-Brexit-test-87,1,1,0.0,0.2222222222222222,not uncertain
HSBrexit,labelled,reclassify,HS-Brexit-test-88,0,0,0.0,0.1388888888888889,not uncertain
HSBrexit,labelled,reclassify,HS-Brexit-test-89,1,0,0.2274999999999999,0.0,not uncertain
HSBrexit,labelled,reclassify,HS-Brexit-test-90,0,0,0.0,0.0,not uncertain
HSBrexit,labelled,reclassify,HS-Brexit-test-91,0,0,0.0,0.0,not uncertain
HSBrexit,labelled,reclassify,HS-Brexit-test-92,0,0,0.0,0.0,not uncertain
HSBrexit,labelled,reclassify,HS-Brexit-test-93,0,0,0.0475,0.2222222222222222,not uncertain
HSBrexit,labelled,reclassify,HS-Brexit-test-94,1,0,0.0,0.2222222222222222,not uncertain
HSBrexit,labelled,reclassify,HS-Brexit-test-95,0,0,0.0,0.0,not uncertain
HSBrexit,labelled,reclassify,HS-Brexit-test-96,1,0,0.0,0.2222222222222222,not uncertain
HSBrexit,labelled,reclassify,HS-Brexit-test-97,0,0,0.0,0.0,not uncertain
HSBrexit,labelled,reclassify,HS-Brexit-test-98,0,0,0.0,0.0,not uncertain
HSBrexit,labelled,reclassify,HS-Brexit-test-99,0,0,0.0,0.1388888888888889,not uncertain
HSBrexit,labelled,reclassify,HS-Brexit-test-100,0,0,0.0,0.1388888888888889,not uncertain
HSBrexit,labelled,reclassify,HS-Brexit-test-101,1,0,0.1875,0.25,not uncertain
HSBrexit,labelled,reclassify,HS-Brexit-test-102,0,0,0.0,0.0,not uncertain
HSBrexit,labelled,reclassify,HS-Brexit-test-103,0,0,0.0,0.0,not uncertain
HSBrexit,labelled,reclassify,HS-Brexit-test-104,0,0,0.0475,0.0,not uncertain
HSBrexit,labelled,reclassify,HS-Brexit-test-105,0,0,0.0,0.0,not uncertain
HSBrexit,labelled,reclassify,HS-Brexit-test-106,0,0,0.0,0.0,not uncertain
HSBrexit,labelled,reclassify,HS-Brexit-test-107,1,0,0.0475,0.0,not uncertain
HSBrexit,labelled,reclassify,HS-Brexit-test-108,1,1,0.0,0.1388888888888888,not uncertain
HSBrexit,labelled,reclassify,HS-Brexit-test-109,1,0,0.0475,0.0,not uncertain
HSBrexit,labelled,reclassify,HS-Brexit-test-110,1,0,0.16,0.2222222222222222,not uncertain
HSBrexit,labelled,reclassify,HS-Brexit-test-111,0,0,0.2274999999999999,0.1388888888888889,not uncertain
HSBrexit,labelled,reclassify,HS-Brexit-test-112,0,0,0.0,0.0,not uncertain
HSBrexit,labelled,reclassify,HS-Brexit-test-113,0,0,0.0,0.0,not uncertain
HSBrexit,labelled,reclassify,HS-Brexit-test-114,0,0,0.0,0.0,not uncertain
HSBrexit,labelled,reclassify,HS-Brexit-test-115,0,0,0.0,0.0,not uncertain
HSBrexit,labelled,reclassify,HS-Brexit-test-116,0,0,0.0,0.0,not uncertain
HSBrexit,labelled,reclassify,HS-Brexit-test-117,1,0,0.0,0.2222222222222222,not uncertain
HSBrexit,labelled,reclassify,HS-Brexit-test-118,0,0,0.0,0.0,not uncertain
HSBrexit,labelled,reclassify,HS-Brexit-test-119,1,0,0.0,0.1388888888888889,not uncertain
HSBrexit,labelled,reclassify,HS-Brexit-test-120,0,0,0.0,0.0,not uncertain
HSBrexit,labelled,reclassify,HS-Brexit-test-121,0,0,0.1275,0.0,not uncertain
HSBrexit,labelled,reclassify,HS-Brexit-test-122,0,0,0.0,0.1388888888888889,not uncertain
HSBrexit,labelled,reclassify,HS-Brexit-test-123,0,0,0.0,0.0,not uncertain
HSBrexit,labelled,reclassify,HS-Brexit-test-124,0,0,0.0,0.0,not uncertain
HSBrexit,labelled,reclassify,HS-Brexit-test-125,1,0,0.0,0.0,not uncertain
HSBrexit,labelled,reclassify,HS-Brexit-test-126,0,0,0.0,0.0,not uncertain
HSBrexit,labelled,reclassify,HS-Brexit-test-127,1,1,0.0,0.2222222222222222,not uncertain
HSBrexit,labelled,reclassify,HS-Brexit-test-128,0,0,0.0,0.0,not uncertain
HSBrexit,labelled,reclassify,HS-Brexit-test-129,0,0,0.0,0.0,not uncertain
HSBrexit,labelled,reclassify,HS-Brexit-test-130,0,0,0.0,0.0,not uncertain
HSBrexit,labelled,reclassify,HS-Brexit-test-131,1,0,0.16,0.0,not uncertain
HSBrexit,labelled,reclassify,HS-Brexit-test-132,0,0,0.0,0.0,not uncertain
HSBrexit,labelled,reclassify,HS-Brexit-test-133,1,0,0.0475,0.0,not uncertain
HSBrexit,labelled,reclassify,HS-Brexit-test-134,1,0,0.24,0.2222222222222222,somewhat uncertain
HSBrexit,labelled,reclassify,HS-Brexit-test-135,0,0,0.1275,0.0,not uncertain
HSBrexit,labelled,reclassify,HS-Brexit-test-136,1,0,0.0475,0.1388888888888889,not uncertain
HSBrexit,labelled,reclassify,HS-Brexit-test-137,0,0,0.0,0.0,not uncertain
HSBrexit,labelled,reclassify,HS-Brexit-test-138,0,0,0.0,0.0,not uncertain
HSBrexit,labelled,reclassify,HS-Brexit-test-139,0,0,0.0,0.0,not uncertain
HSBrexit,labelled,reclassify,HS-Brexit-test-140,0,0,0.0475,0.0,not uncertain
HSBrexit,labelled,reclassify,HS-Brexit-test-141,0,0,0.0,0.0,not uncertain
HSBrexit,labelled,reclassify,HS-Brexit-test-142,0,0,0.0,0.0,not uncertain
HSBrexit,labelled,reclassify,HS-Brexit-test-143,0,0,0.0,0.0,not uncertain
HSBrexit,labelled,reclassify,HS-Brexit-test-144,1,0,0.0,0.2222222222222222,not uncertain
HSBrexit,labelled,reclassify,HS-Brexit-test-145,0,0,0.0,0.0,not uncertain
HSBrexit,labelled,reclassify,HS-Brexit-test-146,1,0,0.0475,0.0,not uncertain
HSBrexit,labelled,reclassify,HS-Brexit-test-147,0,0,0.0,0.0,not uncertain
HSBrexit,labelled,reclassify,HS-Brexit-test-148,1,0,0.0,0.2222222222222222,not uncertain
HSBrexit,labelled,reclassify,HS-Brexit-test-149,0,0,0.0,0.0,not uncertain
HSBrexit,labelled,reclassify,HS-Brexit-test-150,0,0,0.0,0.0,not uncertain
HSBrexit,labelled,reclassify,HS-Brexit-test-151,1,0,0.0,0.0,not uncertain
HSBrexit,labelled,reclassify,HS-Brexit-test-152,1,0,0.0,0.0,not uncertain
HSBrexit,labelled,reclassify,HS-Brexit-test-153,0,0,0.0,0.2222222222222222,not uncertain
HSBrexit,labelled,reclassify,HS-Brexit-test-154,0,0,0.0,0.0,not uncertain
HSBrexit,labelled,reclassify,HS-Brexit-test-155,0,0,0.0,0.0,not uncertain
HSBrexit,labelled,reclassify,HS-Brexit-test-156,1,0,0.09,0.25,not uncertain
HSBrexit,labelled,reclassify,HS-Brexit-test-157,0,0,0.0,0.0,not uncertain
HSBrexit,labelled,reclassify,HS-Brexit-test-158,1,0,0.16,0.1388888888888889,not uncertain
HSBrexit,labelled,reclassify,HS-Brexit-test-159,1,0,0.0475,0.0,not uncertain
HSBrexit,labelled,reclassify,HS-Brexit-test-160,0,0,0.0,0.0,not uncertain
HSBrexit,labelled,reclassify,HS-Brexit-test-161,0,0,0.0,0.0,not uncertain
HSBrexit,labelled,reclassify,HS-Brexit-test-162,0,0,0.0,0.0,not uncertain
HSBrexit,labelled,reclassify,HS-Brexit-test-163,1,0,0.2475,0.0,not uncertain
HSBrexit,labelled,reclassify,HS-Brexit-test-164,0,0,0.0,0.0,not uncertain
HSBrexit,labelled,reclassify,HS-Brexit-test-165,1,0,0.0,0.25,not uncertain
HSBrexit,labelled,reclassify,HS-Brexit-test-166,1,0,0.16,0.25,not uncertain
HSBrexit,labelled,reclassify,HS-Brexit-test-167,1,0,0.0,0.0,not uncertain
HSBrexit,labelled,reclassify,HS-Brexit-test-168,0,0,0.0,0.0,not uncertain
HSBrexit,labelled,topk_wrong,HS-Brexit-test-1,0,0,0.0,0.0,not uncertain
HSBrexit,labelled,topk_wrong,HS-Brexit-test-2,1,1,0.0,0.2222222222222222,not uncertain
HSBrexit,labelled,topk_wrong,HS-Brexit-test-3,0,0,0.0,0.0,not uncertain
HSBrexit,labelled,topk_wrong,HS-Brexit-test-4,0,0,0.0,0.0,not uncertain
HSBrexit,labelled,topk_wrong,HS-Brexit-test-5,0,0,0.16,0.2222222222222222,not uncertain
HSBrexit,labelled,topk_wrong,HS-Brexit-test-6,0,0,0.0,0.0,not uncertain
HSBrexit,labelled,topk_wrong,HS-Brexit-test-7,1,0,0.0,0.1388888888888889,somewhat uncertain
HSBrexit,labelled,topk_wrong,HS-Brexit-test-8,1,0,0.0,0.25,not uncertain
HSBrexit,labelled,topk_wrong,HS-Brexit-test-9,1,0,0.1875,0.25,not uncertain
HSBrexit,labelled,topk_wrong,HS-Brexit-test-10,0,0,0.0,0.25,not uncertain
HSBrexit,labelled,topk_wrong,HS-Brexit-test-11,1,0,0.0,0.25,somewhat uncertain
HSBrexit,labelled,topk_wrong,HS-Brexit-test-12,1,0,0.0,0.2222222222222222,not uncertain
HSBrexit,labelled,topk_wrong,HS-Brexit-test-13,0,0,0.0475,0.0,not uncertain
HSBrexit,labelled,topk_wrong,HS-Brexit-test-14,1,0,0.0,0.0,somewhat uncertain
HSBrexit,labelled,topk_wrong,HS-Brexit-test-15,0,0,0.0,0.0,not uncertain
HSBrexit,labelled,topk_wrong,HS-Brexit-test-16,1,0,0.0,0.0,somewhat uncertain
HSBrexit,labelled,topk_wrong,HS-Brexit-test-17,0,0,0.0,0.0,not uncertain
HSBrexit,labelled,topk_wrong,HS-Brexit-test-18,0,0,0.0,0.0,not uncertain
HSBrexit,labelled,topk_wrong,HS-Brexit-test-19,1,0,0.0,0.25,not uncertain
HSBrexit,labelled,topk_wrong,HS-Brexit-test-20,0,0,0.0,0.0,not uncertain
HSBrexit,labelled,topk_wrong,HS-Brexit-test-21,0,0,0.0,0.0,not uncertain
HSBrexit,labelled,topk_wrong,HS-Brexit-test-22,0,0,0.0,0.0,not uncertain
HSBrexit,labelled,topk_wrong,HS-Brexit-test-23,1,1,0.0,0.2222222222222222,somewhat uncertain
HSBrexit,labelled,topk_wrong,HS-Brexit-test-24,0,0,0.0,0.0,not uncertain
HSBrexit,labelled,topk_wrong,HS-Brexit-test-25,1,1,0.0,0.1388888888888888,somewhat uncertain
HSBrexit,labelled,topk_wrong,HS-Brexit-test-26,0,0,0.0,0.0,not uncertain
HSBrexit,labelled,topk_wrong,HS-Brexit-test-27,0,0,0.0,0.0,not uncertain
HSBrexit,labelled,topk_wrong,HS-Brexit-test-28,0,0,0.0,0.0,not uncertain
HSBrexit,labelled,topk_wrong,HS-Brexit-test-29,0,0,0.0,0.0,not uncertain
HSBrexit,labelled,topk_wrong,HS-Brexit-test-30,0,0,0.1875,0.2222222222222222,not uncertain
HSBrexit,labelled,topk_wrong,HS-Brexit-test-31,0,0,0.0,0.0,not uncertain
HSBrexit,labelled,topk_wrong,HS-Brexit-test-32,1,0,0.0,0.0,not uncertain
HSBrexit,labelled,topk_wrong,HS-Brexit-test-33,0,0,0.21,0.0,not uncertain
HSBrexit,labelled,topk_wrong,HS-Brexit-test-34,1,0,0.21,0.1388888888888889,not uncertain
HSBrexit,labelled,topk_wrong,HS-Brexit-test-35,1,0,0.0,0.0,somewhat uncertain
HSBrexit,labelled,topk_wrong,HS-Brexit-test-36,1,0,0.0,0.25,somewhat uncertain
HSBrexit,labelled,topk_wrong,HS-Brexit-test-37,0,0,0.24,0.0,not uncertain
HSBrexit,labelled,topk_wrong,HS-Brexit-test-38,0,0,0.0475,0.0,not uncertain
HSBrexit,labelled,topk_wrong,HS-Brexit-test-39,0,0,0.0,0.0,not uncertain
HSBrexit,labelled,topk_wrong,HS-Brexit-test-40,1,0,0.0475,0.1388888888888889,somewhat uncertain
HSBrexit,labelled,topk_wrong,HS-Brexit-test-41,0,0,0.0,0.0,not uncertain
HSBrexit,labelled,topk_wrong,HS-Brexit-test-42,0,0,0.0,0.0,not uncertain
HSBrexit,labelled,topk_wrong,HS-Brexit-test-43,0,0,0.21,0.2222222222222222,somewhat uncertain
HSBrexit,labelled,topk_wrong,HS-Brexit-test-44,0,0,0.0,0.0,not uncertain
HSBrexit,labelled,topk_wrong,HS-Brexit-test-45,0,0,0.0,0.1388888888888889,not uncertain
HSBrexit,labelled,topk_wrong,HS-Brexit-test-46,0,0,0.0,0.0,not uncertain
HSBrexit,labelled,topk_wrong,HS-Brexit-test-47,0,0,0.0,0.0,not uncertain
HSBrexit,labelled,topk_wrong,HS-Brexit-test-48,0,0,0.0,0.0,not uncertain
HSBrexit,labelled,topk_wrong,HS-Brexit-test-49,0,0,0.0,0.0,not uncertain
HSBrexit,labelled,topk_wrong,HS-Brexit-test-50,0,0,0.0,0.0,not uncertain
HSBrexit,labelled,topk_wrong,HS-Brexit-test-51,0,0,0.25,0.1388888888888889,not uncertain
HSBrexit,labelled,topk_wrong,HS-Brexit-test-52,1,0,0.0,0.0,not uncertain
HSBrexit,labelled,topk_wrong,HS-Brexit-test-53,0,0,0.0,0.0,not uncertain
HSBrexit,labelled,topk_wrong,HS-Brexit-test-54,0,0,0.0,0.0,not uncertain
HSBrexit,labelled,topk_wrong,HS-Brexit-test-55,1,0,0.0,0.25,not uncertain
HSBrexit,labelled,topk_wrong,HS-Brexit-test-56,0,0,0.0,0.0,not uncertain
HSBrexit,labelled,topk_wrong,HS-Brexit-test-57,0,0,0.0,0.2222222222222222,not uncertain
HSBrexit,labelled,topk_wrong,HS-Brexit-test-58,1,0,0.0,0.1388888888888889,somewhat uncertain
HSBrexit,labelled,topk_wrong,HS-Brexit-test-59,0,0,0.0,0.0,not uncertain
HSBrexit,labelled,topk_wrong,HS-Brexit-test-60,0,0,0.0,0.0,not uncertain
HSBrexit,labelled,topk_wrong,HS-Brexit-test-61,0,0,0.0,0.0,not uncertain
HSBrexit,labelled,topk_wrong,HS-Brexit-test-62,0,0,0.0,0.0,not uncertain
HSBrexit,labelled,topk_wrong,HS-Brexit-test-63,1,0,0.0,0.25,somewhat uncertain
HSBrexit,labelled,topk_wrong,HS-Brexit-test-64,0,0,0.0,0.0,not uncertain
HSBrexit,labelled,topk_wrong,HS-Brexit-test-65,1,1,0.0,0.0,somewhat uncertain
HSBrexit,labelled,topk_wrong,HS-Brexit-test-66,0,0,0.09,0.2222222222222222,not uncertain
HSBrexit,labelled,topk_wrong,HS-Brexit-test-67,1,1,0.0,0.2222222222222222,somewhat uncertain
HSBrexit,labelled,topk_wrong,HS-Brexit-test-68,1,0,0.0,0.25,not uncertain
HSBrexit,labelled,topk_wrong,HS-Brexit-test-69,1,1,0.0,0.0,not uncertain
HSBrexit,labelled,topk_wrong,HS-Brexit-test-70,0,0,0.0,0.1388888888888889,not uncertain
HSBrexit,labelled,topk_wrong,HS-Brexit-test-71,0,0,0.0,0.0,not uncertain
HSBrexit,labelled,topk_wrong,HS-Brexit-test-72,0,0,0.0,0.0,not uncertain
HSBrexit,labelled,topk_wrong,HS-Brexit-test-73,1,0,0.0,0.1388888888888889,not uncertain
HSBrexit,labelled,topk_wrong,HS-Brexit-test-74,0,0,0.21,0.0,not uncertain
HSBrexit,labelled,topk_wrong,HS-Brexit-test-75,0,0,0.2274999999999999,0.0,somewhat uncertain
HSBrexit,labelled,topk_wrong,HS-Brexit-test-76,0,0,0.0,0.0,not uncertain
HSBrexit,labelled,topk_wrong,HS-Brexit-test-77,1,1,0.0,0.1388888888888888,not uncertain
HSBrexit,labelled,topk_wrong,HS-Brexit-test-78,0,0,0.0,0.0,not uncertain
HSBrexit,labelled,topk_wrong,HS-Brexit-test-79,0,0,0.0,0.0,not uncertain
HSBrexit,labelled,topk_wrong,HS-Brexit-test-80,0,0,0.0,0.0,not uncertain
HSBrexit,labelled,topk_wrong,HS-Brexit-test-81,0,0,0.2099999999999999,0.0,not uncertain
HSBrexit,labelled,topk_wrong,HS-Brexit-test-82,0,0,0.0,0.0,not uncertain
HSBrexit,labelled,topk_wrong,HS-Brexit-test-83,0,0,0.09,0.0,not uncertain
HSBrexit,labelled,topk_wrong,HS-Brexit-test-84,0,0,0.0,0.0,not uncertain
HSBrexit,labelled,topk_wrong,HS-Brexit-test-85,0,0,0.0,0.0,not uncertain
HSBrexit,labelled,topk_wrong,HS-Brexit-test-86,1,0,0.0475,0.0,somewhat uncertain
HSBrexit,labelled,topk_wrong,HS-Brexit-test-87,1,1,0.0,0.2222222222222222,not uncertain
HSBrexit,labelled,topk_wrong,HS-Brexit-test-88,0,0,0.0,0.1388888888888889,not uncertain
HSBrexit,labelled,topk_wrong,HS-Brexit-test-89,1,0,0.2274999999999999,0.0,somewhat uncertain
HSBrexit,labelled,topk_wrong,HS-Brexit-test-90,0,0,0.0,0.0,not uncertain
HSBrexit,labelled,topk_wrong,HS-Brexit-test-91,0,0,0.0,0.0,not uncertain
HSBrexit,labelled,topk_wrong,HS-Brexit-test-92,0,0,0.0,0.0,not uncertain
HSBrexit,labelled,topk_wrong,HS-Brexit-test-93,0,0,0.0475,0.2222222222222222,not uncertain
HSBrexit,labelled,topk_wrong,HS-Brexit-test-94,1,0,0.0,0.2222222222222222,somewhat uncertain
HSBrexit,labelled,topk_wrong,HS-Brexit-test-95,0,0,0.0,0.0,not uncertain
HSBrexit,labelled,topk_wrong,HS-Brexit-test-96,1,0,0.0,0.2222222222222222,not uncertain
HSBrexit,labelled,topk_wrong,HS-Brexit-test-97,0,0,0.0,0.0,not uncertain
HSBrexit,labelled,topk_wrong,HS-Brexit-test-98,0,0,0.0,0.0,not uncertain
HSBrexit,labelled,topk_wrong,HS-Brexit-test-99,0,0,0.0,0.1388888888888889,not uncertain
HSBrexit,labelled,topk_wrong,HS-Brexit-test-100,0,0,0.0,0.1388888888888889,not uncertain
HSBrexit,labelled,topk_wrong,HS-Brexit-test-101,1,0,0.1875,0.25,somewhat uncertain
HSBrexit,labelled,topk_wrong,HS-Brexit-test-102,0,0,0.0,0.0,not uncertain
HSBrexit,labelled,topk_wrong,HS-Brexit-test-103,0,0,0.0,0.0,somewhat uncertain
HSBrexit,labelled,topk_wrong,HS-Brexit-test-104,0,0,0.0475,0.0,not uncertain
HSBrexit,labelled,topk_wrong,HS-Brexit-test-105,0,0,0.0,0.0,not uncertain
HSBrexit,labelled,topk_wrong,HS-Brexit-test-106,0,0,0.0,0.0,not uncertain
HSBrexit,labelled,topk_wrong,HS-Brexit-test-107,1,0,0.0475,0.0,somewhat uncertain
HSBrexit,labelled,topk_wrong,HS-Brexit-test-108,1,1,0.0,0.1388888888888888,somewhat uncertain
HSBrexit,labelled,topk_wrong,HS-Brexit-test-109,1,0,0.0475,0.0,not uncertain
HSBrexit,labelled,topk_wrong,HS-Brexit-test-110,1,0,0.16,0.2222222222222222,somewhat uncertain
HSBrexit,labelled,topk_wrong,HS-Brexit-test-111,0,0,0.2274999999999999,0.1388888888888889,not uncertain
HSBrexit,labelled,topk_wrong,HS-Brexit-test-112,0,0,0.0,0.0,not uncertain
HSBrexit,labelled,topk_wrong,HS-Brexit-test-113,0,0,0.0,0.0,not uncertain
HSBrexit,labelled,topk_wrong,HS-Brexit-test-114,0,0,0.0,0.0,not uncertain
HSBrexit,labelled,topk_wrong,HS-Brexit-test-115,0,0,0.0,0.0,not uncertain
HSBrexit,labelled,topk_wrong,HS-Brexit-test-116,0,0,0.0,0.0,not uncertain
HSBrexit,labelled,topk_wrong,HS-Brexit-test-117,1,0,0.0,0.2222222222222222,not uncertain
HSBrexit,labelled,topk_wrong,HS-Brexit-test-118,0,0,0.0,0.0,not uncertain
HSBrexit,labelled,topk_wrong,HS-Brexit-test-119,1,0,0.0,0.1388888888888889,not uncertain
HSBrexit,labelled,topk_wrong,HS-Brexit-test-120,0,0,0.0,0.0,not uncertain
HSBrexit,labelled,topk_wrong,HS-Brexit-test-121,0,0,0.1275,0.0,not uncertain
HSBrexit,labelled,topk_wrong,HS-Brexit-test-122,0,0,0.0,0.1388888888888889,not uncertain
HSBrexit,labelled,topk_wrong,HS-Brexit-test-123,0,0,0.0,0.0,not uncertain
HSBrexit,labelled,topk_wrong,HS-Brexit-test-124,0,0,0.0,0.0,not uncertain
HSBrexit,labelled,topk_wrong,HS-Brexit-test-125,1,0,0.0,0.0,not uncertain
HSBrexit,labelled,topk_wrong,HS-Brexit-test-126,0,0,0.0,0.0,not uncertain
HSBrexit,labelled,topk_wrong,HS-Brexit-test-127,1,1,0.0,0.2222222222222222,somewhat uncertain
HSBrexit,labelled,topk_wrong,HS-Brexit-test-128,0,0,0.0,0.0,not uncertain
HSBrexit,labelled,topk_wrong,HS-Brexit-test-129,0,0,0.0,0.0,not uncertain
HSBrexit,labelled,topk_wrong,HS-Brexit-test-130,0,0,0.0,0.0,not uncertain
HSBrexit,labelled,topk_wrong,HS-Brexit-test-131,1,0,0.16,0.0,somewhat uncertain
HSBrexit,labelled,topk_wrong,HS-Brexit-test-132,0,0,0.0,0.0,not uncertain
HSBrexit,labelled,topk_wrong,HS-Brexit-test-133,1,0,0.0475,0.0,not uncertain
HSBrexit,labelled,topk_wrong,HS-Brexit-test-134,1,0,0.24,0.2222222222222222,not uncertain
HSBrexit,labelled,topk_wrong,HS-Brexit-test-135,0,0,0.1275,0.0,somewhat uncertain
HSBrexit,labelled,topk_wrong,HS-Brexit-test-136,1,0,0.0475,0.1388888888888889,somewhat uncertain
HSBrexit,labelled,topk_wrong,HS-Brexit-test-137,0,0,0.0,0.0,not uncertain
HSBrexit,labelled,topk_wrong,HS-Brexit-test-138,0,0,0.0,0.0,not uncertain
HSBrexit,labelled,topk_wrong,HS-Brexit-test-139,0,0,0.0,0.0,not uncertain
HSBrexit,labelled,topk_wrong,HS-Brexit-test-140,0,0,0.0475,0.0,not uncertain
HSBrexit,labelled,topk_wrong,HS-Brexit-test-141,0,0,0.0,0.0,not uncertain
HSBrexit,labelled,topk_wrong,HS-Brexit-test-142,0,0,0.0,0.0,not uncertain
HSBrexit,labelled,topk_wrong,HS-Brexit-test-143,0,0,0.0,0.0,not uncertain
HSBrexit,labelled,topk_wrong,HS-Brexit-test-144,1,0,0.0,0.2222222222222222,somewhat uncertain
HSBrexit,labelled,topk_wrong,HS-Brexit-test-145,0,0,0.0,0.0,not uncertain
HSBrexit,labelled,topk_wrong,HS-Brexit-test-146,1,0,0.0475,0.0,not uncertain
HSBrexit,labelled,topk_wrong,HS-Brexit-test-147,0,0,0.0,0.0,not uncertain
HSBrexit,labelled,topk_wrong,HS-Brexit-test-148,1,0,0.0,0.2222222222222222,not uncertain
HSBrexit,labelled,topk_wrong,HS-Brexit-test-149,0,0,0.0,0.0,not uncertain
HSBrexit,labelled,topk_wrong,HS-Brexit-test-150,0,0,0.0,0.0,not uncertain
HSBrexit,labelled,topk_wrong,HS-Brexit-test-151,1,0,0.0,0.0,not uncertain
HSBrexit,labelled,topk_wrong,HS-Brexit-test-152,1,0,0.0,0.0,somewhat uncertain
HSBrexit,labelled,topk_wrong,HS-Brexit-test-153,0,0,0.0,0.2222222222222222,not uncertain
HSBrexit,labelled,topk_wrong,HS-Brexit-test-154,0,0,0.0,0.0,not uncertain
HSBrexit,labelled,topk_wrong,HS-Brexit-test-155,0,0,0.0,0.0,not uncertain
HSBrexit,labelled,topk_wrong,HS-Brexit-test-156,1,0,0.09,0.25,somewhat uncertain
HSBrexit,labelled,topk_wrong,HS-Brexit-test-157,0,0,0.0,0.0,not uncertain
HSBrexit,labelled,topk_wrong,HS-Brexit-test-158,1,0,0.16,0.1388888888888889,not uncertain
HSBrexit,labelled,topk_wrong,HS-Brexit-test-159,1,0,0.0475,0.0,not uncertain
HSBrexit,labelled,topk_wrong,HS-Brexit-test-160,0,0,0.0,0.0,not uncertain
HSBrexit,labelled,topk_wrong,HS-Brexit-test-161,0,0,0.0,0.0,not uncertain
HSBrexit,labelled,topk_wrong,HS-Brexit-test-162,0,0,0.0,0.0,not uncertain
HSBrexit,labelled,topk_wrong,HS-Brexit-test-163,1,0,0.2475,0.0,not uncertain
HSBrexit,labelled,topk_wrong,HS-Brexit-test-164,0,0,0.0,0.0,not uncertain
HSBrexit,labelled,topk_wrong,HS-Brexit-test-165,1,0,0.0,0.25,not uncertain
HSBrexit,labelled,topk_wrong,HS-Brexit-test-166,1,0,0.16,0.25,somewhat uncertain
HSBrexit,labelled,topk_wrong,HS-Brexit-test-167,1,0,0.0,0.0,somewhat uncertain
HSBrexit,labelled,topk_wrong,HS-Brexit-test-168,0,0,0.0,0.0,not uncertain
HSBrexit,labelled,pros_cons,HS-Brexit-test-1,0,0,0.0,0.0,not uncertain
HSBrexit,labelled,pros_cons,HS-Brexit-test-2,1,1,0.0,0.2222222222222222,not uncertain
HSBrexit,labelled,pros_cons,HS-Brexit-test-3,0,0,0.0,0.0,not uncertain
HSBrexit,labelled,pros_cons,HS-Brexit-test-4,0,0,0.0,0.0,not uncertain
HSBrexit,labelled,pros_cons,HS-Brexit-test-5,0,0,0.16,0.2222222222222222,not uncertain
HSBrexit,labelled,pros_cons,HS-Brexit-test-6,0,0,0.0,0.0,not uncertain
HSBrexit,labelled,pros_cons,HS-Brexit-test-7,1,0,0.0,0.1388888888888889,not uncertain
HSBrexit,labelled,pros_cons,HS-Brexit-test-8,1,0,0.0,0.25,not uncertain
HSBrexit,labelled,pros_cons,HS-Brexit-test-9,1,0,0.1875,0.25,not uncertain
HSBrexit,labelled,pros_cons,HS-Brexit-test-10,0,0,0.0,0.25,not uncertain
HSBrexit,labelled,pros_cons,HS-Brexit-test-11,1,0,0.0,0.25,not uncertain
HSBrexit,labelled,pros_cons,HS-Brexit-test-12,1,0,0.0,0.2222222222222222,not uncertain
HSBrexit,labelled,pros_cons,HS-Brexit-test-13,0,0,0.0475,0.0,not uncertain
HSBrexit,labelled,pros_cons,HS-Brexit-test-14,1,0,0.0,0.0,somewhat uncertain
HSBrexit,labelled,pros_cons,HS-Brexit-test-15,0,0,0.0,0.0,not uncertain
HSBrexit,labelled,pros_cons,HS-Brexit-test-16,1,0,0.0,0.0,not uncertain
HSBrexit,labelled,pros_cons,HS-Brexit-test-17,0,0,0.0,0.0,not uncertain
HSBrexit,labelled,pros_cons,HS-Brexit-test-18,0,0,0.0,0.0,not uncertain
HSBrexit,labelled,pros_cons,HS-Brexit-test-19,1,0,0.0,0.25,not uncertain
HSBrexit,labelled,pros_cons,HS-Brexit-test-20,0,0,0.0,0.0,not uncertain
HSBrexit,labelled,pros_cons,HS-Brexit-test-21,0,0,0.0,0.0,not uncertain
HSBrexit,labelled,pros_cons,HS-Brexit-test-22,0,0,0.0,0.0,not uncertain
HSBrexit,labelled,pros_cons,HS-Brexit-test-23,1,1,0.0,0.2222222222222222,not uncertain
HSBrexit,labelled,pros_cons,HS-Brexit-test-24,0,0,0.0,0.0,not uncertain
HSBrexit,labelled,pros_cons,HS-Brexit-test-25,1,1,0.0,0.1388888888888888,not uncertain
HSBrexit,labelled,pros_cons,HS-Brexit-test-26,0,0,0.0,0.0,not uncertain
HSBrexit,labelled,pros_cons,HS-Brexit-test-27,0,0,0.0,0.0,not uncertain
HSBrexit,labelled,pros_cons,HS-Brexit-test-28,0,0,0.0,0.0,not uncertain
HSBrexit,labelled,pros_cons,HS-Brexit-test-29,0,0,0.0,0.0,not uncertain
HSBrexit,labelled,pros_cons,HS-Brexit-test-30,0,0,0.1875,0.2222222222222222,not uncertain
HSBrexit,labelled,pros_cons,HS-Brexit-test-31,0,0,0.0,0.0,not uncertain
HSBrexit,labelled,pros_cons,HS-Brexit-test-32,1,0,0.0,0.0,not uncertain
HSBrexit,labelled,pros_cons,HS-Brexit-test-33,0,0,0.21,0.0,somewhat uncertain
HSBrexit,labelled,pros_cons,HS-Brexit-test-34,1,0,0.21,0.1388888888888889,not uncertain
HSBrexit,labelled,pros_cons,HS-Brexit-test-35,1,0,0.0,0.0,not uncertain
HSBrexit,labelled,pros_cons,HS-Brexit-test-36,1,0,0.0,0.25,not uncertain
HSBrexit,labelled,pros_cons,HS-Brexit-test-37,0,0,0.24,0.0,somewhat uncertain
HSBrexit,labelled,pros_cons,HS-Brexit-test-38,0,0,0.0475,0.0,not uncertain
HSBrexit,labelled,pros_cons,HS-Brexit-test-39,0,0,0.0,0.0,not uncertain
HSBrexit,labelled,pros_cons,HS-Brexit-test-40,1,0,0.0475,0.1388888888888889,not uncertain
HSBrexit,labelled,pros_cons,HS-Brexit-test-41,0,0,0.0,0.0,not uncertain
HSBrexit,labelled,pros_cons,HS-Brexit-test-42,0,0,0.0,0.0,not uncertain
HSBrexit,labelled,pros_cons,HS-Brexit-test-43,0,0,0.21,0.2222222222222222,not uncertain
HSBrexit,labelled,pros_cons,HS-Brexit-test-44,0,0,0.0,0.0,not uncertain
HSBrexit,labelled,pros_cons,HS-Brexit-test-45,0,0,0.0,0.1388888888888889,not uncertain
HSBrexit,labelled,pros_cons,HS-Brexit-test-46,0,0,0.0,0.0,not uncertain
HSBrexit,labelled,pros_cons,HS-Brexit-test-47,0,0,0.0,0.0,not uncertain
HSBrexit,labelled,pros_cons,HS-Brexit-test-48,0,0,0.0,0.0,not uncertain
HSBrexit,labelled,pros_cons,HS-Brexit-test-49,0,0,0.0,0.0,not uncertain
HSBrexit,labelled,pros_cons,HS-Brexit-test-50,0,0,0.0,0.0,not uncertain
HSBrexit,labelled,pros_cons,HS-Brexit-test-51,0,0,0.25,0.1388888888888889,not uncertain
HSBrexit,labelled,pros_cons,HS-Brexit-test-52,1,0,0.0,0.0,not uncertain
HSBrexit,labelled,pros_cons,HS-Brexit-test-53,0,0,0.0,0.0,not uncertain
HSBrexit,labelled,pros_cons,HS-Brexit-test-54,0,0,0.0,0.0,not uncertain
HSBrexit,labelled,pros_cons,HS-Brexit-test-55,1,0,0.0,0.25,not uncertain
HSBrexit,labelled,pros_cons,HS-Brexit-test-56,0,0,0.0,0.0,not uncertain
HSBrexit,labelled,pros_cons,HS-Brexit-test-57,0,0,0.0,0.2222222222222222,not uncertain
HSBrexit,labelled,pros_cons,HS-Brexit-test-58,1,0,0.0,0.1388888888888889,not uncertain
HSBrexit,labelled,pros_cons,HS-Brexit-test-59,0,0,0.0,0.0,not uncertain
HSBrexit,labelled,pros_cons,HS-Brexit-test-60,0,0,0.0,0.0,not uncertain
HSBrexit,labelled,pros_cons,HS-Brexit-test-61,0,0,0.0,0.0,not uncertain
HSBrexit,labelled,pros_cons,HS-Brexit-test-62,0,0,0.0,0.0,not uncertain
HSBrexit,labelled,pros_cons,HS-Brexit-test-63,1,0,0.0,0.25,not uncertain
HSBrexit,labelled,pros_cons,HS-Brexit-test-64,0,0,0.0,0.0,not uncertain
HSBrexit,labelled,pros_cons,HS-Brexit-test-65,1,1,0.0,0.0,not uncertain
HSBrexit,labelled,pros_cons,HS-Brexit-test-66,0,0,0.09,0.2222222222222222,not uncertain
HSBrexit,labelled,pros_cons,HS-Brexit-test-67,1,1,0.0,0.2222222222222222,not uncertain
HSBrexit,labelled,pros_cons,HS-Brexit-test-68,1,0,0.0,0.25,not uncertain
HSBrexit,labelled,pros_cons,HS-Brexit-test-69,1,1,0.0,0.0,somewhat uncertain
HSBrexit,labelled,pros_cons,HS-Brexit-test-70,0,0,0.0,0.1388888888888889,not uncertain
HSBrexit,labelled,pros_cons,HS-Brexit-test-71,0,0,0.0,0.0,not uncertain
HSBrexit,labelled,pros_cons,HS-Brexit-test-72,0,0,0.0,0.0,not uncertain
HSBrexit,labelled,pros_cons,HS-Brexit-test-73,1,0,0.0,0.1388888888888889,not uncertain
HSBrexit,labelled,pros_cons,HS-Brexit-test-74,0,0,0.21,0.0,not uncertain
HSBrexit,labelled,pros_cons,HS-Brexit-test-75,0,0,0.2274999999999999,0.0,not uncertain
HSBrexit,labelled,pros_cons,HS-Brexit-test-76,0,0,0.0,0.0,not uncertain
HSBrexit,labelled,pros_cons,HS-Brexit-test-77,1,1,0.0,0.1388888888888888,not uncertain
HSBrexit,labelled,pros_cons,HS-Brexit-test-78,0,0,0.0,0.0,not uncertain
HSBrexit,labelled,pros_cons,HS-Brexit-test-79,0,0,0.0,0.0,not uncertain
HSBrexit,labelled,pros_cons,HS-Brexit-test-80,0,0,0.0,0.0,not uncertain
HSBrexit,labelled,pros_cons,HS-Brexit-test-81,0,0,0.2099999999999999,0.0,not uncertain
HSBrexit,labelled,pros_cons,HS-Brexit-test-82,0,0,0.0,0.0,not uncertain
HSBrexit,labelled,pros_cons,HS-Brexit-test-83,0,0,0.09,0.0,not uncertain
HSBrexit,labelled,pros_cons,HS-Brexit-test-84,0,0,0.0,0.0,not uncertain
HSBrexit,labelled,pros_cons,HS-Brexit-test-85,0,0,0.0,0.0,not uncertain
HSBrexit,labelled,pros_cons,HS-Brexit-test-86,1,0,0.0475,0.0,not uncertain
HSBrexit,labelled,pros_cons,HS-Brexit-test-87,1,1,0.0,0.2222222222222222,not uncertain
HSBrexit,labelled,pros_cons,HS-Brexit-test-88,0,0,0.0,0.1388888888888889,not uncertain
HSBrexit,labelled,pros_cons,HS-Brexit-test-89,1,0,0.2274999999999999,0.0,not uncertain
HSBrexit,labelled,pros_cons,HS-Brexit-test-90,0,0,0.0,0.0,not uncertain
HSBrexit,labelled,pros_cons,HS-Brexit-test-91,0,0,0.0,0.0,not uncertain
HSBrexit,labelled,pros_cons,HS-Brexit-test-92,0,0,0.0,0.0,not uncertain
HSBrexit,labelled,pros_cons,HS-Brexit-test-93,0,0,0.0475,0.2222222222222222,not uncertain
HSBrexit,labelled,pros_cons,HS-Brexit-test-94,1,0,0.0,0.2222222222222222,not uncertain
HSBrexit,labelled,pros_cons,HS-Brexit-test-95,0,0,0.0,0.0,not uncertain
HSBrexit,labelled,pros_cons,HS-Brexit-test-96,1,0,0.0,0.2222222222222222,not uncertain
HSBrexit,labelled,pros_cons,HS-Brexit-test-97,0,0,0.0,0.0,not uncertain
HSBrexit,labelled,pros_cons,HS-Brexit-test-98,0,0,0.0,0.0,not uncertain
HSBrexit,labelled,pros_cons,HS-Brexit-test-99,0,0,0.0,0.1388888888888889,not uncertain
HSBrexit,labelled,pros_cons,HS-Brexit-test-100,0,0,0.0,0.1388888888888889,not uncertain
HSBrexit,labelled,pros_cons,HS-Brexit-test-101,1,0,0.1875,0.25,not uncertain
HSBrexit,labelled,pros_cons,HS-Brexit-test-102,0,0,0.0,0.0,not uncertain
HSBrexit,labelled,pros_cons,HS-Brexit-test-103,0,0,0.0,0.0,not uncertain
HSBrexit,labelled,pros_cons,HS-Brexit-test-104,0,0,0.0475,0.0,not uncertain
HSBrexit,labelled,pros_cons,HS-Brexit-test-105,0,0,0.0,0.0,not uncertain
HSBrexit,labelled,pros_cons,HS-Brexit-test-106,0,0,0.0,0.0,not uncertain
HSBrexit,labelled,pros_cons,HS-Brexit-test-107,1,0,0.0475,0.0,not uncertain
HSBrexit,labelled,pros_cons,HS-Brexit-test-108,1,1,0.0,0.1388888888888888,not uncertain
HSBrexit,labelled,pros_cons,HS-Brexit-test-109,1,0,0.0475,0.0,not uncertain
HSBrexit,labelled,pros_cons,HS-Brexit-test-110,1,0,0.16,0.2222222222222222,somewhat uncertain
HSBrexit,labelled,pros_cons,HS-Brexit-test-111,0,0,0.2274999999999999,0.1388888888888889,not uncertain
HSBrexit,labelled,pros_cons,HS-Brexit-test-112,0,0,0.0,0.0,not uncertain
HSBrexit,labelled,pros_cons,HS-Brexit-test-113,0,0,0.0,0.0,not uncertain
HSBrexit,labelled,pros_cons,HS-Brexit-test-114,0,0,0.0,0.0,not uncertain
HSBrexit,labelled,pros_cons,HS-Brexit-test-115,0,0,0.0,0.0,not uncertain
HSBrexit,labelled,pros_cons,HS-Brexit-test-116,0,0,0.0,0.0,not uncertain
HSBrexit,labelled,pros_cons,HS-Brexit-test-117,1,0,0.0,0.2222222222222222,not uncertain
HSBrexit,labelled,pros_cons,HS-Brexit-test-118,0,0,0.0,0.0,not uncertain
HSBrexit,labelled,pros_cons,HS-Brexit-test-119,1,0,0.0,0.1388888888888889,not uncertain
HSBrexit,labelled,pros_cons,HS-Brexit-test-120,0,0,0.0,0.0,not uncertain
HSBrexit,labelled,pros_cons,HS-Brexit-test-121,0,0,0.1275,0.0,not uncertain
HSBrexit,labelled,pros_cons,HS-Brexit-test-122,0,0,0.0,0.1388888888888889,not uncertain
HSBrexit,labelled,pros_cons,HS-Brexit-test-123,0,0,0.0,0.0,not uncertain
HSBrexit,labelled,pros_cons,HS-Brexit-test-124,0,0,0.0,0.0,not uncertain
HSBrexit,labelled,pros_cons,HS-Brexit-test-125,1,0,0.0,0.0,somewhat uncertain
HSBrexit,labelled,pros_cons,HS-Brexit-test-126,0,0,0.0,0.0,not uncertain
HSBrexit,labelled,pros_cons,HS-Brexit-test-127,1,1,0.0,0.2222222222222222,not uncertain
HSBrexit,labelled,pros_cons,HS-Brexit-test-128,0,0,0.0,0.0,not uncertain
HSBrexit,labelled,pros_cons,HS-Brexit-test-129,0,0,0.0,0.0,not uncertain
HSBrexit,labelled,pros_cons,HS-Brexit-test-130,0,0,0.0,0.0,not uncertain
HSBrexit,labelled,pros_cons,HS-Brexit-test-131,1,0,0.16,0.0,not uncertain
HSBrexit,labelled,pros_cons,HS-Brexit-test-132,0,0,0.0,0.0,highly uncertain
HSBrexit,labelled,pros_cons,HS-Brexit-test-133,1,0,0.0475,0.0,somewhat uncertain
HSBrexit,labelled,pros_cons,HS-Brexit-test-134,1,0,0.24,0.2222222222222222,not uncertain
HSBrexit,labelled,pros_cons,HS-Brexit-test-135,0,0,0.1275,0.0,not uncertain
HSBrexit,labelled,pros_cons,HS-Brexit-test-136,1,0,0.0475,0.1388888888888889,not uncertain
HSBrexit,labelled,pros_cons,HS-Brexit-test-137,0,0,0.0,0.0,not uncertain
HSBrexit,labelled,pros_cons,HS-Brexit-test-138,0,0,0.0,0.0,not uncertain
HSBrexit,labelled,pros_cons,HS-Brexit-test-139,0,0,0.0,0.0,not uncertain
HSBrexit,labelled,pros_cons,HS-Brexit-test-140,0,0,0.0475,0.0,not uncertain
HSBrexit,labelled,pros_cons,HS-Brexit-test-141,0,0,0.0,0.0,not uncertain
HSBrexit,labelled,pros_cons,HS-Brexit-test-142,0,0,0.0,0.0,not uncertain
HSBrexit,labelled,pros_cons,HS-Brexit-test-143,0,0,0.0,0.0,not uncertain
HSBrexit,labelled,pros_cons,HS-Brexit-test-144,1,0,0.0,0.2222222222222222,not uncertain
HSBrexit,labelled,pros_cons,HS-Brexit-test-145,0,0,0.0,0.0,not uncertain
HSBrexit,labelled,pros_cons,HS-Brexit-test-146,1,0,0.0475,0.0,not uncertain
HSBrexit,labelled,pros_cons,HS-Brexit-test-147,0,0,0.0,0.0,not uncertain
HSBrexit,labelled,pros_cons,HS-Brexit-test-148,1,0,0.0,0.2222222222222222,not uncertain
HSBrexit,labelled,pros_cons,HS-Brexit-test-149,0,0,0.0,0.0,not uncertain
HSBrexit,labelled,pros_cons,HS-Brexit-test-150,0,0,0.0,0.0,not uncertain
HSBrexit,labelled,pros_cons,HS-Brexit-test-151,1,0,0.0,0.0,not uncertain
HSBrexit,labelled,pros_cons,HS-Brexit-test-152,1,0,0.0,0.0,not uncertain
HSBrexit,labelled,pros_cons,HS-Brexit-test-153,0,0,0.0,0.2222222222222222,not uncertain
HSBrexit,labelled,pros_cons,HS-Brexit-test-154,0,0,0.0,0.0,not uncertain
HSBrexit,labelled,pros_cons,HS-Brexit-test-155,0,0,0.0,0.0,not uncertain
HSBrexit,labelled,pros_cons,HS-Brexit-test-156,1,0,0.09,0.25,not uncertain
HSBrexit,labelled,pros_cons,HS-Brexit-test-157,0,0,0.0,0.0,not uncertain
HSBrexit,labelled,pros_cons,HS-Brexit-test-158,1,0,0.16,0.1388888888888889,somewhat uncertain
HSBrexit,labelled,pros_cons,HS-Brexit-test-159,1,0,0.0475,0.0,not uncertain
HSBrexit,labelled,pros_cons,HS-Brexit-test-160,0,0,0.0,0.0,not uncertain
HSBrexit,labelled,pros_cons,HS-Brexit-test-161,0,0,0.0,0.0,not uncertain
HSBrexit,labelled,pros_cons,HS-Brexit-test-162,0,0,0.0,0.0,not uncertain
HSBrexit,labelled,pros_cons,HS-Brexit-test-163,1,0,0.2475,0.0,not uncertain
HSBrexit,labelled,pros_cons,HS-Brexit-test-164,0,0,0.0,0.0,not uncertain
HSBrexit,labelled,pros_cons,HS-Brexit-test-165,1,0,0.0,0.25,not uncertain
HSBrexit,labelled,pros_cons,HS-Brexit-test-166,1,0,0.16,0.25,not uncertain
HSBrexit,labelled,pros_cons,HS-Brexit-test-167,1,0,0.0,0.0,not uncertain
HSBrexit,labelled,pros_cons,HS-Brexit-test-168,0,0,0.0,0.0,not uncertain
HSBrexit,labelled,GEPA,HS-Brexit-test-1,0,0,0.0,0.0,not uncertain
HSBrexit,labelled,GEPA,HS-Brexit-test-2,1,1,0.0,0.2222222222222222,not uncertain
HSBrexit,labelled,GEPA,HS-Brexit-test-3,0,0,0.0,0.0,not uncertain
HSBrexit,labelled,GEPA,HS-Brexit-test-4,0,0,0.0,0.0,not uncertain
HSBrexit,labelled,GEPA,HS-Brexit-test-5,0,0,0.16,0.2222222222222222,somewhat uncertain
HSBrexit,labelled,GEPA,HS-Brexit-test-6,0,0,0.0,0.0,not uncertain
HSBrexit,labelled,GEPA,HS-Brexit-test-7,1,0,0.0,0.1388888888888889,not uncertain
HSBrexit,labelled,GEPA,HS-Brexit-test-8,1,0,0.0,0.25,not uncertain
HSBrexit,labelled,GEPA,HS-Brexit-test-9,1,0,0.1875,0.25,not uncertain
HSBrexit,labelled,GEPA,HS-Brexit-test-10,0,0,0.0,0.25,not uncertain
HSBrexit,labelled,GEPA,HS-Brexit-test-11,1,0,0.0,0.25,not uncertain
HSBrexit,labelled,GEPA,HS-Brexit-test-12,1,0,0.0,0.2222222222222222,not uncertain
HSBrexit,labelled,GEPA,HS-Brexit-test-13,0,0,0.0475,0.0,somewhat uncertain
HSBrexit,labelled,GEPA,HS-Brexit-test-14,1,0,0.0,0.0,somewhat uncertain
HSBrexit,labelled,GEPA,HS-Brexit-test-15,0,0,0.0,0.0,not uncertain
HSBrexit,labelled,GEPA,HS-Brexit-test-16,1,0,0.0,0.0,not uncertain
HSBrexit,labelled,GEPA,HS-Brexit-test-17,0,0,0.0,0.0,not uncertain
HSBrexit,labelled,GEPA,HS-Brexit-test-18,0,0,0.0,0.0,not uncertain
HSBrexit,labelled,GEPA,HS-Brexit-test-19,1,0,0.0,0.25,not uncertain
HSBrexit,labelled,GEPA,HS-Brexit-test-20,0,0,0.0,0.0,not uncertain
HSBrexit,labelled,GEPA,HS-Brexit-test-21,0,0,0.0,0.0,not uncertain
HSBrexit,labelled,GEPA,HS-Brexit-test-22,0,0,0.0,0.0,not uncertain
HSBrexit,labelled,GEPA,HS-Brexit-test-23,1,1,0.0,0.2222222222222222,not uncertain
HSBrexit,labelled,GEPA,HS-Brexit-test-24,0,0,0.0,0.0,not uncertain
HSBrexit,labelled,GEPA,HS-Brexit-test-25,1,1,0.0,0.1388888888888888,not uncertain
HSBrexit,labelled,GEPA,HS-Brexit-test-26,0,0,0.0,0.0,not uncertain
HSBrexit,labelled,GEPA,HS-Brexit-test-27,0,0,0.0,0.0,not uncertain
HSBrexit,labelled,GEPA,HS-Brexit-test-28,0,0,0.0,0.0,not uncertain
HSBrexit,labelled,GEPA,HS-Brexit-test-29,0,0,0.0,0.0,not uncertain
HSBrexit,labelled,GEPA,HS-Brexit-test-30,0,0,0.1875,0.2222222222222222,not uncertain
HSBrexit,labelled,GEPA,HS-Brexit-test-31,0,0,0.0,0.0,not uncertain
HSBrexit,labelled,GEPA,HS-Brexit-test-32,1,0,0.0,0.0,not uncertain
HSBrexit,labelled,GEPA,HS-Brexit-test-33,0,0,0.21,0.0,somewhat uncertain
HSBrexit,labelled,GEPA,HS-Brexit-test-34,1,0,0.21,0.1388888888888889,not uncertain
HSBrexit,labelled,GEPA,HS-Brexit-test-35,1,0,0.0,0.0,not uncertain
HSBrexit,labelled,GEPA,HS-Brexit-test-36,1,0,0.0,0.25,not uncertain
HSBrexit,labelled,GEPA,HS-Brexit-test-37,0,0,0.24,0.0,not uncertain
HSBrexit,labelled,GEPA,HS-Brexit-test-38,0,0,0.0475,0.0,not uncertain
HSBrexit,labelled,GEPA,HS-Brexit-test-39,0,0,0.0,0.0,not uncertain
HSBrexit,labelled,GEPA,HS-Brexit-test-40,1,0,0.0475,0.1388888888888889,highly uncertain
HSBrexit,labelled,GEPA,HS-Brexit-test-41,0,0,0.0,0.0,not uncertain
HSBrexit,labelled,GEPA,HS-Brexit-test-42,0,0,0.0,0.0,not uncertain
HSBrexit,labelled,GEPA,HS-Brexit-test-43,0,0,0.21,0.2222222222222222,highly uncertain
HSBrexit,labelled,GEPA,HS-Brexit-test-44,0,0,0.0,0.0,not uncertain
HSBrexit,labelled,GEPA,HS-Brexit-test-45,0,0,0.0,0.1388888888888889,not uncertain
HSBrexit,labelled,GEPA,HS-Brexit-test-46,0,0,0.0,0.0,not uncertain
HSBrexit,labelled,GEPA,HS-Brexit-test-47,0,0,0.0,0.0,not uncertain
HSBrexit,labelled,GEPA,HS-Brexit-test-48,0,0,0.0,0.0,somewhat uncertain
HSBrexit,labelled,GEPA,HS-Brexit-test-49,0,0,0.0,0.0,not uncertain
HSBrexit,labelled,GEPA,HS-Brexit-test-50,0,0,0.0,0.0,not uncertain
HSBrexit,labelled,GEPA,HS-Brexit-test-51,0,0,0.25,0.1388888888888889,not uncertain
HSBrexit,labelled,GEPA,HS-Brexit-test-52,1,0,0.0,0.0,not uncertain
HSBrexit,labelled,GEPA,HS-Brexit-test-53,0,0,0.0,0.0,not uncertain
HSBrexit,labelled,GEPA,HS-Brexit-test-54,0,0,0.0,0.0,not uncertain
HSBrexit,labelled,GEPA,HS-Brexit-test-55,1,0,0.0,0.25,not uncertain
HSBrexit,labelled,GEPA,HS-Brexit-test-56,0,0,0.0,0.0,not uncertain
HSBrexit,labelled,GEPA,HS-Brexit-test-57,0,0,0.0,0.2222222222222222,not uncertain
HSBrexit,labelled,GEPA,HS-Brexit-test-58,1,0,0.0,0.1388888888888889,somewhat uncertain
HSBrexit,labelled,GEPA,HS-Brexit-test-59,0,0,0.0,0.0,not uncertain
HSBrexit,labelled,GEPA,HS-Brexit-test-60,0,0,0.0,0.0,not uncertain
HSBrexit,labelled,GEPA,HS-Brexit-test-61,0,0,0.0,0.0,not uncertain
HSBrexit,labelled,GEPA,HS-Brexit-test-62,0,0,0.0,0.0,not uncertain
HSBrexit,labelled,GEPA,HS-Brexit-test-63,1,0,0.0,0.25,not uncertain
HSBrexit,labelled,GEPA,HS-Brexit-test-64,0,0,0.0,0.0,not uncertain
HSBrexit,labelled,GEPA,HS-Brexit-test-65,1,1,0.0,0.0,not uncertain
HSBrexit,labelled,GEPA,HS-Brexit-test-66,0,0,0.09,0.2222222222222222,somewhat uncertain
HSBrexit,labelled,GEPA,HS-Brexit-test-67,1,1,0.0,0.2222222222222222,not uncertain
HSBrexit,labelled,GEPA,HS-Brexit-test-68,1,0,0.0,0.25,not uncertain
HSBrexit,labelled,GEPA,HS-Brexit-test-69,1,1,0.0,0.0,not uncertain
HSBrexit,labelled,GEPA,HS-Brexit-test-70,0,0,0.0,0.1388888888888889,not uncertain
HSBrexit,labelled,GEPA,HS-Brexit-test-71,0,0,0.0,0.0,not uncertain
HSBrexit,labelled,GEPA,HS-Brexit-test-72,0,0,0.0,0.0,not uncertain
HSBrexit,labelled,GEPA,HS-Brexit-test-73,1,0,0.0,0.1388888888888889,not uncertain
HSBrexit,labelled,GEPA,HS-Brexit-test-74,0,0,0.21,0.0,somewhat uncertain
HSBrexit,labelled,GEPA,HS-Brexit-test-75,0,0,0.2274999999999999,0.0,not uncertain
HSBrexit,labelled,GEPA,HS-Brexit-test-76,0,0,0.0,0.0,not uncertain
HSBrexit,labelled,GEPA,HS-Brexit-test-77,1,1,0.0,0.1388888888888888,not uncertain
HSBrexit,labelled,GEPA,HS-Brexit-test-78,0,0,0.0,0.0,not uncertain
HSBrexit,labelled,GEPA,HS-Brexit-test-79,0,0,0.0,0.0,not uncertain
HSBrexit,labelled,GEPA,HS-Brexit-test-80,0,0,0.0,0.0,not uncertain
HSBrexit,labelled,GEPA,HS-Brexit-test-81,0,0,0.2099999999999999,0.0,not uncertain
HSBrexit,labelled,GEPA,HS-Brexit-test-82,0,0,0.0,0.0,not uncertain
HSBrexit,labelled,GEPA,HS-Brexit-test-83,0,0,0.09,0.0,not uncertain
HSBrexit,labelled,GEPA,HS-Brexit-test-84,0,0,0.0,0.0,not uncertain
HSBrexit,labelled,GEPA,HS-Brexit-test-85,0,0,0.0,0.0,not uncertain
HSBrexit,labelled,GEPA,HS-Brexit-test-86,1,0,0.0475,0.0,not uncertain
HSBrexit,labelled,GEPA,HS-Brexit-test-87,1,1,0.0,0.2222222222222222,somewhat uncertain
HSBrexit,labelled,GEPA,HS-Brexit-test-88,0,0,0.0,0.1388888888888889,not uncertain
HSBrexit,labelled,GEPA,HS-Brexit-test-89,1,0,0.2274999999999999,0.0,not uncertain
HSBrexit,labelled,GEPA,HS-Brexit-test-90,0,0,0.0,0.0,not uncertain
HSBrexit,labelled,GEPA,HS-Brexit-test-91,0,0,0.0,0.0,not uncertain
HSBrexit,labelled,GEPA,HS-Brexit-test-92,0,0,0.0,0.0,not uncertain
HSBrexit,labelled,GEPA,HS-Brexit-test-93,0,0,0.0475,0.2222222222222222,highly uncertain
HSBrexit,labelled,GEPA,HS-Brexit-test-94,1,0,0.0,0.2222222222222222,somewhat uncertain
HSBrexit,labelled,GEPA,HS-Brexit-test-95,0,0,0.0,0.0,not uncertain
HSBrexit,labelled,GEPA,HS-Brexit-test-96,1,0,0.0,0.2222222222222222,not uncertain
HSBrexit,labelled,GEPA,HS-Brexit-test-97,0,0,0.0,0.0,not uncertain
HSBrexit,labelled,GEPA,HS-Brexit-test-98,0,0,0.0,0.0,not uncertain
HSBrexit,labelled,GEPA,HS-Brexit-test-99,0,0,0.0,0.1388888888888889,not uncertain
HSBrexit,labelled,GEPA,HS-Brexit-test-100,0,0,0.0,0.1388888888888889,not uncertain
HSBrexit,labelled,GEPA,HS-Brexit-test-101,1,0,0.1875,0.25,not uncertain
HSBrexit,labelled,GEPA,HS-Brexit-test-102,0,0,0.0,0.0,not uncertain
HSBrexit,labelled,GEPA,HS-Brexit-test-103,0,0,0.0,0.0,not uncertain
HSBrexit,labelled,GEPA,HS-Brexit-test-104,0,0,0.0475,0.0,not uncertain
HSBrexit,labelled,GEPA,HS-Brexit-test-105,0,0,0.0,0.0,not uncertain
HSBrexit,labelled,GEPA,HS-Brexit-test-106,0,0,0.0,0.0,not uncertain
HSBrexit,labelled,GEPA,HS-Brexit-test-107,1,0,0.0475,0.0,not uncertain
HSBrexit,labelled,GEPA,HS-Brexit-test-108,1,1,0.0,0.1388888888888888,not uncertain
HSBrexit,labelled,GEPA,HS-Brexit-test-109,1,0,0.0475,0.0,not uncertain
HSBrexit,labelled,GEPA,HS-Brexit-test-110,1,0,0.16,0.2222222222222222,somewhat uncertain
HSBrexit,labelled,GEPA,HS-Brexit-test-111,0,0,0.2274999999999999,0.1388888888888889,not uncertain
HSBrexit,labelled,GEPA,HS-Brexit-test-112,0,0,0.0,0.0,not uncertain
HSBrexit,labelled,GEPA,HS-Brexit-test-113,0,0,0.0,0.0,not uncertain
HSBrexit,labelled,GEPA,HS-Brexit-test-114,0,0,0.0,0.0,not uncertain
HSBrexit,labelled,GEPA,HS-Brexit-test-115,0,0,0.0,0.0,not uncertain
HSBrexit,labelled,GEPA,HS-Brexit-test-116,0,0,0.0,0.0,not uncertain
HSBrexit,labelled,GEPA,HS-Brexit-test-117,1,0,0.0,0.2222222222222222,somewhat uncertain
HSBrexit,labelled,GEPA,HS-Brexit-test-118,0,0,0.0,0.0,not uncertain
HSBrexit,labelled,GEPA,HS-Brexit-test-119,1,0,0.0,0.1388888888888889,not uncertain
HSBrexit,labelled,GEPA,HS-Brexit-test-120,0,0,0.0,0.0,not uncertain
HSBrexit,labelled,GEPA,HS-Brexit-test-121,0,0,0.1275,0.0,not uncertain
HSBrexit,labelled,GEPA,HS-Brexit-test-122,0,0,0.0,0.1388888888888889,not uncertain
HSBrexit,labelled,GEPA,HS-Brexit-test-123,0,0,0.0,0.0,not uncertain
HSBrexit,labelled,GEPA,HS-Brexit-test-124,0,0,0.0,0.0,not uncertain
HSBrexit,labelled,GEPA,HS-Brexit-test-125,1,0,0.0,0.0,somewhat uncertain
HSBrexit,labelled,GEPA,HS-Brexit-test-126,0,0,0.0,0.0,not uncertain
HSBrexit,labelled,GEPA,HS-Brexit-test-127,1,1,0.0,0.2222222222222222,highly uncertain
HSBrexit,labelled,GEPA,HS-Brexit-test-128,0,0,0.0,0.0,not uncertain
HSBrexit,labelled,GEPA,HS-Brexit-test-129,0,0,0.0,0.0,not uncertain
HSBrexit,labelled,GEPA,HS-Brexit-test-130,0,0,0.0,0.0,not uncertain
HSBrexit,labelled,GEPA,HS-Brexit-test-131,1,0,0.16,0.0,somewhat uncertain
HSBrexit,labelled,GEPA,HS-Brexit-test-132,0,0,0.0,0.0,not uncertain
HSBrexit,labelled,GEPA,HS-Brexit-test-133,1,0,0.0475,0.0,not uncertain
HSBrexit,labelled,GEPA,HS-Brexit-test-134,1,0,0.24,0.2222222222222222,somewhat uncertain
HSBrexit,labelled,GEPA,HS-Brexit-test-135,0,0,0.1275,0.0,not uncertain
HSBrexit,labelled,GEPA,HS-Brexit-test-136,1,0,0.0475,0.1388888888888889,not uncertain
HSBrexit,labelled,GEPA,HS-Brexit-test-137,0,0,0.0,0.0,not uncertain
HSBrexit,labelled,GEPA,HS-Brexit-test-138,0,0,0.0,0.0,not uncertain
HSBrexit,labelled,GEPA,HS-Brexit-test-139,0,0,0.0,0.0,not uncertain
HSBrexit,labelled,GEPA,HS-Brexit-test-140,0,0,0.0475,0.0,not uncertain
HSBrexit,labelled,GEPA,HS-Brexit-test-141,0,0,0.0,0.0,somewhat uncertain
HSBrexit,labelled,GEPA,HS-Brexit-test-142,0,0,0.0,0.0,not uncertain
HSBrexit,labelled,GEPA,HS-Brexit-test-143,0,0,0.0,0.0,not uncertain
HSBrexit,labelled,GEPA,HS-Brexit-test-144,1,0,0.0,0.2222222222222222,not uncertain
HSBrexit,labelled,GEPA,HS-Brexit-test-145,0,0,0.0,0.0,not uncertain
HSBrexit,labelled,GEPA,HS-Brexit-test-146,1,0,0.0475,0.0,not uncertain
HSBrexit,labelled,GEPA,HS-Brexit-test-147,0,0,0.0,0.0,not uncertain
HSBrexit,labelled,GEPA,HS-Brexit-test-148,1,0,0.0,0.2222222222222222,not uncertain
HSBrexit,labelled,GEPA,HS-Brexit-test-149,0,0,0.0,0.0,not uncertain
HSBrexit,labelled,GEPA,HS-Brexit-test-150,0,0,0.0,0.0,not uncertain
HSBrexit,labelled,GEPA,HS-Brexit-test-151,1,0,0.0,0.0,not uncertain
HSBrexit,labelled,GEPA,HS-Brexit-test-152,1,0,0.0,0.0,not uncertain
HSBrexit,labelled,GEPA,HS-Brexit-test-153,0,0,0.0,0.2222222222222222,not uncertain
HSBrexit,labelled,GEPA,HS-Brexit-test-154,0,0,0.0,0.0,not uncertain
HSBrexit,labelled,GEPA,HS-Brexit-test-155,0,0,0.0,0.0,not uncertain
HSBrexit,labelled,GEPA,HS-Brexit-test-156,1,0,0.09,0.25,not uncertain
HSBrexit,labelled,GEPA,HS-Brexit-test-157,0,0,0.0,0.0,not uncertain
HSBrexit,labelled,GEPA,HS-Brexit-test-158,1,0,0.16,0.1388888888888889,not uncertain
HSBrexit,labelled,GEPA,HS-Brexit-test-159,1,0,0.0475,0.0,not uncertain
HSBrexit,labelled,GEPA,HS-Brexit-test-160,0,0,0.0,0.0,not uncertain
HSBrexit,labelled,GEPA,HS-Brexit-test-161,0,0,0.0,0.0,not uncertain
HSBrexit,labelled,GEPA,HS-Brexit-test-162,0,0,0.0,0.0,not uncertain
HSBrexit,labelled,GEPA,HS-Brexit-test-163,1,0,0.2475,0.0,somewhat uncertain
HSBrexit,labelled,GEPA,HS-Brexit-test-164,0,0,0.0,0.0,not uncertain
HSBrexit,labelled,GEPA,HS-Brexit-test-165,1,0,0.0,0.25,not uncertain
HSBrexit,labelled,GEPA,HS-Brexit-test-166,1,0,0.16,0.25,not uncertain
HSBrexit,labelled,GEPA,HS-Brexit-test-167,1,0,0.0,0.0,not uncertain
HSBrexit,labelled,GEPA,HS-Brexit-test-168,0,0,0.0,0.0,not uncertain
