benchmark,condition,method,item_id,llm1_label,consensus,g_m,u_m,hedge
AmbiStory,blind,single_hedge,AmbiStory-test-0,4,4,1.6,1.6,not uncertain
AmbiStory,blind,single_hedge,AmbiStory-test-1,2,2,1.2,1.2,not uncertain
AmbiStory,blind,single_hedge,AmbiStory-test-2,3,3,0.5599999999999999,0.5599999999999999,not uncertain
AmbiStory,blind,single_hedge,AmbiStory-test-3,3,3,1.44,1.44,not uncertain
AmbiStory,blind,single_hedge,AmbiStory-test-4,3,3,1.84,1.84,not uncertain
AmbiStory,blind,single_hedge,AmbiStory-test-5,2,2,0.56,0.56,not uncertain
AmbiStory,blind,single_hedge,AmbiStory-test-6,3,3,0.96,0.96,not uncertain
AmbiStory,blind,single_hedge,AmbiStory-test-7,4,4,1.36,1.36,not uncertain
AmbiStory,blind,single_hedge,AmbiStory-test-8,1,1,0.24,0.24,not uncertain
AmbiStory,blind,single_hedge,AmbiStory-test-9,4,4,2.16,2.16,not uncertain
AmbiStory,blind,single_hedge,AmbiStory-test-10,1,1,0.24,0.24,not uncertain
AmbiStory,blind,single_hedge,AmbiStory-test-11,5,5,0.1599999999999999,0.1599999999999999,not uncertain
AmbiStory,blind,single_hedge,AmbiStory-test-12,4,4,0.5599999999999999,0.5599999999999999,not uncertain
AmbiStory,blind,single_hedge,AmbiStory-test-13,3,3,2.64,2.64,somewhat uncertain
AmbiStory,blind,single_hedge,AmbiStory-test-14,1,1,0.24,0.24,not uncertain
AmbiStory,blind,single_hedge,AmbiStory-test-15,4,4,2.56,2.56,not uncertain
AmbiStory,blind,single_hedge,AmbiStory-test-16,3,3,0.5599999999999999,0.5599999999999999,not uncertain
AmbiStory,blind,single_hedge,AmbiStory-test-17,4,4,0.64,0.64,not uncertain
AmbiStory,blind,single_hedge,AmbiStory-test-18,5,5,0.0,0.0,not uncertain
AmbiStory,blind,single_hedge,AmbiStory-test-19,3,3,2.64,2.64,not uncertain
AmbiStory,blind,single_hedge,AmbiStory-test-20,5,5,0.0,0.0,not uncertain
AmbiStory,blind,single_hedge,AmbiStory-test-21,3,3,0.96,0.96,not uncertain
AmbiStory,blind,single_hedge,AmbiStory-test-22,5,5,0.1599999999999999,0.1599999999999999,not uncertain
AmbiStory,blind,single_hedge,AmbiStory-test-23,4,4,2.56,2.56,not uncertain
AmbiStory,blind,single_hedge,AmbiStory-test-24,5,5,0.0,0.0,not uncertain
AmbiStory,blind,single_hedge,AmbiStory-test-25,2,2,1.2,1.2,not uncertain
AmbiStory,blind,single_hedge,AmbiStory-test-26,4,4,0.96,0.96,somewhat uncertain
AmbiStory,blind,single_hedge,AmbiStory-test-27,2,2,0.56,0.56,not uncertain
AmbiStory,blind,single_hedge,AmbiStory-test-28,4,4,0.6399999999999999,0.6399999999999999,somewhat uncertain
AmbiStory,blind,single_hedge,AmbiStory-test-29,2,2,0.64,0.64,not uncertain
AmbiStory,blind,single_hedge,AmbiStory-test-30,2,2,0.8,0.8,not uncertain
AmbiStory,blind,single_hedge,AmbiStory-test-31,4,4,0.6399999999999999,0.6399999999999999,not uncertain
AmbiStory,blind,single_hedge,AmbiStory-test-32,3,3,2.24,2.24,not uncertain
AmbiStory,blind,single_hedge,AmbiStory-test-33,4,4,0.1599999999999999,0.1599999999999999,not uncertain
AmbiStory,blind,single_hedge,AmbiStory-test-34,3,3,0.96,0.96,not uncertain
AmbiStory,blind,single_hedge,AmbiStory-test-35,4,4,0.96,0.96,not uncertain
AmbiStory,blind,single_hedge,AmbiStory-test-36,3,3,0.24,0.24,highly uncertain
AmbiStory,blind,single_hedge,AmbiStory-test-37,3,3,1.6,1.6,not uncertain
AmbiStory,blind,single_hedge,AmbiStory-test-38,2,2,1.84,1.84,not uncertain
AmbiStory,blind,single_hedge,AmbiStory-test-39,4,4,1.44,1.44,somewhat uncertain
AmbiStory,blind,single_hedge,AmbiStory-test-40,3,3,1.84,1.84,somewhat uncertain
AmbiStory,blind,single_hedge,AmbiStory-test-41,4,4,1.36,1.36,not uncertain
AmbiStory,blind,single_hedge,AmbiStory-test-42,2,2,0.1599999999999999,0.1599999999999999,not uncertain
AmbiStory,blind,single_hedge,AmbiStory-test-43,4,4,0.4,0.4,not uncertain
AmbiStory,blind,single_hedge,AmbiStory-test-44,3,3,2.24,2.24,not uncertain
AmbiStory,blind,single_hedge,AmbiStory-test-45,4,4,1.0400000000000005,1.0400000000000005,not uncertain
AmbiStory,blind,single_hedge,AmbiStory-test-46,3,3,0.96,0.96,not uncertain
AmbiStory,blind,single_hedge,AmbiStory-test-47,4,4,0.8,0.8,not uncertain
AmbiStory,blind,single_hedge,AmbiStory-test-48,4,4,2.1600000000000006,2.1600000000000006,not uncertain
AmbiStory,blind,single_hedge,AmbiStory-test-49,2,2,2.24,2.24,not uncertain
AmbiStory,blind,single_hedge,AmbiStory-test-50,2,2,0.24,0.24,not uncertain
AmbiStory,blind,single_hedge,AmbiStory-test-51,4,4,1.36,1.36,somewhat uncertain
AmbiStory,blind,single_hedge,AmbiStory-test-52,2,2,2.16,2.16,not uncertain
AmbiStory,blind,single_hedge,AmbiStory-test-53,5,5,0.24,0.24,not uncertain
AmbiStory,blind,single_hedge,AmbiStory-test-54,3,3,1.04,1.04,not uncertain
AmbiStory,blind,single_hedge,AmbiStory-test-55,3,3,0.96,0.96,not uncertain
AmbiStory,blind,single_hedge,AmbiStory-test-56,2,2,0.64,0.64,not uncertain
AmbiStory,blind,single_hedge,AmbiStory-test-57,5,5,0.0,0.0,not uncertain
AmbiStory,blind,single_hedge,AmbiStory-test-58,2,2,1.36,1.36,somewhat uncertain
AmbiStory,blind,single_hedge,AmbiStory-test-59,5,5,0.24,0.24,not uncertain
AmbiStory,blind,single_hedge,AmbiStory-test-60,5,5,0.0,0.0,not uncertain
AmbiStory,blind,single_hedge,AmbiStory-test-61,1,1,0.0,0.0,not uncertain
AmbiStory,blind,single_hedge,AmbiStory-test-62,1,1,0.0,0.0,not uncertain
AmbiStory,blind,single_hedge,AmbiStory-test-63,3,3,3.8400000000000007,3.8400000000000007,not uncertain
AmbiStory,blind,single_hedge,AmbiStory-test-64,4,4,2.56,2.56,not uncertain
AmbiStory,blind,single_hedge,AmbiStory-test-65,2,2,1.36,1.36,not uncertain
AmbiStory,blind,single_hedge,AmbiStory-test-66,3,3,2.16,2.16,somewhat uncertain
AmbiStory,blind,single_hedge,AmbiStory-test-67,2,2,0.56,0.56,not uncertain
AmbiStory,blind,single_hedge,AmbiStory-test-68,1,1,0.16,0.16,not uncertain
AmbiStory,blind,single_hedge,AmbiStory-test-69,5,5,0.0,0.0,not uncertain
AmbiStory,blind,single_hedge,AmbiStory-test-70,2,2,1.36,1.36,not uncertain
AmbiStory,blind,single_hedge,AmbiStory-test-71,3,3,1.0400000000000005,1.0400000000000005,not uncertain
AmbiStory,blind,single_hedge,AmbiStory-test-72,3,3,2.16,2.16,not uncertain
AmbiStory,blind,single_hedge,AmbiStory-test-73,3,3,2.0,2.0,highly uncertain
AmbiStory,blind,single_hedge,AmbiStory-test-74,2,2,1.4400000000000002,1.4400000000000002,not uncertain
AmbiStory,blind,single_hedge,AmbiStory-test-75,4,4,1.36,1.36,not uncertain
AmbiStory,blind,single_hedge,AmbiStory-test-76,3,3,1.4400000000000002,1.4400000000000002,not uncertain
AmbiStory,blind,single_hedge,AmbiStory-test-77,4,4,0.6399999999999999,0.6399999999999999,not uncertain
AmbiStory,blind,single_hedge,AmbiStory-test-78,4,4,1.6,1.6,not uncertain
AmbiStory,blind,single_hedge,AmbiStory-test-79,2,2,0.96,0.96,not uncertain
AmbiStory,blind,single_hedge,AmbiStory-test-80,3,3,0.1599999999999999,0.1599999999999999,not uncertain
AmbiStory,blind,single_hedge,AmbiStory-test-81,4,4,0.24,0.24,not uncertain
AmbiStory,blind,single_hedge,AmbiStory-test-82,2,2,0.8,0.8,not uncertain
AmbiStory,blind,single_hedge,AmbiStory-test-83,4,4,1.2,1.2,not uncertain
AmbiStory,blind,single_hedge,AmbiStory-test-84,2,2,0.8,0.8,not uncertain
AmbiStory,blind,single_hedge,AmbiStory-test-85,5,5,0.6399999999999999,0.6399999999999999,not uncertain
AmbiStory,blind,single_hedge,AmbiStory-test-86,2,2,0.16,0.16,not uncertain
AmbiStory,blind,single_hedge,AmbiStory-test-87,4,4,0.5599999999999999,0.5599999999999999,not uncertain
AmbiStory,blind,single_hedge,AmbiStory-test-88,2,2,0.4,0.4,not uncertain
AmbiStory,blind,single_hedge,AmbiStory-test-89,4,4,0.5599999999999999,0.5599999999999999,somewhat uncertain
AmbiStory,blind,single_hedge,AmbiStory-test-90,3,3,1.6,1.6,somewhat uncertain
AmbiStory,blind,single_hedge,AmbiStory-test-91,3,3,2.16,2.16,not uncertain
AmbiStory,blind,single_hedge,AmbiStory-test-92,2,2,0.64,0.64,not uncertain
AmbiStory,blind,single_hedge,AmbiStory-test-93,4,4,0.5599999999999999,0.5599999999999999,not uncertain
AmbiStory,blind,single_hedge,AmbiStory-test-94,1,1,0.16,0.16,not uncertain
AmbiStory,blind,single_hedge,AmbiStory-test-95,4,4,0.96,0.96,not uncertain
AmbiStory,blind,single_hedge,AmbiStory-test-96,5,5,0.24,0.24,not uncertain
AmbiStory,blind,single_hedge,AmbiStory-test-97,3,3,2.472222222222222,2.472222222222222,somewhat uncertain
AmbiStory,blind,single_hedge,AmbiStory-test-98,4,4,0.5599999999999999,0.5599999999999999,not uncertain
AmbiStory,blind,single_hedge,AmbiStory-test-99,3,3,0.4,0.4,somewhat uncertain
AmbiStory,blind,single_hedge,AmbiStory-test-100,3,3,1.36,1.36,somewhat uncertain
AmbiStory,blind,single_hedge,AmbiStory-test-101,4,4,1.4400000000000002,1.4400000000000002,not uncertain
AmbiStory,blind,single_hedge,AmbiStory-test-102,4,4,0.96,0.96,not uncertain
AmbiStory,blind,single_hedge,AmbiStory-test-103,1,1,0.16,0.16,not uncertain
AmbiStory,blind,single_hedge,AmbiStory-test-104,2,2,0.24,0.24,not uncertain
AmbiStory,blind,single_hedge,AmbiStory-test-105,5,5,0.1599999999999999,0.1599999999999999,not uncertain
AmbiStory,blind,single_hedge,AmbiStory-test-106,3,3,0.5599999999999999,0.5599999999999999,not uncertain
AmbiStory,blind,single_hedge,AmbiStory-test-107,3,3,2.24,2.24,not uncertain
AmbiStory,blind,single_hedge,AmbiStory-test-108,5,5,0.1599999999999999,0.1599999999999999,not uncertain
AmbiStory,blind,single_hedge,AmbiStory-test-109,1,1,0.0,0.0,not uncertain
AmbiStory,blind,single_hedge,AmbiStory-test-110,4,4,0.5599999999999999,0.5599999999999999,not uncertain
AmbiStory,blind,single_hedge,AmbiStory-test-111,1,1,0.24,0.24,not uncertain
AmbiStory,blind,single_hedge,AmbiStory-test-112,4,4,1.36,1.36,not uncertain
AmbiStory,blind,single_hedge,AmbiStory-test-113,1,1,0.16,0.16,not uncertain
AmbiStory,blind,single_hedge,AmbiStory-test-114,5,5,0.0,0.0,not uncertain
AmbiStory,blind,single_hedge,AmbiStory-test-115,2,2,2.5600000000000005,2.5600000000000005,not uncertain
AmbiStory,blind,single_hedge,AmbiStory-test-116,3,3,2.64,2.64,not uncertain
AmbiStory,blind,single_hedge,AmbiStory-test-117,3,3,3.2,3.2,not uncertain
AmbiStory,blind,single_hedge,AmbiStory-test-118,5,5,0.1599999999999999,0.1599999999999999,not uncertain
AmbiStory,blind,single_hedge,AmbiStory-test-119,1,1,0.24,0.24,not uncertain
AmbiStory,blind,single_hedge,AmbiStory-test-120,4,4,0.4,0.4,not uncertain
AmbiStory,blind,single_hedge,AmbiStory-test-121,4,4,0.5599999999999999,0.5599999999999999,not uncertain
AmbiStory,blind,single_hedge,AmbiStory-test-122,4,4,0.64,0.64,not uncertain
AmbiStory,blind,single_hedge,AmbiStory-test-123,3,3,0.5599999999999999,0.5599999999999999,not uncertain
AmbiStory,blind,single_hedge,AmbiStory-test-124,3,3,1.8400000000000003,1.8400000000000003,not uncertain
AmbiStory,blind,single_hedge,AmbiStory-test-125,3,3,1.8400000000000003,1.8400000000000003,not uncertain
AmbiStory,blind,single_hedge,AmbiStory-test-126,3,3,0.888888888888889,0.888888888888889,highly uncertain
AmbiStory,blind,single_hedge,AmbiStory-test-127,3,3,1.36,1.36,not uncertain
AmbiStory,blind,single_hedge,AmbiStory-test-128,2,2,0.64,0.64,not uncertain
AmbiStory,blind,single_hedge,AmbiStory-test-129,3,3,2.56,2.56,not uncertain
AmbiStory,blind,single_hedge,AmbiStory-test-130,1,1,0.24,0.24,not uncertain
AmbiStory,blind,single_hedge,AmbiStory-test-131,3,3,2.16,2.16,not uncertain
AmbiStory,blind,single_hedge,AmbiStory-test-132,5,5,0.0,0.0,not uncertain
AmbiStory,blind,single_hedge,AmbiStory-test-133,1,1,0.24,0.24,not uncertain
AmbiStory,blind,single_hedge,AmbiStory-test-134,3,3,1.84,1.84,not uncertain
AmbiStory,blind,single_hedge,AmbiStory-test-135,4,4,0.8,0.8,not uncertain
AmbiStory,blind,single_hedge,AmbiStory-test-136,3,3,2.64,2.64,not uncertain
AmbiStory,blind,single_hedge,AmbiStory-test-137,3,3,2.0,2.0,not uncertain
AmbiStory,blind,single_hedge,AmbiStory-test-138,5,5,0.24,0.24,not uncertain
AmbiStory,blind,single_hedge,AmbiStory-test-139,5,5,0.0,0.0,not uncertain
AmbiStory,blind,single_hedge,AmbiStory-test-140,5,5,0.0,0.0,not uncertain
AmbiStory,blind,single_hedge,AmbiStory-test-141,5,5,0.0,0.0,not uncertain
AmbiStory,blind,single_hedge,AmbiStory-test-142,4,4,1.36,1.36,not uncertain
AmbiStory,blind,single_hedge,AmbiStory-test-143,5,5,0.0,0.0,not uncertain
AmbiStory,blind,single_hedge,AmbiStory-test-144,1,1,0.24,0.24,not uncertain
AmbiStory,blind,single_hedge,AmbiStory-test-145,5,5,0.1599999999999999,0.1599999999999999,not uncertain
AmbiStory,blind,single_hedge,AmbiStory-test-146,2,2,2.24,2.24,not uncertain
AmbiStory,blind,single_hedge,AmbiStory-test-147,5,5,0.1599999999999999,0.1599999999999999,not uncertain
AmbiStory,blind,single_hedge,AmbiStory-test-148,2,2,0.5599999999999999,0.5599999999999999,not uncertain
AmbiStory,blind,single_hedge,AmbiStory-test-149,4,4,1.44,1.44,not uncertain
AmbiStory,blind,single_hedge,AmbiStory-test-150,3,3,2.8,2.8,not uncertain
AmbiStory,blind,single_hedge,AmbiStory-test-151,3,3,2.8,2.8,not uncertain
AmbiStory,blind,single_hedge,AmbiStory-test-152,1,1,0.6400000000000002,0.6400000000000002,not uncertain
AmbiStory,blind,single_hedge,AmbiStory-test-153,4,4,1.84,1.84,not uncertain
AmbiStory,blind,single_hedge,AmbiStory-test-154,4,4,1.4400000000000002,1.4400000000000002,not uncertain
AmbiStory,blind,single_hedge,AmbiStory-test-155,3,3,1.8400000000000003,1.8400000000000003,not uncertain
AmbiStory,blind,single_hedge,AmbiStory-test-156,5,5,0.0,0.0,not uncertain
AmbiStory,blind,single_hedge,AmbiStory-test-157,1,1,0.16,0.16,not uncertain
AmbiStory,blind,single_hedge,AmbiStory-test-158,3,3,1.36,1.36,not uncertain
AmbiStory,blind,single_hedge,AmbiStory-test-159,3,3,0.96,0.96,not uncertain
AmbiStory,blind,single_hedge,AmbiStory-test-160,5,5,0.0,0.0,not uncertain
AmbiStory,blind,single_hedge,AmbiStory-test-161,2,2,0.9600000000000002,0.9600000000000002,not uncertain
AmbiStory,blind,single_hedge,AmbiStory-test-162,2,2,0.64,0.64,not uncertain
AmbiStory,blind,single_hedge,AmbiStory-test-163,4,4,0.5599999999999999,0.5599999999999999,not uncertain
AmbiStory,blind,single_hedge,AmbiStory-test-164,2,2,0.64,0.64,not uncertain
AmbiStory,blind,single_hedge,AmbiStory-test-165,3,3,1.84,1.84,not uncertain
AmbiStory,blind,single_hedge,AmbiStory-test-166,2,2,0.24,0.24,not uncertain
AmbiStory,blind,single_hedge,AmbiStory-test-167,4,4,0.6399999999999999,0.6399999999999999,somewhat uncertain
AmbiStory,blind,single_hedge,AmbiStory-test-168,5,5,0.1599999999999999,0.1599999999999999,not uncertain
AmbiStory,blind,single_hedge,AmbiStory-test-169,1,1,0.0,0.0,not uncertain
AmbiStory,blind,single_hedge,AmbiStory-test-170,5,5,0.0,0.0,not uncertain
AmbiStory,blind,single_hedge,AmbiStory-test-171,1,1,0.0,0.0,not uncertain
AmbiStory,blind,single_hedge,AmbiStory-test-172,5,5,0.24,0.24,not uncertain
AmbiStory,blind,single_hedge,AmbiStory-test-173,1,1,0.0,0.0,not uncertain
AmbiStory,blind,single_hedge,AmbiStory-test-174,5,5,0.6399999999999999,0.6399999999999999,not uncertain
AmbiStory,blind,single_hedge,AmbiStory-test-175,2,2,0.8,0.8,not uncertain
AmbiStory,blind,single_hedge,AmbiStory-test-176,1,1,0.24,0.24,not uncertain
AmbiStory,blind,single_hedge,AmbiStory-test-177,4,4,2.1600000000000006,2.1600000000000006,not uncertain
AmbiStory,blind,single_hedge,AmbiStory-test-178,2,2,1.04,1.04,not uncertain
AmbiStory,blind,single_hedge,AmbiStory-test-179,4,4,0.5599999999999999,0.5599999999999999,not uncertain
AmbiStory,blind,single_hedge,AmbiStory-test-180,4,4,0.6399999999999999,0.6399999999999999,not uncertain
AmbiStory,blind,single_hedge,AmbiStory-test-181,3,3,0.64,0.64,not uncertain
AmbiStory,blind,single_hedge,AmbiStory-test-182,2,2,0.64,0.64,not uncertain
AmbiStory,blind,single_hedge,AmbiStory-test-183,3,3,1.84,1.84,somewhat uncertain
AmbiStory,blind,single_hedge,AmbiStory-test-184,3,3,0.0,0.0,not uncertain
AmbiStory,blind,single_hedge,AmbiStory-test-185,3,3,1.2,1.2,not uncertain
AmbiStory,blind,single_hedge,AmbiStory-test-186,3,3,1.84,1.84,not uncertain
AmbiStory,blind,single_hedge,AmbiStory-test-187,2,2,0.56,0.56,not uncertain
AmbiStory,blind,single_hedge,AmbiStory-test-188,1,1,0.16,0.16,not uncertain
AmbiStory,blind,single_hedge,AmbiStory-test-189,4,4,0.64,0.64,not uncertain
AmbiStory,blind,single_hedge,AmbiStory-test-190,2,2,0.56,0.56,not uncertain
AmbiStory,blind,single_hedge,AmbiStory-test-191,3,3,1.04,1.04,not uncertain
AmbiStory,blind,single_hedge,AmbiStory-test-192,5,5,0.1599999999999999,0.1599999999999999,not uncertain
AmbiStory,blind,single_hedge,AmbiStory-test-193,1,1,0.16,0.16,not uncertain
AmbiStory,blind,single_hedge,AmbiStory-test-194,3,3,0.64,0.64,not uncertain
AmbiStory,blind,single_hedge,AmbiStory-test-195,3,3,1.84,1.84,not uncertain
AmbiStory,blind,single_hedge,AmbiStory-test-196,4,4,0.5599999999999999,0.5599999999999999,not uncertain
AmbiStory,blind,single_hedge,AmbiStory-test-197,2,2,0.64,0.64,not uncertain
AmbiStory,blind,single_hedge,AmbiStory-test-198,5,5,0.24,0.24,not uncertain
AmbiStory,blind,single_hedge,AmbiStory-test-199,1,1,0.64,0.64,not uncertain
AmbiStory,blind,single_hedge,AmbiStory-test-200,4,4,0.4,0.4,not uncertain
AmbiStory,blind,single_hedge,AmbiStory-test-201,2,2,1.2,1.2,not uncertain
AmbiStory,blind,single_hedge,AmbiStory-test-202,5,5,0.1599999999999999,0.1599999999999999,not uncertain
AmbiStory,blind,single_hedge,AmbiStory-test-203,2,2,0.64,0.64,not uncertain
AmbiStory,blind,single_hedge,AmbiStory-test-204,5,5,0.24,0.24,highly uncertain
AmbiStory,blind,single_hedge,AmbiStory-test-205,2,2,0.16,0.16,somewhat uncertain
AmbiStory,blind,single_hedge,AmbiStory-test-206,4,4,0.24,0.24,not uncertain
AmbiStory,blind,single_hedge,AmbiStory-test-207,3,3,1.6,1.6,not uncertain
AmbiStory,blind,single_hedge,AmbiStory-test-208,4,4,0.8,0.8,somewhat uncertain
AmbiStory,blind,single_hedge,AmbiStory-test-209,2,2,0.24,0.24,not uncertain
AmbiStory,blind,single_hedge,AmbiStory-test-210,3,3,0.5599999999999999,0.5599999999999999,not uncertain
AmbiStory,blind,single_hedge,AmbiStory-test-211,2,2,0.56,0.56,not uncertain
AmbiStory,blind,single_hedge,AmbiStory-test-212,3,3,0.4,0.4,not uncertain
AmbiStory,blind,single_hedge,AmbiStory-test-213,3,3,3.3600000000000003,3.3600000000000003,not uncertain
AmbiStory,blind,single_hedge,AmbiStory-test-214,3,3,1.04,1.04,not uncertain
AmbiStory,blind,single_hedge,AmbiStory-test-215,2,2,2.24,2.24,somewhat uncertain
AmbiStory,blind,single_hedge,AmbiStory-test-216,4,4,0.24,0.24,somewhat uncertain
AmbiStory,blind,single_hedge,AmbiStory-test-217,1,1,0.6400000000000002,0.6400000000000002,not uncertain
AmbiStory,blind,single_hedge,AmbiStory-test-218,3,3,0.96,0.96,not uncertain
AmbiStory,blind,single_hedge,AmbiStory-test-219,3,3,3.3599999999999994,3.3599999999999994,not uncertain
AmbiStory,blind,single_hedge,AmbiStory-test-220,3,3,1.805555555555556,1.805555555555556,not uncertain
AmbiStory,blind,single_hedge,AmbiStory-test-221,3,3,1.36,1.36,not uncertain
AmbiStory,blind,single_hedge,AmbiStory-test-222,5,5,0.24,0.24,not uncertain
AmbiStory,blind,single_hedge,AmbiStory-test-223,3,3,2.64,2.64,not uncertain
AmbiStory,blind,single_hedge,AmbiStory-test-224,3,3,1.36,1.36,not uncertain
AmbiStory,blind,single_hedge,AmbiStory-test-225,4,4,0.6399999999999999,0.6399999999999999,highly uncertain
AmbiStory,blind,single_hedge,AmbiStory-test-226,3,3,1.2,1.2,not uncertain
AmbiStory,blind,single_hedge,AmbiStory-test-227,3,3,0.5599999999999999,0.5599999999999999,somewhat uncertain
AmbiStory,blind,single_hedge,AmbiStory-test-228,2,2,1.4400000000000002,1.4400000000000002,not uncertain
AmbiStory,blind,single_hedge,AmbiStory-test-229,3,3,1.04,1.04,somewhat uncertain
AmbiStory,blind,single_hedge,AmbiStory-test-230,2,2,0.24,0.24,not uncertain
AmbiStory,blind,single_hedge,AmbiStory-test-231,4,4,1.0400000000000005,1.0400000000000005,somewhat uncertain
AmbiStory,blind,single_hedge,AmbiStory-test-232,2,2,0.5599999999999999,0.5599999999999999,not uncertain
AmbiStory,blind,single_hedge,AmbiStory-test-233,4,4,1.36,1.36,somewhat uncertain
AmbiStory,blind,single_hedge,AmbiStory-test-234,5,5,0.0,0.0,not uncertain
AmbiStory,blind,single_hedge,AmbiStory-test-235,4,4,1.36,1.36,not uncertain
AmbiStory,blind,single_hedge,AmbiStory-test-236,3,3,1.8400000000000003,1.8400000000000003,not uncertain
AmbiStory,blind,single_hedge,AmbiStory-test-237,4,4,0.24,0.24,not uncertain
AmbiStory,blind,single_hedge,AmbiStory-test-238,4,4,0.96,0.96,somewhat uncertain
AmbiStory,blind,single_hedge,AmbiStory-test-239,4,4,0.24,0.24,not uncertain
AmbiStory,blind,single_hedge,AmbiStory-test-240,2,2,0.56,0.56,somewhat uncertain
AmbiStory,blind,single_hedge,AmbiStory-test-241,5,5,0.1599999999999999,0.1599999999999999,not uncertain
AmbiStory,blind,single_hedge,AmbiStory-test-242,1,1,0.24,0.24,not uncertain
AmbiStory,blind,single_hedge,AmbiStory-test-243,5,5,0.1599999999999999,0.1599999999999999,not uncertain
AmbiStory,blind,single_hedge,AmbiStory-test-244,2,2,2.24,2.24,not uncertain
AmbiStory,blind,single_hedge,AmbiStory-test-245,4,4,0.6399999999999999,0.6399999999999999,not uncertain
AmbiStory,blind,single_hedge,AmbiStory-test-246,5,5,0.1599999999999999,0.1599999999999999,not uncertain
AmbiStory,blind,single_hedge,AmbiStory-test-247,1,1,0.64,0.64,not uncertain
AmbiStory,blind,single_hedge,AmbiStory-test-248,5,5,0.1599999999999999,0.1599999999999999,not uncertain
AmbiStory,blind,single_hedge,AmbiStory-test-249,2,2,0.64,0.64,not uncertain
AmbiStory,blind,single_hedge,AmbiStory-test-250,5,5,0.24,0.24,not uncertain
AmbiStory,blind,single_hedge,AmbiStory-test-251,1,1,0.16,0.16,not uncertain
AmbiStory,blind,single_hedge,AmbiStory-test-252,4,4,0.6399999999999999,0.6399999999999999,not uncertain
AmbiStory,blind,single_hedge,AmbiStory-test-253,3,3,1.2,1.2,not uncertain
AmbiStory,blind,single_hedge,AmbiStory-test-254,4,4,0.6399999999999999,0.6399999999999999,not uncertain
AmbiStory,blind,single_hedge,AmbiStory-test-255,2,2,2.24,2.24,not uncertain
AmbiStory,blind,single_hedge,AmbiStory-test-256,4,4,0.5599999999999999,0.5599999999999999,not uncertain
AmbiStory,blind,single_hedge,AmbiStory-test-257,2,2,1.36,1.36,not uncertain
AmbiStory,blind,single_hedge,AmbiStory-test-258,3,3,1.44,1.44,not uncertain
AmbiStory,blind,single_hedge,AmbiStory-test-259,5,5,0.0,0.0,not uncertain
AmbiStory,blind,single_hedge,AmbiStory-test-260,2,2,0.64,0.64,not uncertain
AmbiStory,blind,single_hedge,AmbiStory-test-261,5,5,0.0,0.0,not uncertain
AmbiStory,blind,single_hedge,AmbiStory-test-262,4,4,1.44,1.44,not uncertain
AmbiStory,blind,single_hedge,AmbiStory-test-263,4,4,1.36,1.36,not uncertain
AmbiStory,blind,single_hedge,AmbiStory-test-264,3,3,3.2,3.2,not uncertain
AmbiStory,blind,single_hedge,AmbiStory-test-265,3,3,2.56,2.56,not uncertain
AmbiStory,blind,single_hedge,AmbiStory-test-266,1,1,0.16,0.16,not uncertain
AmbiStory,blind,single_hedge,AmbiStory-test-267,4,4,1.6,1.6,not uncertain
AmbiStory,blind,single_hedge,AmbiStory-test-268,3,3,2.56,2.56,not uncertain
AmbiStory,blind,single_hedge,AmbiStory-test-269,4,4,3.04,3.04,not uncertain
AmbiStory,blind,single_hedge,AmbiStory-test-270,5,5,0.24,0.24,not uncertain
AmbiStory,blind,single_hedge,AmbiStory-test-271,2,2,0.64,0.64,highly uncertain
AmbiStory,blind,single_hedge,AmbiStory-test-272,2,2,0.8,0.8,not uncertain
AmbiStory,blind,single_hedge,AmbiStory-test-273,4,4,2.4,2.4,somewhat uncertain
AmbiStory,blind,single_hedge,AmbiStory-test-274,4,4,1.36,1.36,not uncertain
AmbiStory,blind,single_hedge,AmbiStory-test-275,3,3,1.36,1.36,somewhat uncertain
AmbiStory,blind,single_hedge,AmbiStory-test-276,2,2,0.64,0.64,not uncertain
AmbiStory,blind,single_hedge,AmbiStory-test-277,5,5,0.6399999999999999,0.6399999999999999,not uncertain
AmbiStory,blind,single_hedge,AmbiStory-test-278,2,2,0.64,0.64,not uncertain
AmbiStory,blind,single_hedge,AmbiStory-test-279,5,5,0.0,0.0,not uncertain
AmbiStory,blind,single_hedge,AmbiStory-test-280,2,2,0.5599999999999999,0.5599999999999999,not uncertain
AmbiStory,blind,single_hedge,AmbiStory-test-281,4,4,0.64,0.64,not uncertain
AmbiStory,blind,single_hedge,AmbiStory-test-282,3,3,1.04,1.04,not uncertain
AmbiStory,blind,single_hedge,AmbiStory-test-283,4,4,2.56,2.56,not uncertain
AmbiStory,blind,single_hedge,AmbiStory-test-284,4,4,0.5599999999999999,0.5599999999999999,not uncertain
AmbiStory,blind,single_hedge,AmbiStory-test-285,4,4,2.4,2.4,not uncertain
AmbiStory,blind,single_hedge,AmbiStory-test-286,3,3,0.64,0.64,not uncertain
AmbiStory,blind,single_hedge,AmbiStory-test-287,4,4,0.64,0.64,not uncertain
AmbiStory,blind,single_hedge,AmbiStory-test-288,4,4,0.96,0.96,not uncertain
AmbiStory,blind,single_hedge,AmbiStory-test-289,4,4,0.5599999999999999,0.5599999999999999,not uncertain
AmbiStory,blind,single_hedge,AmbiStory-test-290,3,3,2.8,2.8,not uncertain
AmbiStory,blind,single_hedge,AmbiStory-test-291,4,4,0.8,0.8,not uncertain
AmbiStory,blind,single_hedge,AmbiStory-test-292,4,4,0.6399999999999999,0.6399999999999999,not uncertain
AmbiStory,blind,single_hedge,AmbiStory-test-293,4,4,2.16,2.16,not uncertain
AmbiStory,blind,single_hedge,AmbiStory-test-294,3,3,1.7600000000000002,1.7600000000000002,not uncertain
AmbiStory,blind,single_hedge,AmbiStory-test-295,2,2,0.64,0.64,not uncertain
AmbiStory,blind,single_hedge,AmbiStory-test-296,3,3,1.2,1.2,not uncertain
AmbiStory,blind,single_hedge,AmbiStory-test-297,5,5,0.24,0.24,not uncertain
AmbiStory,blind,single_hedge,AmbiStory-test-298,2,2,0.56,0.56,not uncertain
AmbiStory,blind,single_hedge,AmbiStory-test-299,4,4,1.8400000000000003,1.8400000000000003,not uncertain
AmbiStory,blind,single_hedge,AmbiStory-test-300,2,2,1.36,1.36,not uncertain
AmbiStory,blind,single_hedge,AmbiStory-test-301,1,1,0.16,0.16,not uncertain
AmbiStory,blind,single_hedge,AmbiStory-test-302,3,3,0.64,0.64,not uncertain
AmbiStory,blind,single_hedge,AmbiStory-test-303,2,2,1.3600000000000003,1.3600000000000003,highly uncertain
AmbiStory,blind,single_hedge,AmbiStory-test-304,4,4,1.4400000000000002,1.4400000000000002,somewhat uncertain
AmbiStory,blind,single_hedge,AmbiStory-test-305,2,2,0.56,0.56,somewhat uncertain
AmbiStory,blind,single_hedge,AmbiStory-test-306,5,5,0.0,0.0,not uncertain
AmbiStory,blind,single_hedge,AmbiStory-test-307,1,1,0.24,0.24,not uncertain
AmbiStory,blind,single_hedge,AmbiStory-test-308,4,4,2.56,2.56,somewhat uncertain
AmbiStory,blind,single_hedge,AmbiStory-test-309,2,2,0.9600000000000002,0.9600000000000002,not uncertain
AmbiStory,blind,single_hedge,AmbiStory-test-310,4,4,0.64,0.64,not uncertain
AmbiStory,blind,single_hedge,AmbiStory-test-311,3,3,2.16,2.16,not uncertain
AmbiStory,blind,single_hedge,AmbiStory-test-312,4,4,0.24,0.24,not uncertain
AmbiStory,blind,single_hedge,AmbiStory-test-313,3,3,3.8400000000000007,3.8400000000000007,not uncertain
AmbiStory,blind,single_hedge,AmbiStory-test-314,4,4,1.36,1.36,somewhat uncertain
AmbiStory,blind,single_hedge,AmbiStory-test-315,3,3,0.96,0.96,not uncertain
AmbiStory,blind,single_hedge,AmbiStory-test-316,3,3,1.8400000000000003,1.8400000000000003,not uncertain
AmbiStory,blind,single_hedge,AmbiStory-test-317,4,4,1.8400000000000003,1.8400000000000003,not uncertain
AmbiStory,blind,single_hedge,AmbiStory-test-318,5,5,0.1599999999999999,0.1599999999999999,not uncertain
AmbiStory,blind,single_hedge,AmbiStory-test-319,1,1,0.16,0.16,not uncertain
AmbiStory,blind,single_hedge,AmbiStory-test-320,5,5,0.1599999999999999,0.1599999999999999,not uncertain
AmbiStory,blind,single_hedge,AmbiStory-test-321,1,1,0.0,0.0,not uncertain
AmbiStory,blind,single_hedge,AmbiStory-test-322,5,5,0.24,0.24,not uncertain
AmbiStory,blind,single_hedge,AmbiStory-test-323,1,1,0.16,0.16,not uncertain
AmbiStory,blind,single_hedge,AmbiStory-test-324,5,5,0.0,0.0,not uncertain
AmbiStory,blind,single_hedge,AmbiStory-test-325,1,1,0.0,0.0,not uncertain
AmbiStory,blind,single_hedge,AmbiStory-test-326,5,5,0.1599999999999999,0.1599999999999999,not uncertain
AmbiStory,blind,single_hedge,AmbiStory-test-327,2,2,0.9600000000000002,0.9600000000000002,not uncertain
AmbiStory,blind,single_hedge,AmbiStory-test-328,5,5,0.0,0.0,not uncertain
AmbiStory,blind,single_hedge,AmbiStory-test-329,2,2,2.1388888888888897,2.1388888888888897,not uncertain
AmbiStory,blind,single_hedge,AmbiStory-test-330,4,4,0.5599999999999999,0.5599999999999999,not uncertain
AmbiStory,blind,single_hedge,AmbiStory-test-331,3,3,2.56,2.56,not uncertain
AmbiStory,blind,single_hedge,AmbiStory-test-332,1,1,0.0,0.0,not uncertain
AmbiStory,blind,single_hedge,AmbiStory-test-333,5,5,0.1599999999999999,0.1599999999999999,not uncertain
AmbiStory,blind,single_hedge,AmbiStory-test-334,1,1,0.16,0.16,not uncertain
AmbiStory,blind,single_hedge,AmbiStory-test-335,4,4,1.2,1.2,not uncertain
AmbiStory,blind,single_hedge,AmbiStory-test-336,5,5,0.1599999999999999,0.1599999999999999,not uncertain
AmbiStory,blind,single_hedge,AmbiStory-test-337,1,1,0.0,0.0,not uncertain
AmbiStory,blind,single_hedge,AmbiStory-test-338,2,2,0.24,0.24,not uncertain
AmbiStory,blind,single_hedge,AmbiStory-test-339,4,4,0.5599999999999999,0.5599999999999999,not uncertain
AmbiStory,blind,single_hedge,AmbiStory-test-340,5,5,0.24,0.24,not uncertain
AmbiStory,blind,single_hedge,AmbiStory-test-341,2,2,0.5599999999999999,0.5599999999999999,not uncertain
AmbiStory,blind,single_hedge,AmbiStory-test-342,5,5,0.0,0.0,not uncertain
AmbiStory,blind,single_hedge,AmbiStory-test-343,1,1,0.0,0.0,not uncertain
AmbiStory,blind,single_hedge,AmbiStory-test-344,5,5,0.1599999999999999,0.1599999999999999,not uncertain
AmbiStory,blind,single_hedge,AmbiStory-test-345,3,3,0.64,0.64,not uncertain
AmbiStory,blind,single_hedge,AmbiStory-test-346,4,4,2.56,2.56,not uncertain
AmbiStory,blind,single_hedge,AmbiStory-test-347,2,2,0.25,0.25,not uncertain
AmbiStory,blind,single_hedge,AmbiStory-test-348,4,4,2.560000000000001,2.560000000000001,not uncertain
AmbiStory,blind,single_hedge,AmbiStory-test-349,2,2,2.560000000000001,2.560000000000001,not uncertain
AmbiStory,blind,single_hedge,AmbiStory-test-350,2,2,2.16,2.16,not uncertain
AmbiStory,blind,single_hedge,AmbiStory-test-351,2,2,1.04,1.04,not uncertain
AmbiStory,blind,single_hedge,AmbiStory-test-352,2,2,0.56,0.56,not uncertain
AmbiStory,blind,single_hedge,AmbiStory-test-353,1,1,0.16,0.16,not uncertain
AmbiStory,blind,single_hedge,AmbiStory-test-354,5,5,0.0,0.0,not uncertain
AmbiStory,blind,single_hedge,AmbiStory-test-355,1,1,0.0,0.0,not uncertain
AmbiStory,blind,single_hedge,AmbiStory-test-356,5,5,0.0,0.0,not uncertain
AmbiStory,blind,single_hedge,AmbiStory-test-357,1,1,0.0,0.0,not uncertain
AmbiStory,blind,single_hedge,AmbiStory-test-358,5,5,0.0,0.0,not uncertain
AmbiStory,blind,single_hedge,AmbiStory-test-359,2,2,0.56,0.56,not uncertain
AmbiStory,blind,single_hedge,AmbiStory-test-360,5,5,0.1599999999999999,0.1599999999999999,not uncertain
AmbiStory,blind,single_hedge,AmbiStory-test-361,1,1,0.24,0.24,not uncertain
AmbiStory,blind,single_hedge,AmbiStory-test-362,4,4,2.56,2.56,not uncertain
AmbiStory,blind,single_hedge,AmbiStory-test-363,1,1,0.0,0.0,not uncertain
AmbiStory,blind,single_hedge,AmbiStory-test-364,2,2,0.96,0.96,not uncertain
AmbiStory,blind,single_hedge,AmbiStory-test-365,3,3,1.6,1.6,not uncertain
AmbiStory,blind,single_hedge,AmbiStory-test-366,3,3,1.4400000000000002,1.4400000000000002,not uncertain
AmbiStory,blind,single_hedge,AmbiStory-test-367,2,2,0.16,0.16,not uncertain
AmbiStory,blind,single_hedge,AmbiStory-test-368,2,2,0.5599999999999999,0.5599999999999999,not uncertain
AmbiStory,blind,single_hedge,AmbiStory-test-369,4,4,2.24,2.24,not uncertain
AmbiStory,blind,single_hedge,AmbiStory-test-370,2,2,0.56,0.56,not uncertain
AmbiStory,blind,single_hedge,AmbiStory-test-371,2,2,2.24,2.24,not uncertain
AmbiStory,blind,single_hedge,AmbiStory-test-372,4,4,0.64,0.64,highly uncertain
AmbiStory,blind,single_hedge,AmbiStory-test-373,2,2,0.56,0.56,somewhat uncertain
AmbiStory,blind,single_hedge,AmbiStory-test-374,5,5,0.24,0.24,not uncertain
AmbiStory,blind,single_hedge,AmbiStory-test-375,1,1,0.0,0.0,not uncertain
AmbiStory,blind,single_hedge,AmbiStory-test-376,5,5,0.24,0.24,not uncertain
AmbiStory,blind,single_hedge,AmbiStory-test-377,2,2,0.56,0.56,not uncertain
AmbiStory,blind,single_hedge,AmbiStory-test-378,4,4,2.56,2.56,not uncertain
AmbiStory,blind,single_hedge,AmbiStory-test-379,1,1,0.64,0.64,not uncertain
AmbiStory,blind,single_hedge,AmbiStory-test-380,1,1,0.0,0.0,not uncertain
AmbiStory,blind,single_hedge,AmbiStory-test-381,5,5,0.24,0.24,not uncertain
AmbiStory,blind,single_hedge,AmbiStory-test-382,3,3,2.56,2.56,not uncertain
AmbiStory,blind,single_hedge,AmbiStory-test-383,4,4,0.24,0.24,not uncertain
AmbiStory,blind,single_hedge,AmbiStory-test-384,5,5,0.0,0.0,not uncertain
AmbiStory,blind,single_hedge,AmbiStory-test-385,1,1,0.16,0.16,not uncertain
AmbiStory,blind,single_hedge,AmbiStory-test-386,3,3,2.16,2.16,not uncertain
AmbiStory,blind,single_hedge,AmbiStory-test-387,2,2,1.36,1.36,not uncertain
AmbiStory,blind,single_hedge,AmbiStory-test-388,4,4,0.96,0.96,not uncertain
AmbiStory,blind,single_hedge,AmbiStory-test-389,2,2,1.6,1.6,not uncertain
AmbiStory,blind,single_hedge,AmbiStory-test-390,5,5,0.1599999999999999,0.1599999999999999,not uncertain
AmbiStory,blind,single_hedge,AmbiStory-test-391,1,1,0.16,0.16,not uncertain
AmbiStory,blind,single_hedge,AmbiStory-test-392,4,4,0.64,0.64,not uncertain
AmbiStory,blind,single_hedge,AmbiStory-test-393,3,3,1.36,1.36,not uncertain
AmbiStory,blind,single_hedge,AmbiStory-test-394,4,4,2.24,2.24,not uncertain
AmbiStory,blind,single_hedge,AmbiStory-test-395,2,2,0.8,0.8,not uncertain
AmbiStory,blind,single_hedge,AmbiStory-test-396,5,5,0.0,0.0,not uncertain
AmbiStory,blind,single_hedge,AmbiStory-test-397,1,1,0.24,0.24,not uncertain
AmbiStory,blind,single_hedge,AmbiStory-test-398,4,4,0.5599999999999999,0.5599999999999999,not uncertain
AmbiStory,blind,single_hedge,AmbiStory-test-399,3,3,0.1599999999999999,0.1599999999999999,not uncertain
AmbiStory,blind,single_hedge,AmbiStory-test-400,5,5,0.1599999999999999,0.1599999999999999,not uncertain
AmbiStory,blind,single_hedge,AmbiStory-test-401,1,1,0.24,0.24,not uncertain
AmbiStory,blind,single_hedge,AmbiStory-test-402,4,4,0.5599999999999999,0.5599999999999999,not uncertain
AmbiStory,blind,single_hedge,AmbiStory-test-403,2,2,0.4,0.4,not uncertain
AmbiStory,blind,single_hedge,AmbiStory-test-404,4,4,0.5599999999999999,0.5599999999999999,not uncertain
AmbiStory,blind,single_hedge,AmbiStory-test-405,2,2,0.4,0.4,not uncertain
AmbiStory,blind,single_hedge,AmbiStory-test-406,4,4,0.24,0.24,not uncertain
AmbiStory,blind,single_hedge,AmbiStory-test-407,2,2,1.36,1.36,not uncertain
AmbiStory,blind,single_hedge,AmbiStory-test-408,4,4,1.44,1.44,not uncertain
AmbiStory,blind,single_hedge,AmbiStory-test-409,1,1,0.0,0.0,not uncertain
AmbiStory,blind,single_hedge,AmbiStory-test-410,4,4,1.36,1.36,not uncertain
AmbiStory,blind,single_hedge,AmbiStory-test-411,2,2,1.04,1.04,somewhat uncertain
AmbiStory,blind,single_hedge,AmbiStory-test-412,4,4,0.96,0.96,somewhat uncertain
AmbiStory,blind,single_hedge,AmbiStory-test-413,1,1,0.64,0.64,not uncertain
AmbiStory,blind,single_hedge,AmbiStory-test-414,5,5,0.0,0.0,not uncertain
AmbiStory,blind,single_hedge,AmbiStory-test-415,1,1,0.24,0.24,not uncertain
AmbiStory,blind,single_hedge,AmbiStory-test-416,5,5,0.1599999999999999,0.1599999999999999,not uncertain
AmbiStory,blind,single_hedge,AmbiStory-test-417,2,2,0.64,0.64,not uncertain
AmbiStory,blind,single_hedge,AmbiStory-test-418,5,5,0.1599999999999999,0.1599999999999999,not uncertain
AmbiStory,blind,single_hedge,AmbiStory-test-419,2,2,2.24,2.24,not uncertain
AmbiStory,blind,single_hedge,AmbiStory-test-420,3,3,2.2222222222222228,2.2222222222222228,not uncertain
AmbiStory,blind,single_hedge,AmbiStory-test-421,3,3,1.4400000000000002,1.4400000000000002,not uncertain
AmbiStory,blind,single_hedge,AmbiStory-test-422,3,3,2.24,2.24,not uncertain
AmbiStory,blind,single_hedge,AmbiStory-test-423,3,3,2.0,2.0,somewhat uncertain
AmbiStory,blind,single_hedge,AmbiStory-test-424,3,3,0.4,0.4,not uncertain
AmbiStory,blind,single_hedge,AmbiStory-test-425,3,3,1.04,1.04,not uncertain
AmbiStory,blind,single_hedge,AmbiStory-test-426,3,3,0.64,0.64,not uncertain
AmbiStory,blind,single_hedge,AmbiStory-test-427,3,3,1.36,1.36,somewhat uncertain
AmbiStory,blind,single_hedge,AmbiStory-test-428,4,4,0.6399999999999999,0.6399999999999999,not uncertain
AmbiStory,blind,single_hedge,AmbiStory-test-429,2,2,0.4,0.4,not uncertain
AmbiStory,blind,single_hedge,AmbiStory-test-430,4,4,1.6,1.6,not uncertain
AmbiStory,blind,single_hedge,AmbiStory-test-431,2,2,0.16,0.16,not uncertain
AmbiStory,blind,single_hedge,AmbiStory-test-432,4,4,1.44,1.44,not uncertain
AmbiStory,blind,single_hedge,AmbiStory-test-433,1,1,0.24,0.24,not uncertain
AmbiStory,blind,single_hedge,AmbiStory-test-434,5,5,0.24,0.24,not uncertain
AmbiStory,blind,single_hedge,AmbiStory-test-435,1,1,0.64,0.64,not uncertain
AmbiStory,blind,single_hedge,AmbiStory-test-436,4,4,1.36,1.36,not uncertain
AmbiStory,blind,single_hedge,AmbiStory-test-437,1,1,0.0,0.0,highly uncertain
AmbiStory,blind,single_hedge,AmbiStory-test-438,5,5,0.1599999999999999,0.1599999999999999,not uncertain
AmbiStory,blind,single_hedge,AmbiStory-test-439,2,2,2.24,2.24,not uncertain
AmbiStory,blind,single_hedge,AmbiStory-test-440,3,3,1.36,1.36,not uncertain
AmbiStory,blind,single_hedge,AmbiStory-test-441,3,3,1.84,1.84,not uncertain
AmbiStory,blind,single_hedge,AmbiStory-test-442,4,4,0.5599999999999999,0.5599999999999999,not uncertain
AmbiStory,blind,single_hedge,AmbiStory-test-443,3,3,2.64,2.64,not uncertain
AmbiStory,blind,single_hedge,AmbiStory-test-444,4,4,1.36,1.36,not uncertain
AmbiStory,blind,single_hedge,AmbiStory-test-445,2,2,1.36,1.36,not uncertain
AmbiStory,blind,single_hedge,AmbiStory-test-446,3,3,1.36,1.36,not uncertain
AmbiStory,blind,single_hedge,AmbiStory-test-447,4,4,1.36,1.36,somewhat uncertain
AmbiStory,blind,single_hedge,AmbiStory-test-448,4,4,0.24,0.24,not uncertain
AmbiStory,blind,single_hedge,AmbiStory-test-449,2,2,0.8,0.8,not uncertain
AmbiStory,blind,single_hedge,AmbiStory-test-450,4,4,0.5599999999999999,0.5599999999999999,not uncertain
AmbiStory,blind,single_hedge,AmbiStory-test-451,2,2,0.9600000000000002,0.9600000000000002,not uncertain
AmbiStory,blind,single_hedge,AmbiStory-test-452,2,2,0.24,0.24,not uncertain
AmbiStory,blind,single_hedge,AmbiStory-test-453,5,5,0.1599999999999999,0.1599999999999999,not uncertain
AmbiStory,blind,single_hedge,AmbiStory-test-454,3,3,2.24,2.24,highly uncertain
AmbiStory,blind,single_hedge,AmbiStory-test-455,3,3,0.64,0.64,not uncertain
AmbiStory,blind,single_hedge,AmbiStory-test-456,4,4,1.36,1.36,somewhat uncertain
AmbiStory,blind,single_hedge,AmbiStory-test-457,3,3,1.04,1.04,not uncertain
AmbiStory,blind,single_hedge,AmbiStory-test-458,3,3,1.36,1.36,
AmbiStory,blind,single_hedge,AmbiStory-test-459,4,4,0.4,0.4,not uncertain
AmbiStory,blind,single_hedge,AmbiStory-test-460,3,3,1.7600000000000002,1.7600000000000002,somewhat uncertain
AmbiStory,blind,single_hedge,AmbiStory-test-461,3,3,1.5555555555555556,1.5555555555555556,not uncertain
AmbiStory,blind,single_hedge,AmbiStory-test-462,2,2,3.04,3.04,not uncertain
AmbiStory,blind,single_hedge,AmbiStory-test-463,5,5,0.0,0.0,not uncertain
AmbiStory,blind,single_hedge,AmbiStory-test-464,2,2,0.8,0.8,not uncertain
AmbiStory,blind,single_hedge,AmbiStory-test-465,5,5,0.6399999999999999,0.6399999999999999,not uncertain
AmbiStory,blind,single_hedge,AmbiStory-test-466,3,3,0.8,0.8,somewhat uncertain
AmbiStory,blind,single_hedge,AmbiStory-test-467,3,3,1.84,1.84,not uncertain
AmbiStory,blind,single_hedge,AmbiStory-test-468,5,5,0.1599999999999999,0.1599999999999999,not uncertain
AmbiStory,blind,single_hedge,AmbiStory-test-469,5,5,0.1599999999999999,0.1599999999999999,not uncertain
AmbiStory,blind,single_hedge,AmbiStory-test-470,5,5,0.6399999999999999,0.6399999999999999,not uncertain
AmbiStory,blind,single_hedge,AmbiStory-test-471,4,4,1.36,1.36,not uncertain
AmbiStory,blind,single_hedge,AmbiStory-test-472,4,4,1.0400000000000005,1.0400000000000005,not uncertain
AmbiStory,blind,single_hedge,AmbiStory-test-473,4,4,1.44,1.44,not uncertain
AmbiStory,blind,single_hedge,AmbiStory-test-474,5,5,0.0,0.0,not uncertain
AmbiStory,blind,single_hedge,AmbiStory-test-475,3,3,2.64,2.64,somewhat uncertain
AmbiStory,blind,single_hedge,AmbiStory-test-476,4,4,0.64,0.64,not uncertain
AmbiStory,blind,single_hedge,AmbiStory-test-477,3,3,2.16,2.16,not uncertain
AmbiStory,blind,single_hedge,AmbiStory-test-478,4,4,0.5599999999999999,0.5599999999999999,not uncertain
AmbiStory,blind,single_hedge,AmbiStory-test-479,3,3,2.0,2.0,not uncertain
AmbiStory,blind,single_hedge,AmbiStory-test-480,5,5,0.0,0.0,not uncertain
AmbiStory,blind,single_hedge,AmbiStory-test-481,2,2,0.64,0.64,not uncertain
AmbiStory,blind,single_hedge,AmbiStory-test-482,2,2,2.1600000000000006,2.1600000000000006,not uncertain
AmbiStory,blind,single_hedge,AmbiStory-test-483,4,4,0.5599999999999999,0.5599999999999999,not uncertain
AmbiStory,blind,single_hedge,AmbiStory-test-484,4,4,1.36,1.36,not uncertain
AmbiStory,blind,single_hedge,AmbiStory-test-485,3,3,1.84,1.84,not uncertain
AmbiStory,blind,single_hedge,AmbiStory-test-486,2,2,0.64,0.64,not uncertain
AmbiStory,blind,single_hedge,AmbiStory-test-487,4,4,0.8,0.8,not uncertain
AmbiStory,blind,single_hedge,AmbiStory-test-488,1,1,0.0,0.0,not uncertain
AmbiStory,blind,single_hedge,AmbiStory-test-489,5,5,0.0,0.0,not uncertain
AmbiStory,blind,single_hedge,AmbiStory-test-490,1,1,0.24,0.24,not uncertain
AmbiStory,blind,single_hedge,AmbiStory-test-491,5,5,0.1599999999999999,0.1599999999999999,not uncertain
AmbiStory,blind,single_hedge,AmbiStory-test-492,5,5,0.0,0.0,not uncertain
AmbiStory,blind,single_hedge,AmbiStory-test-493,3,3,2.64,2.64,not uncertain
AmbiStory,blind,single_hedge,AmbiStory-test-494,4,4,2.56,2.56,not uncertain
AmbiStory,blind,single_hedge,AmbiStory-test-495,3,3,1.7600000000000002,1.7600000000000002,not uncertain
AmbiStory,blind,single_hedge,AmbiStory-test-496,4,4,1.36,1.36,not uncertain
AmbiStory,blind,single_hedge,AmbiStory-test-497,2,2,0.56,0.56,not uncertain
AmbiStory,blind,single_hedge,AmbiStory-test-498,4,4,0.5599999999999999,0.5599999999999999,not uncertain
AmbiStory,blind,single_hedge,AmbiStory-test-499,2,2,1.2,1.2,not uncertain
AmbiStory,blind,single_hedge,AmbiStory-test-500,1,1,0.24,0.24,not uncertain
AmbiStory,blind,single_hedge,AmbiStory-test-501,4,4,0.96,0.96,not uncertain
AmbiStory,blind,single_hedge,AmbiStory-test-502,3,3,1.0400000000000005,1.0400000000000005,not uncertain
AmbiStory,blind,single_hedge,AmbiStory-test-503,3,3,1.8400000000000003,1.8400000000000003,not uncertain
AmbiStory,blind,single_hedge,AmbiStory-test-504,5,5,0.6399999999999999,0.6399999999999999,not uncertain
AmbiStory,blind,single_hedge,AmbiStory-test-505,1,1,0.0,0.0,not uncertain
AmbiStory,blind,single_hedge,AmbiStory-test-506,3,3,1.0400000000000005,1.0400000000000005,not uncertain
AmbiStory,blind,single_hedge,AmbiStory-test-507,3,3,1.6,1.6,not uncertain
AmbiStory,blind,single_hedge,AmbiStory-test-508,3,3,1.36,1.36,not uncertain
AmbiStory,blind,single_hedge,AmbiStory-test-509,2,2,2.2222222222222223,2.2222222222222223,not uncertain
AmbiStory,blind,single_hedge,AmbiStory-test-510,3,3,1.36,1.36,not uncertain
AmbiStory,blind,single_hedge,AmbiStory-test-511,2,2,0.96,0.96,not uncertain
AmbiStory,blind,single_hedge,AmbiStory-test-512,2,2,1.8400000000000003,1.8400000000000003,not uncertain
AmbiStory,blind,single_hedge,AmbiStory-test-513,4,4,0.6399999999999999,0.6399999999999999,not uncertain
AmbiStory,blind,single_hedge,AmbiStory-test-514,3,3,0.64,0.64,somewhat uncertain
AmbiStory,blind,single_hedge,AmbiStory-test-515,4,4,0.5599999999999999,0.5599999999999999,not uncertain
AmbiStory,blind,single_hedge,AmbiStory-test-516,4,4,1.44,1.44,not uncertain
AmbiStory,blind,single_hedge,AmbiStory-test-517,2,2,1.36,1.36,not uncertain
AmbiStory,blind,single_hedge,AmbiStory-test-518,2,2,2.4,2.4,not uncertain
AmbiStory,blind,single_hedge,AmbiStory-test-519,5,5,0.0,0.0,not uncertain
AmbiStory,blind,single_hedge,AmbiStory-test-520,2,2,0.56,0.56,not uncertain
AmbiStory,blind,single_hedge,AmbiStory-test-521,3,3,1.84,1.84,not uncertain
AmbiStory,blind,single_hedge,AmbiStory-test-522,2,2,1.36,1.36,not uncertain
AmbiStory,blind,single_hedge,AmbiStory-test-523,5,5,0.24,0.24,not uncertain
AmbiStory,blind,single_hedge,AmbiStory-test-524,2,2,1.4400000000000002,1.4400000000000002,not uncertain
AmbiStory,blind,single_hedge,AmbiStory-test-525,5,5,0.1599999999999999,0.1599999999999999,not uncertain
AmbiStory,blind,single_hedge,AmbiStory-test-526,1,1,0.16,0.16,not uncertain
AmbiStory,blind,single_hedge,AmbiStory-test-527,4,4,0.64,0.64,not uncertain
AmbiStory,blind,single_hedge,AmbiStory-test-528,3,3,0.8,0.8,not uncertain
AmbiStory,blind,single_hedge,AmbiStory-test-529,4,4,0.1599999999999999,0.1599999999999999,not uncertain
AmbiStory,blind,single_hedge,AmbiStory-test-530,1,1,0.24,0.24,not uncertain
AmbiStory,blind,single_hedge,AmbiStory-test-531,5,5,0.24,0.24,not uncertain
AmbiStory,blind,single_hedge,AmbiStory-test-532,3,3,0.24,0.24,not uncertain
AmbiStory,blind,single_hedge,AmbiStory-test-533,3,3,0.0,0.0,not uncertain
AmbiStory,blind,single_hedge,AmbiStory-test-534,5,5,0.1599999999999999,0.1599999999999999,not uncertain
AmbiStory,blind,single_hedge,AmbiStory-test-535,5,5,0.1599999999999999,0.1599999999999999,not uncertain
AmbiStory,blind,single_hedge,AmbiStory-test-536,5,5,0.24,0.24,not uncertain
AmbiStory,blind,single_hedge,AmbiStory-test-537,5,5,0.0,0.0,not uncertain
AmbiStory,blind,single_hedge,AmbiStory-test-538,5,5,0.0,0.0,highly uncertain
AmbiStory,blind,single_hedge,AmbiStory-test-539,5,5,0.0,0.0,not uncertain
AmbiStory,blind,single_hedge,AmbiStory-test-540,3,3,1.7600000000000002,1.7600000000000002,not uncertain
AmbiStory,blind,single_hedge,AmbiStory-test-541,4,4,2.16,2.16,not uncertain
AmbiStory,blind,single_hedge,AmbiStory-test-542,3,3,1.84,1.84,somewhat uncertain
AmbiStory,blind,single_hedge,AmbiStory-test-543,5,5,0.0,0.0,not uncertain
AmbiStory,blind,single_hedge,AmbiStory-test-544,4,4,1.44,1.44,not uncertain
AmbiStory,blind,single_hedge,AmbiStory-test-545,5,5,0.0,0.0,not uncertain
AmbiStory,blind,single_hedge,AmbiStory-test-546,3,3,1.36,1.36,somewhat uncertain
AmbiStory,blind,single_hedge,AmbiStory-test-547,3,3,0.96,0.96,somewhat uncertain
AmbiStory,blind,single_hedge,AmbiStory-test-548,2,2,0.64,0.64,not uncertain
AmbiStory,blind,single_hedge,AmbiStory-test-549,4,4,0.8,0.8,not uncertain
AmbiStory,blind,single_hedge,AmbiStory-test-550,2,2,0.56,0.56,not uncertain
AmbiStory,blind,single_hedge,AmbiStory-test-551,4,4,0.5599999999999999,0.5599999999999999,not uncertain
AmbiStory,blind,single_hedge,AmbiStory-test-552,1,1,0.0,0.0,not uncertain
AmbiStory,blind,single_hedge,AmbiStory-test-553,3,3,1.04,1.04,not uncertain
AmbiStory,blind,single_hedge,AmbiStory-test-554,2,2,1.8400000000000003,1.8400000000000003,not uncertain
AmbiStory,blind,single_hedge,AmbiStory-test-555,3,3,0.96,0.96,not uncertain
AmbiStory,blind,single_hedge,AmbiStory-test-556,1,1,0.24,0.24,not uncertain
AmbiStory,blind,single_hedge,AmbiStory-test-557,4,4,2.24,2.24,not uncertain
AmbiStory,blind,single_hedge,AmbiStory-test-558,5,5,0.0,0.0,not uncertain
AmbiStory,blind,single_hedge,AmbiStory-test-559,2,2,2.4,2.4,not uncertain
AmbiStory,blind,single_hedge,AmbiStory-test-560,1,1,0.16,0.16,not uncertain
AmbiStory,blind,single_hedge,AmbiStory-test-561,4,4,0.64,0.64,not uncertain
AmbiStory,blind,single_hedge,AmbiStory-test-562,2,2,0.5599999999999999,0.5599999999999999,not uncertain
AmbiStory,blind,single_hedge,AmbiStory-test-563,4,4,0.24,0.24,not uncertain
AmbiStory,blind,single_hedge,AmbiStory-test-564,4,4,1.0400000000000005,1.0400000000000005,not uncertain
AmbiStory,blind,single_hedge,AmbiStory-test-565,4,4,0.5599999999999999,0.5599999999999999,not uncertain
AmbiStory,blind,single_hedge,AmbiStory-test-566,3,3,0.5599999999999999,0.5599999999999999,not uncertain
AmbiStory,blind,single_hedge,AmbiStory-test-567,4,4,2.16,2.16,not uncertain
AmbiStory,blind,single_hedge,AmbiStory-test-568,3,3,1.04,1.04,not uncertain
AmbiStory,blind,single_hedge,AmbiStory-test-569,4,4,0.96,0.96,not uncertain
AmbiStory,blind,single_hedge,AmbiStory-test-570,5,5,0.24,0.24,not uncertain
AmbiStory,blind,single_hedge,AmbiStory-test-571,1,1,0.16,0.16,not uncertain
AmbiStory,blind,single_hedge,AmbiStory-test-572,3,3,0.64,0.64,not uncertain
AmbiStory,blind,single_hedge,AmbiStory-test-573,4,4,3.04,3.04,not uncertain
AmbiStory,blind,single_hedge,AmbiStory-test-574,4,4,2.16,2.16,not uncertain
AmbiStory,blind,single_hedge,AmbiStory-test-575,2,2,0.5555555555555555,0.5555555555555555,not uncertain
AmbiStory,blind,single_hedge,AmbiStory-test-576,5,5,0.1599999999999999,0.1599999999999999,not uncertain
AmbiStory,blind,single_hedge,AmbiStory-test-577,4,4,1.2,1.2,somewhat uncertain
AmbiStory,blind,single_hedge,AmbiStory-test-578,1,1,0.24,0.24,somewhat uncertain
AmbiStory,blind,single_hedge,AmbiStory-test-579,5,5,0.0,0.0,not uncertain
AmbiStory,blind,single_hedge,AmbiStory-test-580,1,1,0.24,0.24,not uncertain
AmbiStory,blind,single_hedge,AmbiStory-test-581,5,5,0.1599999999999999,0.1599999999999999,not uncertain
AmbiStory,blind,single_hedge,AmbiStory-test-582,3,3,0.4,0.4,somewhat uncertain
AmbiStory,blind,single_hedge,AmbiStory-test-583,2,2,1.4400000000000002,1.4400000000000002,not uncertain
AmbiStory,blind,single_hedge,AmbiStory-test-584,2,2,0.8,0.8,somewhat uncertain
AmbiStory,blind,single_hedge,AmbiStory-test-585,3,3,0.96,0.96,not uncertain
AmbiStory,blind,single_hedge,AmbiStory-test-586,3,3,1.2,1.2,not uncertain
AmbiStory,blind,single_hedge,AmbiStory-test-587,2,2,0.64,0.64,not uncertain
AmbiStory,blind,single_hedge,AmbiStory-test-588,2,2,0.5599999999999999,0.5599999999999999,not uncertain
AmbiStory,blind,single_hedge,AmbiStory-test-589,4,4,1.36,1.36,not uncertain
AmbiStory,blind,single_hedge,AmbiStory-test-590,4,4,1.84,1.84,not uncertain
AmbiStory,blind,single_hedge,AmbiStory-test-591,5,5,0.24,0.24,not uncertain
AmbiStory,blind,single_hedge,AmbiStory-test-592,3,3,2.56,2.56,not uncertain
AmbiStory,blind,single_hedge,AmbiStory-test-593,5,5,0.1599999999999999,0.1599999999999999,not uncertain
AmbiStory,blind,single_hedge,AmbiStory-test-594,2,2,0.64,0.64,not uncertain
AmbiStory,blind,single_hedge,AmbiStory-test-595,4,4,2.4,2.4,not uncertain
AmbiStory,blind,single_hedge,AmbiStory-test-596,1,1,0.24,0.24,not uncertain
AmbiStory,blind,single_hedge,AmbiStory-test-597,3,3,2.0,2.0,not uncertain
AmbiStory,blind,single_hedge,AmbiStory-test-598,2,2,0.24,0.24,not uncertain
AmbiStory,blind,single_hedge,AmbiStory-test-599,5,5,0.6399999999999999,0.6399999999999999,not uncertain
AmbiStory,blind,single_hedge,AmbiStory-test-600,5,5,0.1599999999999999,0.1599999999999999,not uncertain
AmbiStory,blind,single_hedge,AmbiStory-test-601,2,2,0.56,0.56,not uncertain
AmbiStory,blind,single_hedge,AmbiStory-test-602,5,5,0.0,0.0,not uncertain
AmbiStory,blind,single_hedge,AmbiStory-test-603,3,3,2.2222222222222223,2.2222222222222223,not uncertain
AmbiStory,blind,single_hedge,AmbiStory-test-604,4,4,0.24,0.24,not uncertain
AmbiStory,blind,single_hedge,AmbiStory-test-605,2,2,0.24,0.24,not uncertain
AmbiStory,blind,single_hedge,AmbiStory-test-606,3,3,2.56,2.56,not uncertain
AmbiStory,blind,single_hedge,AmbiStory-test-607,3,3,1.8400000000000003,1.8400000000000003,highly uncertain
AmbiStory,blind,single_hedge,AmbiStory-test-608,1,1,0.0,0.0,not uncertain
AmbiStory,blind,single_hedge,AmbiStory-test-609,5,5,0.1599999999999999,0.1599999999999999,not uncertain
AmbiStory,blind,single_hedge,AmbiStory-test-610,1,1,0.24,0.24,not uncertain
AmbiStory,blind,single_hedge,AmbiStory-test-611,4,4,1.36,1.36,not uncertain
AmbiStory,blind,single_hedge,AmbiStory-test-612,5,5,0.0,0.0,not uncertain
AmbiStory,blind,single_hedge,AmbiStory-test-613,2,2,2.16,2.16,somewhat uncertain
AmbiStory,blind,single_hedge,AmbiStory-test-614,1,1,0.0,0.0,not uncertain
AmbiStory,blind,single_hedge,AmbiStory-test-615,5,5,0.24,0.24,not uncertain
AmbiStory,blind,single_hedge,AmbiStory-test-616,2,2,0.64,0.64,not uncertain
AmbiStory,blind,single_hedge,AmbiStory-test-617,5,5,0.24,0.24,not uncertain
AmbiStory,blind,single_hedge,AmbiStory-test-618,4,4,2.24,2.24,not uncertain
AmbiStory,blind,single_hedge,AmbiStory-test-619,3,3,3.3599999999999994,3.3599999999999994,highly uncertain
AmbiStory,blind,single_hedge,AmbiStory-test-620,2,2,0.24,0.24,not uncertain
AmbiStory,blind,single_hedge,AmbiStory-test-621,5,5,0.24,0.24,not uncertain
AmbiStory,blind,single_hedge,AmbiStory-test-622,2,2,1.04,1.04,not uncertain
AmbiStory,blind,single_hedge,AmbiStory-test-623,5,5,0.0,0.0,not uncertain
AmbiStory,blind,single_hedge,AmbiStory-test-624,1,1,0.64,0.64,not uncertain
AmbiStory,blind,single_hedge,AmbiStory-test-625,3,3,2.56,2.56,not uncertain
AmbiStory,blind,single_hedge,AmbiStory-test-626,2,2,2.24,2.24,not uncertain
AmbiStory,blind,single_hedge,AmbiStory-test-627,4,4,0.24,0.24,not uncertain
AmbiStory,blind,single_hedge,AmbiStory-test-628,3,3,0.64,0.64,not uncertain
AmbiStory,blind,single_hedge,AmbiStory-test-629,5,5,0.24,0.24,not uncertain
AmbiStory,blind,single_hedge,AmbiStory-test-630,5,5,0.0,0.0,not uncertain
AmbiStory,blind,single_hedge,AmbiStory-test-631,1,1,0.24,0.24,not uncertain
AmbiStory,blind,single_hedge,AmbiStory-test-632,5,5,0.0,0.0,not uncertain
AmbiStory,blind,single_hedge,AmbiStory-test-633,1,1,0.0,0.0,not uncertain
AmbiStory,blind,single_hedge,AmbiStory-test-634,5,5,0.0,0.0,not uncertain
AmbiStory,blind,single_hedge,AmbiStory-test-635,2,2,0.24,0.24,not uncertain
AmbiStory,blind,single_hedge,AmbiStory-test-636,4,4,0.5599999999999999,0.5599999999999999,not uncertain
AmbiStory,blind,single_hedge,AmbiStory-test-637,2,2,1.2,1.2,not uncertain
AmbiStory,blind,single_hedge,AmbiStory-test-638,3,3,1.84,1.84,not uncertain
AmbiStory,blind,single_hedge,AmbiStory-test-639,3,3,2.64,2.64,not uncertain
AmbiStory,blind,single_hedge,AmbiStory-test-640,3,3,1.4400000000000002,1.4400000000000002,not uncertain
AmbiStory,blind,single_hedge,AmbiStory-test-641,2,2,2.1600000000000006,2.1600000000000006,not uncertain
AmbiStory,blind,single_hedge,AmbiStory-test-642,5,5,0.0,0.0,not uncertain
AmbiStory,blind,single_hedge,AmbiStory-test-643,2,2,0.64,0.64,not uncertain
AmbiStory,blind,single_hedge,AmbiStory-test-644,5,5,0.24,0.24,not uncertain
AmbiStory,blind,single_hedge,AmbiStory-test-645,1,1,0.6400000000000002,0.6400000000000002,not uncertain
AmbiStory,blind,single_hedge,AmbiStory-test-646,5,5,0.0,0.0,not uncertain
AmbiStory,blind,single_hedge,AmbiStory-test-647,1,1,0.16,0.16,not uncertain
AmbiStory,blind,single_hedge,AmbiStory-test-648,2,2,0.96,0.96,not uncertain
AmbiStory,blind,single_hedge,AmbiStory-test-649,4,4,1.6,1.6,not uncertain
AmbiStory,blind,single_hedge,AmbiStory-test-650,1,1,0.16,0.16,not uncertain
AmbiStory,blind,single_hedge,AmbiStory-test-651,5,5,0.0,0.0,not uncertain
AmbiStory,blind,single_hedge,AmbiStory-test-652,3,3,1.6,1.6,not uncertain
AmbiStory,blind,single_hedge,AmbiStory-test-653,5,5,0.24,0.24,not uncertain
AmbiStory,blind,single_hedge,AmbiStory-test-654,5,5,0.24,0.24,not uncertain
AmbiStory,blind,single_hedge,AmbiStory-test-655,2,2,0.64,0.64,not uncertain
AmbiStory,blind,single_hedge,AmbiStory-test-656,3,3,1.6,1.6,not uncertain
AmbiStory,blind,single_hedge,AmbiStory-test-657,3,3,2.64,2.64,not uncertain
AmbiStory,blind,single_hedge,AmbiStory-test-658,4,4,1.36,1.36,not uncertain
AmbiStory,blind,single_hedge,AmbiStory-test-659,4,4,0.5599999999999999,0.5599999999999999,not uncertain
AmbiStory,blind,single_hedge,AmbiStory-test-660,5,5,0.0,0.0,not uncertain
AmbiStory,blind,single_hedge,AmbiStory-test-661,2,2,0.56,0.56,not uncertain
AmbiStory,blind,single_hedge,AmbiStory-test-662,4,4,1.2,1.2,not uncertain
AmbiStory,blind,single_hedge,AmbiStory-test-663,4,4,1.6,1.6,not uncertain
AmbiStory,blind,single_hedge,AmbiStory-test-664,4,4,0.8,0.8,not uncertain
AmbiStory,blind,single_hedge,AmbiStory-test-665,3,3,0.4,0.4,not uncertain
AmbiStory,blind,single_hedge,AmbiStory-test-666,5,5,0.6399999999999999,0.6399999999999999,not uncertain
AmbiStory,blind,single_hedge,AmbiStory-test-667,2,2,2.16,2.16,highly uncertain
AmbiStory,blind,single_hedge,AmbiStory-test-668,4,4,0.64,0.64,not uncertain
AmbiStory,blind,single_hedge,AmbiStory-test-669,2,2,1.8400000000000003,1.8400000000000003,not uncertain
AmbiStory,blind,single_hedge,AmbiStory-test-670,5,5,0.1599999999999999,0.1599999999999999,not uncertain
AmbiStory,blind,single_hedge,AmbiStory-test-671,1,1,0.0,0.0,highly uncertain
AmbiStory,blind,single_hedge,AmbiStory-test-672,5,5,0.6399999999999999,0.6399999999999999,not uncertain
AmbiStory,blind,single_hedge,AmbiStory-test-673,4,4,2.4,2.4,not uncertain
AmbiStory,blind,single_hedge,AmbiStory-test-674,5,5,0.1599999999999999,0.1599999999999999,not uncertain
AmbiStory,blind,single_hedge,AmbiStory-test-675,5,5,0.1599999999999999,0.1599999999999999,not uncertain
AmbiStory,blind,single_hedge,AmbiStory-test-676,5,5,0.1599999999999999,0.1599999999999999,not uncertain
AmbiStory,blind,single_hedge,AmbiStory-test-677,5,5,0.0,0.0,not uncertain
AmbiStory,blind,single_hedge,AmbiStory-test-678,3,3,1.4400000000000002,1.4400000000000002,not uncertain
AmbiStory,blind,single_hedge,AmbiStory-test-679,3,3,1.36,1.36,not uncertain
AmbiStory,blind,single_hedge,AmbiStory-test-680,1,1,0.2222222222222222,0.2222222222222222,highly uncertain
AmbiStory,blind,single_hedge,AmbiStory-test-681,3,3,3.8400000000000007,3.8400000000000007,not uncertain
AmbiStory,blind,single_hedge,AmbiStory-test-682,3,3,0.96,0.96,not uncertain
AmbiStory,blind,single_hedge,AmbiStory-test-683,3,3,0.1599999999999999,0.1599999999999999,not uncertain
AmbiStory,blind,single_hedge,AmbiStory-test-684,2,2,1.2,1.2,not uncertain
AmbiStory,blind,single_hedge,AmbiStory-test-685,4,4,0.96,0.96,somewhat uncertain
AmbiStory,blind,single_hedge,AmbiStory-test-686,4,4,0.24,0.24,not uncertain
AmbiStory,blind,single_hedge,AmbiStory-test-687,3,3,1.84,1.84,highly uncertain
AmbiStory,blind,single_hedge,AmbiStory-test-688,2,2,1.0400000000000005,1.0400000000000005,not uncertain
AmbiStory,blind,single_hedge,AmbiStory-test-689,3,3,1.0400000000000005,1.0400000000000005,not uncertain
AmbiStory,blind,single_hedge,AmbiStory-test-690,3,3,0.8,0.8,not uncertain
AmbiStory,blind,single_hedge,AmbiStory-test-691,4,4,0.96,0.96,not uncertain
AmbiStory,blind,single_hedge,AmbiStory-test-692,2,2,0.64,0.64,highly uncertain
AmbiStory,blind,single_hedge,AmbiStory-test-693,5,5,0.0,0.0,not uncertain
AmbiStory,blind,single_hedge,AmbiStory-test-694,3,3,1.36,1.36,not uncertain
AmbiStory,blind,single_hedge,AmbiStory-test-695,3,3,2.24,2.24,not uncertain
AmbiStory,blind,single_hedge,AmbiStory-test-696,1,1,0.24,0.24,not uncertain
AmbiStory,blind,single_hedge,AmbiStory-test-697,2,2,0.4,0.4,not uncertain
AmbiStory,blind,single_hedge,AmbiStory-test-698,3,3,1.7600000000000002,1.7600000000000002,not uncertain
AmbiStory,blind,single_hedge,AmbiStory-test-699,4,4,1.6,1.6,not uncertain
AmbiStory,blind,single_hedge,AmbiStory-test-700,3,3,2.56,2.56,highly uncertain
AmbiStory,blind,single_hedge,AmbiStory-test-701,2,2,0.56,0.56,not uncertain
AmbiStory,blind,single_hedge,AmbiStory-test-702,2,2,0.64,0.64,not uncertain
AmbiStory,blind,single_hedge,AmbiStory-test-703,2,2,1.8400000000000003,1.8400000000000003,not uncertain
AmbiStory,blind,single_hedge,AmbiStory-test-704,4,4,1.36,1.36,not uncertain
AmbiStory,blind,single_hedge,AmbiStory-test-705,4,4,0.8,0.8,not uncertain
AmbiStory,blind,single_hedge,AmbiStory-test-706,3,3,1.04,1.04,not uncertain
AmbiStory,blind,single_hedge,AmbiStory-test-707,3,3,1.84,1.84,highly uncertain
AmbiStory,blind,single_hedge,AmbiStory-test-708,4,4,1.36,1.36,not uncertain
AmbiStory,blind,single_hedge,AmbiStory-test-709,2,2,2.1600000000000006,2.1600000000000006,not uncertain
AmbiStory,blind,single_hedge,AmbiStory-test-710,2,2,0.24,0.24,not uncertain
AmbiStory,blind,single_hedge,AmbiStory-test-711,4,4,1.36,1.36,somewhat uncertain
AmbiStory,blind,single_hedge,AmbiStory-test-712,3,3,1.2,1.2,not uncertain
AmbiStory,blind,single_hedge,AmbiStory-test-713,3,3,1.04,1.04,not uncertain
AmbiStory,blind,single_hedge,AmbiStory-test-714,4,4,0.5599999999999999,0.5599999999999999,not uncertain
AmbiStory,blind,single_hedge,AmbiStory-test-715,3,3,1.84,1.84,not uncertain
AmbiStory,blind,single_hedge,AmbiStory-test-716,3,3,2.56,2.56,somewhat uncertain
AmbiStory,blind,single_hedge,AmbiStory-test-717,3,3,2.56,2.56,not uncertain
AmbiStory,blind,single_hedge,AmbiStory-test-718,3,3,1.6,1.6,somewhat uncertain
AmbiStory,blind,single_hedge,AmbiStory-test-719,2,2,0.96,0.96,not uncertain
AmbiStory,blind,single_hedge,AmbiStory-test-720,4,4,1.04,1.04,not uncertain
AmbiStory,blind,single_hedge,AmbiStory-test-721,3,3,1.2,1.2,somewhat uncertain
AmbiStory,blind,single_hedge,AmbiStory-test-722,5,5,0.24,0.24,not uncertain
AmbiStory,blind,single_hedge,AmbiStory-test-723,3,3,1.84,1.84,not uncertain
AmbiStory,blind,single_hedge,AmbiStory-test-724,4,4,2.16,2.16,not uncertain
AmbiStory,blind,single_hedge,AmbiStory-test-725,3,3,1.7600000000000002,1.7600000000000002,not uncertain
AmbiStory,blind,single_hedge,AmbiStory-test-726,5,5,0.0,0.0,not uncertain
AmbiStory,blind,single_hedge,AmbiStory-test-727,2,2,2.16,2.16,not uncertain
AmbiStory,blind,single_hedge,AmbiStory-test-728,2,2,1.8400000000000003,1.8400000000000003,not uncertain
AmbiStory,blind,single_hedge,AmbiStory-test-729,4,4,1.0400000000000005,1.0400000000000005,not uncertain
AmbiStory,blind,single_hedge,AmbiStory-test-730,4,4,0.5599999999999999,0.5599999999999999,not uncertain
AmbiStory,blind,single_hedge,AmbiStory-test-731,2,2,0.9600000000000002,0.9600000000000002,not uncertain
AmbiStory,blind,single_hedge,AmbiStory-test-732,4,4,1.36,1.36,not uncertain
AmbiStory,blind,single_hedge,AmbiStory-test-733,2,2,0.96,0.96,not uncertain
AmbiStory,blind,single_hedge,AmbiStory-test-734,3,3,2.64,2.64,somewhat uncertain
AmbiStory,blind,single_hedge,AmbiStory-test-735,4,4,1.84,1.84,not uncertain
AmbiStory,blind,single_hedge,AmbiStory-test-736,3,3,2.0,2.0,somewhat uncertain
AmbiStory,blind,single_hedge,AmbiStory-test-737,4,4,0.1599999999999999,0.1599999999999999,not uncertain
AmbiStory,blind,single_hedge,AmbiStory-test-738,5,5,0.0,0.0,not uncertain
AmbiStory,blind,single_hedge,AmbiStory-test-739,1,1,0.16,0.16,not uncertain
AmbiStory,blind,single_hedge,AmbiStory-test-740,2,2,0.64,0.64,not uncertain
AmbiStory,blind,single_hedge,AmbiStory-test-741,5,5,0.0,0.0,not uncertain
AmbiStory,blind,single_hedge,AmbiStory-test-742,4,4,0.8,0.8,not uncertain
AmbiStory,blind,single_hedge,AmbiStory-test-743,2,2,0.4,0.4,not uncertain
AmbiStory,blind,single_hedge,AmbiStory-test-744,5,5,0.0,0.0,not uncertain
AmbiStory,blind,single_hedge,AmbiStory-test-745,1,1,0.16,0.16,not uncertain
AmbiStory,blind,single_hedge,AmbiStory-test-746,5,5,0.0,0.0,not uncertain
AmbiStory,blind,single_hedge,AmbiStory-test-747,1,1,0.0,0.0,not uncertain
AmbiStory,blind,single_hedge,AmbiStory-test-748,5,5,0.24,0.24,not uncertain
AmbiStory,blind,single_hedge,AmbiStory-test-749,1,1,0.16,0.16,not uncertain
AmbiStory,blind,single_hedge,AmbiStory-test-750,2,2,0.96,0.96,not uncertain
AmbiStory,blind,single_hedge,AmbiStory-test-751,4,4,0.96,0.96,not uncertain
AmbiStory,blind,single_hedge,AmbiStory-test-752,1,1,0.0,0.0,not uncertain
AmbiStory,blind,single_hedge,AmbiStory-test-753,5,5,0.0,0.0,not uncertain
AmbiStory,blind,single_hedge,AmbiStory-test-754,2,2,1.2,1.2,not uncertain
AmbiStory,blind,single_hedge,AmbiStory-test-755,4,4,0.6399999999999999,0.6399999999999999,not uncertain
AmbiStory,blind,single_hedge,AmbiStory-test-756,5,5,0.24,0.24,not uncertain
AmbiStory,blind,single_hedge,AmbiStory-test-757,1,1,0.16,0.16,not uncertain
AmbiStory,blind,single_hedge,AmbiStory-test-758,1,1,0.24,0.24,not uncertain
AmbiStory,blind,single_hedge,AmbiStory-test-759,5,5,0.24,0.24,not uncertain
AmbiStory,blind,single_hedge,AmbiStory-test-760,2,2,0.4,0.4,not uncertain
AmbiStory,blind,single_hedge,AmbiStory-test-761,4,4,0.5599999999999999,0.5599999999999999,not uncertain
AmbiStory,blind,single_hedge,AmbiStory-test-762,4,4,1.36,1.36,not uncertain
AmbiStory,blind,single_hedge,AmbiStory-test-763,1,1,0.24,0.24,not uncertain
AmbiStory,blind,single_hedge,AmbiStory-test-764,4,4,1.36,1.36,somewhat uncertain
AmbiStory,blind,single_hedge,AmbiStory-test-765,1,1,0.16,0.16,not uncertain
AmbiStory,blind,single_hedge,AmbiStory-test-766,4,4,0.8,0.8,somewhat uncertain
AmbiStory,blind,single_hedge,AmbiStory-test-767,1,1,0.24,0.24,not uncertain
AmbiStory,blind,single_hedge,AmbiStory-test-768,3,3,2.0,2.0,not uncertain
AmbiStory,blind,single_hedge,AmbiStory-test-769,2,2,0.64,0.64,not uncertain
AmbiStory,blind,single_hedge,AmbiStory-test-770,3,3,0.64,0.64,not uncertain
AmbiStory,blind,single_hedge,AmbiStory-test-771,5,5,0.6399999999999999,0.6399999999999999,not uncertain
AmbiStory,blind,single_hedge,AmbiStory-test-772,3,3,0.5599999999999999,0.5599999999999999,somewhat uncertain
AmbiStory,blind,single_hedge,AmbiStory-test-773,4,4,0.64,0.64,not uncertain
AmbiStory,blind,single_hedge,AmbiStory-test-774,3,3,1.36,1.36,not uncertain
AmbiStory,blind,single_hedge,AmbiStory-test-775,2,2,1.4400000000000002,1.4400000000000002,not uncertain
AmbiStory,blind,single_hedge,AmbiStory-test-776,2,2,1.2,1.2,not uncertain
AmbiStory,blind,single_hedge,AmbiStory-test-777,2,2,1.36,1.36,not uncertain
AmbiStory,blind,single_hedge,AmbiStory-test-778,3,3,2.8,2.8,not uncertain
AmbiStory,blind,single_hedge,AmbiStory-test-779,2,2,0.64,0.64,not uncertain
AmbiStory,blind,single_hedge,AmbiStory-test-780,5,5,0.1599999999999999,0.1599999999999999,not uncertain
AmbiStory,blind,single_hedge,AmbiStory-test-781,1,1,0.16,0.16,not uncertain
AmbiStory,blind,single_hedge,AmbiStory-test-782,3,3,0.64,0.64,not uncertain
AmbiStory,blind,single_hedge,AmbiStory-test-783,5,5,0.0,0.0,not uncertain
AmbiStory,blind,single_hedge,AmbiStory-test-784,4,4,1.04,1.04,highly uncertain
AmbiStory,blind,single_hedge,AmbiStory-test-785,3,3,0.64,0.64,not uncertain
AmbiStory,blind,single_hedge,AmbiStory-test-786,4,4,1.36,1.36,not uncertain
AmbiStory,blind,single_hedge,AmbiStory-test-787,4,4,2.16,2.16,not uncertain
AmbiStory,blind,single_hedge,AmbiStory-test-788,2,2,2.5600000000000005,2.5600000000000005,not uncertain
AmbiStory,blind,single_hedge,AmbiStory-test-789,4,4,0.5599999999999999,0.5599999999999999,not uncertain
AmbiStory,blind,single_hedge,AmbiStory-test-790,1,1,0.16,0.16,not uncertain
AmbiStory,blind,single_hedge,AmbiStory-test-791,5,5,0.1599999999999999,0.1599999999999999,not uncertain
AmbiStory,blind,single_hedge,AmbiStory-test-792,3,3,2.56,2.56,not uncertain
AmbiStory,blind,single_hedge,AmbiStory-test-793,3,3,2.472222222222222,2.472222222222222,not uncertain
AmbiStory,blind,single_hedge,AmbiStory-test-794,2,2,0.24,0.24,not uncertain
AmbiStory,blind,single_hedge,AmbiStory-test-795,4,4,1.0400000000000005,1.0400000000000005,not uncertain
AmbiStory,blind,single_hedge,AmbiStory-test-796,2,2,2.24,2.24,not uncertain
AmbiStory,blind,single_hedge,AmbiStory-test-797,5,5,0.1599999999999999,0.1599999999999999,not uncertain
AmbiStory,blind,single_hedge,AmbiStory-test-798,2,2,0.56,0.56,not uncertain
AmbiStory,blind,single_hedge,AmbiStory-test-799,4,4,0.4,0.4,not uncertain
AmbiStory,blind,single_hedge,AmbiStory-test-800,2,2,0.56,0.56,not uncertain
AmbiStory,blind,single_hedge,AmbiStory-test-801,3,3,1.44,1.44,not uncertain
AmbiStory,blind,single_hedge,AmbiStory-test-802,2,2,0.96,0.96,not uncertain
AmbiStory,blind,single_hedge,AmbiStory-test-803,3,3,1.0400000000000005,1.0400000000000005,not uncertain
AmbiStory,blind,single_hedge,AmbiStory-test-804,1,1,0.16,0.16,not uncertain
AmbiStory,blind,single_hedge,AmbiStory-test-805,4,4,0.5599999999999999,0.5599999999999999,not uncertain
AmbiStory,blind,single_hedge,AmbiStory-test-806,2,2,0.24,0.24,not uncertain
AmbiStory,blind,single_hedge,AmbiStory-test-807,4,4,1.36,1.36,not uncertain
AmbiStory,blind,single_hedge,AmbiStory-test-808,2,2,0.24,0.24,not uncertain
AmbiStory,blind,single_hedge,AmbiStory-test-809,4,4,0.8,0.8,not uncertain
AmbiStory,blind,single_hedge,AmbiStory-test-810,5,5,0.1599999999999999,0.1599999999999999,not uncertain
AmbiStory,blind,single_hedge,AmbiStory-test-811,2,2,2.5600000000000005,2.5600000000000005,not uncertain
AmbiStory,blind,single_hedge,AmbiStory-test-812,2,2,0.56,0.56,not uncertain
AmbiStory,blind,single_hedge,AmbiStory-test-813,4,4,1.44,1.44,somewhat uncertain
AmbiStory,blind,single_hedge,AmbiStory-test-814,1,1,0.24,0.24,not uncertain
AmbiStory,blind,single_hedge,AmbiStory-test-815,5,5,0.1599999999999999,0.1599999999999999,not uncertain
AmbiStory,blind,single_hedge,AmbiStory-test-816,5,5,0.6399999999999999,0.6399999999999999,not uncertain
AmbiStory,blind,single_hedge,AmbiStory-test-817,3,3,1.7600000000000002,1.7600000000000002,somewhat uncertain
AmbiStory,blind,single_hedge,AmbiStory-test-818,3,3,2.16,2.16,not uncertain
AmbiStory,blind,single_hedge,AmbiStory-test-819,4,4,1.84,1.84,not uncertain
AmbiStory,blind,single_hedge,AmbiStory-test-820,3,3,1.84,1.84,not uncertain
AmbiStory,blind,single_hedge,AmbiStory-test-821,4,4,0.96,0.96,not uncertain
AmbiStory,blind,single_hedge,AmbiStory-test-822,2,2,0.64,0.64,not uncertain
AmbiStory,blind,single_hedge,AmbiStory-test-823,5,5,0.6399999999999999,0.6399999999999999,not uncertain
AmbiStory,blind,single_hedge,AmbiStory-test-824,2,2,0.64,0.64,not uncertain
AmbiStory,blind,single_hedge,AmbiStory-test-825,5,5,0.1599999999999999,0.1599999999999999,not uncertain
AmbiStory,blind,single_hedge,AmbiStory-test-826,2,2,0.24,0.24,not uncertain
AmbiStory,blind,single_hedge,AmbiStory-test-827,4,4,2.16,2.16,not uncertain
AmbiStory,blind,single_hedge,AmbiStory-test-828,4,4,1.6,1.6,not uncertain
AmbiStory,blind,single_hedge,AmbiStory-test-829,4,4,2.560000000000001,2.560000000000001,not uncertain
AmbiStory,blind,single_hedge,AmbiStory-test-830,4,4,0.96,0.96,not uncertain
AmbiStory,blind,single_hedge,AmbiStory-test-831,3,3,2.64,2.64,not uncertain
AmbiStory,blind,single_hedge,AmbiStory-test-832,3,3,1.04,1.04,not uncertain
AmbiStory,blind,single_hedge,AmbiStory-test-833,4,4,0.4,0.4,not uncertain
AmbiStory,blind,single_hedge,AmbiStory-test-834,2,2,0.4,0.4,not uncertain
AmbiStory,blind,single_hedge,AmbiStory-test-835,4,4,1.36,1.36,not uncertain
AmbiStory,blind,single_hedge,AmbiStory-test-836,3,3,2.16,2.16,not uncertain
AmbiStory,blind,single_hedge,AmbiStory-test-837,5,5,0.1599999999999999,0.1599999999999999,not uncertain
AmbiStory,blind,single_hedge,AmbiStory-test-838,3,3,2.64,2.64,not uncertain
AmbiStory,blind,single_hedge,AmbiStory-test-839,5,5,0.1599999999999999,0.1599999999999999,not uncertain
AmbiStory,blind,single_hedge,AmbiStory-test-840,3,3,1.44,1.44,not uncertain
AmbiStory,blind,single_hedge,AmbiStory-test-841,4,4,0.64,0.64,not uncertain
AmbiStory,blind,single_hedge,AmbiStory-test-842,2,2,0.16,0.16,not uncertain
AmbiStory,blind,single_hedge,AmbiStory-test-843,4,4,0.64,0.64,not uncertain
AmbiStory,blind,single_hedge,AmbiStory-test-844,2,2,0.56,0.56,not uncertain
AmbiStory,blind,single_hedge,AmbiStory-test-845,3,3,1.6,1.6,not uncertain
AmbiStory,blind,single_hedge,AmbiStory-test-846,4,4,0.4,0.4,not uncertain
AmbiStory,blind,single_hedge,AmbiStory-test-847,2,2,0.6400000000000002,0.6400000000000002,not uncertain
AmbiStory,blind,single_hedge,AmbiStory-test-848,1,1,0.16,0.16,not uncertain
AmbiStory,blind,single_hedge,AmbiStory-test-849,5,5,0.24,0.24,not uncertain
AmbiStory,blind,single_hedge,AmbiStory-test-850,2,2,1.2,1.2,not uncertain
AmbiStory,blind,single_hedge,AmbiStory-test-851,4,4,0.4,0.4,not uncertain
AmbiStory,blind,single_hedge,AmbiStory-test-852,3,3,1.0400000000000005,1.0400000000000005,not uncertain
AmbiStory,blind,single_hedge,AmbiStory-test-853,2,2,0.4,0.4,not uncertain
AmbiStory,blind,single_hedge,AmbiStory-test-854,2,2,1.84,1.84,somewhat uncertain
AmbiStory,blind,single_hedge,AmbiStory-test-855,3,3,2.56,2.56,somewhat uncertain
AmbiStory,blind,single_hedge,AmbiStory-test-856,3,3,1.04,1.04,not uncertain
AmbiStory,blind,single_hedge,AmbiStory-test-857,2,2,1.36,1.36,not uncertain
AmbiStory,blind,single_hedge,AmbiStory-test-858,4,4,1.44,1.44,not uncertain
AmbiStory,blind,single_hedge,AmbiStory-test-859,1,1,0.64,0.64,not uncertain
AmbiStory,blind,single_hedge,AmbiStory-test-860,3,3,0.64,0.64,not uncertain
AmbiStory,blind,single_hedge,AmbiStory-test-861,1,1,0.24,0.24,not uncertain
AmbiStory,blind,single_hedge,AmbiStory-test-862,3,3,2.8,2.8,not uncertain
AmbiStory,blind,single_hedge,AmbiStory-test-863,2,2,1.8400000000000003,1.8400000000000003,not uncertain
AmbiStory,blind,single_hedge,AmbiStory-test-864,1,1,0.24,0.24,not uncertain
AmbiStory,blind,single_hedge,AmbiStory-test-865,5,5,0.0,0.0,not uncertain
AmbiStory,blind,single_hedge,AmbiStory-test-866,1,1,0.16,0.16,not uncertain
AmbiStory,blind,single_hedge,AmbiStory-test-867,5,5,0.24,0.24,not uncertain
AmbiStory,blind,single_hedge,AmbiStory-test-868,1,1,0.16,0.16,not uncertain
AmbiStory,blind,single_hedge,AmbiStory-test-869,5,5,0.24,0.24,not uncertain
AmbiStory,blind,single_hedge,AmbiStory-test-870,5,5,0.6399999999999999,0.6399999999999999,not uncertain
AmbiStory,blind,single_hedge,AmbiStory-test-871,1,1,0.16,0.16,not uncertain
AmbiStory,blind,single_hedge,AmbiStory-test-872,3,3,0.1599999999999999,0.1599999999999999,not uncertain
AmbiStory,blind,single_hedge,AmbiStory-test-873,1,1,0.0,0.0,not uncertain
AmbiStory,blind,single_hedge,AmbiStory-test-874,5,5,0.1599999999999999,0.1599999999999999,not uncertain
AmbiStory,blind,single_hedge,AmbiStory-test-875,1,1,0.0,0.0,not uncertain
AmbiStory,blind,single_hedge,AmbiStory-test-876,4,4,0.4,0.4,not uncertain
AmbiStory,blind,single_hedge,AmbiStory-test-877,2,2,1.8400000000000003,1.8400000000000003,not uncertain
AmbiStory,blind,single_hedge,AmbiStory-test-878,3,3,2.16,2.16,not uncertain
AmbiStory,blind,single_hedge,AmbiStory-test-879,2,2,1.44,1.44,not uncertain
AmbiStory,blind,single_hedge,AmbiStory-test-880,4,4,0.96,0.96,not uncertain
AmbiStory,blind,single_hedge,AmbiStory-test-881,2,2,1.84,1.84,not uncertain
AmbiStory,blind,single_hedge,AmbiStory-test-882,4,4,1.44,1.44,not uncertain
AmbiStory,blind,single_hedge,AmbiStory-test-883,2,2,3.04,3.04,not uncertain
AmbiStory,blind,single_hedge,AmbiStory-test-884,5,5,0.1599999999999999,0.1599999999999999,not uncertain
AmbiStory,blind,single_hedge,AmbiStory-test-885,1,1,0.16,0.16,not uncertain
AmbiStory,blind,single_hedge,AmbiStory-test-886,5,5,0.6399999999999999,0.6399999999999999,not uncertain
AmbiStory,blind,single_hedge,AmbiStory-test-887,2,2,0.56,0.56,not uncertain
AmbiStory,blind,single_hedge,AmbiStory-test-888,5,5,0.0,0.0,not uncertain
AmbiStory,blind,single_hedge,AmbiStory-test-889,2,2,0.64,0.64,not uncertain
AmbiStory,blind,single_hedge,AmbiStory-test-890,3,3,0.96,0.96,not uncertain
AmbiStory,blind,single_hedge,AmbiStory-test-891,3,3,0.24,0.24,not uncertain
AmbiStory,blind,single_hedge,AmbiStory-test-892,4,4,0.8,0.8,not uncertain
AmbiStory,blind,single_hedge,AmbiStory-test-893,3,3,1.36,1.36,not uncertain
AmbiStory,blind,single_hedge,AmbiStory-test-894,3,3,0.5599999999999999,0.5599999999999999,not uncertain
AmbiStory,blind,single_hedge,AmbiStory-test-895,2,2,0.8,0.8,not uncertain
AmbiStory,blind,single_hedge,AmbiStory-test-896,2,2,0.56,0.56,not uncertain
AmbiStory,blind,single_hedge,AmbiStory-test-897,4,4,1.0400000000000005,1.0400000000000005,not uncertain
AmbiStory,blind,single_hedge,AmbiStory-test-898,2,2,0.64,0.64,not uncertain
AmbiStory,blind,single_hedge,AmbiStory-test-899,3,3,0.96,0.96,not uncertain
AmbiStory,blind,single_hedge,AmbiStory-test-900,2,2,0.5599999999999999,0.5599999999999999,not uncertain
AmbiStory,blind,single_hedge,AmbiStory-test-901,5,5,0.1599999999999999,0.1599999999999999,somewhat uncertain
AmbiStory,blind,single_hedge,AmbiStory-test-902,2,2,0.56,0.56,not uncertain
AmbiStory,blind,single_hedge,AmbiStory-test-903,5,5,0.1599999999999999,0.1599999999999999,not uncertain
AmbiStory,blind,single_hedge,AmbiStory-test-904,2,2,1.2,1.2,not uncertain
AmbiStory,blind,single_hedge,AmbiStory-test-905,4,4,0.0,0.0,somewhat uncertain
AmbiStory,blind,single_hedge,AmbiStory-test-906,5,5,0.6399999999999999,0.6399999999999999,not uncertain
AmbiStory,blind,single_hedge,AmbiStory-test-907,1,1,0.16,0.16,not uncertain
AmbiStory,blind,single_hedge,AmbiStory-test-908,3,3,0.5599999999999999,0.5599999999999999,not uncertain
AmbiStory,blind,single_hedge,AmbiStory-test-909,3,3,1.6,1.6,not uncertain
AmbiStory,blind,single_hedge,AmbiStory-test-910,3,3,0.8,0.8,not uncertain
AmbiStory,blind,single_hedge,AmbiStory-test-911,2,2,0.8,0.8,not uncertain
AmbiStory,blind,single_hedge,AmbiStory-test-912,3,3,0.96,0.96,somewhat uncertain
AmbiStory,blind,single_hedge,AmbiStory-test-913,3,3,2.64,2.64,not uncertain
AmbiStory,blind,single_hedge,AmbiStory-test-914,2,2,2.4,2.4,not uncertain
AmbiStory,blind,single_hedge,AmbiStory-test-915,4,4,0.64,0.64,not uncertain
AmbiStory,blind,single_hedge,AmbiStory-test-916,3,3,2.0,2.0,not uncertain
AmbiStory,blind,single_hedge,AmbiStory-test-917,5,5,0.1599999999999999,0.1599999999999999,not uncertain
AmbiStory,blind,single_hedge,AmbiStory-test-918,4,4,1.36,1.36,not uncertain
AmbiStory,blind,single_hedge,AmbiStory-test-919,2,2,0.4,0.4,not uncertain
AmbiStory,blind,single_hedge,AmbiStory-test-920,5,5,0.6399999999999999,0.6399999999999999,not uncertain
AmbiStory,blind,single_hedge,AmbiStory-test-921,2,2,0.64,0.64,not uncertain
AmbiStory,blind,single_hedge,AmbiStory-test-922,4,4,0.96,0.96,not uncertain
AmbiStory,blind,single_hedge,AmbiStory-test-923,3,3,0.4,0.4,not uncertain
AmbiStory,blind,single_hedge,AmbiStory-test-924,1,1,0.0,0.0,somewhat uncertain
AmbiStory,blind,single_hedge,AmbiStory-test-925,4,4,1.2,1.2,not uncertain
AmbiStory,blind,single_hedge,AmbiStory-test-926,1,1,0.16,0.16,not uncertain
AmbiStory,blind,single_hedge,AmbiStory-test-927,3,3,2.222222222222222,2.222222222222222,not uncertain
AmbiStory,blind,single_hedge,AmbiStory-test-928,2,2,1.36,1.36,not uncertain
AmbiStory,blind,single_hedge,AmbiStory-test-929,4,4,0.96,0.96,not uncertain
AmbiStory,blind,topk_wrong,AmbiStory-test-0,4,4,1.6,1.6,not uncertain
AmbiStory,blind,topk_wrong,AmbiStory-test-1,2,2,1.2,1.2,not uncertain
AmbiStory,blind,topk_wrong,AmbiStory-test-2,3,3,0.5599999999999999,0.5599999999999999,not uncertain
AmbiStory,blind,topk_wrong,AmbiStory-test-3,3,3,1.44,1.44,somewhat uncertain
AmbiStory,blind,topk_wrong,AmbiStory-test-4,3,3,1.84,1.84,not uncertain
AmbiStory,blind,topk_wrong,AmbiStory-test-5,2,2,0.56,0.56,not uncertain
AmbiStory,blind,topk_wrong,AmbiStory-test-6,3,3,0.96,0.96,highly uncertain
AmbiStory,blind,topk_wrong,AmbiStory-test-7,4,4,1.36,1.36,somewhat uncertain
AmbiStory,blind,topk_wrong,AmbiStory-test-8,1,1,0.24,0.24,somewhat uncertain
AmbiStory,blind,topk_wrong,AmbiStory-test-9,4,4,2.16,2.16,not uncertain
AmbiStory,blind,topk_wrong,AmbiStory-test-10,1,1,0.24,0.24,highly uncertain
AmbiStory,blind,topk_wrong,AmbiStory-test-11,5,5,0.1599999999999999,0.1599999999999999,somewhat uncertain
AmbiStory,blind,topk_wrong,AmbiStory-test-12,4,4,0.5599999999999999,0.5599999999999999,not uncertain
AmbiStory,blind,topk_wrong,AmbiStory-test-13,3,3,2.64,2.64,not uncertain
AmbiStory,blind,topk_wrong,AmbiStory-test-14,1,1,0.24,0.24,not uncertain
AmbiStory,blind,topk_wrong,AmbiStory-test-15,4,4,2.56,2.56,not uncertain
AmbiStory,blind,topk_wrong,AmbiStory-test-16,3,3,0.5599999999999999,0.5599999999999999,not uncertain
AmbiStory,blind,topk_wrong,AmbiStory-test-17,4,4,0.64,0.64,not uncertain
AmbiStory,blind,topk_wrong,AmbiStory-test-18,5,5,0.0,0.0,not uncertain
AmbiStory,blind,topk_wrong,AmbiStory-test-19,3,3,2.64,2.64,somewhat uncertain
AmbiStory,blind,topk_wrong,AmbiStory-test-20,5,5,0.0,0.0,not uncertain
AmbiStory,blind,topk_wrong,AmbiStory-test-21,3,3,0.96,0.96,not uncertain
AmbiStory,blind,topk_wrong,AmbiStory-test-22,5,5,0.1599999999999999,0.1599999999999999,not uncertain
AmbiStory,blind,topk_wrong,AmbiStory-test-23,4,4,2.56,2.56,not uncertain
AmbiStory,blind,topk_wrong,AmbiStory-test-24,5,5,0.0,0.0,not uncertain
AmbiStory,blind,topk_wrong,AmbiStory-test-25,2,2,1.2,1.2,not uncertain
AmbiStory,blind,topk_wrong,AmbiStory-test-26,4,4,0.96,0.96,somewhat uncertain
AmbiStory,blind,topk_wrong,AmbiStory-test-27,2,2,0.56,0.56,highly uncertain
AmbiStory,blind,topk_wrong,AmbiStory-test-28,4,4,0.6399999999999999,0.6399999999999999,somewhat uncertain
AmbiStory,blind,topk_wrong,AmbiStory-test-29,2,2,0.64,0.64,not uncertain
AmbiStory,blind,topk_wrong,AmbiStory-test-30,2,2,0.8,0.8,not uncertain
AmbiStory,blind,topk_wrong,AmbiStory-test-31,4,4,0.6399999999999999,0.6399999999999999,not uncertain
AmbiStory,blind,topk_wrong,AmbiStory-test-32,3,3,2.24,2.24,somewhat uncertain
AmbiStory,blind,topk_wrong,AmbiStory-test-33,4,4,0.1599999999999999,0.1599999999999999,not uncertain
AmbiStory,blind,topk_wrong,AmbiStory-test-34,3,3,0.96,0.96,not uncertain
AmbiStory,blind,topk_wrong,AmbiStory-test-35,4,4,0.96,0.96,not uncertain
AmbiStory,blind,topk_wrong,AmbiStory-test-36,3,3,0.24,0.24,somewhat uncertain
AmbiStory,blind,topk_wrong,AmbiStory-test-37,3,3,1.6,1.6,somewhat uncertain
AmbiStory,blind,topk_wrong,AmbiStory-test-38,2,2,1.84,1.84,somewhat uncertain
AmbiStory,blind,topk_wrong,AmbiStory-test-39,4,4,1.44,1.44,somewhat uncertain
AmbiStory,blind,topk_wrong,AmbiStory-test-40,3,3,1.84,1.84,somewhat uncertain
AmbiStory,blind,topk_wrong,AmbiStory-test-41,4,4,1.36,1.36,somewhat uncertain
AmbiStory,blind,topk_wrong,AmbiStory-test-42,2,2,0.1599999999999999,0.1599999999999999,not uncertain
AmbiStory,blind,topk_wrong,AmbiStory-test-43,4,4,0.4,0.4,somewhat uncertain
AmbiStory,blind,topk_wrong,AmbiStory-test-44,3,3,2.24,2.24,somewhat uncertain
AmbiStory,blind,topk_wrong,AmbiStory-test-45,4,4,1.0400000000000005,1.0400000000000005,somewhat uncertain
AmbiStory,blind,topk_wrong,AmbiStory-test-46,3,3,0.96,0.96,somewhat uncertain
AmbiStory,blind,topk_wrong,AmbiStory-test-47,4,4,0.8,0.8,somewhat uncertain
AmbiStory,blind,topk_wrong,AmbiStory-test-48,4,4,2.1600000000000006,2.1600000000000006,somewhat uncertain
AmbiStory,blind,topk_wrong,AmbiStory-test-49,2,2,2.24,2.24,somewhat uncertain
AmbiStory,blind,topk_wrong,AmbiStory-test-50,2,2,0.24,0.24,not uncertain
AmbiStory,blind,topk_wrong,AmbiStory-test-51,4,4,1.36,1.36,somewhat uncertain
AmbiStory,blind,topk_wrong,AmbiStory-test-52,2,2,2.16,2.16,somewhat uncertain
AmbiStory,blind,topk_wrong,AmbiStory-test-53,5,5,0.24,0.24,somewhat uncertain
AmbiStory,blind,topk_wrong,AmbiStory-test-54,3,3,1.04,1.04,somewhat uncertain
AmbiStory,blind,topk_wrong,AmbiStory-test-55,3,3,0.96,0.96,somewhat uncertain
AmbiStory,blind,topk_wrong,AmbiStory-test-56,2,2,0.64,0.64,somewhat uncertain
AmbiStory,blind,topk_wrong,AmbiStory-test-57,5,5,0.0,0.0,somewhat uncertain
AmbiStory,blind,topk_wrong,AmbiStory-test-58,2,2,1.36,1.36,somewhat uncertain
AmbiStory,blind,topk_wrong,AmbiStory-test-59,5,5,0.24,0.24,somewhat uncertain
AmbiStory,blind,topk_wrong,AmbiStory-test-60,5,5,0.0,0.0,somewhat uncertain
AmbiStory,blind,topk_wrong,AmbiStory-test-61,1,1,0.0,0.0,not uncertain
AmbiStory,blind,topk_wrong,AmbiStory-test-62,1,1,0.0,0.0,highly uncertain
AmbiStory,blind,topk_wrong,AmbiStory-test-63,3,3,3.8400000000000007,3.8400000000000007,highly uncertain
AmbiStory,blind,topk_wrong,AmbiStory-test-64,4,4,2.56,2.56,somewhat uncertain
AmbiStory,blind,topk_wrong,AmbiStory-test-65,2,2,1.36,1.36,not uncertain
AmbiStory,blind,topk_wrong,AmbiStory-test-66,3,3,2.16,2.16,highly uncertain
AmbiStory,blind,topk_wrong,AmbiStory-test-67,2,2,0.56,0.56,highly uncertain
AmbiStory,blind,topk_wrong,AmbiStory-test-68,1,1,0.16,0.16,highly uncertain
AmbiStory,blind,topk_wrong,AmbiStory-test-69,5,5,0.0,0.0,somewhat uncertain
AmbiStory,blind,topk_wrong,AmbiStory-test-70,2,2,1.36,1.36,not uncertain
AmbiStory,blind,topk_wrong,AmbiStory-test-71,3,3,1.0400000000000005,1.0400000000000005,not uncertain
AmbiStory,blind,topk_wrong,AmbiStory-test-72,3,3,2.16,2.16,somewhat uncertain
AmbiStory,blind,topk_wrong,AmbiStory-test-73,3,3,2.0,2.0,somewhat uncertain
AmbiStory,blind,topk_wrong,AmbiStory-test-74,2,2,1.4400000000000002,1.4400000000000002,somewhat uncertain
AmbiStory,blind,topk_wrong,AmbiStory-test-75,4,4,1.36,1.36,somewhat uncertain
AmbiStory,blind,topk_wrong,AmbiStory-test-76,3,3,1.4400000000000002,1.4400000000000002,somewhat uncertain
AmbiStory,blind,topk_wrong,AmbiStory-test-77,4,4,0.6399999999999999,0.6399999999999999,somewhat uncertain
AmbiStory,blind,topk_wrong,AmbiStory-test-78,4,4,1.6,1.6,not uncertain
AmbiStory,blind,topk_wrong,AmbiStory-test-79,2,2,0.96,0.96,somewhat uncertain
AmbiStory,blind,topk_wrong,AmbiStory-test-80,3,3,0.1599999999999999,0.1599999999999999,not uncertain
AmbiStory,blind,topk_wrong,AmbiStory-test-81,4,4,0.24,0.24,somewhat uncertain
AmbiStory,blind,topk_wrong,AmbiStory-test-82,2,2,0.8,0.8,not uncertain
AmbiStory,blind,topk_wrong,AmbiStory-test-83,4,4,1.2,1.2,somewhat uncertain
AmbiStory,blind,topk_wrong,AmbiStory-test-84,2,2,0.8,0.8,somewhat uncertain
AmbiStory,blind,topk_wrong,AmbiStory-test-85,5,5,0.6399999999999999,0.6399999999999999,somewhat uncertain
AmbiStory,blind,topk_wrong,AmbiStory-test-86,2,2,0.16,0.16,highly uncertain
AmbiStory,blind,topk_wrong,AmbiStory-test-87,4,4,0.5599999999999999,0.5599999999999999,somewhat uncertain
AmbiStory,blind,topk_wrong,AmbiStory-test-88,2,2,0.4,0.4,somewhat uncertain
AmbiStory,blind,topk_wrong,AmbiStory-test-89,4,4,0.5599999999999999,0.5599999999999999,somewhat uncertain
AmbiStory,blind,topk_wrong,AmbiStory-test-90,3,3,1.6,1.6,somewhat uncertain
AmbiStory,blind,topk_wrong,AmbiStory-test-91,3,3,2.16,2.16,somewhat uncertain
AmbiStory,blind,topk_wrong,AmbiStory-test-92,2,2,0.64,0.64,highly uncertain
AmbiStory,blind,topk_wrong,AmbiStory-test-93,4,4,0.5599999999999999,0.5599999999999999,not uncertain
AmbiStory,blind,topk_wrong,AmbiStory-test-94,1,1,0.16,0.16,highly uncertain
AmbiStory,blind,topk_wrong,AmbiStory-test-95,4,4,0.96,0.96,somewhat uncertain
AmbiStory,blind,topk_wrong,AmbiStory-test-96,5,5,0.24,0.24,not uncertain
AmbiStory,blind,topk_wrong,AmbiStory-test-97,3,3,2.472222222222222,2.472222222222222,somewhat uncertain
AmbiStory,blind,topk_wrong,AmbiStory-test-98,4,4,0.5599999999999999,0.5599999999999999,somewhat uncertain
AmbiStory,blind,topk_wrong,AmbiStory-test-99,3,3,0.4,0.4,somewhat uncertain
AmbiStory,blind,topk_wrong,AmbiStory-test-100,3,3,1.36,1.36,somewhat uncertain
AmbiStory,blind,topk_wrong,AmbiStory-test-101,4,4,1.4400000000000002,1.4400000000000002,not uncertain
AmbiStory,blind,topk_wrong,AmbiStory-test-102,4,4,0.96,0.96,highly uncertain
AmbiStory,blind,topk_wrong,AmbiStory-test-103,1,1,0.16,0.16,highly uncertain
AmbiStory,blind,topk_wrong,AmbiStory-test-104,2,2,0.24,0.24,not uncertain
AmbiStory,blind,topk_wrong,AmbiStory-test-105,5,5,0.1599999999999999,0.1599999999999999,somewhat uncertain
AmbiStory,blind,topk_wrong,AmbiStory-test-106,3,3,0.5599999999999999,0.5599999999999999,not uncertain
AmbiStory,blind,topk_wrong,AmbiStory-test-107,3,3,2.24,2.24,somewhat uncertain
AmbiStory,blind,topk_wrong,AmbiStory-test-108,5,5,0.1599999999999999,0.1599999999999999,not uncertain
AmbiStory,blind,topk_wrong,AmbiStory-test-109,1,1,0.0,0.0,not uncertain
AmbiStory,blind,topk_wrong,AmbiStory-test-110,4,4,0.5599999999999999,0.5599999999999999,somewhat uncertain
AmbiStory,blind,topk_wrong,AmbiStory-test-111,1,1,0.24,0.24,somewhat uncertain
AmbiStory,blind,topk_wrong,AmbiStory-test-112,4,4,1.36,1.36,somewhat uncertain
AmbiStory,blind,topk_wrong,AmbiStory-test-113,1,1,0.16,0.16,not uncertain
AmbiStory,blind,topk_wrong,AmbiStory-test-114,5,5,0.0,0.0,not uncertain
AmbiStory,blind,topk_wrong,AmbiStory-test-115,2,2,2.5600000000000005,2.5600000000000005,not uncertain
AmbiStory,blind,topk_wrong,AmbiStory-test-116,3,3,2.64,2.64,not uncertain
AmbiStory,blind,topk_wrong,AmbiStory-test-117,3,3,3.2,3.2,somewhat uncertain
AmbiStory,blind,topk_wrong,AmbiStory-test-118,5,5,0.1599999999999999,0.1599999999999999,not uncertain
AmbiStory,blind,topk_wrong,AmbiStory-test-119,1,1,0.24,0.24,not uncertain
AmbiStory,blind,topk_wrong,AmbiStory-test-120,4,4,0.4,0.4,not uncertain
AmbiStory,blind,topk_wrong,AmbiStory-test-121,4,4,0.5599999999999999,0.5599999999999999,somewhat uncertain
AmbiStory,blind,topk_wrong,AmbiStory-test-122,4,4,0.64,0.64,not uncertain
AmbiStory,blind,topk_wrong,AmbiStory-test-123,3,3,0.5599999999999999,0.5599999999999999,not uncertain
AmbiStory,blind,topk_wrong,AmbiStory-test-124,3,3,1.8400000000000003,1.8400000000000003,not uncertain
AmbiStory,blind,topk_wrong,AmbiStory-test-125,3,3,1.8400000000000003,1.8400000000000003,somewhat uncertain
AmbiStory,blind,topk_wrong,AmbiStory-test-126,3,3,0.888888888888889,0.888888888888889,somewhat uncertain
AmbiStory,blind,topk_wrong,AmbiStory-test-127,3,3,1.36,1.36,highly uncertain
AmbiStory,blind,topk_wrong,AmbiStory-test-128,2,2,0.64,0.64,not uncertain
AmbiStory,blind,topk_wrong,AmbiStory-test-129,3,3,2.56,2.56,not uncertain
AmbiStory,blind,topk_wrong,AmbiStory-test-130,1,1,0.24,0.24,not uncertain
AmbiStory,blind,topk_wrong,AmbiStory-test-131,3,3,2.16,2.16,not uncertain
AmbiStory,blind,topk_wrong,AmbiStory-test-132,5,5,0.0,0.0,somewhat uncertain
AmbiStory,blind,topk_wrong,AmbiStory-test-133,1,1,0.24,0.24,somewhat uncertain
AmbiStory,blind,topk_wrong,AmbiStory-test-134,3,3,1.84,1.84,somewhat uncertain
AmbiStory,blind,topk_wrong,AmbiStory-test-135,4,4,0.8,0.8,not uncertain
AmbiStory,blind,topk_wrong,AmbiStory-test-136,3,3,2.64,2.64,highly uncertain
AmbiStory,blind,topk_wrong,AmbiStory-test-137,3,3,2.0,2.0,somewhat uncertain
AmbiStory,blind,topk_wrong,AmbiStory-test-138,5,5,0.24,0.24,somewhat uncertain
AmbiStory,blind,topk_wrong,AmbiStory-test-139,5,5,0.0,0.0,not uncertain
AmbiStory,blind,topk_wrong,AmbiStory-test-140,5,5,0.0,0.0,not uncertain
AmbiStory,blind,topk_wrong,AmbiStory-test-141,5,5,0.0,0.0,not uncertain
AmbiStory,blind,topk_wrong,AmbiStory-test-142,4,4,1.36,1.36,not uncertain
AmbiStory,blind,topk_wrong,AmbiStory-test-143,5,5,0.0,0.0,somewhat uncertain
AmbiStory,blind,topk_wrong,AmbiStory-test-144,1,1,0.24,0.24,not uncertain
AmbiStory,blind,topk_wrong,AmbiStory-test-145,5,5,0.1599999999999999,0.1599999999999999,not uncertain
AmbiStory,blind,topk_wrong,AmbiStory-test-146,2,2,2.24,2.24,somewhat uncertain
AmbiStory,blind,topk_wrong,AmbiStory-test-147,5,5,0.1599999999999999,0.1599999999999999,not uncertain
AmbiStory,blind,topk_wrong,AmbiStory-test-148,2,2,0.5599999999999999,0.5599999999999999,not uncertain
AmbiStory,blind,topk_wrong,AmbiStory-test-149,4,4,1.44,1.44,not uncertain
AmbiStory,blind,topk_wrong,AmbiStory-test-150,3,3,2.8,2.8,not uncertain
AmbiStory,blind,topk_wrong,AmbiStory-test-151,3,3,2.8,2.8,somewhat uncertain
AmbiStory,blind,topk_wrong,AmbiStory-test-152,1,1,0.6400000000000002,0.6400000000000002,somewhat uncertain
AmbiStory,blind,topk_wrong,AmbiStory-test-153,4,4,1.84,1.84,highly uncertain
AmbiStory,blind,topk_wrong,AmbiStory-test-154,4,4,1.4400000000000002,1.4400000000000002,not uncertain
AmbiStory,blind,topk_wrong,AmbiStory-test-155,3,3,1.8400000000000003,1.8400000000000003,not uncertain
AmbiStory,blind,topk_wrong,AmbiStory-test-156,5,5,0.0,0.0,somewhat uncertain
AmbiStory,blind,topk_wrong,AmbiStory-test-157,1,1,0.16,0.16,not uncertain
AmbiStory,blind,topk_wrong,AmbiStory-test-158,3,3,1.36,1.36,somewhat uncertain
AmbiStory,blind,topk_wrong,AmbiStory-test-159,3,3,0.96,0.96,not uncertain
AmbiStory,blind,topk_wrong,AmbiStory-test-160,5,5,0.0,0.0,somewhat uncertain
AmbiStory,blind,topk_wrong,AmbiStory-test-161,2,2,0.9600000000000002,0.9600000000000002,not uncertain
AmbiStory,blind,topk_wrong,AmbiStory-test-162,2,2,0.64,0.64,not uncertain
AmbiStory,blind,topk_wrong,AmbiStory-test-163,4,4,0.5599999999999999,0.5599999999999999,not uncertain
AmbiStory,blind,topk_wrong,AmbiStory-test-164,2,2,0.64,0.64,not uncertain
AmbiStory,blind,topk_wrong,AmbiStory-test-165,3,3,1.84,1.84,somewhat uncertain
AmbiStory,blind,topk_wrong,AmbiStory-test-166,2,2,0.24,0.24,somewhat uncertain
AmbiStory,blind,topk_wrong,AmbiStory-test-167,4,4,0.6399999999999999,0.6399999999999999,somewhat uncertain
AmbiStory,blind,topk_wrong,AmbiStory-test-168,5,5,0.1599999999999999,0.1599999999999999,somewhat uncertain
AmbiStory,blind,topk_wrong,AmbiStory-test-169,1,1,0.0,0.0,not uncertain
AmbiStory,blind,topk_wrong,AmbiStory-test-170,5,5,0.0,0.0,somewhat uncertain
AmbiStory,blind,topk_wrong,AmbiStory-test-171,1,1,0.0,0.0,not uncertain
AmbiStory,blind,topk_wrong,AmbiStory-test-172,5,5,0.24,0.24,somewhat uncertain
AmbiStory,blind,topk_wrong,AmbiStory-test-173,1,1,0.0,0.0,not uncertain
AmbiStory,blind,topk_wrong,AmbiStory-test-174,5,5,0.6399999999999999,0.6399999999999999,highly uncertain
AmbiStory,blind,topk_wrong,AmbiStory-test-175,2,2,0.8,0.8,somewhat uncertain
AmbiStory,blind,topk_wrong,AmbiStory-test-176,1,1,0.24,0.24,not uncertain
AmbiStory,blind,topk_wrong,AmbiStory-test-177,4,4,2.1600000000000006,2.1600000000000006,somewhat uncertain
AmbiStory,blind,topk_wrong,AmbiStory-test-178,2,2,1.04,1.04,somewhat uncertain
AmbiStory,blind,topk_wrong,AmbiStory-test-179,4,4,0.5599999999999999,0.5599999999999999,somewhat uncertain
AmbiStory,blind,topk_wrong,AmbiStory-test-180,4,4,0.6399999999999999,0.6399999999999999,somewhat uncertain
AmbiStory,blind,topk_wrong,AmbiStory-test-181,3,3,0.64,0.64,not uncertain
AmbiStory,blind,topk_wrong,AmbiStory-test-182,2,2,0.64,0.64,somewhat uncertain
AmbiStory,blind,topk_wrong,AmbiStory-test-183,3,3,1.84,1.84,highly uncertain
AmbiStory,blind,topk_wrong,AmbiStory-test-184,3,3,0.0,0.0,not uncertain
AmbiStory,blind,topk_wrong,AmbiStory-test-185,3,3,1.2,1.2,somewhat uncertain
AmbiStory,blind,topk_wrong,AmbiStory-test-186,3,3,1.84,1.84,somewhat uncertain
AmbiStory,blind,topk_wrong,AmbiStory-test-187,2,2,0.56,0.56,highly uncertain
AmbiStory,blind,topk_wrong,AmbiStory-test-188,1,1,0.16,0.16,somewhat uncertain
AmbiStory,blind,topk_wrong,AmbiStory-test-189,4,4,0.64,0.64,highly uncertain
AmbiStory,blind,topk_wrong,AmbiStory-test-190,2,2,0.56,0.56,somewhat uncertain
AmbiStory,blind,topk_wrong,AmbiStory-test-191,3,3,1.04,1.04,highly uncertain
AmbiStory,blind,topk_wrong,AmbiStory-test-192,5,5,0.1599999999999999,0.1599999999999999,not uncertain
AmbiStory,blind,topk_wrong,AmbiStory-test-193,1,1,0.16,0.16,not uncertain
AmbiStory,blind,topk_wrong,AmbiStory-test-194,3,3,0.64,0.64,somewhat uncertain
AmbiStory,blind,topk_wrong,AmbiStory-test-195,3,3,1.84,1.84,somewhat uncertain
AmbiStory,blind,topk_wrong,AmbiStory-test-196,4,4,0.5599999999999999,0.5599999999999999,somewhat uncertain
AmbiStory,blind,topk_wrong,AmbiStory-test-197,2,2,0.64,0.64,not uncertain
AmbiStory,blind,topk_wrong,AmbiStory-test-198,5,5,0.24,0.24,somewhat uncertain
AmbiStory,blind,topk_wrong,AmbiStory-test-199,1,1,0.64,0.64,not uncertain
AmbiStory,blind,topk_wrong,AmbiStory-test-200,4,4,0.4,0.4,somewhat uncertain
AmbiStory,blind,topk_wrong,AmbiStory-test-201,2,2,1.2,1.2,somewhat uncertain
AmbiStory,blind,topk_wrong,AmbiStory-test-202,5,5,0.1599999999999999,0.1599999999999999,somewhat uncertain
AmbiStory,blind,topk_wrong,AmbiStory-test-203,2,2,0.64,0.64,somewhat uncertain
AmbiStory,blind,topk_wrong,AmbiStory-test-204,5,5,0.24,0.24,somewhat uncertain
AmbiStory,blind,topk_wrong,AmbiStory-test-205,2,2,0.16,0.16,somewhat uncertain
AmbiStory,blind,topk_wrong,AmbiStory-test-206,4,4,0.24,0.24,somewhat uncertain
AmbiStory,blind,topk_wrong,AmbiStory-test-207,3,3,1.6,1.6,not uncertain
AmbiStory,blind,topk_wrong,AmbiStory-test-208,4,4,0.8,0.8,not uncertain
AmbiStory,blind,topk_wrong,AmbiStory-test-209,2,2,0.24,0.24,somewhat uncertain
AmbiStory,blind,topk_wrong,AmbiStory-test-210,3,3,0.5599999999999999,0.5599999999999999,somewhat uncertain
AmbiStory,blind,topk_wrong,AmbiStory-test-211,2,2,0.56,0.56,somewhat uncertain
AmbiStory,blind,topk_wrong,AmbiStory-test-212,3,3,0.4,0.4,somewhat uncertain
AmbiStory,blind,topk_wrong,AmbiStory-test-213,3,3,3.3600000000000003,3.3600000000000003,somewhat uncertain
AmbiStory,blind,topk_wrong,AmbiStory-test-214,3,3,1.04,1.04,somewhat uncertain
AmbiStory,blind,topk_wrong,AmbiStory-test-215,2,2,2.24,2.24,highly uncertain
AmbiStory,blind,topk_wrong,AmbiStory-test-216,4,4,0.24,0.24,somewhat uncertain
AmbiStory,blind,topk_wrong,AmbiStory-test-217,1,1,0.6400000000000002,0.6400000000000002,not uncertain
AmbiStory,blind,topk_wrong,AmbiStory-test-218,3,3,0.96,0.96,somewhat uncertain
AmbiStory,blind,topk_wrong,AmbiStory-test-219,3,3,3.3599999999999994,3.3599999999999994,not uncertain
AmbiStory,blind,topk_wrong,AmbiStory-test-220,3,3,1.805555555555556,1.805555555555556,somewhat uncertain
AmbiStory,blind,topk_wrong,AmbiStory-test-221,3,3,1.36,1.36,somewhat uncertain
AmbiStory,blind,topk_wrong,AmbiStory-test-222,5,5,0.24,0.24,not uncertain
AmbiStory,blind,topk_wrong,AmbiStory-test-223,3,3,2.64,2.64,somewhat uncertain
AmbiStory,blind,topk_wrong,AmbiStory-test-224,3,3,1.36,1.36,somewhat uncertain
AmbiStory,blind,topk_wrong,AmbiStory-test-225,4,4,0.6399999999999999,0.6399999999999999,somewhat uncertain
AmbiStory,blind,topk_wrong,AmbiStory-test-226,3,3,1.2,1.2,somewhat uncertain
AmbiStory,blind,topk_wrong,AmbiStory-test-227,3,3,0.5599999999999999,0.5599999999999999,somewhat uncertain
AmbiStory,blind,topk_wrong,AmbiStory-test-228,2,2,1.4400000000000002,1.4400000000000002,somewhat uncertain
AmbiStory,blind,topk_wrong,AmbiStory-test-229,3,3,1.04,1.04,somewhat uncertain
AmbiStory,blind,topk_wrong,AmbiStory-test-230,2,2,0.24,0.24,somewhat uncertain
AmbiStory,blind,topk_wrong,AmbiStory-test-231,4,4,1.0400000000000005,1.0400000000000005,not uncertain
AmbiStory,blind,topk_wrong,AmbiStory-test-232,2,2,0.5599999999999999,0.5599999999999999,highly uncertain
AmbiStory,blind,topk_wrong,AmbiStory-test-233,4,4,1.36,1.36,not uncertain
AmbiStory,blind,topk_wrong,AmbiStory-test-234,5,5,0.0,0.0,not uncertain
AmbiStory,blind,topk_wrong,AmbiStory-test-235,4,4,1.36,1.36,somewhat uncertain
AmbiStory,blind,topk_wrong,AmbiStory-test-236,3,3,1.8400000000000003,1.8400000000000003,somewhat uncertain
AmbiStory,blind,topk_wrong,AmbiStory-test-237,4,4,0.24,0.24,somewhat uncertain
AmbiStory,blind,topk_wrong,AmbiStory-test-238,4,4,0.96,0.96,somewhat uncertain
AmbiStory,blind,topk_wrong,AmbiStory-test-239,4,4,0.24,0.24,somewhat uncertain
AmbiStory,blind,topk_wrong,AmbiStory-test-240,2,2,0.56,0.56,highly uncertain
AmbiStory,blind,topk_wrong,AmbiStory-test-241,5,5,0.1599999999999999,0.1599999999999999,not uncertain
AmbiStory,blind,topk_wrong,AmbiStory-test-242,1,1,0.24,0.24,not uncertain
AmbiStory,blind,topk_wrong,AmbiStory-test-243,5,5,0.1599999999999999,0.1599999999999999,not uncertain
AmbiStory,blind,topk_wrong,AmbiStory-test-244,2,2,2.24,2.24,somewhat uncertain
AmbiStory,blind,topk_wrong,AmbiStory-test-245,4,4,0.6399999999999999,0.6399999999999999,not uncertain
AmbiStory,blind,topk_wrong,AmbiStory-test-246,5,5,0.1599999999999999,0.1599999999999999,not uncertain
AmbiStory,blind,topk_wrong,AmbiStory-test-247,1,1,0.64,0.64,not uncertain
AmbiStory,blind,topk_wrong,AmbiStory-test-248,5,5,0.1599999999999999,0.1599999999999999,somewhat uncertain
AmbiStory,blind,topk_wrong,AmbiStory-test-249,2,2,0.64,0.64,somewhat uncertain
AmbiStory,blind,topk_wrong,AmbiStory-test-250,5,5,0.24,0.24,somewhat uncertain
AmbiStory,blind,topk_wrong,AmbiStory-test-251,1,1,0.16,0.16,not uncertain
AmbiStory,blind,topk_wrong,AmbiStory-test-252,4,4,0.6399999999999999,0.6399999999999999,somewhat uncertain
AmbiStory,blind,topk_wrong,AmbiStory-test-253,3,3,1.2,1.2,somewhat uncertain
AmbiStory,blind,topk_wrong,AmbiStory-test-254,4,4,0.6399999999999999,0.6399999999999999,somewhat uncertain
AmbiStory,blind,topk_wrong,AmbiStory-test-255,2,2,2.24,2.24,somewhat uncertain
AmbiStory,blind,topk_wrong,AmbiStory-test-256,4,4,0.5599999999999999,0.5599999999999999,highly uncertain
AmbiStory,blind,topk_wrong,AmbiStory-test-257,2,2,1.36,1.36,somewhat uncertain
AmbiStory,blind,topk_wrong,AmbiStory-test-258,3,3,1.44,1.44,not uncertain
AmbiStory,blind,topk_wrong,AmbiStory-test-259,5,5,0.0,0.0,somewhat uncertain
AmbiStory,blind,topk_wrong,AmbiStory-test-260,2,2,0.64,0.64,not uncertain
AmbiStory,blind,topk_wrong,AmbiStory-test-261,5,5,0.0,0.0,somewhat uncertain
AmbiStory,blind,topk_wrong,AmbiStory-test-262,4,4,1.44,1.44,not uncertain
AmbiStory,blind,topk_wrong,AmbiStory-test-263,4,4,1.36,1.36,not uncertain
AmbiStory,blind,topk_wrong,AmbiStory-test-264,3,3,3.2,3.2,not uncertain
AmbiStory,blind,topk_wrong,AmbiStory-test-265,3,3,2.56,2.56,not uncertain
AmbiStory,blind,topk_wrong,AmbiStory-test-266,1,1,0.16,0.16,not uncertain
AmbiStory,blind,topk_wrong,AmbiStory-test-267,4,4,1.6,1.6,somewhat uncertain
AmbiStory,blind,topk_wrong,AmbiStory-test-268,3,3,2.56,2.56,highly uncertain
AmbiStory,blind,topk_wrong,AmbiStory-test-269,4,4,3.04,3.04,not uncertain
AmbiStory,blind,topk_wrong,AmbiStory-test-270,5,5,0.24,0.24,not uncertain
AmbiStory,blind,topk_wrong,AmbiStory-test-271,2,2,0.64,0.64,somewhat uncertain
AmbiStory,blind,topk_wrong,AmbiStory-test-272,2,2,0.8,0.8,somewhat uncertain
AmbiStory,blind,topk_wrong,AmbiStory-test-273,4,4,2.4,2.4,highly uncertain
AmbiStory,blind,topk_wrong,AmbiStory-test-274,4,4,1.36,1.36,somewhat uncertain
AmbiStory,blind,topk_wrong,AmbiStory-test-275,3,3,1.36,1.36,somewhat uncertain
AmbiStory,blind,topk_wrong,AmbiStory-test-276,2,2,0.64,0.64,not uncertain
AmbiStory,blind,topk_wrong,AmbiStory-test-277,5,5,0.6399999999999999,0.6399999999999999,not uncertain
AmbiStory,blind,topk_wrong,AmbiStory-test-278,2,2,0.64,0.64,not uncertain
AmbiStory,blind,topk_wrong,AmbiStory-test-279,5,5,0.0,0.0,not uncertain
AmbiStory,blind,topk_wrong,AmbiStory-test-280,2,2,0.5599999999999999,0.5599999999999999,not uncertain
AmbiStory,blind,topk_wrong,AmbiStory-test-281,4,4,0.64,0.64,not uncertain
AmbiStory,blind,topk_wrong,AmbiStory-test-282,3,3,1.04,1.04,somewhat uncertain
AmbiStory,blind,topk_wrong,AmbiStory-test-283,4,4,2.56,2.56,not uncertain
AmbiStory,blind,topk_wrong,AmbiStory-test-284,4,4,0.5599999999999999,0.5599999999999999,somewhat uncertain
AmbiStory,blind,topk_wrong,AmbiStory-test-285,4,4,2.4,2.4,not uncertain
AmbiStory,blind,topk_wrong,AmbiStory-test-286,3,3,0.64,0.64,not uncertain
AmbiStory,blind,topk_wrong,AmbiStory-test-287,4,4,0.64,0.64,not uncertain
AmbiStory,blind,topk_wrong,AmbiStory-test-288,4,4,0.96,0.96,not uncertain
AmbiStory,blind,topk_wrong,AmbiStory-test-289,4,4,0.5599999999999999,0.5599999999999999,somewhat uncertain
AmbiStory,blind,topk_wrong,AmbiStory-test-290,3,3,2.8,2.8,not uncertain
AmbiStory,blind,topk_wrong,AmbiStory-test-291,4,4,0.8,0.8,somewhat uncertain
AmbiStory,blind,topk_wrong,AmbiStory-test-292,4,4,0.6399999999999999,0.6399999999999999,not uncertain
AmbiStory,blind,topk_wrong,AmbiStory-test-293,4,4,2.16,2.16,not uncertain
AmbiStory,blind,topk_wrong,AmbiStory-test-294,3,3,1.7600000000000002,1.7600000000000002,not uncertain
AmbiStory,blind,topk_wrong,AmbiStory-test-295,2,2,0.64,0.64,somewhat uncertain
AmbiStory,blind,topk_wrong,AmbiStory-test-296,3,3,1.2,1.2,not uncertain
AmbiStory,blind,topk_wrong,AmbiStory-test-297,5,5,0.24,0.24,not uncertain
AmbiStory,blind,topk_wrong,AmbiStory-test-298,2,2,0.56,0.56,not uncertain
AmbiStory,blind,topk_wrong,AmbiStory-test-299,4,4,1.8400000000000003,1.8400000000000003,somewhat uncertain
AmbiStory,blind,topk_wrong,AmbiStory-test-300,2,2,1.36,1.36,highly uncertain
AmbiStory,blind,topk_wrong,AmbiStory-test-301,1,1,0.16,0.16,highly uncertain
AmbiStory,blind,topk_wrong,AmbiStory-test-302,3,3,0.64,0.64,somewhat uncertain
AmbiStory,blind,topk_wrong,AmbiStory-test-303,2,2,1.3600000000000003,1.3600000000000003,somewhat uncertain
AmbiStory,blind,topk_wrong,AmbiStory-test-304,4,4,1.4400000000000002,1.4400000000000002,somewhat uncertain
AmbiStory,blind,topk_wrong,AmbiStory-test-305,2,2,0.56,0.56,somewhat uncertain
AmbiStory,blind,topk_wrong,AmbiStory-test-306,5,5,0.0,0.0,somewhat uncertain
AmbiStory,blind,topk_wrong,AmbiStory-test-307,1,1,0.24,0.24,somewhat uncertain
AmbiStory,blind,topk_wrong,AmbiStory-test-308,4,4,2.56,2.56,somewhat uncertain
AmbiStory,blind,topk_wrong,AmbiStory-test-309,2,2,0.9600000000000002,0.9600000000000002,somewhat uncertain
AmbiStory,blind,topk_wrong,AmbiStory-test-310,4,4,0.64,0.64,not uncertain
AmbiStory,blind,topk_wrong,AmbiStory-test-311,3,3,2.16,2.16,somewhat uncertain
AmbiStory,blind,topk_wrong,AmbiStory-test-312,4,4,0.24,0.24,somewhat uncertain
AmbiStory,blind,topk_wrong,AmbiStory-test-313,3,3,3.8400000000000007,3.8400000000000007,somewhat uncertain
AmbiStory,blind,topk_wrong,AmbiStory-test-314,4,4,1.36,1.36,somewhat uncertain
AmbiStory,blind,topk_wrong,AmbiStory-test-315,3,3,0.96,0.96,not uncertain
AmbiStory,blind,topk_wrong,AmbiStory-test-316,3,3,1.8400000000000003,1.8400000000000003,somewhat uncertain
AmbiStory,blind,topk_wrong,AmbiStory-test-317,4,4,1.8400000000000003,1.8400000000000003,not uncertain
AmbiStory,blind,topk_wrong,AmbiStory-test-318,5,5,0.1599999999999999,0.1599999999999999,not uncertain
AmbiStory,blind,topk_wrong,AmbiStory-test-319,1,1,0.16,0.16,not uncertain
AmbiStory,blind,topk_wrong,AmbiStory-test-320,5,5,0.1599999999999999,0.1599999999999999,not uncertain
AmbiStory,blind,topk_wrong,AmbiStory-test-321,1,1,0.0,0.0,not uncertain
AmbiStory,blind,topk_wrong,AmbiStory-test-322,5,5,0.24,0.24,somewhat uncertain
AmbiStory,blind,topk_wrong,AmbiStory-test-323,1,1,0.16,0.16,not uncertain
AmbiStory,blind,topk_wrong,AmbiStory-test-324,5,5,0.0,0.0,not uncertain
AmbiStory,blind,topk_wrong,AmbiStory-test-325,1,1,0.0,0.0,not uncertain
AmbiStory,blind,topk_wrong,AmbiStory-test-326,5,5,0.1599999999999999,0.1599999999999999,not uncertain
AmbiStory,blind,topk_wrong,AmbiStory-test-327,2,2,0.9600000000000002,0.9600000000000002,somewhat uncertain
AmbiStory,blind,topk_wrong,AmbiStory-test-328,5,5,0.0,0.0,not uncertain
AmbiStory,blind,topk_wrong,AmbiStory-test-329,2,2,2.1388888888888897,2.1388888888888897,not uncertain
AmbiStory,blind,topk_wrong,AmbiStory-test-330,4,4,0.5599999999999999,0.5599999999999999,not uncertain
AmbiStory,blind,topk_wrong,AmbiStory-test-331,3,3,2.56,2.56,somewhat uncertain
AmbiStory,blind,topk_wrong,AmbiStory-test-332,1,1,0.0,0.0,not uncertain
AmbiStory,blind,topk_wrong,AmbiStory-test-333,5,5,0.1599999999999999,0.1599999999999999,not uncertain
AmbiStory,blind,topk_wrong,AmbiStory-test-334,1,1,0.16,0.16,somewhat uncertain
AmbiStory,blind,topk_wrong,AmbiStory-test-335,4,4,1.2,1.2,somewhat uncertain
AmbiStory,blind,topk_wrong,AmbiStory-test-336,5,5,0.1599999999999999,0.1599999999999999,not uncertain
AmbiStory,blind,topk_wrong,AmbiStory-test-337,1,1,0.0,0.0,highly uncertain
AmbiStory,blind,topk_wrong,AmbiStory-test-338,2,2,0.24,0.24,somewhat uncertain
AmbiStory,blind,topk_wrong,AmbiStory-test-339,4,4,0.5599999999999999,0.5599999999999999,not uncertain
AmbiStory,blind,topk_wrong,AmbiStory-test-340,5,5,0.24,0.24,not uncertain
AmbiStory,blind,topk_wrong,AmbiStory-test-341,2,2,0.5599999999999999,0.5599999999999999,not uncertain
AmbiStory,blind,topk_wrong,AmbiStory-test-342,5,5,0.0,0.0,not uncertain
AmbiStory,blind,topk_wrong,AmbiStory-test-343,1,1,0.0,0.0,not uncertain
AmbiStory,blind,topk_wrong,AmbiStory-test-344,5,5,0.1599999999999999,0.1599999999999999,not uncertain
AmbiStory,blind,topk_wrong,AmbiStory-test-345,3,3,0.64,0.64,somewhat uncertain
AmbiStory,blind,topk_wrong,AmbiStory-test-346,4,4,2.56,2.56,somewhat uncertain
AmbiStory,blind,topk_wrong,AmbiStory-test-347,2,2,0.25,0.25,not uncertain
AmbiStory,blind,topk_wrong,AmbiStory-test-348,4,4,2.560000000000001,2.560000000000001,not uncertain
AmbiStory,blind,topk_wrong,AmbiStory-test-349,2,2,2.560000000000001,2.560000000000001,highly uncertain
AmbiStory,blind,topk_wrong,AmbiStory-test-350,2,2,2.16,2.16,highly uncertain
AmbiStory,blind,topk_wrong,AmbiStory-test-351,2,2,1.04,1.04,somewhat uncertain
AmbiStory,blind,topk_wrong,AmbiStory-test-352,2,2,0.56,0.56,not uncertain
AmbiStory,blind,topk_wrong,AmbiStory-test-353,1,1,0.16,0.16,somewhat uncertain
AmbiStory,blind,topk_wrong,AmbiStory-test-354,5,5,0.0,0.0,not uncertain
AmbiStory,blind,topk_wrong,AmbiStory-test-355,1,1,0.0,0.0,not uncertain
AmbiStory,blind,topk_wrong,AmbiStory-test-356,5,5,0.0,0.0,somewhat uncertain
AmbiStory,blind,topk_wrong,AmbiStory-test-357,1,1,0.0,0.0,highly uncertain
AmbiStory,blind,topk_wrong,AmbiStory-test-358,5,5,0.0,0.0,not uncertain
AmbiStory,blind,topk_wrong,AmbiStory-test-359,2,2,0.56,0.56,highly uncertain
AmbiStory,blind,topk_wrong,AmbiStory-test-360,5,5,0.1599999999999999,0.1599999999999999,not uncertain
AmbiStory,blind,topk_wrong,AmbiStory-test-361,1,1,0.24,0.24,somewhat uncertain
AmbiStory,blind,topk_wrong,AmbiStory-test-362,4,4,2.56,2.56,not uncertain
AmbiStory,blind,topk_wrong,AmbiStory-test-363,1,1,0.0,0.0,highly uncertain
AmbiStory,blind,topk_wrong,AmbiStory-test-364,2,2,0.96,0.96,not uncertain
AmbiStory,blind,topk_wrong,AmbiStory-test-365,3,3,1.6,1.6,somewhat uncertain
AmbiStory,blind,topk_wrong,AmbiStory-test-366,3,3,1.4400000000000002,1.4400000000000002,somewhat uncertain
AmbiStory,blind,topk_wrong,AmbiStory-test-367,2,2,0.16,0.16,highly uncertain
AmbiStory,blind,topk_wrong,AmbiStory-test-368,2,2,0.5599999999999999,0.5599999999999999,somewhat uncertain
AmbiStory,blind,topk_wrong,AmbiStory-test-369,4,4,2.24,2.24,somewhat uncertain
AmbiStory,blind,topk_wrong,AmbiStory-test-370,2,2,0.56,0.56,somewhat uncertain
AmbiStory,blind,topk_wrong,AmbiStory-test-371,2,2,2.24,2.24,somewhat uncertain
AmbiStory,blind,topk_wrong,AmbiStory-test-372,4,4,0.64,0.64,highly uncertain
AmbiStory,blind,topk_wrong,AmbiStory-test-373,2,2,0.56,0.56,somewhat uncertain
AmbiStory,blind,topk_wrong,AmbiStory-test-374,5,5,0.24,0.24,not uncertain
AmbiStory,blind,topk_wrong,AmbiStory-test-375,1,1,0.0,0.0,not uncertain
AmbiStory,blind,topk_wrong,AmbiStory-test-376,5,5,0.24,0.24,somewhat uncertain
AmbiStory,blind,topk_wrong,AmbiStory-test-377,2,2,0.56,0.56,somewhat uncertain
AmbiStory,blind,topk_wrong,AmbiStory-test-378,4,4,2.56,2.56,not uncertain
AmbiStory,blind,topk_wrong,AmbiStory-test-379,1,1,0.64,0.64,not uncertain
AmbiStory,blind,topk_wrong,AmbiStory-test-380,1,1,0.0,0.0,somewhat uncertain
AmbiStory,blind,topk_wrong,AmbiStory-test-381,5,5,0.24,0.24,highly uncertain
AmbiStory,blind,topk_wrong,AmbiStory-test-382,3,3,2.56,2.56,not uncertain
AmbiStory,blind,topk_wrong,AmbiStory-test-383,4,4,0.24,0.24,somewhat uncertain
AmbiStory,blind,topk_wrong,AmbiStory-test-384,5,5,0.0,0.0,somewhat uncertain
AmbiStory,blind,topk_wrong,AmbiStory-test-385,1,1,0.16,0.16,not uncertain
AmbiStory,blind,topk_wrong,AmbiStory-test-386,3,3,2.16,2.16,somewhat uncertain
AmbiStory,blind,topk_wrong,AmbiStory-test-387,2,2,1.36,1.36,somewhat uncertain
AmbiStory,blind,topk_wrong,AmbiStory-test-388,4,4,0.96,0.96,somewhat uncertain
AmbiStory,blind,topk_wrong,AmbiStory-test-389,2,2,1.6,1.6,not uncertain
AmbiStory,blind,topk_wrong,AmbiStory-test-390,5,5,0.1599999999999999,0.1599999999999999,not uncertain
AmbiStory,blind,topk_wrong,AmbiStory-test-391,1,1,0.16,0.16,not uncertain
AmbiStory,blind,topk_wrong,AmbiStory-test-392,4,4,0.64,0.64,somewhat uncertain
AmbiStory,blind,topk_wrong,AmbiStory-test-393,3,3,1.36,1.36,highly uncertain
AmbiStory,blind,topk_wrong,AmbiStory-test-394,4,4,2.24,2.24,not uncertain
AmbiStory,blind,topk_wrong,AmbiStory-test-395,2,2,0.8,0.8,highly uncertain
AmbiStory,blind,topk_wrong,AmbiStory-test-396,5,5,0.0,0.0,not uncertain
AmbiStory,blind,topk_wrong,AmbiStory-test-397,1,1,0.24,0.24,not uncertain
AmbiStory,blind,topk_wrong,AmbiStory-test-398,4,4,0.5599999999999999,0.5599999999999999,somewhat uncertain
AmbiStory,blind,topk_wrong,AmbiStory-test-399,3,3,0.1599999999999999,0.1599999999999999,not uncertain
AmbiStory,blind,topk_wrong,AmbiStory-test-400,5,5,0.1599999999999999,0.1599999999999999,somewhat uncertain
AmbiStory,blind,topk_wrong,AmbiStory-test-401,1,1,0.24,0.24,somewhat uncertain
AmbiStory,blind,topk_wrong,AmbiStory-test-402,4,4,0.5599999999999999,0.5599999999999999,not uncertain
AmbiStory,blind,topk_wrong,AmbiStory-test-403,2,2,0.4,0.4,somewhat uncertain
AmbiStory,blind,topk_wrong,AmbiStory-test-404,4,4,0.5599999999999999,0.5599999999999999,somewhat uncertain
AmbiStory,blind,topk_wrong,AmbiStory-test-405,2,2,0.4,0.4,somewhat uncertain
AmbiStory,blind,topk_wrong,AmbiStory-test-406,4,4,0.24,0.24,somewhat uncertain
AmbiStory,blind,topk_wrong,AmbiStory-test-407,2,2,1.36,1.36,somewhat uncertain
AmbiStory,blind,topk_wrong,AmbiStory-test-408,4,4,1.44,1.44,somewhat uncertain
AmbiStory,blind,topk_wrong,AmbiStory-test-409,1,1,0.0,0.0,not uncertain
AmbiStory,blind,topk_wrong,AmbiStory-test-410,4,4,1.36,1.36,somewhat uncertain
AmbiStory,blind,topk_wrong,AmbiStory-test-411,2,2,1.04,1.04,somewhat uncertain
AmbiStory,blind,topk_wrong,AmbiStory-test-412,4,4,0.96,0.96,not uncertain
AmbiStory,blind,topk_wrong,AmbiStory-test-413,1,1,0.64,0.64,somewhat uncertain
AmbiStory,blind,topk_wrong,AmbiStory-test-414,5,5,0.0,0.0,not uncertain
AmbiStory,blind,topk_wrong,AmbiStory-test-415,1,1,0.24,0.24,not uncertain
AmbiStory,blind,topk_wrong,AmbiStory-test-416,5,5,0.1599999999999999,0.1599999999999999,not uncertain
AmbiStory,blind,topk_wrong,AmbiStory-test-417,2,2,0.64,0.64,somewhat uncertain
AmbiStory,blind,topk_wrong,AmbiStory-test-418,5,5,0.1599999999999999,0.1599999999999999,not uncertain
AmbiStory,blind,topk_wrong,AmbiStory-test-419,2,2,2.24,2.24,highly uncertain
AmbiStory,blind,topk_wrong,AmbiStory-test-420,3,3,2.2222222222222228,2.2222222222222228,somewhat uncertain
AmbiStory,blind,topk_wrong,AmbiStory-test-421,3,3,1.4400000000000002,1.4400000000000002,somewhat uncertain
AmbiStory,blind,topk_wrong,AmbiStory-test-422,3,3,2.24,2.24,somewhat uncertain
AmbiStory,blind,topk_wrong,AmbiStory-test-423,3,3,2.0,2.0,highly uncertain
AmbiStory,blind,topk_wrong,AmbiStory-test-424,3,3,0.4,0.4,somewhat uncertain
AmbiStory,blind,topk_wrong,AmbiStory-test-425,3,3,1.04,1.04,somewhat uncertain
AmbiStory,blind,topk_wrong,AmbiStory-test-426,3,3,0.64,0.64,somewhat uncertain
AmbiStory,blind,topk_wrong,AmbiStory-test-427,3,3,1.36,1.36,somewhat uncertain
AmbiStory,blind,topk_wrong,AmbiStory-test-428,4,4,0.6399999999999999,0.6399999999999999,somewhat uncertain
AmbiStory,blind,topk_wrong,AmbiStory-test-429,2,2,0.4,0.4,not uncertain
AmbiStory,blind,topk_wrong,AmbiStory-test-430,4,4,1.6,1.6,somewhat uncertain
AmbiStory,blind,topk_wrong,AmbiStory-test-431,2,2,0.16,0.16,somewhat uncertain
AmbiStory,blind,topk_wrong,AmbiStory-test-432,4,4,1.44,1.44,somewhat uncertain
AmbiStory,blind,topk_wrong,AmbiStory-test-433,1,1,0.24,0.24,somewhat uncertain
AmbiStory,blind,topk_wrong,AmbiStory-test-434,5,5,0.24,0.24,somewhat uncertain
AmbiStory,blind,topk_wrong,AmbiStory-test-435,1,1,0.64,0.64,somewhat uncertain
AmbiStory,blind,topk_wrong,AmbiStory-test-436,4,4,1.36,1.36,somewhat uncertain
AmbiStory,blind,topk_wrong,AmbiStory-test-437,1,1,0.0,0.0,not uncertain
AmbiStory,blind,topk_wrong,AmbiStory-test-438,5,5,0.1599999999999999,0.1599999999999999,not uncertain
AmbiStory,blind,topk_wrong,AmbiStory-test-439,2,2,2.24,2.24,somewhat uncertain
AmbiStory,blind,topk_wrong,AmbiStory-test-440,3,3,1.36,1.36,not uncertain
AmbiStory,blind,topk_wrong,AmbiStory-test-441,3,3,1.84,1.84,not uncertain
AmbiStory,blind,topk_wrong,AmbiStory-test-442,4,4,0.5599999999999999,0.5599999999999999,not uncertain
AmbiStory,blind,topk_wrong,AmbiStory-test-443,3,3,2.64,2.64,not uncertain
AmbiStory,blind,topk_wrong,AmbiStory-test-444,4,4,1.36,1.36,somewhat uncertain
AmbiStory,blind,topk_wrong,AmbiStory-test-445,2,2,1.36,1.36,not uncertain
AmbiStory,blind,topk_wrong,AmbiStory-test-446,3,3,1.36,1.36,somewhat uncertain
AmbiStory,blind,topk_wrong,AmbiStory-test-447,4,4,1.36,1.36,somewhat uncertain
AmbiStory,blind,topk_wrong,AmbiStory-test-448,4,4,0.24,0.24,not uncertain
AmbiStory,blind,topk_wrong,AmbiStory-test-449,2,2,0.8,0.8,not uncertain
AmbiStory,blind,topk_wrong,AmbiStory-test-450,4,4,0.5599999999999999,0.5599999999999999,somewhat uncertain
AmbiStory,blind,topk_wrong,AmbiStory-test-451,2,2,0.9600000000000002,0.9600000000000002,somewhat uncertain
AmbiStory,blind,topk_wrong,AmbiStory-test-452,2,2,0.24,0.24,somewhat uncertain
AmbiStory,blind,topk_wrong,AmbiStory-test-453,5,5,0.1599999999999999,0.1599999999999999,not uncertain
AmbiStory,blind,topk_wrong,AmbiStory-test-454,3,3,2.24,2.24,somewhat uncertain
AmbiStory,blind,topk_wrong,AmbiStory-test-455,3,3,0.64,0.64,somewhat uncertain
AmbiStory,blind,topk_wrong,AmbiStory-test-456,4,4,1.36,1.36,not uncertain
AmbiStory,blind,topk_wrong,AmbiStory-test-457,3,3,1.04,1.04,somewhat uncertain
AmbiStory,blind,topk_wrong,AmbiStory-test-458,3,3,1.36,1.36,somewhat uncertain
AmbiStory,blind,topk_wrong,AmbiStory-test-459,4,4,0.4,0.4,not uncertain
AmbiStory,blind,topk_wrong,AmbiStory-test-460,3,3,1.7600000000000002,1.7600000000000002,not uncertain
AmbiStory,blind,topk_wrong,AmbiStory-test-461,3,3,1.5555555555555556,1.5555555555555556,somewhat uncertain
AmbiStory,blind,topk_wrong,AmbiStory-test-462,2,2,3.04,3.04,somewhat uncertain
AmbiStory,blind,topk_wrong,AmbiStory-test-463,5,5,0.0,0.0,somewhat uncertain
AmbiStory,blind,topk_wrong,AmbiStory-test-464,2,2,0.8,0.8,somewhat uncertain
AmbiStory,blind,topk_wrong,AmbiStory-test-465,5,5,0.6399999999999999,0.6399999999999999,not uncertain
AmbiStory,blind,topk_wrong,AmbiStory-test-466,3,3,0.8,0.8,somewhat uncertain
AmbiStory,blind,topk_wrong,AmbiStory-test-467,3,3,1.84,1.84,somewhat uncertain
AmbiStory,blind,topk_wrong,AmbiStory-test-468,5,5,0.1599999999999999,0.1599999999999999,not uncertain
AmbiStory,blind,topk_wrong,AmbiStory-test-469,5,5,0.1599999999999999,0.1599999999999999,not uncertain
AmbiStory,blind,topk_wrong,AmbiStory-test-470,5,5,0.6399999999999999,0.6399999999999999,not uncertain
AmbiStory,blind,topk_wrong,AmbiStory-test-471,4,4,1.36,1.36,somewhat uncertain
AmbiStory,blind,topk_wrong,AmbiStory-test-472,4,4,1.0400000000000005,1.0400000000000005,not uncertain
AmbiStory,blind,topk_wrong,AmbiStory-test-473,4,4,1.44,1.44,not uncertain
AmbiStory,blind,topk_wrong,AmbiStory-test-474,5,5,0.0,0.0,somewhat uncertain
AmbiStory,blind,topk_wrong,AmbiStory-test-475,3,3,2.64,2.64,somewhat uncertain
AmbiStory,blind,topk_wrong,AmbiStory-test-476,4,4,0.64,0.64,not uncertain
AmbiStory,blind,topk_wrong,AmbiStory-test-477,3,3,2.16,2.16,not uncertain
AmbiStory,blind,topk_wrong,AmbiStory-test-478,4,4,0.5599999999999999,0.5599999999999999,somewhat uncertain
AmbiStory,blind,topk_wrong,AmbiStory-test-479,3,3,2.0,2.0,not uncertain
AmbiStory,blind,topk_wrong,AmbiStory-test-480,5,5,0.0,0.0,not uncertain
AmbiStory,blind,topk_wrong,AmbiStory-test-481,2,2,0.64,0.64,highly uncertain
AmbiStory,blind,topk_wrong,AmbiStory-test-482,2,2,2.1600000000000006,2.1600000000000006,highly uncertain
AmbiStory,blind,topk_wrong,AmbiStory-test-483,4,4,0.5599999999999999,0.5599999999999999,not uncertain
AmbiStory,blind,topk_wrong,AmbiStory-test-484,4,4,1.36,1.36,somewhat uncertain
AmbiStory,blind,topk_wrong,AmbiStory-test-485,3,3,1.84,1.84,not uncertain
AmbiStory,blind,topk_wrong,AmbiStory-test-486,2,2,0.64,0.64,somewhat uncertain
AmbiStory,blind,topk_wrong,AmbiStory-test-487,4,4,0.8,0.8,somewhat uncertain
AmbiStory,blind,topk_wrong,AmbiStory-test-488,1,1,0.0,0.0,highly uncertain
AmbiStory,blind,topk_wrong,AmbiStory-test-489,5,5,0.0,0.0,somewhat uncertain
AmbiStory,blind,topk_wrong,AmbiStory-test-490,1,1,0.24,0.24,somewhat uncertain
AmbiStory,blind,topk_wrong,AmbiStory-test-491,5,5,0.1599999999999999,0.1599999999999999,somewhat uncertain
AmbiStory,blind,topk_wrong,AmbiStory-test-492,5,5,0.0,0.0,somewhat uncertain
AmbiStory,blind,topk_wrong,AmbiStory-test-493,3,3,2.64,2.64,somewhat uncertain
AmbiStory,blind,topk_wrong,AmbiStory-test-494,4,4,2.56,2.56,somewhat uncertain
AmbiStory,blind,topk_wrong,AmbiStory-test-495,3,3,1.7600000000000002,1.7600000000000002,not uncertain
AmbiStory,blind,topk_wrong,AmbiStory-test-496,4,4,1.36,1.36,not uncertain
AmbiStory,blind,topk_wrong,AmbiStory-test-497,2,2,0.56,0.56,not uncertain
AmbiStory,blind,topk_wrong,AmbiStory-test-498,4,4,0.5599999999999999,0.5599999999999999,not uncertain
AmbiStory,blind,topk_wrong,AmbiStory-test-499,2,2,1.2,1.2,not uncertain
AmbiStory,blind,topk_wrong,AmbiStory-test-500,1,1,0.24,0.24,not uncertain
AmbiStory,blind,topk_wrong,AmbiStory-test-501,4,4,0.96,0.96,not uncertain
AmbiStory,blind,topk_wrong,AmbiStory-test-502,3,3,1.0400000000000005,1.0400000000000005,not uncertain
AmbiStory,blind,topk_wrong,AmbiStory-test-503,3,3,1.8400000000000003,1.8400000000000003,somewhat uncertain
AmbiStory,blind,topk_wrong,AmbiStory-test-504,5,5,0.6399999999999999,0.6399999999999999,not uncertain
AmbiStory,blind,topk_wrong,AmbiStory-test-505,1,1,0.0,0.0,not uncertain
AmbiStory,blind,topk_wrong,AmbiStory-test-506,3,3,1.0400000000000005,1.0400000000000005,highly uncertain
AmbiStory,blind,topk_wrong,AmbiStory-test-507,3,3,1.6,1.6,somewhat uncertain
AmbiStory,blind,topk_wrong,AmbiStory-test-508,3,3,1.36,1.36,somewhat uncertain
AmbiStory,blind,topk_wrong,AmbiStory-test-509,2,2,2.2222222222222223,2.2222222222222223,not uncertain
AmbiStory,blind,topk_wrong,AmbiStory-test-510,3,3,1.36,1.36,not uncertain
AmbiStory,blind,topk_wrong,AmbiStory-test-511,2,2,0.96,0.96,somewhat uncertain
AmbiStory,blind,topk_wrong,AmbiStory-test-512,2,2,1.8400000000000003,1.8400000000000003,not uncertain
AmbiStory,blind,topk_wrong,AmbiStory-test-513,4,4,0.6399999999999999,0.6399999999999999,not uncertain
AmbiStory,blind,topk_wrong,AmbiStory-test-514,3,3,0.64,0.64,somewhat uncertain
AmbiStory,blind,topk_wrong,AmbiStory-test-515,4,4,0.5599999999999999,0.5599999999999999,not uncertain
AmbiStory,blind,topk_wrong,AmbiStory-test-516,4,4,1.44,1.44,somewhat uncertain
AmbiStory,blind,topk_wrong,AmbiStory-test-517,2,2,1.36,1.36,highly uncertain
AmbiStory,blind,topk_wrong,AmbiStory-test-518,2,2,2.4,2.4,not uncertain
AmbiStory,blind,topk_wrong,AmbiStory-test-519,5,5,0.0,0.0,somewhat uncertain
AmbiStory,blind,topk_wrong,AmbiStory-test-520,2,2,0.56,0.56,not uncertain
AmbiStory,blind,topk_wrong,AmbiStory-test-521,3,3,1.84,1.84,somewhat uncertain
AmbiStory,blind,topk_wrong,AmbiStory-test-522,2,2,1.36,1.36,somewhat uncertain
AmbiStory,blind,topk_wrong,AmbiStory-test-523,5,5,0.24,0.24,somewhat uncertain
AmbiStory,blind,topk_wrong,AmbiStory-test-524,2,2,1.4400000000000002,1.4400000000000002,not uncertain
AmbiStory,blind,topk_wrong,AmbiStory-test-525,5,5,0.1599999999999999,0.1599999999999999,not uncertain
AmbiStory,blind,topk_wrong,AmbiStory-test-526,1,1,0.16,0.16,somewhat uncertain
AmbiStory,blind,topk_wrong,AmbiStory-test-527,4,4,0.64,0.64,not uncertain
AmbiStory,blind,topk_wrong,AmbiStory-test-528,3,3,0.8,0.8,not uncertain
AmbiStory,blind,topk_wrong,AmbiStory-test-529,4,4,0.1599999999999999,0.1599999999999999,somewhat uncertain
AmbiStory,blind,topk_wrong,AmbiStory-test-530,1,1,0.24,0.24,not uncertain
AmbiStory,blind,topk_wrong,AmbiStory-test-531,5,5,0.24,0.24,not uncertain
AmbiStory,blind,topk_wrong,AmbiStory-test-532,3,3,0.24,0.24,highly uncertain
AmbiStory,blind,topk_wrong,AmbiStory-test-533,3,3,0.0,0.0,not uncertain
AmbiStory,blind,topk_wrong,AmbiStory-test-534,5,5,0.1599999999999999,0.1599999999999999,somewhat uncertain
AmbiStory,blind,topk_wrong,AmbiStory-test-535,5,5,0.1599999999999999,0.1599999999999999,somewhat uncertain
AmbiStory,blind,topk_wrong,AmbiStory-test-536,5,5,0.24,0.24,somewhat uncertain
AmbiStory,blind,topk_wrong,AmbiStory-test-537,5,5,0.0,0.0,somewhat uncertain
AmbiStory,blind,topk_wrong,AmbiStory-test-538,5,5,0.0,0.0,somewhat uncertain
AmbiStory,blind,topk_wrong,AmbiStory-test-539,5,5,0.0,0.0,somewhat uncertain
AmbiStory,blind,topk_wrong,AmbiStory-test-540,3,3,1.7600000000000002,1.7600000000000002,not uncertain
AmbiStory,blind,topk_wrong,AmbiStory-test-541,4,4,2.16,2.16,not uncertain
AmbiStory,blind,topk_wrong,AmbiStory-test-542,3,3,1.84,1.84,somewhat uncertain
AmbiStory,blind,topk_wrong,AmbiStory-test-543,5,5,0.0,0.0,somewhat uncertain
AmbiStory,blind,topk_wrong,AmbiStory-test-544,4,4,1.44,1.44,somewhat uncertain
AmbiStory,blind,topk_wrong,AmbiStory-test-545,5,5,0.0,0.0,somewhat uncertain
AmbiStory,blind,topk_wrong,AmbiStory-test-546,3,3,1.36,1.36,somewhat uncertain
AmbiStory,blind,topk_wrong,AmbiStory-test-547,3,3,0.96,0.96,somewhat uncertain
AmbiStory,blind,topk_wrong,AmbiStory-test-548,2,2,0.64,0.64,not uncertain
AmbiStory,blind,topk_wrong,AmbiStory-test-549,4,4,0.8,0.8,somewhat uncertain
AmbiStory,blind,topk_wrong,AmbiStory-test-550,2,2,0.56,0.56,not uncertain
AmbiStory,blind,topk_wrong,AmbiStory-test-551,4,4,0.5599999999999999,0.5599999999999999,somewhat uncertain
AmbiStory,blind,topk_wrong,AmbiStory-test-552,1,1,0.0,0.0,not uncertain
AmbiStory,blind,topk_wrong,AmbiStory-test-553,3,3,1.04,1.04,somewhat uncertain
AmbiStory,blind,topk_wrong,AmbiStory-test-554,2,2,1.8400000000000003,1.8400000000000003,not uncertain
AmbiStory,blind,topk_wrong,AmbiStory-test-555,3,3,0.96,0.96,not uncertain
AmbiStory,blind,topk_wrong,AmbiStory-test-556,1,1,0.24,0.24,not uncertain
AmbiStory,blind,topk_wrong,AmbiStory-test-557,4,4,2.24,2.24,not uncertain
AmbiStory,blind,topk_wrong,AmbiStory-test-558,5,5,0.0,0.0,somewhat uncertain
AmbiStory,blind,topk_wrong,AmbiStory-test-559,2,2,2.4,2.4,highly uncertain
AmbiStory,blind,topk_wrong,AmbiStory-test-560,1,1,0.16,0.16,not uncertain
AmbiStory,blind,topk_wrong,AmbiStory-test-561,4,4,0.64,0.64,not uncertain
AmbiStory,blind,topk_wrong,AmbiStory-test-562,2,2,0.5599999999999999,0.5599999999999999,not uncertain
AmbiStory,blind,topk_wrong,AmbiStory-test-563,4,4,0.24,0.24,somewhat uncertain
AmbiStory,blind,topk_wrong,AmbiStory-test-564,4,4,1.0400000000000005,1.0400000000000005,somewhat uncertain
AmbiStory,blind,topk_wrong,AmbiStory-test-565,4,4,0.5599999999999999,0.5599999999999999,somewhat uncertain
AmbiStory,blind,topk_wrong,AmbiStory-test-566,3,3,0.5599999999999999,0.5599999999999999,somewhat uncertain
AmbiStory,blind,topk_wrong,AmbiStory-test-567,4,4,2.16,2.16,somewhat uncertain
AmbiStory,blind,topk_wrong,AmbiStory-test-568,3,3,1.04,1.04,somewhat uncertain
AmbiStory,blind,topk_wrong,AmbiStory-test-569,4,4,0.96,0.96,somewhat uncertain
AmbiStory,blind,topk_wrong,AmbiStory-test-570,5,5,0.24,0.24,somewhat uncertain
AmbiStory,blind,topk_wrong,AmbiStory-test-571,1,1,0.16,0.16,not uncertain
AmbiStory,blind,topk_wrong,AmbiStory-test-572,3,3,0.64,0.64,somewhat uncertain
AmbiStory,blind,topk_wrong,AmbiStory-test-573,4,4,3.04,3.04,somewhat uncertain
AmbiStory,blind,topk_wrong,AmbiStory-test-574,4,4,2.16,2.16,somewhat uncertain
AmbiStory,blind,topk_wrong,AmbiStory-test-575,2,2,0.5555555555555555,0.5555555555555555,somewhat uncertain
AmbiStory,blind,topk_wrong,AmbiStory-test-576,5,5,0.1599999999999999,0.1599999999999999,not uncertain
AmbiStory,blind,topk_wrong,AmbiStory-test-577,4,4,1.2,1.2,somewhat uncertain
AmbiStory,blind,topk_wrong,AmbiStory-test-578,1,1,0.24,0.24,not uncertain
AmbiStory,blind,topk_wrong,AmbiStory-test-579,5,5,0.0,0.0,not uncertain
AmbiStory,blind,topk_wrong,AmbiStory-test-580,1,1,0.24,0.24,somewhat uncertain
AmbiStory,blind,topk_wrong,AmbiStory-test-581,5,5,0.1599999999999999,0.1599999999999999,not uncertain
AmbiStory,blind,topk_wrong,AmbiStory-test-582,3,3,0.4,0.4,somewhat uncertain
AmbiStory,blind,topk_wrong,AmbiStory-test-583,2,2,1.4400000000000002,1.4400000000000002,not uncertain
AmbiStory,blind,topk_wrong,AmbiStory-test-584,2,2,0.8,0.8,highly uncertain
AmbiStory,blind,topk_wrong,AmbiStory-test-585,3,3,0.96,0.96,not uncertain
AmbiStory,blind,topk_wrong,AmbiStory-test-586,3,3,1.2,1.2,somewhat uncertain
AmbiStory,blind,topk_wrong,AmbiStory-test-587,2,2,0.64,0.64,highly uncertain
AmbiStory,blind,topk_wrong,AmbiStory-test-588,2,2,0.5599999999999999,0.5599999999999999,somewhat uncertain
AmbiStory,blind,topk_wrong,AmbiStory-test-589,4,4,1.36,1.36,somewhat uncertain
AmbiStory,blind,topk_wrong,AmbiStory-test-590,4,4,1.84,1.84,somewhat uncertain
AmbiStory,blind,topk_wrong,AmbiStory-test-591,5,5,0.24,0.24,somewhat uncertain
AmbiStory,blind,topk_wrong,AmbiStory-test-592,3,3,2.56,2.56,not uncertain
AmbiStory,blind,topk_wrong,AmbiStory-test-593,5,5,0.1599999999999999,0.1599999999999999,not uncertain
AmbiStory,blind,topk_wrong,AmbiStory-test-594,2,2,0.64,0.64,highly uncertain
AmbiStory,blind,topk_wrong,AmbiStory-test-595,4,4,2.4,2.4,somewhat uncertain
AmbiStory,blind,topk_wrong,AmbiStory-test-596,1,1,0.24,0.24,somewhat uncertain
AmbiStory,blind,topk_wrong,AmbiStory-test-597,3,3,2.0,2.0,somewhat uncertain
AmbiStory,blind,topk_wrong,AmbiStory-test-598,2,2,0.24,0.24,not uncertain
AmbiStory,blind,topk_wrong,AmbiStory-test-599,5,5,0.6399999999999999,0.6399999999999999,somewhat uncertain
AmbiStory,blind,topk_wrong,AmbiStory-test-600,5,5,0.1599999999999999,0.1599999999999999,somewhat uncertain
AmbiStory,blind,topk_wrong,AmbiStory-test-601,2,2,0.56,0.56,not uncertain
AmbiStory,blind,topk_wrong,AmbiStory-test-602,5,5,0.0,0.0,somewhat uncertain
AmbiStory,blind,topk_wrong,AmbiStory-test-603,3,3,2.2222222222222223,2.2222222222222223,somewhat uncertain
AmbiStory,blind,topk_wrong,AmbiStory-test-604,4,4,0.24,0.24,not uncertain
AmbiStory,blind,topk_wrong,AmbiStory-test-605,2,2,0.24,0.24,not uncertain
AmbiStory,blind,topk_wrong,AmbiStory-test-606,3,3,2.56,2.56,somewhat uncertain
AmbiStory,blind,topk_wrong,AmbiStory-test-607,3,3,1.8400000000000003,1.8400000000000003,highly uncertain
AmbiStory,blind,topk_wrong,AmbiStory-test-608,1,1,0.0,0.0,not uncertain
AmbiStory,blind,topk_wrong,AmbiStory-test-609,5,5,0.1599999999999999,0.1599999999999999,not uncertain
AmbiStory,blind,topk_wrong,AmbiStory-test-610,1,1,0.24,0.24,not uncertain
AmbiStory,blind,topk_wrong,AmbiStory-test-611,4,4,1.36,1.36,not uncertain
AmbiStory,blind,topk_wrong,AmbiStory-test-612,5,5,0.0,0.0,somewhat uncertain
AmbiStory,blind,topk_wrong,AmbiStory-test-613,2,2,2.16,2.16,somewhat uncertain
AmbiStory,blind,topk_wrong,AmbiStory-test-614,1,1,0.0,0.0,not uncertain
AmbiStory,blind,topk_wrong,AmbiStory-test-615,5,5,0.24,0.24,not uncertain
AmbiStory,blind,topk_wrong,AmbiStory-test-616,2,2,0.64,0.64,highly uncertain
AmbiStory,blind,topk_wrong,AmbiStory-test-617,5,5,0.24,0.24,not uncertain
AmbiStory,blind,topk_wrong,AmbiStory-test-618,4,4,2.24,2.24,somewhat uncertain
AmbiStory,blind,topk_wrong,AmbiStory-test-619,3,3,3.3599999999999994,3.3599999999999994,somewhat uncertain
AmbiStory,blind,topk_wrong,AmbiStory-test-620,2,2,0.24,0.24,not uncertain
AmbiStory,blind,topk_wrong,AmbiStory-test-621,5,5,0.24,0.24,somewhat uncertain
AmbiStory,blind,topk_wrong,AmbiStory-test-622,2,2,1.04,1.04,somewhat uncertain
AmbiStory,blind,topk_wrong,AmbiStory-test-623,5,5,0.0,0.0,somewhat uncertain
AmbiStory,blind,topk_wrong,AmbiStory-test-624,1,1,0.64,0.64,somewhat uncertain
AmbiStory,blind,topk_wrong,AmbiStory-test-625,3,3,2.56,2.56,somewhat uncertain
AmbiStory,blind,topk_wrong,AmbiStory-test-626,2,2,2.24,2.24,not uncertain
AmbiStory,blind,topk_wrong,AmbiStory-test-627,4,4,0.24,0.24,somewhat uncertain
AmbiStory,blind,topk_wrong,AmbiStory-test-628,3,3,0.64,0.64,not uncertain
AmbiStory,blind,topk_wrong,AmbiStory-test-629,5,5,0.24,0.24,somewhat uncertain
AmbiStory,blind,topk_wrong,AmbiStory-test-630,5,5,0.0,0.0,somewhat uncertain
AmbiStory,blind,topk_wrong,AmbiStory-test-631,1,1,0.24,0.24,not uncertain
AmbiStory,blind,topk_wrong,AmbiStory-test-632,5,5,0.0,0.0,not uncertain
AmbiStory,blind,topk_wrong,AmbiStory-test-633,1,1,0.0,0.0,not uncertain
AmbiStory,blind,topk_wrong,AmbiStory-test-634,5,5,0.0,0.0,somewhat uncertain
AmbiStory,blind,topk_wrong,AmbiStory-test-635,2,2,0.24,0.24,not uncertain
AmbiStory,blind,topk_wrong,AmbiStory-test-636,4,4,0.5599999999999999,0.5599999999999999,highly uncertain
AmbiStory,blind,topk_wrong,AmbiStory-test-637,2,2,1.2,1.2,highly uncertain
AmbiStory,blind,topk_wrong,AmbiStory-test-638,3,3,1.84,1.84,highly uncertain
AmbiStory,blind,topk_wrong,AmbiStory-test-639,3,3,2.64,2.64,highly uncertain
AmbiStory,blind,topk_wrong,AmbiStory-test-640,3,3,1.4400000000000002,1.4400000000000002,somewhat uncertain
AmbiStory,blind,topk_wrong,AmbiStory-test-641,2,2,2.1600000000000006,2.1600000000000006,highly uncertain
AmbiStory,blind,topk_wrong,AmbiStory-test-642,5,5,0.0,0.0,not uncertain
AmbiStory,blind,topk_wrong,AmbiStory-test-643,2,2,0.64,0.64,highly uncertain
AmbiStory,blind,topk_wrong,AmbiStory-test-644,5,5,0.24,0.24,somewhat uncertain
AmbiStory,blind,topk_wrong,AmbiStory-test-645,1,1,0.6400000000000002,0.6400000000000002,somewhat uncertain
AmbiStory,blind,topk_wrong,AmbiStory-test-646,5,5,0.0,0.0,somewhat uncertain
AmbiStory,blind,topk_wrong,AmbiStory-test-647,1,1,0.16,0.16,somewhat uncertain
AmbiStory,blind,topk_wrong,AmbiStory-test-648,2,2,0.96,0.96,somewhat uncertain
AmbiStory,blind,topk_wrong,AmbiStory-test-649,4,4,1.6,1.6,somewhat uncertain
AmbiStory,blind,topk_wrong,AmbiStory-test-650,1,1,0.16,0.16,not uncertain
AmbiStory,blind,topk_wrong,AmbiStory-test-651,5,5,0.0,0.0,not uncertain
AmbiStory,blind,topk_wrong,AmbiStory-test-652,3,3,1.6,1.6,somewhat uncertain
AmbiStory,blind,topk_wrong,AmbiStory-test-653,5,5,0.24,0.24,not uncertain
AmbiStory,blind,topk_wrong,AmbiStory-test-654,5,5,0.24,0.24,somewhat uncertain
AmbiStory,blind,topk_wrong,AmbiStory-test-655,2,2,0.64,0.64,highly uncertain
AmbiStory,blind,topk_wrong,AmbiStory-test-656,3,3,1.6,1.6,somewhat uncertain
AmbiStory,blind,topk_wrong,AmbiStory-test-657,3,3,2.64,2.64,somewhat uncertain
AmbiStory,blind,topk_wrong,AmbiStory-test-658,4,4,1.36,1.36,somewhat uncertain
AmbiStory,blind,topk_wrong,AmbiStory-test-659,4,4,0.5599999999999999,0.5599999999999999,highly uncertain
AmbiStory,blind,topk_wrong,AmbiStory-test-660,5,5,0.0,0.0,not uncertain
AmbiStory,blind,topk_wrong,AmbiStory-test-661,2,2,0.56,0.56,not uncertain
AmbiStory,blind,topk_wrong,AmbiStory-test-662,4,4,1.2,1.2,somewhat uncertain
AmbiStory,blind,topk_wrong,AmbiStory-test-663,4,4,1.6,1.6,somewhat uncertain
AmbiStory,blind,topk_wrong,AmbiStory-test-664,4,4,0.8,0.8,not uncertain
AmbiStory,blind,topk_wrong,AmbiStory-test-665,3,3,0.4,0.4,not uncertain
AmbiStory,blind,topk_wrong,AmbiStory-test-666,5,5,0.6399999999999999,0.6399999999999999,not uncertain
AmbiStory,blind,topk_wrong,AmbiStory-test-667,2,2,2.16,2.16,not uncertain
AmbiStory,blind,topk_wrong,AmbiStory-test-668,4,4,0.64,0.64,somewhat uncertain
AmbiStory,blind,topk_wrong,AmbiStory-test-669,2,2,1.8400000000000003,1.8400000000000003,not uncertain
AmbiStory,blind,topk_wrong,AmbiStory-test-670,5,5,0.1599999999999999,0.1599999999999999,not uncertain
AmbiStory,blind,topk_wrong,AmbiStory-test-671,1,1,0.0,0.0,highly uncertain
AmbiStory,blind,topk_wrong,AmbiStory-test-672,5,5,0.6399999999999999,0.6399999999999999,not uncertain
AmbiStory,blind,topk_wrong,AmbiStory-test-673,4,4,2.4,2.4,somewhat uncertain
AmbiStory,blind,topk_wrong,AmbiStory-test-674,5,5,0.1599999999999999,0.1599999999999999,somewhat uncertain
AmbiStory,blind,topk_wrong,AmbiStory-test-675,5,5,0.1599999999999999,0.1599999999999999,not uncertain
AmbiStory,blind,topk_wrong,AmbiStory-test-676,5,5,0.1599999999999999,0.1599999999999999,somewhat uncertain
AmbiStory,blind,topk_wrong,AmbiStory-test-677,5,5,0.0,0.0,not uncertain
AmbiStory,blind,topk_wrong,AmbiStory-test-678,3,3,1.4400000000000002,1.4400000000000002,somewhat uncertain
AmbiStory,blind,topk_wrong,AmbiStory-test-679,3,3,1.36,1.36,not uncertain
AmbiStory,blind,topk_wrong,AmbiStory-test-680,1,1,0.2222222222222222,0.2222222222222222,somewhat uncertain
AmbiStory,blind,topk_wrong,AmbiStory-test-681,3,3,3.8400000000000007,3.8400000000000007,not uncertain
AmbiStory,blind,topk_wrong,AmbiStory-test-682,3,3,0.96,0.96,somewhat uncertain
AmbiStory,blind,topk_wrong,AmbiStory-test-683,3,3,0.1599999999999999,0.1599999999999999,not uncertain
AmbiStory,blind,topk_wrong,AmbiStory-test-684,2,2,1.2,1.2,not uncertain
AmbiStory,blind,topk_wrong,AmbiStory-test-685,4,4,0.96,0.96,not uncertain
AmbiStory,blind,topk_wrong,AmbiStory-test-686,4,4,0.24,0.24,somewhat uncertain
AmbiStory,blind,topk_wrong,AmbiStory-test-687,3,3,1.84,1.84,not uncertain
AmbiStory,blind,topk_wrong,AmbiStory-test-688,2,2,1.0400000000000005,1.0400000000000005,somewhat uncertain
AmbiStory,blind,topk_wrong,AmbiStory-test-689,3,3,1.0400000000000005,1.0400000000000005,somewhat uncertain
AmbiStory,blind,topk_wrong,AmbiStory-test-690,3,3,0.8,0.8,not uncertain
AmbiStory,blind,topk_wrong,AmbiStory-test-691,4,4,0.96,0.96,somewhat uncertain
AmbiStory,blind,topk_wrong,AmbiStory-test-692,2,2,0.64,0.64,somewhat uncertain
AmbiStory,blind,topk_wrong,AmbiStory-test-693,5,5,0.0,0.0,somewhat uncertain
AmbiStory,blind,topk_wrong,AmbiStory-test-694,3,3,1.36,1.36,somewhat uncertain
AmbiStory,blind,topk_wrong,AmbiStory-test-695,3,3,2.24,2.24,somewhat uncertain
AmbiStory,blind,topk_wrong,AmbiStory-test-696,1,1,0.24,0.24,somewhat uncertain
AmbiStory,blind,topk_wrong,AmbiStory-test-697,2,2,0.4,0.4,somewhat uncertain
AmbiStory,blind,topk_wrong,AmbiStory-test-698,3,3,1.7600000000000002,1.7600000000000002,somewhat uncertain
AmbiStory,blind,topk_wrong,AmbiStory-test-699,4,4,1.6,1.6,somewhat uncertain
AmbiStory,blind,topk_wrong,AmbiStory-test-700,3,3,2.56,2.56,somewhat uncertain
AmbiStory,blind,topk_wrong,AmbiStory-test-701,2,2,0.56,0.56,somewhat uncertain
AmbiStory,blind,topk_wrong,AmbiStory-test-702,2,2,0.64,0.64,somewhat uncertain
AmbiStory,blind,topk_wrong,AmbiStory-test-703,2,2,1.8400000000000003,1.8400000000000003,somewhat uncertain
AmbiStory,blind,topk_wrong,AmbiStory-test-704,4,4,1.36,1.36,somewhat uncertain
AmbiStory,blind,topk_wrong,AmbiStory-test-705,4,4,0.8,0.8,somewhat uncertain
AmbiStory,blind,topk_wrong,AmbiStory-test-706,3,3,1.04,1.04,somewhat uncertain
AmbiStory,blind,topk_wrong,AmbiStory-test-707,3,3,1.84,1.84,somewhat uncertain
AmbiStory,blind,topk_wrong,AmbiStory-test-708,4,4,1.36,1.36,somewhat uncertain
AmbiStory,blind,topk_wrong,AmbiStory-test-709,2,2,2.1600000000000006,2.1600000000000006,not uncertain
AmbiStory,blind,topk_wrong,AmbiStory-test-710,2,2,0.24,0.24,somewhat uncertain
AmbiStory,blind,topk_wrong,AmbiStory-test-711,4,4,1.36,1.36,somewhat uncertain
AmbiStory,blind,topk_wrong,AmbiStory-test-712,3,3,1.2,1.2,somewhat uncertain
AmbiStory,blind,topk_wrong,AmbiStory-test-713,3,3,1.04,1.04,highly uncertain
AmbiStory,blind,topk_wrong,AmbiStory-test-714,4,4,0.5599999999999999,0.5599999999999999,not uncertain
AmbiStory,blind,topk_wrong,AmbiStory-test-715,3,3,1.84,1.84,somewhat uncertain
AmbiStory,blind,topk_wrong,AmbiStory-test-716,3,3,2.56,2.56,highly uncertain
AmbiStory,blind,topk_wrong,AmbiStory-test-717,3,3,2.56,2.56,somewhat uncertain
AmbiStory,blind,topk_wrong,AmbiStory-test-718,3,3,1.6,1.6,somewhat uncertain
AmbiStory,blind,topk_wrong,AmbiStory-test-719,2,2,0.96,0.96,not uncertain
AmbiStory,blind,topk_wrong,AmbiStory-test-720,4,4,1.04,1.04,somewhat uncertain
AmbiStory,blind,topk_wrong,AmbiStory-test-721,3,3,1.2,1.2,somewhat uncertain
AmbiStory,blind,topk_wrong,AmbiStory-test-722,5,5,0.24,0.24,somewhat uncertain
AmbiStory,blind,topk_wrong,AmbiStory-test-723,3,3,1.84,1.84,somewhat uncertain
AmbiStory,blind,topk_wrong,AmbiStory-test-724,4,4,2.16,2.16,somewhat uncertain
AmbiStory,blind,topk_wrong,AmbiStory-test-725,3,3,1.7600000000000002,1.7600000000000002,somewhat uncertain
AmbiStory,blind,topk_wrong,AmbiStory-test-726,5,5,0.0,0.0,not uncertain
AmbiStory,blind,topk_wrong,AmbiStory-test-727,2,2,2.16,2.16,somewhat uncertain
AmbiStory,blind,topk_wrong,AmbiStory-test-728,2,2,1.8400000000000003,1.8400000000000003,highly uncertain
AmbiStory,blind,topk_wrong,AmbiStory-test-729,4,4,1.0400000000000005,1.0400000000000005,not uncertain
AmbiStory,blind,topk_wrong,AmbiStory-test-730,4,4,0.5599999999999999,0.5599999999999999,somewhat uncertain
AmbiStory,blind,topk_wrong,AmbiStory-test-731,2,2,0.9600000000000002,0.9600000000000002,somewhat uncertain
AmbiStory,blind,topk_wrong,AmbiStory-test-732,4,4,1.36,1.36,not uncertain
AmbiStory,blind,topk_wrong,AmbiStory-test-733,2,2,0.96,0.96,somewhat uncertain
AmbiStory,blind,topk_wrong,AmbiStory-test-734,3,3,2.64,2.64,somewhat uncertain
AmbiStory,blind,topk_wrong,AmbiStory-test-735,4,4,1.84,1.84,somewhat uncertain
AmbiStory,blind,topk_wrong,AmbiStory-test-736,3,3,2.0,2.0,somewhat uncertain
AmbiStory,blind,topk_wrong,AmbiStory-test-737,4,4,0.1599999999999999,0.1599999999999999,somewhat uncertain
AmbiStory,blind,topk_wrong,AmbiStory-test-738,5,5,0.0,0.0,not uncertain
AmbiStory,blind,topk_wrong,AmbiStory-test-739,1,1,0.16,0.16,not uncertain
AmbiStory,blind,topk_wrong,AmbiStory-test-740,2,2,0.64,0.64,somewhat uncertain
AmbiStory,blind,topk_wrong,AmbiStory-test-741,5,5,0.0,0.0,somewhat uncertain
AmbiStory,blind,topk_wrong,AmbiStory-test-742,4,4,0.8,0.8,somewhat uncertain
AmbiStory,blind,topk_wrong,AmbiStory-test-743,2,2,0.4,0.4,somewhat uncertain
AmbiStory,blind,topk_wrong,AmbiStory-test-744,5,5,0.0,0.0,not uncertain
AmbiStory,blind,topk_wrong,AmbiStory-test-745,1,1,0.16,0.16,not uncertain
AmbiStory,blind,topk_wrong,AmbiStory-test-746,5,5,0.0,0.0,somewhat uncertain
AmbiStory,blind,topk_wrong,AmbiStory-test-747,1,1,0.0,0.0,not uncertain
AmbiStory,blind,topk_wrong,AmbiStory-test-748,5,5,0.24,0.24,not uncertain
AmbiStory,blind,topk_wrong,AmbiStory-test-749,1,1,0.16,0.16,not uncertain
AmbiStory,blind,topk_wrong,AmbiStory-test-750,2,2,0.96,0.96,not uncertain
AmbiStory,blind,topk_wrong,AmbiStory-test-751,4,4,0.96,0.96,not uncertain
AmbiStory,blind,topk_wrong,AmbiStory-test-752,1,1,0.0,0.0,not uncertain
AmbiStory,blind,topk_wrong,AmbiStory-test-753,5,5,0.0,0.0,not uncertain
AmbiStory,blind,topk_wrong,AmbiStory-test-754,2,2,1.2,1.2,not uncertain
AmbiStory,blind,topk_wrong,AmbiStory-test-755,4,4,0.6399999999999999,0.6399999999999999,not uncertain
AmbiStory,blind,topk_wrong,AmbiStory-test-756,5,5,0.24,0.24,somewhat uncertain
AmbiStory,blind,topk_wrong,AmbiStory-test-757,1,1,0.16,0.16,not uncertain
AmbiStory,blind,topk_wrong,AmbiStory-test-758,1,1,0.24,0.24,somewhat uncertain
AmbiStory,blind,topk_wrong,AmbiStory-test-759,5,5,0.24,0.24,somewhat uncertain
AmbiStory,blind,topk_wrong,AmbiStory-test-760,2,2,0.4,0.4,not uncertain
AmbiStory,blind,topk_wrong,AmbiStory-test-761,4,4,0.5599999999999999,0.5599999999999999,somewhat uncertain
AmbiStory,blind,topk_wrong,AmbiStory-test-762,4,4,1.36,1.36,somewhat uncertain
AmbiStory,blind,topk_wrong,AmbiStory-test-763,1,1,0.24,0.24,not uncertain
AmbiStory,blind,topk_wrong,AmbiStory-test-764,4,4,1.36,1.36,not uncertain
AmbiStory,blind,topk_wrong,AmbiStory-test-765,1,1,0.16,0.16,not uncertain
AmbiStory,blind,topk_wrong,AmbiStory-test-766,4,4,0.8,0.8,not uncertain
AmbiStory,blind,topk_wrong,AmbiStory-test-767,1,1,0.24,0.24,not uncertain
AmbiStory,blind,topk_wrong,AmbiStory-test-768,3,3,2.0,2.0,not uncertain
AmbiStory,blind,topk_wrong,AmbiStory-test-769,2,2,0.64,0.64,not uncertain
AmbiStory,blind,topk_wrong,AmbiStory-test-770,3,3,0.64,0.64,somewhat uncertain
AmbiStory,blind,topk_wrong,AmbiStory-test-771,5,5,0.6399999999999999,0.6399999999999999,not uncertain
AmbiStory,blind,topk_wrong,AmbiStory-test-772,3,3,0.5599999999999999,0.5599999999999999,not uncertain
AmbiStory,blind,topk_wrong,AmbiStory-test-773,4,4,0.64,0.64,somewhat uncertain
AmbiStory,blind,topk_wrong,AmbiStory-test-774,3,3,1.36,1.36,somewhat uncertain
AmbiStory,blind,topk_wrong,AmbiStory-test-775,2,2,1.4400000000000002,1.4400000000000002,somewhat uncertain
AmbiStory,blind,topk_wrong,AmbiStory-test-776,2,2,1.2,1.2,not uncertain
AmbiStory,blind,topk_wrong,AmbiStory-test-777,2,2,1.36,1.36,not uncertain
AmbiStory,blind,topk_wrong,AmbiStory-test-778,3,3,2.8,2.8,not uncertain
AmbiStory,blind,topk_wrong,AmbiStory-test-779,2,2,0.64,0.64,not uncertain
AmbiStory,blind,topk_wrong,AmbiStory-test-780,5,5,0.1599999999999999,0.1599999999999999,somewhat uncertain
AmbiStory,blind,topk_wrong,AmbiStory-test-781,1,1,0.16,0.16,highly uncertain
AmbiStory,blind,topk_wrong,AmbiStory-test-782,3,3,0.64,0.64,somewhat uncertain
AmbiStory,blind,topk_wrong,AmbiStory-test-783,5,5,0.0,0.0,somewhat uncertain
AmbiStory,blind,topk_wrong,AmbiStory-test-784,4,4,1.04,1.04,somewhat uncertain
AmbiStory,blind,topk_wrong,AmbiStory-test-785,3,3,0.64,0.64,somewhat uncertain
AmbiStory,blind,topk_wrong,AmbiStory-test-786,4,4,1.36,1.36,somewhat uncertain
AmbiStory,blind,topk_wrong,AmbiStory-test-787,4,4,2.16,2.16,not uncertain
AmbiStory,blind,topk_wrong,AmbiStory-test-788,2,2,2.5600000000000005,2.5600000000000005,somewhat uncertain
AmbiStory,blind,topk_wrong,AmbiStory-test-789,4,4,0.5599999999999999,0.5599999999999999,somewhat uncertain
AmbiStory,blind,topk_wrong,AmbiStory-test-790,1,1,0.16,0.16,somewhat uncertain
AmbiStory,blind,topk_wrong,AmbiStory-test-791,5,5,0.1599999999999999,0.1599999999999999,somewhat uncertain
AmbiStory,blind,topk_wrong,AmbiStory-test-792,3,3,2.56,2.56,highly uncertain
AmbiStory,blind,topk_wrong,AmbiStory-test-793,3,3,2.472222222222222,2.472222222222222,somewhat uncertain
AmbiStory,blind,topk_wrong,AmbiStory-test-794,2,2,0.24,0.24,somewhat uncertain
AmbiStory,blind,topk_wrong,AmbiStory-test-795,4,4,1.0400000000000005,1.0400000000000005,somewhat uncertain
AmbiStory,blind,topk_wrong,AmbiStory-test-796,2,2,2.24,2.24,somewhat uncertain
AmbiStory,blind,topk_wrong,AmbiStory-test-797,5,5,0.1599999999999999,0.1599999999999999,somewhat uncertain
AmbiStory,blind,topk_wrong,AmbiStory-test-798,2,2,0.56,0.56,somewhat uncertain
AmbiStory,blind,topk_wrong,AmbiStory-test-799,4,4,0.4,0.4,somewhat uncertain
AmbiStory,blind,topk_wrong,AmbiStory-test-800,2,2,0.56,0.56,somewhat uncertain
AmbiStory,blind,topk_wrong,AmbiStory-test-801,3,3,1.44,1.44,somewhat uncertain
AmbiStory,blind,topk_wrong,AmbiStory-test-802,2,2,0.96,0.96,not uncertain
AmbiStory,blind,topk_wrong,AmbiStory-test-803,3,3,1.0400000000000005,1.0400000000000005,somewhat uncertain
AmbiStory,blind,topk_wrong,AmbiStory-test-804,1,1,0.16,0.16,highly uncertain
AmbiStory,blind,topk_wrong,AmbiStory-test-805,4,4,0.5599999999999999,0.5599999999999999,somewhat uncertain
AmbiStory,blind,topk_wrong,AmbiStory-test-806,2,2,0.24,0.24,not uncertain
AmbiStory,blind,topk_wrong,AmbiStory-test-807,4,4,1.36,1.36,somewhat uncertain
AmbiStory,blind,topk_wrong,AmbiStory-test-808,2,2,0.24,0.24,not uncertain
AmbiStory,blind,topk_wrong,AmbiStory-test-809,4,4,0.8,0.8,somewhat uncertain
AmbiStory,blind,topk_wrong,AmbiStory-test-810,5,5,0.1599999999999999,0.1599999999999999,highly uncertain
AmbiStory,blind,topk_wrong,AmbiStory-test-811,2,2,2.5600000000000005,2.5600000000000005,somewhat uncertain
AmbiStory,blind,topk_wrong,AmbiStory-test-812,2,2,0.56,0.56,highly uncertain
AmbiStory,blind,topk_wrong,AmbiStory-test-813,4,4,1.44,1.44,somewhat uncertain
AmbiStory,blind,topk_wrong,AmbiStory-test-814,1,1,0.24,0.24,somewhat uncertain
AmbiStory,blind,topk_wrong,AmbiStory-test-815,5,5,0.1599999999999999,0.1599999999999999,somewhat uncertain
AmbiStory,blind,topk_wrong,AmbiStory-test-816,5,5,0.6399999999999999,0.6399999999999999,somewhat uncertain
AmbiStory,blind,topk_wrong,AmbiStory-test-817,3,3,1.7600000000000002,1.7600000000000002,not uncertain
AmbiStory,blind,topk_wrong,AmbiStory-test-818,3,3,2.16,2.16,somewhat uncertain
AmbiStory,blind,topk_wrong,AmbiStory-test-819,4,4,1.84,1.84,not uncertain
AmbiStory,blind,topk_wrong,AmbiStory-test-820,3,3,1.84,1.84,highly uncertain
AmbiStory,blind,topk_wrong,AmbiStory-test-821,4,4,0.96,0.96,not uncertain
AmbiStory,blind,topk_wrong,AmbiStory-test-822,2,2,0.64,0.64,somewhat uncertain
AmbiStory,blind,topk_wrong,AmbiStory-test-823,5,5,0.6399999999999999,0.6399999999999999,not uncertain
AmbiStory,blind,topk_wrong,AmbiStory-test-824,2,2,0.64,0.64,highly uncertain
AmbiStory,blind,topk_wrong,AmbiStory-test-825,5,5,0.1599999999999999,0.1599999999999999,somewhat uncertain
AmbiStory,blind,topk_wrong,AmbiStory-test-826,2,2,0.24,0.24,not uncertain
AmbiStory,blind,topk_wrong,AmbiStory-test-827,4,4,2.16,2.16,somewhat uncertain
AmbiStory,blind,topk_wrong,AmbiStory-test-828,4,4,1.6,1.6,somewhat uncertain
AmbiStory,blind,topk_wrong,AmbiStory-test-829,4,4,2.560000000000001,2.560000000000001,somewhat uncertain
AmbiStory,blind,topk_wrong,AmbiStory-test-830,4,4,0.96,0.96,not uncertain
AmbiStory,blind,topk_wrong,AmbiStory-test-831,3,3,2.64,2.64,somewhat uncertain
AmbiStory,blind,topk_wrong,AmbiStory-test-832,3,3,1.04,1.04,not uncertain
AmbiStory,blind,topk_wrong,AmbiStory-test-833,4,4,0.4,0.4,somewhat uncertain
AmbiStory,blind,topk_wrong,AmbiStory-test-834,2,2,0.4,0.4,somewhat uncertain
AmbiStory,blind,topk_wrong,AmbiStory-test-835,4,4,1.36,1.36,somewhat uncertain
AmbiStory,blind,topk_wrong,AmbiStory-test-836,3,3,2.16,2.16,somewhat uncertain
AmbiStory,blind,topk_wrong,AmbiStory-test-837,5,5,0.1599999999999999,0.1599999999999999,somewhat uncertain
AmbiStory,blind,topk_wrong,AmbiStory-test-838,3,3,2.64,2.64,somewhat uncertain
AmbiStory,blind,topk_wrong,AmbiStory-test-839,5,5,0.1599999999999999,0.1599999999999999,somewhat uncertain
AmbiStory,blind,topk_wrong,AmbiStory-test-840,3,3,1.44,1.44,not uncertain
AmbiStory,blind,topk_wrong,AmbiStory-test-841,4,4,0.64,0.64,somewhat uncertain
AmbiStory,blind,topk_wrong,AmbiStory-test-842,2,2,0.16,0.16,highly uncertain
AmbiStory,blind,topk_wrong,AmbiStory-test-843,4,4,0.64,0.64,somewhat uncertain
AmbiStory,blind,topk_wrong,AmbiStory-test-844,2,2,0.56,0.56,somewhat uncertain
AmbiStory,blind,topk_wrong,AmbiStory-test-845,3,3,1.6,1.6,somewhat uncertain
AmbiStory,blind,topk_wrong,AmbiStory-test-846,4,4,0.4,0.4,not uncertain
AmbiStory,blind,topk_wrong,AmbiStory-test-847,2,2,0.6400000000000002,0.6400000000000002,not uncertain
AmbiStory,blind,topk_wrong,AmbiStory-test-848,1,1,0.16,0.16,highly uncertain
AmbiStory,blind,topk_wrong,AmbiStory-test-849,5,5,0.24,0.24,somewhat uncertain
AmbiStory,blind,topk_wrong,AmbiStory-test-850,2,2,1.2,1.2,somewhat uncertain
AmbiStory,blind,topk_wrong,AmbiStory-test-851,4,4,0.4,0.4,somewhat uncertain
AmbiStory,blind,topk_wrong,AmbiStory-test-852,3,3,1.0400000000000005,1.0400000000000005,not uncertain
AmbiStory,blind,topk_wrong,AmbiStory-test-853,2,2,0.4,0.4,somewhat uncertain
AmbiStory,blind,topk_wrong,AmbiStory-test-854,2,2,1.84,1.84,somewhat uncertain
AmbiStory,blind,topk_wrong,AmbiStory-test-855,3,3,2.56,2.56,somewhat uncertain
AmbiStory,blind,topk_wrong,AmbiStory-test-856,3,3,1.04,1.04,not uncertain
AmbiStory,blind,topk_wrong,AmbiStory-test-857,2,2,1.36,1.36,not uncertain
AmbiStory,blind,topk_wrong,AmbiStory-test-858,4,4,1.44,1.44,somewhat uncertain
AmbiStory,blind,topk_wrong,AmbiStory-test-859,1,1,0.64,0.64,somewhat uncertain
AmbiStory,blind,topk_wrong,AmbiStory-test-860,3,3,0.64,0.64,highly uncertain
AmbiStory,blind,topk_wrong,AmbiStory-test-861,1,1,0.24,0.24,somewhat uncertain
AmbiStory,blind,topk_wrong,AmbiStory-test-862,3,3,2.8,2.8,somewhat uncertain
AmbiStory,blind,topk_wrong,AmbiStory-test-863,2,2,1.8400000000000003,1.8400000000000003,somewhat uncertain
AmbiStory,blind,topk_wrong,AmbiStory-test-864,1,1,0.24,0.24,not uncertain
AmbiStory,blind,topk_wrong,AmbiStory-test-865,5,5,0.0,0.0,not uncertain
AmbiStory,blind,topk_wrong,AmbiStory-test-866,1,1,0.16,0.16,not uncertain
AmbiStory,blind,topk_wrong,AmbiStory-test-867,5,5,0.24,0.24,not uncertain
AmbiStory,blind,topk_wrong,AmbiStory-test-868,1,1,0.16,0.16,not uncertain
AmbiStory,blind,topk_wrong,AmbiStory-test-869,5,5,0.24,0.24,somewhat uncertain
AmbiStory,blind,topk_wrong,AmbiStory-test-870,5,5,0.6399999999999999,0.6399999999999999,not uncertain
AmbiStory,blind,topk_wrong,AmbiStory-test-871,1,1,0.16,0.16,somewhat uncertain
AmbiStory,blind,topk_wrong,AmbiStory-test-872,3,3,0.1599999999999999,0.1599999999999999,somewhat uncertain
AmbiStory,blind,topk_wrong,AmbiStory-test-873,1,1,0.0,0.0,not uncertain
AmbiStory,blind,topk_wrong,AmbiStory-test-874,5,5,0.1599999999999999,0.1599999999999999,not uncertain
AmbiStory,blind,topk_wrong,AmbiStory-test-875,1,1,0.0,0.0,not uncertain
AmbiStory,blind,topk_wrong,AmbiStory-test-876,4,4,0.4,0.4,not uncertain
AmbiStory,blind,topk_wrong,AmbiStory-test-877,2,2,1.8400000000000003,1.8400000000000003,highly uncertain
AmbiStory,blind,topk_wrong,AmbiStory-test-878,3,3,2.16,2.16,not uncertain
AmbiStory,blind,topk_wrong,AmbiStory-test-879,2,2,1.44,1.44,not uncertain
AmbiStory,blind,topk_wrong,AmbiStory-test-880,4,4,0.96,0.96,not uncertain
AmbiStory,blind,topk_wrong,AmbiStory-test-881,2,2,1.84,1.84,highly uncertain
AmbiStory,blind,topk_wrong,AmbiStory-test-882,4,4,1.44,1.44,not uncertain
AmbiStory,blind,topk_wrong,AmbiStory-test-883,2,2,3.04,3.04,somewhat uncertain
AmbiStory,blind,topk_wrong,AmbiStory-test-884,5,5,0.1599999999999999,0.1599999999999999,somewhat uncertain
AmbiStory,blind,topk_wrong,AmbiStory-test-885,1,1,0.16,0.16,highly uncertain
AmbiStory,blind,topk_wrong,AmbiStory-test-886,5,5,0.6399999999999999,0.6399999999999999,somewhat uncertain
AmbiStory,blind,topk_wrong,AmbiStory-test-887,2,2,0.56,0.56,somewhat uncertain
AmbiStory,blind,topk_wrong,AmbiStory-test-888,5,5,0.0,0.0,not uncertain
AmbiStory,blind,topk_wrong,AmbiStory-test-889,2,2,0.64,0.64,highly uncertain
AmbiStory,blind,topk_wrong,AmbiStory-test-890,3,3,0.96,0.96,somewhat uncertain
AmbiStory,blind,topk_wrong,AmbiStory-test-891,3,3,0.24,0.24,not uncertain
AmbiStory,blind,topk_wrong,AmbiStory-test-892,4,4,0.8,0.8,not uncertain
AmbiStory,blind,topk_wrong,AmbiStory-test-893,3,3,1.36,1.36,not uncertain
AmbiStory,blind,topk_wrong,AmbiStory-test-894,3,3,0.5599999999999999,0.5599999999999999,not uncertain
AmbiStory,blind,topk_wrong,AmbiStory-test-895,2,2,0.8,0.8,somewhat uncertain
AmbiStory,blind,topk_wrong,AmbiStory-test-896,2,2,0.56,0.56,highly uncertain
AmbiStory,blind,topk_wrong,AmbiStory-test-897,4,4,1.0400000000000005,1.0400000000000005,somewhat uncertain
AmbiStory,blind,topk_wrong,AmbiStory-test-898,2,2,0.64,0.64,somewhat uncertain
AmbiStory,blind,topk_wrong,AmbiStory-test-899,3,3,0.96,0.96,somewhat uncertain
AmbiStory,blind,topk_wrong,AmbiStory-test-900,2,2,0.5599999999999999,0.5599999999999999,somewhat uncertain
AmbiStory,blind,topk_wrong,AmbiStory-test-901,5,5,0.1599999999999999,0.1599999999999999,somewhat uncertain
AmbiStory,blind,topk_wrong,AmbiStory-test-902,2,2,0.56,0.56,somewhat uncertain
AmbiStory,blind,topk_wrong,AmbiStory-test-903,5,5,0.1599999999999999,0.1599999999999999,somewhat uncertain
AmbiStory,blind,topk_wrong,AmbiStory-test-904,2,2,1.2,1.2,somewhat uncertain
AmbiStory,blind,topk_wrong,AmbiStory-test-905,4,4,0.0,0.0,somewhat uncertain
AmbiStory,blind,topk_wrong,AmbiStory-test-906,5,5,0.6399999999999999,0.6399999999999999,not uncertain
AmbiStory,blind,topk_wrong,AmbiStory-test-907,1,1,0.16,0.16,not uncertain
AmbiStory,blind,topk_wrong,AmbiStory-test-908,3,3,0.5599999999999999,0.5599999999999999,highly uncertain
AmbiStory,blind,topk_wrong,AmbiStory-test-909,3,3,1.6,1.6,somewhat uncertain
AmbiStory,blind,topk_wrong,AmbiStory-test-910,3,3,0.8,0.8,not uncertain
AmbiStory,blind,topk_wrong,AmbiStory-test-911,2,2,0.8,0.8,somewhat uncertain
AmbiStory,blind,topk_wrong,AmbiStory-test-912,3,3,0.96,0.96,somewhat uncertain
AmbiStory,blind,topk_wrong,AmbiStory-test-913,3,3,2.64,2.64,somewhat uncertain
AmbiStory,blind,topk_wrong,AmbiStory-test-914,2,2,2.4,2.4,not uncertain
AmbiStory,blind,topk_wrong,AmbiStory-test-915,4,4,0.64,0.64,somewhat uncertain
AmbiStory,blind,topk_wrong,AmbiStory-test-916,3,3,2.0,2.0,highly uncertain
AmbiStory,blind,topk_wrong,AmbiStory-test-917,5,5,0.1599999999999999,0.1599999999999999,somewhat uncertain
AmbiStory,blind,topk_wrong,AmbiStory-test-918,4,4,1.36,1.36,not uncertain
AmbiStory,blind,topk_wrong,AmbiStory-test-919,2,2,0.4,0.4,somewhat uncertain
AmbiStory,blind,topk_wrong,AmbiStory-test-920,5,5,0.6399999999999999,0.6399999999999999,somewhat uncertain
AmbiStory,blind,topk_wrong,AmbiStory-test-921,2,2,0.64,0.64,somewhat uncertain
AmbiStory,blind,topk_wrong,AmbiStory-test-922,4,4,0.96,0.96,somewhat uncertain
AmbiStory,blind,topk_wrong,AmbiStory-test-923,3,3,0.4,0.4,not uncertain
AmbiStory,blind,topk_wrong,AmbiStory-test-924,1,1,0.0,0.0,somewhat uncertain
AmbiStory,blind,topk_wrong,AmbiStory-test-925,4,4,1.2,1.2,not uncertain
AmbiStory,blind,topk_wrong,AmbiStory-test-926,1,1,0.16,0.16,not uncertain
AmbiStory,blind,topk_wrong,AmbiStory-test-927,3,3,2.222222222222222,2.222222222222222,highly uncertain
AmbiStory,blind,topk_wrong,AmbiStory-test-928,2,2,1.36,1.36,not uncertain
AmbiStory,blind,topk_wrong,AmbiStory-test-929,4,4,0.96,0.96,somewhat uncertain
AmbiStory,blind,pros_cons,AmbiStory-test-0,4,4,1.6,1.6,not uncertain
AmbiStory,blind,pros_cons,AmbiStory-test-1,2,2,1.2,1.2,not uncertain
AmbiStory,blind,pros_cons,AmbiStory-test-2,3,3,0.5599999999999999,0.5599999999999999,not uncertain
AmbiStory,blind,pros_cons,AmbiStory-test-3,3,3,1.44,1.44,not uncertain
AmbiStory,blind,pros_cons,AmbiStory-test-4,3,3,1.84,1.84,not uncertain
AmbiStory,blind,pros_cons,AmbiStory-test-5,2,2,0.56,0.56,somewhat uncertain
AmbiStory,blind,pros_cons,AmbiStory-test-6,3,3,0.96,0.96,somewhat uncertain
AmbiStory,blind,pros_cons,AmbiStory-test-7,4,4,1.36,1.36,not uncertain
AmbiStory,blind,pros_cons,AmbiStory-test-8,1,1,0.24,0.24,somewhat uncertain
AmbiStory,blind,pros_cons,AmbiStory-test-9,4,4,2.16,2.16,not uncertain
AmbiStory,blind,pros_cons,AmbiStory-test-10,1,1,0.24,0.24,somewhat uncertain
AmbiStory,blind,pros_cons,AmbiStory-test-11,5,5,0.1599999999999999,0.1599999999999999,not uncertain
AmbiStory,blind,pros_cons,AmbiStory-test-12,4,4,0.5599999999999999,0.5599999999999999,somewhat uncertain
AmbiStory,blind,pros_cons,AmbiStory-test-13,3,3,2.64,2.64,not uncertain
AmbiStory,blind,pros_cons,AmbiStory-test-14,1,1,0.24,0.24,not uncertain
AmbiStory,blind,pros_cons,AmbiStory-test-15,4,4,2.56,2.56,somewhat uncertain
AmbiStory,blind,pros_cons,AmbiStory-test-16,3,3,0.5599999999999999,0.5599999999999999,not uncertain
AmbiStory,blind,pros_cons,AmbiStory-test-17,4,4,0.64,0.64,not uncertain
AmbiStory,blind,pros_cons,AmbiStory-test-18,5,5,0.0,0.0,not uncertain
AmbiStory,blind,pros_cons,AmbiStory-test-19,3,3,2.64,2.64,not uncertain
AmbiStory,blind,pros_cons,AmbiStory-test-20,5,5,0.0,0.0,not uncertain
AmbiStory,blind,pros_cons,AmbiStory-test-21,3,3,0.96,0.96,somewhat uncertain
AmbiStory,blind,pros_cons,AmbiStory-test-22,5,5,0.1599999999999999,0.1599999999999999,not uncertain
AmbiStory,blind,pros_cons,AmbiStory-test-23,4,4,2.56,2.56,not uncertain
AmbiStory,blind,pros_cons,AmbiStory-test-24,5,5,0.0,0.0,not uncertain
AmbiStory,blind,pros_cons,AmbiStory-test-25,2,2,1.2,1.2,not uncertain
AmbiStory,blind,pros_cons,AmbiStory-test-26,4,4,0.96,0.96,somewhat uncertain
AmbiStory,blind,pros_cons,AmbiStory-test-27,2,2,0.56,0.56,somewhat uncertain
AmbiStory,blind,pros_cons,AmbiStory-test-28,4,4,0.6399999999999999,0.6399999999999999,somewhat uncertain
AmbiStory,blind,pros_cons,AmbiStory-test-29,2,2,0.64,0.64,not uncertain
AmbiStory,blind,pros_cons,AmbiStory-test-30,2,2,0.8,0.8,somewhat uncertain
AmbiStory,blind,pros_cons,AmbiStory-test-31,4,4,0.6399999999999999,0.6399999999999999,not uncertain
AmbiStory,blind,pros_cons,AmbiStory-test-32,3,3,2.24,2.24,somewhat uncertain
AmbiStory,blind,pros_cons,AmbiStory-test-33,4,4,0.1599999999999999,0.1599999999999999,not uncertain
AmbiStory,blind,pros_cons,AmbiStory-test-34,3,3,0.96,0.96,not uncertain
AmbiStory,blind,pros_cons,AmbiStory-test-35,4,4,0.96,0.96,not uncertain
AmbiStory,blind,pros_cons,AmbiStory-test-36,3,3,0.24,0.24,somewhat uncertain
AmbiStory,blind,pros_cons,AmbiStory-test-37,3,3,1.6,1.6,not uncertain
AmbiStory,blind,pros_cons,AmbiStory-test-38,2,2,1.84,1.84,somewhat uncertain
AmbiStory,blind,pros_cons,AmbiStory-test-39,4,4,1.44,1.44,not uncertain
AmbiStory,blind,pros_cons,AmbiStory-test-40,3,3,1.84,1.84,not uncertain
AmbiStory,blind,pros_cons,AmbiStory-test-41,4,4,1.36,1.36,somewhat uncertain
AmbiStory,blind,pros_cons,AmbiStory-test-42,2,2,0.1599999999999999,0.1599999999999999,somewhat uncertain
AmbiStory,blind,pros_cons,AmbiStory-test-43,4,4,0.4,0.4,somewhat uncertain
AmbiStory,blind,pros_cons,AmbiStory-test-44,3,3,2.24,2.24,somewhat uncertain
AmbiStory,blind,pros_cons,AmbiStory-test-45,4,4,1.0400000000000005,1.0400000000000005,somewhat uncertain
AmbiStory,blind,pros_cons,AmbiStory-test-46,3,3,0.96,0.96,not uncertain
AmbiStory,blind,pros_cons,AmbiStory-test-47,4,4,0.8,0.8,somewhat uncertain
AmbiStory,blind,pros_cons,AmbiStory-test-48,4,4,2.1600000000000006,2.1600000000000006,not uncertain
AmbiStory,blind,pros_cons,AmbiStory-test-49,2,2,2.24,2.24,somewhat uncertain
AmbiStory,blind,pros_cons,AmbiStory-test-50,2,2,0.24,0.24,not uncertain
AmbiStory,blind,pros_cons,AmbiStory-test-51,4,4,1.36,1.36,somewhat uncertain
AmbiStory,blind,pros_cons,AmbiStory-test-52,2,2,2.16,2.16,not uncertain
AmbiStory,blind,pros_cons,AmbiStory-test-53,5,5,0.24,0.24,not uncertain
AmbiStory,blind,pros_cons,AmbiStory-test-54,3,3,1.04,1.04,not uncertain
AmbiStory,blind,pros_cons,AmbiStory-test-55,3,3,0.96,0.96,not uncertain
AmbiStory,blind,pros_cons,AmbiStory-test-56,2,2,0.64,0.64,somewhat uncertain
AmbiStory,blind,pros_cons,AmbiStory-test-57,5,5,0.0,0.0,not uncertain
AmbiStory,blind,pros_cons,AmbiStory-test-58,2,2,1.36,1.36,not uncertain
AmbiStory,blind,pros_cons,AmbiStory-test-59,5,5,0.24,0.24,somewhat uncertain
AmbiStory,blind,pros_cons,AmbiStory-test-60,5,5,0.0,0.0,not uncertain
AmbiStory,blind,pros_cons,AmbiStory-test-61,1,1,0.0,0.0,not uncertain
AmbiStory,blind,pros_cons,AmbiStory-test-62,1,1,0.0,0.0,highly uncertain
AmbiStory,blind,pros_cons,AmbiStory-test-63,3,3,3.8400000000000007,3.8400000000000007,not uncertain
AmbiStory,blind,pros_cons,AmbiStory-test-64,4,4,2.56,2.56,not uncertain
AmbiStory,blind,pros_cons,AmbiStory-test-65,2,2,1.36,1.36,not uncertain
AmbiStory,blind,pros_cons,AmbiStory-test-66,3,3,2.16,2.16,somewhat uncertain
AmbiStory,blind,pros_cons,AmbiStory-test-67,2,2,0.56,0.56,not uncertain
AmbiStory,blind,pros_cons,AmbiStory-test-68,1,1,0.16,0.16,not uncertain
AmbiStory,blind,pros_cons,AmbiStory-test-69,5,5,0.0,0.0,not uncertain
AmbiStory,blind,pros_cons,AmbiStory-test-70,2,2,1.36,1.36,highly uncertain
AmbiStory,blind,pros_cons,AmbiStory-test-71,3,3,1.0400000000000005,1.0400000000000005,somewhat uncertain
AmbiStory,blind,pros_cons,AmbiStory-test-72,3,3,2.16,2.16,somewhat uncertain
AmbiStory,blind,pros_cons,AmbiStory-test-73,3,3,2.0,2.0,not uncertain
AmbiStory,blind,pros_cons,AmbiStory-test-74,2,2,1.4400000000000002,1.4400000000000002,somewhat uncertain
AmbiStory,blind,pros_cons,AmbiStory-test-75,4,4,1.36,1.36,somewhat uncertain
AmbiStory,blind,pros_cons,AmbiStory-test-76,3,3,1.4400000000000002,1.4400000000000002,not uncertain
AmbiStory,blind,pros_cons,AmbiStory-test-77,4,4,0.6399999999999999,0.6399999999999999,not uncertain
AmbiStory,blind,pros_cons,AmbiStory-test-78,4,4,1.6,1.6,highly uncertain
AmbiStory,blind,pros_cons,AmbiStory-test-79,2,2,0.96,0.96,not uncertain
AmbiStory,blind,pros_cons,AmbiStory-test-80,3,3,0.1599999999999999,0.1599999999999999,not uncertain
AmbiStory,blind,pros_cons,AmbiStory-test-81,4,4,0.24,0.24,somewhat uncertain
AmbiStory,blind,pros_cons,AmbiStory-test-82,2,2,0.8,0.8,somewhat uncertain
AmbiStory,blind,pros_cons,AmbiStory-test-83,4,4,1.2,1.2,not uncertain
AmbiStory,blind,pros_cons,AmbiStory-test-84,2,2,0.8,0.8,not uncertain
AmbiStory,blind,pros_cons,AmbiStory-test-85,5,5,0.6399999999999999,0.6399999999999999,somewhat uncertain
AmbiStory,blind,pros_cons,AmbiStory-test-86,2,2,0.16,0.16,not uncertain
AmbiStory,blind,pros_cons,AmbiStory-test-87,4,4,0.5599999999999999,0.5599999999999999,not uncertain
AmbiStory,blind,pros_cons,AmbiStory-test-88,2,2,0.4,0.4,somewhat uncertain
AmbiStory,blind,pros_cons,AmbiStory-test-89,4,4,0.5599999999999999,0.5599999999999999,not uncertain
AmbiStory,blind,pros_cons,AmbiStory-test-90,3,3,1.6,1.6,not uncertain
AmbiStory,blind,pros_cons,AmbiStory-test-91,3,3,2.16,2.16,not uncertain
AmbiStory,blind,pros_cons,AmbiStory-test-92,2,2,0.64,0.64,not uncertain
AmbiStory,blind,pros_cons,AmbiStory-test-93,4,4,0.5599999999999999,0.5599999999999999,somewhat uncertain
AmbiStory,blind,pros_cons,AmbiStory-test-94,1,1,0.16,0.16,somewhat uncertain
AmbiStory,blind,pros_cons,AmbiStory-test-95,4,4,0.96,0.96,not uncertain
AmbiStory,blind,pros_cons,AmbiStory-test-96,5,5,0.24,0.24,not uncertain
AmbiStory,blind,pros_cons,AmbiStory-test-97,3,3,2.472222222222222,2.472222222222222,somewhat uncertain
AmbiStory,blind,pros_cons,AmbiStory-test-98,4,4,0.5599999999999999,0.5599999999999999,not uncertain
AmbiStory,blind,pros_cons,AmbiStory-test-99,3,3,0.4,0.4,somewhat uncertain
AmbiStory,blind,pros_cons,AmbiStory-test-100,3,3,1.36,1.36,not uncertain
AmbiStory,blind,pros_cons,AmbiStory-test-101,4,4,1.4400000000000002,1.4400000000000002,somewhat uncertain
AmbiStory,blind,pros_cons,AmbiStory-test-102,4,4,0.96,0.96,somewhat uncertain
AmbiStory,blind,pros_cons,AmbiStory-test-103,1,1,0.16,0.16,somewhat uncertain
AmbiStory,blind,pros_cons,AmbiStory-test-104,2,2,0.24,0.24,not uncertain
AmbiStory,blind,pros_cons,AmbiStory-test-105,5,5,0.1599999999999999,0.1599999999999999,highly uncertain
AmbiStory,blind,pros_cons,AmbiStory-test-106,3,3,0.5599999999999999,0.5599999999999999,not uncertain
AmbiStory,blind,pros_cons,AmbiStory-test-107,3,3,2.24,2.24,not uncertain
AmbiStory,blind,pros_cons,AmbiStory-test-108,5,5,0.1599999999999999,0.1599999999999999,not uncertain
AmbiStory,blind,pros_cons,AmbiStory-test-109,1,1,0.0,0.0,not uncertain
AmbiStory,blind,pros_cons,AmbiStory-test-110,4,4,0.5599999999999999,0.5599999999999999,not uncertain
AmbiStory,blind,pros_cons,AmbiStory-test-111,1,1,0.24,0.24,not uncertain
AmbiStory,blind,pros_cons,AmbiStory-test-112,4,4,1.36,1.36,not uncertain
AmbiStory,blind,pros_cons,AmbiStory-test-113,1,1,0.16,0.16,not uncertain
AmbiStory,blind,pros_cons,AmbiStory-test-114,5,5,0.0,0.0,not uncertain
AmbiStory,blind,pros_cons,AmbiStory-test-115,2,2,2.5600000000000005,2.5600000000000005,not uncertain
AmbiStory,blind,pros_cons,AmbiStory-test-116,3,3,2.64,2.64,not uncertain
AmbiStory,blind,pros_cons,AmbiStory-test-117,3,3,3.2,3.2,somewhat uncertain
AmbiStory,blind,pros_cons,AmbiStory-test-118,5,5,0.1599999999999999,0.1599999999999999,not uncertain
AmbiStory,blind,pros_cons,AmbiStory-test-119,1,1,0.24,0.24,not uncertain
AmbiStory,blind,pros_cons,AmbiStory-test-120,4,4,0.4,0.4,not uncertain
AmbiStory,blind,pros_cons,AmbiStory-test-121,4,4,0.5599999999999999,0.5599999999999999,not uncertain
AmbiStory,blind,pros_cons,AmbiStory-test-122,4,4,0.64,0.64,not uncertain
AmbiStory,blind,pros_cons,AmbiStory-test-123,3,3,0.5599999999999999,0.5599999999999999,not uncertain
AmbiStory,blind,pros_cons,AmbiStory-test-124,3,3,1.8400000000000003,1.8400000000000003,not uncertain
AmbiStory,blind,pros_cons,AmbiStory-test-125,3,3,1.8400000000000003,1.8400000000000003,not uncertain
AmbiStory,blind,pros_cons,AmbiStory-test-126,3,3,0.888888888888889,0.888888888888889,not uncertain
AmbiStory,blind,pros_cons,AmbiStory-test-127,3,3,1.36,1.36,somewhat uncertain
AmbiStory,blind,pros_cons,AmbiStory-test-128,2,2,0.64,0.64,not uncertain
AmbiStory,blind,pros_cons,AmbiStory-test-129,3,3,2.56,2.56,not uncertain
AmbiStory,blind,pros_cons,AmbiStory-test-130,1,1,0.24,0.24,not uncertain
AmbiStory,blind,pros_cons,AmbiStory-test-131,3,3,2.16,2.16,not uncertain
AmbiStory,blind,pros_cons,AmbiStory-test-132,5,5,0.0,0.0,not uncertain
AmbiStory,blind,pros_cons,AmbiStory-test-133,1,1,0.24,0.24,somewhat uncertain
AmbiStory,blind,pros_cons,AmbiStory-test-134,3,3,1.84,1.84,not uncertain
AmbiStory,blind,pros_cons,AmbiStory-test-135,4,4,0.8,0.8,not uncertain
AmbiStory,blind,pros_cons,AmbiStory-test-136,3,3,2.64,2.64,not uncertain
AmbiStory,blind,pros_cons,AmbiStory-test-137,3,3,2.0,2.0,not uncertain
AmbiStory,blind,pros_cons,AmbiStory-test-138,5,5,0.24,0.24,not uncertain
AmbiStory,blind,pros_cons,AmbiStory-test-139,5,5,0.0,0.0,not uncertain
AmbiStory,blind,pros_cons,AmbiStory-test-140,5,5,0.0,0.0,not uncertain
AmbiStory,blind,pros_cons,AmbiStory-test-141,5,5,0.0,0.0,not uncertain
AmbiStory,blind,pros_cons,AmbiStory-test-142,4,4,1.36,1.36,highly uncertain
AmbiStory,blind,pros_cons,AmbiStory-test-143,5,5,0.0,0.0,not uncertain
AmbiStory,blind,pros_cons,AmbiStory-test-144,1,1,0.24,0.24,not uncertain
AmbiStory,blind,pros_cons,AmbiStory-test-145,5,5,0.1599999999999999,0.1599999999999999,not uncertain
AmbiStory,blind,pros_cons,AmbiStory-test-146,2,2,2.24,2.24,not uncertain
AmbiStory,blind,pros_cons,AmbiStory-test-147,5,5,0.1599999999999999,0.1599999999999999,not uncertain
AmbiStory,blind,pros_cons,AmbiStory-test-148,2,2,0.5599999999999999,0.5599999999999999,not uncertain
AmbiStory,blind,pros_cons,AmbiStory-test-149,4,4,1.44,1.44,not uncertain
AmbiStory,blind,pros_cons,AmbiStory-test-150,3,3,2.8,2.8,not uncertain
AmbiStory,blind,pros_cons,AmbiStory-test-151,3,3,2.8,2.8,not uncertain
AmbiStory,blind,pros_cons,AmbiStory-test-152,1,1,0.6400000000000002,0.6400000000000002,not uncertain
AmbiStory,blind,pros_cons,AmbiStory-test-153,4,4,1.84,1.84,not uncertain
AmbiStory,blind,pros_cons,AmbiStory-test-154,4,4,1.4400000000000002,1.4400000000000002,not uncertain
AmbiStory,blind,pros_cons,AmbiStory-test-155,3,3,1.8400000000000003,1.8400000000000003,not uncertain
AmbiStory,blind,pros_cons,AmbiStory-test-156,5,5,0.0,0.0,somewhat uncertain
AmbiStory,blind,pros_cons,AmbiStory-test-157,1,1,0.16,0.16,not uncertain
AmbiStory,blind,pros_cons,AmbiStory-test-158,3,3,1.36,1.36,not uncertain
AmbiStory,blind,pros_cons,AmbiStory-test-159,3,3,0.96,0.96,highly uncertain
AmbiStory,blind,pros_cons,AmbiStory-test-160,5,5,0.0,0.0,not uncertain
AmbiStory,blind,pros_cons,AmbiStory-test-161,2,2,0.9600000000000002,0.9600000000000002,not uncertain
AmbiStory,blind,pros_cons,AmbiStory-test-162,2,2,0.64,0.64,not uncertain
AmbiStory,blind,pros_cons,AmbiStory-test-163,4,4,0.5599999999999999,0.5599999999999999,not uncertain
AmbiStory,blind,pros_cons,AmbiStory-test-164,2,2,0.64,0.64,somewhat uncertain
AmbiStory,blind,pros_cons,AmbiStory-test-165,3,3,1.84,1.84,not uncertain
AmbiStory,blind,pros_cons,AmbiStory-test-166,2,2,0.24,0.24,not uncertain
AmbiStory,blind,pros_cons,AmbiStory-test-167,4,4,0.6399999999999999,0.6399999999999999,not uncertain
AmbiStory,blind,pros_cons,AmbiStory-test-168,5,5,0.1599999999999999,0.1599999999999999,not uncertain
AmbiStory,blind,pros_cons,AmbiStory-test-169,1,1,0.0,0.0,not uncertain
AmbiStory,blind,pros_cons,AmbiStory-test-170,5,5,0.0,0.0,not uncertain
AmbiStory,blind,pros_cons,AmbiStory-test-171,1,1,0.0,0.0,not uncertain
AmbiStory,blind,pros_cons,AmbiStory-test-172,5,5,0.24,0.24,not uncertain
AmbiStory,blind,pros_cons,AmbiStory-test-173,1,1,0.0,0.0,not uncertain
AmbiStory,blind,pros_cons,AmbiStory-test-174,5,5,0.6399999999999999,0.6399999999999999,not uncertain
AmbiStory,blind,pros_cons,AmbiStory-test-175,2,2,0.8,0.8,somewhat uncertain
AmbiStory,blind,pros_cons,AmbiStory-test-176,1,1,0.24,0.24,not uncertain
AmbiStory,blind,pros_cons,AmbiStory-test-177,4,4,2.1600000000000006,2.1600000000000006,not uncertain
AmbiStory,blind,pros_cons,AmbiStory-test-178,2,2,1.04,1.04,not uncertain
AmbiStory,blind,pros_cons,AmbiStory-test-179,4,4,0.5599999999999999,0.5599999999999999,highly uncertain
AmbiStory,blind,pros_cons,AmbiStory-test-180,4,4,0.6399999999999999,0.6399999999999999,not uncertain
AmbiStory,blind,pros_cons,AmbiStory-test-181,3,3,0.64,0.64,not uncertain
AmbiStory,blind,pros_cons,AmbiStory-test-182,2,2,0.64,0.64,somewhat uncertain
AmbiStory,blind,pros_cons,AmbiStory-test-183,3,3,1.84,1.84,not uncertain
AmbiStory,blind,pros_cons,AmbiStory-test-184,3,3,0.0,0.0,not uncertain
AmbiStory,blind,pros_cons,AmbiStory-test-185,3,3,1.2,1.2,somewhat uncertain
AmbiStory,blind,pros_cons,AmbiStory-test-186,3,3,1.84,1.84,not uncertain
AmbiStory,blind,pros_cons,AmbiStory-test-187,2,2,0.56,0.56,not uncertain
AmbiStory,blind,pros_cons,AmbiStory-test-188,1,1,0.16,0.16,not uncertain
AmbiStory,blind,pros_cons,AmbiStory-test-189,4,4,0.64,0.64,somewhat uncertain
AmbiStory,blind,pros_cons,AmbiStory-test-190,2,2,0.56,0.56,somewhat uncertain
AmbiStory,blind,pros_cons,AmbiStory-test-191,3,3,1.04,1.04,not uncertain
AmbiStory,blind,pros_cons,AmbiStory-test-192,5,5,0.1599999999999999,0.1599999999999999,not uncertain
AmbiStory,blind,pros_cons,AmbiStory-test-193,1,1,0.16,0.16,not uncertain
AmbiStory,blind,pros_cons,AmbiStory-test-194,3,3,0.64,0.64,not uncertain
AmbiStory,blind,pros_cons,AmbiStory-test-195,3,3,1.84,1.84,not uncertain
AmbiStory,blind,pros_cons,AmbiStory-test-196,4,4,0.5599999999999999,0.5599999999999999,not uncertain
AmbiStory,blind,pros_cons,AmbiStory-test-197,2,2,0.64,0.64,not uncertain
AmbiStory,blind,pros_cons,AmbiStory-test-198,5,5,0.24,0.24,not uncertain
AmbiStory,blind,pros_cons,AmbiStory-test-199,1,1,0.64,0.64,somewhat uncertain
AmbiStory,blind,pros_cons,AmbiStory-test-200,4,4,0.4,0.4,not uncertain
AmbiStory,blind,pros_cons,AmbiStory-test-201,2,2,1.2,1.2,somewhat uncertain
AmbiStory,blind,pros_cons,AmbiStory-test-202,5,5,0.1599999999999999,0.1599999999999999,somewhat uncertain
AmbiStory,blind,pros_cons,AmbiStory-test-203,2,2,0.64,0.64,somewhat uncertain
AmbiStory,blind,pros_cons,AmbiStory-test-204,5,5,0.24,0.24,not uncertain
AmbiStory,blind,pros_cons,AmbiStory-test-205,2,2,0.16,0.16,not uncertain
AmbiStory,blind,pros_cons,AmbiStory-test-206,4,4,0.24,0.24,not uncertain
AmbiStory,blind,pros_cons,AmbiStory-test-207,3,3,1.6,1.6,not uncertain
AmbiStory,blind,pros_cons,AmbiStory-test-208,4,4,0.8,0.8,somewhat uncertain
AmbiStory,blind,pros_cons,AmbiStory-test-209,2,2,0.24,0.24,not uncertain
AmbiStory,blind,pros_cons,AmbiStory-test-210,3,3,0.5599999999999999,0.5599999999999999,somewhat uncertain
AmbiStory,blind,pros_cons,AmbiStory-test-211,2,2,0.56,0.56,somewhat uncertain
AmbiStory,blind,pros_cons,AmbiStory-test-212,3,3,0.4,0.4,somewhat uncertain
AmbiStory,blind,pros_cons,AmbiStory-test-213,3,3,3.3600000000000003,3.3600000000000003,somewhat uncertain
AmbiStory,blind,pros_cons,AmbiStory-test-214,3,3,1.04,1.04,somewhat uncertain
AmbiStory,blind,pros_cons,AmbiStory-test-215,2,2,2.24,2.24,somewhat uncertain
AmbiStory,blind,pros_cons,AmbiStory-test-216,4,4,0.24,0.24,not uncertain
AmbiStory,blind,pros_cons,AmbiStory-test-217,1,1,0.6400000000000002,0.6400000000000002,not uncertain
AmbiStory,blind,pros_cons,AmbiStory-test-218,3,3,0.96,0.96,not uncertain
AmbiStory,blind,pros_cons,AmbiStory-test-219,3,3,3.3599999999999994,3.3599999999999994,somewhat uncertain
AmbiStory,blind,pros_cons,AmbiStory-test-220,3,3,1.805555555555556,1.805555555555556,somewhat uncertain
AmbiStory,blind,pros_cons,AmbiStory-test-221,3,3,1.36,1.36,not uncertain
AmbiStory,blind,pros_cons,AmbiStory-test-222,5,5,0.24,0.24,not uncertain
AmbiStory,blind,pros_cons,AmbiStory-test-223,3,3,2.64,2.64,not uncertain
AmbiStory,blind,pros_cons,AmbiStory-test-224,3,3,1.36,1.36,not uncertain
AmbiStory,blind,pros_cons,AmbiStory-test-225,4,4,0.6399999999999999,0.6399999999999999,somewhat uncertain
AmbiStory,blind,pros_cons,AmbiStory-test-226,3,3,1.2,1.2,not uncertain
AmbiStory,blind,pros_cons,AmbiStory-test-227,3,3,0.5599999999999999,0.5599999999999999,somewhat uncertain
AmbiStory,blind,pros_cons,AmbiStory-test-228,2,2,1.4400000000000002,1.4400000000000002,not uncertain
AmbiStory,blind,pros_cons,AmbiStory-test-229,3,3,1.04,1.04,not uncertain
AmbiStory,blind,pros_cons,AmbiStory-test-230,2,2,0.24,0.24,not uncertain
AmbiStory,blind,pros_cons,AmbiStory-test-231,4,4,1.0400000000000005,1.0400000000000005,not uncertain
AmbiStory,blind,pros_cons,AmbiStory-test-232,2,2,0.5599999999999999,0.5599999999999999,not uncertain
AmbiStory,blind,pros_cons,AmbiStory-test-233,4,4,1.36,1.36,not uncertain
AmbiStory,blind,pros_cons,AmbiStory-test-234,5,5,0.0,0.0,not uncertain
AmbiStory,blind,pros_cons,AmbiStory-test-235,4,4,1.36,1.36,not uncertain
AmbiStory,blind,pros_cons,AmbiStory-test-236,3,3,1.8400000000000003,1.8400000000000003,not uncertain
AmbiStory,blind,pros_cons,AmbiStory-test-237,4,4,0.24,0.24,not uncertain
AmbiStory,blind,pros_cons,AmbiStory-test-238,4,4,0.96,0.96,not uncertain
AmbiStory,blind,pros_cons,AmbiStory-test-239,4,4,0.24,0.24,not uncertain
AmbiStory,blind,pros_cons,AmbiStory-test-240,2,2,0.56,0.56,somewhat uncertain
AmbiStory,blind,pros_cons,AmbiStory-test-241,5,5,0.1599999999999999,0.1599999999999999,not uncertain
AmbiStory,blind,pros_cons,AmbiStory-test-242,1,1,0.24,0.24,not uncertain
AmbiStory,blind,pros_cons,AmbiStory-test-243,5,5,0.1599999999999999,0.1599999999999999,not uncertain
AmbiStory,blind,pros_cons,AmbiStory-test-244,2,2,2.24,2.24,not uncertain
AmbiStory,blind,pros_cons,AmbiStory-test-245,4,4,0.6399999999999999,0.6399999999999999,not uncertain
AmbiStory,blind,pros_cons,AmbiStory-test-246,5,5,0.1599999999999999,0.1599999999999999,not uncertain
AmbiStory,blind,pros_cons,AmbiStory-test-247,1,1,0.64,0.64,not uncertain
AmbiStory,blind,pros_cons,AmbiStory-test-248,5,5,0.1599999999999999,0.1599999999999999,not uncertain
AmbiStory,blind,pros_cons,AmbiStory-test-249,2,2,0.64,0.64,not uncertain
AmbiStory,blind,pros_cons,AmbiStory-test-250,5,5,0.24,0.24,not uncertain
AmbiStory,blind,pros_cons,AmbiStory-test-251,1,1,0.16,0.16,not uncertain
AmbiStory,blind,pros_cons,AmbiStory-test-252,4,4,0.6399999999999999,0.6399999999999999,somewhat uncertain
AmbiStory,blind,pros_cons,AmbiStory-test-253,3,3,1.2,1.2,not uncertain
AmbiStory,blind,pros_cons,AmbiStory-test-254,4,4,0.6399999999999999,0.6399999999999999,not uncertain
AmbiStory,blind,pros_cons,AmbiStory-test-255,2,2,2.24,2.24,somewhat uncertain
AmbiStory,blind,pros_cons,AmbiStory-test-256,4,4,0.5599999999999999,0.5599999999999999,not uncertain
AmbiStory,blind,pros_cons,AmbiStory-test-257,2,2,1.36,1.36,not uncertain
AmbiStory,blind,pros_cons,AmbiStory-test-258,3,3,1.44,1.44,not uncertain
AmbiStory,blind,pros_cons,AmbiStory-test-259,5,5,0.0,0.0,not uncertain
AmbiStory,blind,pros_cons,AmbiStory-test-260,2,2,0.64,0.64,not uncertain
AmbiStory,blind,pros_cons,AmbiStory-test-261,5,5,0.0,0.0,not uncertain
AmbiStory,blind,pros_cons,AmbiStory-test-262,4,4,1.44,1.44,not uncertain
AmbiStory,blind,pros_cons,AmbiStory-test-263,4,4,1.36,1.36,not uncertain
AmbiStory,blind,pros_cons,AmbiStory-test-264,3,3,3.2,3.2,not uncertain
AmbiStory,blind,pros_cons,AmbiStory-test-265,3,3,2.56,2.56,not uncertain
AmbiStory,blind,pros_cons,AmbiStory-test-266,1,1,0.16,0.16,not uncertain
AmbiStory,blind,pros_cons,AmbiStory-test-267,4,4,1.6,1.6,not uncertain
AmbiStory,blind,pros_cons,AmbiStory-test-268,3,3,2.56,2.56,not uncertain
AmbiStory,blind,pros_cons,AmbiStory-test-269,4,4,3.04,3.04,not uncertain
AmbiStory,blind,pros_cons,AmbiStory-test-270,5,5,0.24,0.24,highly uncertain
AmbiStory,blind,pros_cons,AmbiStory-test-271,2,2,0.64,0.64,somewhat uncertain
AmbiStory,blind,pros_cons,AmbiStory-test-272,2,2,0.8,0.8,not uncertain
AmbiStory,blind,pros_cons,AmbiStory-test-273,4,4,2.4,2.4,somewhat uncertain
AmbiStory,blind,pros_cons,AmbiStory-test-274,4,4,1.36,1.36,not uncertain
AmbiStory,blind,pros_cons,AmbiStory-test-275,3,3,1.36,1.36,somewhat uncertain
AmbiStory,blind,pros_cons,AmbiStory-test-276,2,2,0.64,0.64,not uncertain
AmbiStory,blind,pros_cons,AmbiStory-test-277,5,5,0.6399999999999999,0.6399999999999999,highly uncertain
AmbiStory,blind,pros_cons,AmbiStory-test-278,2,2,0.64,0.64,not uncertain
AmbiStory,blind,pros_cons,AmbiStory-test-279,5,5,0.0,0.0,not uncertain
AmbiStory,blind,pros_cons,AmbiStory-test-280,2,2,0.5599999999999999,0.5599999999999999,not uncertain
AmbiStory,blind,pros_cons,AmbiStory-test-281,4,4,0.64,0.64,not uncertain
AmbiStory,blind,pros_cons,AmbiStory-test-282,3,3,1.04,1.04,not uncertain
AmbiStory,blind,pros_cons,AmbiStory-test-283,4,4,2.56,2.56,not uncertain
AmbiStory,blind,pros_cons,AmbiStory-test-284,4,4,0.5599999999999999,0.5599999999999999,not uncertain
AmbiStory,blind,pros_cons,AmbiStory-test-285,4,4,2.4,2.4,not uncertain
AmbiStory,blind,pros_cons,AmbiStory-test-286,3,3,0.64,0.64,not uncertain
AmbiStory,blind,pros_cons,AmbiStory-test-287,4,4,0.64,0.64,not uncertain
AmbiStory,blind,pros_cons,AmbiStory-test-288,4,4,0.96,0.96,not uncertain
AmbiStory,blind,pros_cons,AmbiStory-test-289,4,4,0.5599999999999999,0.5599999999999999,not uncertain
AmbiStory,blind,pros_cons,AmbiStory-test-290,3,3,2.8,2.8,not uncertain
AmbiStory,blind,pros_cons,AmbiStory-test-291,4,4,0.8,0.8,not uncertain
AmbiStory,blind,pros_cons,AmbiStory-test-292,4,4,0.6399999999999999,0.6399999999999999,not uncertain
AmbiStory,blind,pros_cons,AmbiStory-test-293,4,4,2.16,2.16,highly uncertain
AmbiStory,blind,pros_cons,AmbiStory-test-294,3,3,1.7600000000000002,1.7600000000000002,not uncertain
AmbiStory,blind,pros_cons,AmbiStory-test-295,2,2,0.64,0.64,somewhat uncertain
AmbiStory,blind,pros_cons,AmbiStory-test-296,3,3,1.2,1.2,somewhat uncertain
AmbiStory,blind,pros_cons,AmbiStory-test-297,5,5,0.24,0.24,not uncertain
AmbiStory,blind,pros_cons,AmbiStory-test-298,2,2,0.56,0.56,somewhat uncertain
AmbiStory,blind,pros_cons,AmbiStory-test-299,4,4,1.8400000000000003,1.8400000000000003,not uncertain
AmbiStory,blind,pros_cons,AmbiStory-test-300,2,2,1.36,1.36,somewhat uncertain
AmbiStory,blind,pros_cons,AmbiStory-test-301,1,1,0.16,0.16,not uncertain
AmbiStory,blind,pros_cons,AmbiStory-test-302,3,3,0.64,0.64,somewhat uncertain
AmbiStory,blind,pros_cons,AmbiStory-test-303,2,2,1.3600000000000003,1.3600000000000003,not uncertain
AmbiStory,blind,pros_cons,AmbiStory-test-304,4,4,1.4400000000000002,1.4400000000000002,somewhat uncertain
AmbiStory,blind,pros_cons,AmbiStory-test-305,2,2,0.56,0.56,not uncertain
AmbiStory,blind,pros_cons,AmbiStory-test-306,5,5,0.0,0.0,not uncertain
AmbiStory,blind,pros_cons,AmbiStory-test-307,1,1,0.24,0.24,not uncertain
AmbiStory,blind,pros_cons,AmbiStory-test-308,4,4,2.56,2.56,somewhat uncertain
AmbiStory,blind,pros_cons,AmbiStory-test-309,2,2,0.9600000000000002,0.9600000000000002,somewhat uncertain
AmbiStory,blind,pros_cons,AmbiStory-test-310,4,4,0.64,0.64,not uncertain
AmbiStory,blind,pros_cons,AmbiStory-test-311,3,3,2.16,2.16,somewhat uncertain
AmbiStory,blind,pros_cons,AmbiStory-test-312,4,4,0.24,0.24,not uncertain
AmbiStory,blind,pros_cons,AmbiStory-test-313,3,3,3.8400000000000007,3.8400000000000007,somewhat uncertain
AmbiStory,blind,pros_cons,AmbiStory-test-314,4,4,1.36,1.36,not uncertain
AmbiStory,blind,pros_cons,AmbiStory-test-315,3,3,0.96,0.96,somewhat uncertain
AmbiStory,blind,pros_cons,AmbiStory-test-316,3,3,1.8400000000000003,1.8400000000000003,somewhat uncertain
AmbiStory,blind,pros_cons,AmbiStory-test-317,4,4,1.8400000000000003,1.8400000000000003,somewhat uncertain
AmbiStory,blind,pros_cons,AmbiStory-test-318,5,5,0.1599999999999999,0.1599999999999999,not uncertain
AmbiStory,blind,pros_cons,AmbiStory-test-319,1,1,0.16,0.16,not uncertain
AmbiStory,blind,pros_cons,AmbiStory-test-320,5,5,0.1599999999999999,0.1599999999999999,not uncertain
AmbiStory,blind,pros_cons,AmbiStory-test-321,1,1,0.0,0.0,not uncertain
AmbiStory,blind,pros_cons,AmbiStory-test-322,5,5,0.24,0.24,not uncertain
AmbiStory,blind,pros_cons,AmbiStory-test-323,1,1,0.16,0.16,not uncertain
AmbiStory,blind,pros_cons,AmbiStory-test-324,5,5,0.0,0.0,not uncertain
AmbiStory,blind,pros_cons,AmbiStory-test-325,1,1,0.0,0.0,not uncertain
AmbiStory,blind,pros_cons,AmbiStory-test-326,5,5,0.1599999999999999,0.1599999999999999,not uncertain
AmbiStory,blind,pros_cons,AmbiStory-test-327,2,2,0.9600000000000002,0.9600000000000002,not uncertain
AmbiStory,blind,pros_cons,AmbiStory-test-328,5,5,0.0,0.0,not uncertain
AmbiStory,blind,pros_cons,AmbiStory-test-329,2,2,2.1388888888888897,2.1388888888888897,somewhat uncertain
AmbiStory,blind,pros_cons,AmbiStory-test-330,4,4,0.5599999999999999,0.5599999999999999,somewhat uncertain
AmbiStory,blind,pros_cons,AmbiStory-test-331,3,3,2.56,2.56,highly uncertain
AmbiStory,blind,pros_cons,AmbiStory-test-332,1,1,0.0,0.0,not uncertain
AmbiStory,blind,pros_cons,AmbiStory-test-333,5,5,0.1599999999999999,0.1599999999999999,not uncertain
AmbiStory,blind,pros_cons,AmbiStory-test-334,1,1,0.16,0.16,not uncertain
AmbiStory,blind,pros_cons,AmbiStory-test-335,4,4,1.2,1.2,not uncertain
AmbiStory,blind,pros_cons,AmbiStory-test-336,5,5,0.1599999999999999,0.1599999999999999,not uncertain
AmbiStory,blind,pros_cons,AmbiStory-test-337,1,1,0.0,0.0,not uncertain
AmbiStory,blind,pros_cons,AmbiStory-test-338,2,2,0.24,0.24,not uncertain
AmbiStory,blind,pros_cons,AmbiStory-test-339,4,4,0.5599999999999999,0.5599999999999999,not uncertain
AmbiStory,blind,pros_cons,AmbiStory-test-340,5,5,0.24,0.24,not uncertain
AmbiStory,blind,pros_cons,AmbiStory-test-341,2,2,0.5599999999999999,0.5599999999999999,not uncertain
AmbiStory,blind,pros_cons,AmbiStory-test-342,5,5,0.0,0.0,not uncertain
AmbiStory,blind,pros_cons,AmbiStory-test-343,1,1,0.0,0.0,not uncertain
AmbiStory,blind,pros_cons,AmbiStory-test-344,5,5,0.1599999999999999,0.1599999999999999,not uncertain
AmbiStory,blind,pros_cons,AmbiStory-test-345,3,3,0.64,0.64,not uncertain
AmbiStory,blind,pros_cons,AmbiStory-test-346,4,4,2.56,2.56,not uncertain
AmbiStory,blind,pros_cons,AmbiStory-test-347,2,2,0.25,0.25,not uncertain
AmbiStory,blind,pros_cons,AmbiStory-test-348,4,4,2.560000000000001,2.560000000000001,somewhat uncertain
AmbiStory,blind,pros_cons,AmbiStory-test-349,2,2,2.560000000000001,2.560000000000001,not uncertain
AmbiStory,blind,pros_cons,AmbiStory-test-350,2,2,2.16,2.16,somewhat uncertain
AmbiStory,blind,pros_cons,AmbiStory-test-351,2,2,1.04,1.04,somewhat uncertain
AmbiStory,blind,pros_cons,AmbiStory-test-352,2,2,0.56,0.56,somewhat uncertain
AmbiStory,blind,pros_cons,AmbiStory-test-353,1,1,0.16,0.16,not uncertain
AmbiStory,blind,pros_cons,AmbiStory-test-354,5,5,0.0,0.0,not uncertain
AmbiStory,blind,pros_cons,AmbiStory-test-355,1,1,0.0,0.0,not uncertain
AmbiStory,blind,pros_cons,AmbiStory-test-356,5,5,0.0,0.0,not uncertain
AmbiStory,blind,pros_cons,AmbiStory-test-357,1,1,0.0,0.0,not uncertain
AmbiStory,blind,pros_cons,AmbiStory-test-358,5,5,0.0,0.0,not uncertain
AmbiStory,blind,pros_cons,AmbiStory-test-359,2,2,0.56,0.56,not uncertain
AmbiStory,blind,pros_cons,AmbiStory-test-360,5,5,0.1599999999999999,0.1599999999999999,not uncertain
AmbiStory,blind,pros_cons,AmbiStory-test-361,1,1,0.24,0.24,not uncertain
AmbiStory,blind,pros_cons,AmbiStory-test-362,4,4,2.56,2.56,not uncertain
AmbiStory,blind,pros_cons,AmbiStory-test-363,1,1,0.0,0.0,not uncertain
AmbiStory,blind,pros_cons,AmbiStory-test-364,2,2,0.96,0.96,not uncertain
AmbiStory,blind,pros_cons,AmbiStory-test-365,3,3,1.6,1.6,not uncertain
AmbiStory,blind,pros_cons,AmbiStory-test-366,3,3,1.4400000000000002,1.4400000000000002,not uncertain
AmbiStory,blind,pros_cons,AmbiStory-test-367,2,2,0.16,0.16,not uncertain
AmbiStory,blind,pros_cons,AmbiStory-test-368,2,2,0.5599999999999999,0.5599999999999999,not uncertain
AmbiStory,blind,pros_cons,AmbiStory-test-369,4,4,2.24,2.24,not uncertain
AmbiStory,blind,pros_cons,AmbiStory-test-370,2,2,0.56,0.56,not uncertain
AmbiStory,blind,pros_cons,AmbiStory-test-371,2,2,2.24,2.24,somewhat uncertain
AmbiStory,blind,pros_cons,AmbiStory-test-372,4,4,0.64,0.64,not uncertain
AmbiStory,blind,pros_cons,AmbiStory-test-373,2,2,0.56,0.56,not uncertain
AmbiStory,blind,pros_cons,AmbiStory-test-374,5,5,0.24,0.24,not uncertain
AmbiStory,blind,pros_cons,AmbiStory-test-375,1,1,0.0,0.0,not uncertain
AmbiStory,blind,pros_cons,AmbiStory-test-376,5,5,0.24,0.24,not uncertain
AmbiStory,blind,pros_cons,AmbiStory-test-377,2,2,0.56,0.56,not uncertain
AmbiStory,blind,pros_cons,AmbiStory-test-378,4,4,2.56,2.56,not uncertain
AmbiStory,blind,pros_cons,AmbiStory-test-379,1,1,0.64,0.64,not uncertain
AmbiStory,blind,pros_cons,AmbiStory-test-380,1,1,0.0,0.0,somewhat uncertain
AmbiStory,blind,pros_cons,AmbiStory-test-381,5,5,0.24,0.24,somewhat uncertain
AmbiStory,blind,pros_cons,AmbiStory-test-382,3,3,2.56,2.56,not uncertain
AmbiStory,blind,pros_cons,AmbiStory-test-383,4,4,0.24,0.24,highly uncertain
AmbiStory,blind,pros_cons,AmbiStory-test-384,5,5,0.0,0.0,not uncertain
AmbiStory,blind,pros_cons,AmbiStory-test-385,1,1,0.16,0.16,not uncertain
AmbiStory,blind,pros_cons,AmbiStory-test-386,3,3,2.16,2.16,not uncertain
AmbiStory,blind,pros_cons,AmbiStory-test-387,2,2,1.36,1.36,not uncertain
AmbiStory,blind,pros_cons,AmbiStory-test-388,4,4,0.96,0.96,not uncertain
AmbiStory,blind,pros_cons,AmbiStory-test-389,2,2,1.6,1.6,not uncertain
AmbiStory,blind,pros_cons,AmbiStory-test-390,5,5,0.1599999999999999,0.1599999999999999,not uncertain
AmbiStory,blind,pros_cons,AmbiStory-test-391,1,1,0.16,0.16,not uncertain
AmbiStory,blind,pros_cons,AmbiStory-test-392,4,4,0.64,0.64,somewhat uncertain
AmbiStory,blind,pros_cons,AmbiStory-test-393,3,3,1.36,1.36,somewhat uncertain
AmbiStory,blind,pros_cons,AmbiStory-test-394,4,4,2.24,2.24,not uncertain
AmbiStory,blind,pros_cons,AmbiStory-test-395,2,2,0.8,0.8,not uncertain
AmbiStory,blind,pros_cons,AmbiStory-test-396,5,5,0.0,0.0,not uncertain
AmbiStory,blind,pros_cons,AmbiStory-test-397,1,1,0.24,0.24,not uncertain
AmbiStory,blind,pros_cons,AmbiStory-test-398,4,4,0.5599999999999999,0.5599999999999999,not uncertain
AmbiStory,blind,pros_cons,AmbiStory-test-399,3,3,0.1599999999999999,0.1599999999999999,not uncertain
AmbiStory,blind,pros_cons,AmbiStory-test-400,5,5,0.1599999999999999,0.1599999999999999,not uncertain
AmbiStory,blind,pros_cons,AmbiStory-test-401,1,1,0.24,0.24,not uncertain
AmbiStory,blind,pros_cons,AmbiStory-test-402,4,4,0.5599999999999999,0.5599999999999999,not uncertain
AmbiStory,blind,pros_cons,AmbiStory-test-403,2,2,0.4,0.4,not uncertain
AmbiStory,blind,pros_cons,AmbiStory-test-404,4,4,0.5599999999999999,0.5599999999999999,not uncertain
AmbiStory,blind,pros_cons,AmbiStory-test-405,2,2,0.4,0.4,not uncertain
AmbiStory,blind,pros_cons,AmbiStory-test-406,4,4,0.24,0.24,highly uncertain
AmbiStory,blind,pros_cons,AmbiStory-test-407,2,2,1.36,1.36,somewhat uncertain
AmbiStory,blind,pros_cons,AmbiStory-test-408,4,4,1.44,1.44,not uncertain
AmbiStory,blind,pros_cons,AmbiStory-test-409,1,1,0.0,0.0,not uncertain
AmbiStory,blind,pros_cons,AmbiStory-test-410,4,4,1.36,1.36,not uncertain
AmbiStory,blind,pros_cons,AmbiStory-test-411,2,2,1.04,1.04,somewhat uncertain
AmbiStory,blind,pros_cons,AmbiStory-test-412,4,4,0.96,0.96,not uncertain
AmbiStory,blind,pros_cons,AmbiStory-test-413,1,1,0.64,0.64,not uncertain
AmbiStory,blind,pros_cons,AmbiStory-test-414,5,5,0.0,0.0,not uncertain
AmbiStory,blind,pros_cons,AmbiStory-test-415,1,1,0.24,0.24,not uncertain
AmbiStory,blind,pros_cons,AmbiStory-test-416,5,5,0.1599999999999999,0.1599999999999999,not uncertain
AmbiStory,blind,pros_cons,AmbiStory-test-417,2,2,0.64,0.64,not uncertain
AmbiStory,blind,pros_cons,AmbiStory-test-418,5,5,0.1599999999999999,0.1599999999999999,not uncertain
AmbiStory,blind,pros_cons,AmbiStory-test-419,2,2,2.24,2.24,not uncertain
AmbiStory,blind,pros_cons,AmbiStory-test-420,3,3,2.2222222222222228,2.2222222222222228,not uncertain
AmbiStory,blind,pros_cons,AmbiStory-test-421,3,3,1.4400000000000002,1.4400000000000002,somewhat uncertain
AmbiStory,blind,pros_cons,AmbiStory-test-422,3,3,2.24,2.24,somewhat uncertain
AmbiStory,blind,pros_cons,AmbiStory-test-423,3,3,2.0,2.0,somewhat uncertain
AmbiStory,blind,pros_cons,AmbiStory-test-424,3,3,0.4,0.4,somewhat uncertain
AmbiStory,blind,pros_cons,AmbiStory-test-425,3,3,1.04,1.04,somewhat uncertain
AmbiStory,blind,pros_cons,AmbiStory-test-426,3,3,0.64,0.64,somewhat uncertain
AmbiStory,blind,pros_cons,AmbiStory-test-427,3,3,1.36,1.36,somewhat uncertain
AmbiStory,blind,pros_cons,AmbiStory-test-428,4,4,0.6399999999999999,0.6399999999999999,somewhat uncertain
AmbiStory,blind,pros_cons,AmbiStory-test-429,2,2,0.4,0.4,not uncertain
AmbiStory,blind,pros_cons,AmbiStory-test-430,4,4,1.6,1.6,somewhat uncertain
AmbiStory,blind,pros_cons,AmbiStory-test-431,2,2,0.16,0.16,somewhat uncertain
AmbiStory,blind,pros_cons,AmbiStory-test-432,4,4,1.44,1.44,not uncertain
AmbiStory,blind,pros_cons,AmbiStory-test-433,1,1,0.24,0.24,somewhat uncertain
AmbiStory,blind,pros_cons,AmbiStory-test-434,5,5,0.24,0.24,somewhat uncertain
AmbiStory,blind,pros_cons,AmbiStory-test-435,1,1,0.64,0.64,somewhat uncertain
AmbiStory,blind,pros_cons,AmbiStory-test-436,4,4,1.36,1.36,not uncertain
AmbiStory,blind,pros_cons,AmbiStory-test-437,1,1,0.0,0.0,not uncertain
AmbiStory,blind,pros_cons,AmbiStory-test-438,5,5,0.1599999999999999,0.1599999999999999,somewhat uncertain
AmbiStory,blind,pros_cons,AmbiStory-test-439,2,2,2.24,2.24,not uncertain
AmbiStory,blind,pros_cons,AmbiStory-test-440,3,3,1.36,1.36,not uncertain
AmbiStory,blind,pros_cons,AmbiStory-test-441,3,3,1.84,1.84,somewhat uncertain
AmbiStory,blind,pros_cons,AmbiStory-test-442,4,4,0.5599999999999999,0.5599999999999999,not uncertain
AmbiStory,blind,pros_cons,AmbiStory-test-443,3,3,2.64,2.64,somewhat uncertain
AmbiStory,blind,pros_cons,AmbiStory-test-444,4,4,1.36,1.36,not uncertain
AmbiStory,blind,pros_cons,AmbiStory-test-445,2,2,1.36,1.36,somewhat uncertain
AmbiStory,blind,pros_cons,AmbiStory-test-446,3,3,1.36,1.36,somewhat uncertain
AmbiStory,blind,pros_cons,AmbiStory-test-447,4,4,1.36,1.36,not uncertain
AmbiStory,blind,pros_cons,AmbiStory-test-448,4,4,0.24,0.24,somewhat uncertain
AmbiStory,blind,pros_cons,AmbiStory-test-449,2,2,0.8,0.8,not uncertain
AmbiStory,blind,pros_cons,AmbiStory-test-450,4,4,0.5599999999999999,0.5599999999999999,somewhat uncertain
AmbiStory,blind,pros_cons,AmbiStory-test-451,2,2,0.9600000000000002,0.9600000000000002,not uncertain
AmbiStory,blind,pros_cons,AmbiStory-test-452,2,2,0.24,0.24,not uncertain
AmbiStory,blind,pros_cons,AmbiStory-test-453,5,5,0.1599999999999999,0.1599999999999999,not uncertain
AmbiStory,blind,pros_cons,AmbiStory-test-454,3,3,2.24,2.24,somewhat uncertain
AmbiStory,blind,pros_cons,AmbiStory-test-455,3,3,0.64,0.64,somewhat uncertain
AmbiStory,blind,pros_cons,AmbiStory-test-456,4,4,1.36,1.36,not uncertain
AmbiStory,blind,pros_cons,AmbiStory-test-457,3,3,1.04,1.04,not uncertain
AmbiStory,blind,pros_cons,AmbiStory-test-458,3,3,1.36,1.36,somewhat uncertain
AmbiStory,blind,pros_cons,AmbiStory-test-459,4,4,0.4,0.4,not uncertain
AmbiStory,blind,pros_cons,AmbiStory-test-460,3,3,1.7600000000000002,1.7600000000000002,not uncertain
AmbiStory,blind,pros_cons,AmbiStory-test-461,3,3,1.5555555555555556,1.5555555555555556,somewhat uncertain
AmbiStory,blind,pros_cons,AmbiStory-test-462,2,2,3.04,3.04,somewhat uncertain
AmbiStory,blind,pros_cons,AmbiStory-test-463,5,5,0.0,0.0,not uncertain
AmbiStory,blind,pros_cons,AmbiStory-test-464,2,2,0.8,0.8,not uncertain
AmbiStory,blind,pros_cons,AmbiStory-test-465,5,5,0.6399999999999999,0.6399999999999999,not uncertain
AmbiStory,blind,pros_cons,AmbiStory-test-466,3,3,0.8,0.8,not uncertain
AmbiStory,blind,pros_cons,AmbiStory-test-467,3,3,1.84,1.84,somewhat uncertain
AmbiStory,blind,pros_cons,AmbiStory-test-468,5,5,0.1599999999999999,0.1599999999999999,not uncertain
AmbiStory,blind,pros_cons,AmbiStory-test-469,5,5,0.1599999999999999,0.1599999999999999,not uncertain
AmbiStory,blind,pros_cons,AmbiStory-test-470,5,5,0.6399999999999999,0.6399999999999999,not uncertain
AmbiStory,blind,pros_cons,AmbiStory-test-471,4,4,1.36,1.36,highly uncertain
AmbiStory,blind,pros_cons,AmbiStory-test-472,4,4,1.0400000000000005,1.0400000000000005,not uncertain
AmbiStory,blind,pros_cons,AmbiStory-test-473,4,4,1.44,1.44,not uncertain
AmbiStory,blind,pros_cons,AmbiStory-test-474,5,5,0.0,0.0,not uncertain
AmbiStory,blind,pros_cons,AmbiStory-test-475,3,3,2.64,2.64,not uncertain
AmbiStory,blind,pros_cons,AmbiStory-test-476,4,4,0.64,0.64,not uncertain
AmbiStory,blind,pros_cons,AmbiStory-test-477,3,3,2.16,2.16,not uncertain
AmbiStory,blind,pros_cons,AmbiStory-test-478,4,4,0.5599999999999999,0.5599999999999999,not uncertain
AmbiStory,blind,pros_cons,AmbiStory-test-479,3,3,2.0,2.0,not uncertain
AmbiStory,blind,pros_cons,AmbiStory-test-480,5,5,0.0,0.0,not uncertain
AmbiStory,blind,pros_cons,AmbiStory-test-481,2,2,0.64,0.64,not uncertain
AmbiStory,blind,pros_cons,AmbiStory-test-482,2,2,2.1600000000000006,2.1600000000000006,not uncertain
AmbiStory,blind,pros_cons,AmbiStory-test-483,4,4,0.5599999999999999,0.5599999999999999,highly uncertain
AmbiStory,blind,pros_cons,AmbiStory-test-484,4,4,1.36,1.36,somewhat uncertain
AmbiStory,blind,pros_cons,AmbiStory-test-485,3,3,1.84,1.84,somewhat uncertain
AmbiStory,blind,pros_cons,AmbiStory-test-486,2,2,0.64,0.64,not uncertain
AmbiStory,blind,pros_cons,AmbiStory-test-487,4,4,0.8,0.8,not uncertain
AmbiStory,blind,pros_cons,AmbiStory-test-488,1,1,0.0,0.0,not uncertain
AmbiStory,blind,pros_cons,AmbiStory-test-489,5,5,0.0,0.0,not uncertain
AmbiStory,blind,pros_cons,AmbiStory-test-490,1,1,0.24,0.24,not uncertain
AmbiStory,blind,pros_cons,AmbiStory-test-491,5,5,0.1599999999999999,0.1599999999999999,not uncertain
AmbiStory,blind,pros_cons,AmbiStory-test-492,5,5,0.0,0.0,not uncertain
AmbiStory,blind,pros_cons,AmbiStory-test-493,3,3,2.64,2.64,somewhat uncertain
AmbiStory,blind,pros_cons,AmbiStory-test-494,4,4,2.56,2.56,not uncertain
AmbiStory,blind,pros_cons,AmbiStory-test-495,3,3,1.7600000000000002,1.7600000000000002,somewhat uncertain
AmbiStory,blind,pros_cons,AmbiStory-test-496,4,4,1.36,1.36,not uncertain
AmbiStory,blind,pros_cons,AmbiStory-test-497,2,2,0.56,0.56,not uncertain
AmbiStory,blind,pros_cons,AmbiStory-test-498,4,4,0.5599999999999999,0.5599999999999999,somewhat uncertain
AmbiStory,blind,pros_cons,AmbiStory-test-499,2,2,1.2,1.2,not uncertain
AmbiStory,blind,pros_cons,AmbiStory-test-500,1,1,0.24,0.24,not uncertain
AmbiStory,blind,pros_cons,AmbiStory-test-501,4,4,0.96,0.96,not uncertain
AmbiStory,blind,pros_cons,AmbiStory-test-502,3,3,1.0400000000000005,1.0400000000000005,not uncertain
AmbiStory,blind,pros_cons,AmbiStory-test-503,3,3,1.8400000000000003,1.8400000000000003,not uncertain
AmbiStory,blind,pros_cons,AmbiStory-test-504,5,5,0.6399999999999999,0.6399999999999999,not uncertain
AmbiStory,blind,pros_cons,AmbiStory-test-505,1,1,0.0,0.0,not uncertain
AmbiStory,blind,pros_cons,AmbiStory-test-506,3,3,1.0400000000000005,1.0400000000000005,not uncertain
AmbiStory,blind,pros_cons,AmbiStory-test-507,3,3,1.6,1.6,not uncertain
AmbiStory,blind,pros_cons,AmbiStory-test-508,3,3,1.36,1.36,not uncertain
AmbiStory,blind,pros_cons,AmbiStory-test-509,2,2,2.2222222222222223,2.2222222222222223,not uncertain
AmbiStory,blind,pros_cons,AmbiStory-test-510,3,3,1.36,1.36,somewhat uncertain
AmbiStory,blind,pros_cons,AmbiStory-test-511,2,2,0.96,0.96,not uncertain
AmbiStory,blind,pros_cons,AmbiStory-test-512,2,2,1.8400000000000003,1.8400000000000003,somewhat uncertain
AmbiStory,blind,pros_cons,AmbiStory-test-513,4,4,0.6399999999999999,0.6399999999999999,not uncertain
AmbiStory,blind,pros_cons,AmbiStory-test-514,3,3,0.64,0.64,not uncertain
AmbiStory,blind,pros_cons,AmbiStory-test-515,4,4,0.5599999999999999,0.5599999999999999,not uncertain
AmbiStory,blind,pros_cons,AmbiStory-test-516,4,4,1.44,1.44,not uncertain
AmbiStory,blind,pros_cons,AmbiStory-test-517,2,2,1.36,1.36,not uncertain
AmbiStory,blind,pros_cons,AmbiStory-test-518,2,2,2.4,2.4,not uncertain
AmbiStory,blind,pros_cons,AmbiStory-test-519,5,5,0.0,0.0,not uncertain
AmbiStory,blind,pros_cons,AmbiStory-test-520,2,2,0.56,0.56,not uncertain
AmbiStory,blind,pros_cons,AmbiStory-test-521,3,3,1.84,1.84,somewhat uncertain
AmbiStory,blind,pros_cons,AmbiStory-test-522,2,2,1.36,1.36,not uncertain
AmbiStory,blind,pros_cons,AmbiStory-test-523,5,5,0.24,0.24,not uncertain
AmbiStory,blind,pros_cons,AmbiStory-test-524,2,2,1.4400000000000002,1.4400000000000002,not uncertain
AmbiStory,blind,pros_cons,AmbiStory-test-525,5,5,0.1599999999999999,0.1599999999999999,not uncertain
AmbiStory,blind,pros_cons,AmbiStory-test-526,1,1,0.16,0.16,not uncertain
AmbiStory,blind,pros_cons,AmbiStory-test-527,4,4,0.64,0.64,not uncertain
AmbiStory,blind,pros_cons,AmbiStory-test-528,3,3,0.8,0.8,not uncertain
AmbiStory,blind,pros_cons,AmbiStory-test-529,4,4,0.1599999999999999,0.1599999999999999,not uncertain
AmbiStory,blind,pros_cons,AmbiStory-test-530,1,1,0.24,0.24,not uncertain
AmbiStory,blind,pros_cons,AmbiStory-test-531,5,5,0.24,0.24,not uncertain
AmbiStory,blind,pros_cons,AmbiStory-test-532,3,3,0.24,0.24,not uncertain
AmbiStory,blind,pros_cons,AmbiStory-test-533,3,3,0.0,0.0,somewhat uncertain
AmbiStory,blind,pros_cons,AmbiStory-test-534,5,5,0.1599999999999999,0.1599999999999999,not uncertain
AmbiStory,blind,pros_cons,AmbiStory-test-535,5,5,0.1599999999999999,0.1599999999999999,not uncertain
AmbiStory,blind,pros_cons,AmbiStory-test-536,5,5,0.24,0.24,not uncertain
AmbiStory,blind,pros_cons,AmbiStory-test-537,5,5,0.0,0.0,not uncertain
AmbiStory,blind,pros_cons,AmbiStory-test-538,5,5,0.0,0.0,not uncertain
AmbiStory,blind,pros_cons,AmbiStory-test-539,5,5,0.0,0.0,somewhat uncertain
AmbiStory,blind,pros_cons,AmbiStory-test-540,3,3,1.7600000000000002,1.7600000000000002,not uncertain
AmbiStory,blind,pros_cons,AmbiStory-test-541,4,4,2.16,2.16,not uncertain
AmbiStory,blind,pros_cons,AmbiStory-test-542,3,3,1.84,1.84,not uncertain
AmbiStory,blind,pros_cons,AmbiStory-test-543,5,5,0.0,0.0,not uncertain
AmbiStory,blind,pros_cons,AmbiStory-test-544,4,4,1.44,1.44,somewhat uncertain
AmbiStory,blind,pros_cons,AmbiStory-test-545,5,5,0.0,0.0,not uncertain
AmbiStory,blind,pros_cons,AmbiStory-test-546,3,3,1.36,1.36,not uncertain
AmbiStory,blind,pros_cons,AmbiStory-test-547,3,3,0.96,0.96,not uncertain
AmbiStory,blind,pros_cons,AmbiStory-test-548,2,2,0.64,0.64,not uncertain
AmbiStory,blind,pros_cons,AmbiStory-test-549,4,4,0.8,0.8,not uncertain
AmbiStory,blind,pros_cons,AmbiStory-test-550,2,2,0.56,0.56,not uncertain
AmbiStory,blind,pros_cons,AmbiStory-test-551,4,4,0.5599999999999999,0.5599999999999999,somewhat uncertain
AmbiStory,blind,pros_cons,AmbiStory-test-552,1,1,0.0,0.0,not uncertain
AmbiStory,blind,pros_cons,AmbiStory-test-553,3,3,1.04,1.04,somewhat uncertain
AmbiStory,blind,pros_cons,AmbiStory-test-554,2,2,1.8400000000000003,1.8400000000000003,not uncertain
AmbiStory,blind,pros_cons,AmbiStory-test-555,3,3,0.96,0.96,somewhat uncertain
AmbiStory,blind,pros_cons,AmbiStory-test-556,1,1,0.24,0.24,not uncertain
AmbiStory,blind,pros_cons,AmbiStory-test-557,4,4,2.24,2.24,somewhat uncertain
AmbiStory,blind,pros_cons,AmbiStory-test-558,5,5,0.0,0.0,not uncertain
AmbiStory,blind,pros_cons,AmbiStory-test-559,2,2,2.4,2.4,somewhat uncertain
AmbiStory,blind,pros_cons,AmbiStory-test-560,1,1,0.16,0.16,not uncertain
AmbiStory,blind,pros_cons,AmbiStory-test-561,4,4,0.64,0.64,not uncertain
AmbiStory,blind,pros_cons,AmbiStory-test-562,2,2,0.5599999999999999,0.5599999999999999,not uncertain
AmbiStory,blind,pros_cons,AmbiStory-test-563,4,4,0.24,0.24,somewhat uncertain
AmbiStory,blind,pros_cons,AmbiStory-test-564,4,4,1.0400000000000005,1.0400000000000005,not uncertain
AmbiStory,blind,pros_cons,AmbiStory-test-565,4,4,0.5599999999999999,0.5599999999999999,somewhat uncertain
AmbiStory,blind,pros_cons,AmbiStory-test-566,3,3,0.5599999999999999,0.5599999999999999,somewhat uncertain
AmbiStory,blind,pros_cons,AmbiStory-test-567,4,4,2.16,2.16,somewhat uncertain
AmbiStory,blind,pros_cons,AmbiStory-test-568,3,3,1.04,1.04,not uncertain
AmbiStory,blind,pros_cons,AmbiStory-test-569,4,4,0.96,0.96,not uncertain
AmbiStory,blind,pros_cons,AmbiStory-test-570,5,5,0.24,0.24,not uncertain
AmbiStory,blind,pros_cons,AmbiStory-test-571,1,1,0.16,0.16,not uncertain
AmbiStory,blind,pros_cons,AmbiStory-test-572,3,3,0.64,0.64,somewhat uncertain
AmbiStory,blind,pros_cons,AmbiStory-test-573,4,4,3.04,3.04,somewhat uncertain
AmbiStory,blind,pros_cons,AmbiStory-test-574,4,4,2.16,2.16,not uncertain
AmbiStory,blind,pros_cons,AmbiStory-test-575,2,2,0.5555555555555555,0.5555555555555555,somewhat uncertain
AmbiStory,blind,pros_cons,AmbiStory-test-576,5,5,0.1599999999999999,0.1599999999999999,somewhat uncertain
AmbiStory,blind,pros_cons,AmbiStory-test-577,4,4,1.2,1.2,somewhat uncertain
AmbiStory,blind,pros_cons,AmbiStory-test-578,1,1,0.24,0.24,somewhat uncertain
AmbiStory,blind,pros_cons,AmbiStory-test-579,5,5,0.0,0.0,not uncertain
AmbiStory,blind,pros_cons,AmbiStory-test-580,1,1,0.24,0.24,not uncertain
AmbiStory,blind,pros_cons,AmbiStory-test-581,5,5,0.1599999999999999,0.1599999999999999,somewhat uncertain
AmbiStory,blind,pros_cons,AmbiStory-test-582,3,3,0.4,0.4,not uncertain
AmbiStory,blind,pros_cons,AmbiStory-test-583,2,2,1.4400000000000002,1.4400000000000002,not uncertain
AmbiStory,blind,pros_cons,AmbiStory-test-584,2,2,0.8,0.8,somewhat uncertain
AmbiStory,blind,pros_cons,AmbiStory-test-585,3,3,0.96,0.96,not uncertain
AmbiStory,blind,pros_cons,AmbiStory-test-586,3,3,1.2,1.2,not uncertain
AmbiStory,blind,pros_cons,AmbiStory-test-587,2,2,0.64,0.64,not uncertain
AmbiStory,blind,pros_cons,AmbiStory-test-588,2,2,0.5599999999999999,0.5599999999999999,not uncertain
AmbiStory,blind,pros_cons,AmbiStory-test-589,4,4,1.36,1.36,not uncertain
AmbiStory,blind,pros_cons,AmbiStory-test-590,4,4,1.84,1.84,not uncertain
AmbiStory,blind,pros_cons,AmbiStory-test-591,5,5,0.24,0.24,not uncertain
AmbiStory,blind,pros_cons,AmbiStory-test-592,3,3,2.56,2.56,not uncertain
AmbiStory,blind,pros_cons,AmbiStory-test-593,5,5,0.1599999999999999,0.1599999999999999,highly uncertain
AmbiStory,blind,pros_cons,AmbiStory-test-594,2,2,0.64,0.64,not uncertain
AmbiStory,blind,pros_cons,AmbiStory-test-595,4,4,2.4,2.4,not uncertain
AmbiStory,blind,pros_cons,AmbiStory-test-596,1,1,0.24,0.24,not uncertain
AmbiStory,blind,pros_cons,AmbiStory-test-597,3,3,2.0,2.0,somewhat uncertain
AmbiStory,blind,pros_cons,AmbiStory-test-598,2,2,0.24,0.24,not uncertain
AmbiStory,blind,pros_cons,AmbiStory-test-599,5,5,0.6399999999999999,0.6399999999999999,not uncertain
AmbiStory,blind,pros_cons,AmbiStory-test-600,5,5,0.1599999999999999,0.1599999999999999,not uncertain
AmbiStory,blind,pros_cons,AmbiStory-test-601,2,2,0.56,0.56,not uncertain
AmbiStory,blind,pros_cons,AmbiStory-test-602,5,5,0.0,0.0,not uncertain
AmbiStory,blind,pros_cons,AmbiStory-test-603,3,3,2.2222222222222223,2.2222222222222223,somewhat uncertain
AmbiStory,blind,pros_cons,AmbiStory-test-604,4,4,0.24,0.24,not uncertain
AmbiStory,blind,pros_cons,AmbiStory-test-605,2,2,0.24,0.24,not uncertain
AmbiStory,blind,pros_cons,AmbiStory-test-606,3,3,2.56,2.56,not uncertain
AmbiStory,blind,pros_cons,AmbiStory-test-607,3,3,1.8400000000000003,1.8400000000000003,somewhat uncertain
AmbiStory,blind,pros_cons,AmbiStory-test-608,1,1,0.0,0.0,not uncertain
AmbiStory,blind,pros_cons,AmbiStory-test-609,5,5,0.1599999999999999,0.1599999999999999,not uncertain
AmbiStory,blind,pros_cons,AmbiStory-test-610,1,1,0.24,0.24,not uncertain
AmbiStory,blind,pros_cons,AmbiStory-test-611,4,4,1.36,1.36,highly uncertain
AmbiStory,blind,pros_cons,AmbiStory-test-612,5,5,0.0,0.0,somewhat uncertain
AmbiStory,blind,pros_cons,AmbiStory-test-613,2,2,2.16,2.16,somewhat uncertain
AmbiStory,blind,pros_cons,AmbiStory-test-614,1,1,0.0,0.0,not uncertain
AmbiStory,blind,pros_cons,AmbiStory-test-615,5,5,0.24,0.24,not uncertain
AmbiStory,blind,pros_cons,AmbiStory-test-616,2,2,0.64,0.64,not uncertain
AmbiStory,blind,pros_cons,AmbiStory-test-617,5,5,0.24,0.24,not uncertain
AmbiStory,blind,pros_cons,AmbiStory-test-618,4,4,2.24,2.24,somewhat uncertain
AmbiStory,blind,pros_cons,AmbiStory-test-619,3,3,3.3599999999999994,3.3599999999999994,somewhat uncertain
AmbiStory,blind,pros_cons,AmbiStory-test-620,2,2,0.24,0.24,not uncertain
AmbiStory,blind,pros_cons,AmbiStory-test-621,5,5,0.24,0.24,not uncertain
AmbiStory,blind,pros_cons,AmbiStory-test-622,2,2,1.04,1.04,not uncertain
AmbiStory,blind,pros_cons,AmbiStory-test-623,5,5,0.0,0.0,not uncertain
AmbiStory,blind,pros_cons,AmbiStory-test-624,1,1,0.64,0.64,not uncertain
AmbiStory,blind,pros_cons,AmbiStory-test-625,3,3,2.56,2.56,somewhat uncertain
AmbiStory,blind,pros_cons,AmbiStory-test-626,2,2,2.24,2.24,not uncertain
AmbiStory,blind,pros_cons,AmbiStory-test-627,4,4,0.24,0.24,not uncertain
AmbiStory,blind,pros_cons,AmbiStory-test-628,3,3,0.64,0.64,not uncertain
AmbiStory,blind,pros_cons,AmbiStory-test-629,5,5,0.24,0.24,not uncertain
AmbiStory,blind,pros_cons,AmbiStory-test-630,5,5,0.0,0.0,not uncertain
AmbiStory,blind,pros_cons,AmbiStory-test-631,1,1,0.24,0.24,not uncertain
AmbiStory,blind,pros_cons,AmbiStory-test-632,5,5,0.0,0.0,not uncertain
AmbiStory,blind,pros_cons,AmbiStory-test-633,1,1,0.0,0.0,not uncertain
AmbiStory,blind,pros_cons,AmbiStory-test-634,5,5,0.0,0.0,not uncertain
AmbiStory,blind,pros_cons,AmbiStory-test-635,2,2,0.24,0.24,not uncertain
AmbiStory,blind,pros_cons,AmbiStory-test-636,4,4,0.5599999999999999,0.5599999999999999,not uncertain
AmbiStory,blind,pros_cons,AmbiStory-test-637,2,2,1.2,1.2,not uncertain
AmbiStory,blind,pros_cons,AmbiStory-test-638,3,3,1.84,1.84,not uncertain
AmbiStory,blind,pros_cons,AmbiStory-test-639,3,3,2.64,2.64,somewhat uncertain
AmbiStory,blind,pros_cons,AmbiStory-test-640,3,3,1.4400000000000002,1.4400000000000002,not uncertain
AmbiStory,blind,pros_cons,AmbiStory-test-641,2,2,2.1600000000000006,2.1600000000000006,not uncertain
AmbiStory,blind,pros_cons,AmbiStory-test-642,5,5,0.0,0.0,not uncertain
AmbiStory,blind,pros_cons,AmbiStory-test-643,2,2,0.64,0.64,not uncertain
AmbiStory,blind,pros_cons,AmbiStory-test-644,5,5,0.24,0.24,not uncertain
AmbiStory,blind,pros_cons,AmbiStory-test-645,1,1,0.6400000000000002,0.6400000000000002,not uncertain
AmbiStory,blind,pros_cons,AmbiStory-test-646,5,5,0.0,0.0,not uncertain
AmbiStory,blind,pros_cons,AmbiStory-test-647,1,1,0.16,0.16,not uncertain
AmbiStory,blind,pros_cons,AmbiStory-test-648,2,2,0.96,0.96,somewhat uncertain
AmbiStory,blind,pros_cons,AmbiStory-test-649,4,4,1.6,1.6,not uncertain
AmbiStory,blind,pros_cons,AmbiStory-test-650,1,1,0.16,0.16,highly uncertain
AmbiStory,blind,pros_cons,AmbiStory-test-651,5,5,0.0,0.0,not uncertain
AmbiStory,blind,pros_cons,AmbiStory-test-652,3,3,1.6,1.6,not uncertain
AmbiStory,blind,pros_cons,AmbiStory-test-653,5,5,0.24,0.24,not uncertain
AmbiStory,blind,pros_cons,AmbiStory-test-654,5,5,0.24,0.24,not uncertain
AmbiStory,blind,pros_cons,AmbiStory-test-655,2,2,0.64,0.64,not uncertain
AmbiStory,blind,pros_cons,AmbiStory-test-656,3,3,1.6,1.6,not uncertain
AmbiStory,blind,pros_cons,AmbiStory-test-657,3,3,2.64,2.64,somewhat uncertain
AmbiStory,blind,pros_cons,AmbiStory-test-658,4,4,1.36,1.36,not uncertain
AmbiStory,blind,pros_cons,AmbiStory-test-659,4,4,0.5599999999999999,0.5599999999999999,not uncertain
AmbiStory,blind,pros_cons,AmbiStory-test-660,5,5,0.0,0.0,not uncertain
AmbiStory,blind,pros_cons,AmbiStory-test-661,2,2,0.56,0.56,not uncertain
AmbiStory,blind,pros_cons,AmbiStory-test-662,4,4,1.2,1.2,somewhat uncertain
AmbiStory,blind,pros_cons,AmbiStory-test-663,4,4,1.6,1.6,not uncertain
AmbiStory,blind,pros_cons,AmbiStory-test-664,4,4,0.8,0.8,not uncertain
AmbiStory,blind,pros_cons,AmbiStory-test-665,3,3,0.4,0.4,not uncertain
AmbiStory,blind,pros_cons,AmbiStory-test-666,5,5,0.6399999999999999,0.6399999999999999,highly uncertain
AmbiStory,blind,pros_cons,AmbiStory-test-667,2,2,2.16,2.16,not uncertain
AmbiStory,blind,pros_cons,AmbiStory-test-668,4,4,0.64,0.64,not uncertain
AmbiStory,blind,pros_cons,AmbiStory-test-669,2,2,1.8400000000000003,1.8400000000000003,not uncertain
AmbiStory,blind,pros_cons,AmbiStory-test-670,5,5,0.1599999999999999,0.1599999999999999,not uncertain
AmbiStory,blind,pros_cons,AmbiStory-test-671,1,1,0.0,0.0,not uncertain
AmbiStory,blind,pros_cons,AmbiStory-test-672,5,5,0.6399999999999999,0.6399999999999999,not uncertain
AmbiStory,blind,pros_cons,AmbiStory-test-673,4,4,2.4,2.4,not uncertain
AmbiStory,blind,pros_cons,AmbiStory-test-674,5,5,0.1599999999999999,0.1599999999999999,not uncertain
AmbiStory,blind,pros_cons,AmbiStory-test-675,5,5,0.1599999999999999,0.1599999999999999,not uncertain
AmbiStory,blind,pros_cons,AmbiStory-test-676,5,5,0.1599999999999999,0.1599999999999999,not uncertain
AmbiStory,blind,pros_cons,AmbiStory-test-677,5,5,0.0,0.0,not uncertain
AmbiStory,blind,pros_cons,AmbiStory-test-678,3,3,1.4400000000000002,1.4400000000000002,not uncertain
AmbiStory,blind,pros_cons,AmbiStory-test-679,3,3,1.36,1.36,not uncertain
AmbiStory,blind,pros_cons,AmbiStory-test-680,1,1,0.2222222222222222,0.2222222222222222,not uncertain
AmbiStory,blind,pros_cons,AmbiStory-test-681,3,3,3.8400000000000007,3.8400000000000007,not uncertain
AmbiStory,blind,pros_cons,AmbiStory-test-682,3,3,0.96,0.96,somewhat uncertain
AmbiStory,blind,pros_cons,AmbiStory-test-683,3,3,0.1599999999999999,0.1599999999999999,not uncertain
AmbiStory,blind,pros_cons,AmbiStory-test-684,2,2,1.2,1.2,not uncertain
AmbiStory,blind,pros_cons,AmbiStory-test-685,4,4,0.96,0.96,not uncertain
AmbiStory,blind,pros_cons,AmbiStory-test-686,4,4,0.24,0.24,not uncertain
AmbiStory,blind,pros_cons,AmbiStory-test-687,3,3,1.84,1.84,not uncertain
AmbiStory,blind,pros_cons,AmbiStory-test-688,2,2,1.0400000000000005,1.0400000000000005,not uncertain
AmbiStory,blind,pros_cons,AmbiStory-test-689,3,3,1.0400000000000005,1.0400000000000005,not uncertain
AmbiStory,blind,pros_cons,AmbiStory-test-690,3,3,0.8,0.8,not uncertain
AmbiStory,blind,pros_cons,AmbiStory-test-691,4,4,0.96,0.96,not uncertain
AmbiStory,blind,pros_cons,AmbiStory-test-692,2,2,0.64,0.64,somewhat uncertain
AmbiStory,blind,pros_cons,AmbiStory-test-693,5,5,0.0,0.0,not uncertain
AmbiStory,blind,pros_cons,AmbiStory-test-694,3,3,1.36,1.36,somewhat uncertain
AmbiStory,blind,pros_cons,AmbiStory-test-695,3,3,2.24,2.24,somewhat uncertain
AmbiStory,blind,pros_cons,AmbiStory-test-696,1,1,0.24,0.24,somewhat uncertain
AmbiStory,blind,pros_cons,AmbiStory-test-697,2,2,0.4,0.4,somewhat uncertain
AmbiStory,blind,pros_cons,AmbiStory-test-698,3,3,1.7600000000000002,1.7600000000000002,not uncertain
AmbiStory,blind,pros_cons,AmbiStory-test-699,4,4,1.6,1.6,not uncertain
AmbiStory,blind,pros_cons,AmbiStory-test-700,3,3,2.56,2.56,somewhat uncertain
AmbiStory,blind,pros_cons,AmbiStory-test-701,2,2,0.56,0.56,not uncertain
AmbiStory,blind,pros_cons,AmbiStory-test-702,2,2,0.64,0.64,not uncertain
AmbiStory,blind,pros_cons,AmbiStory-test-703,2,2,1.8400000000000003,1.8400000000000003,not uncertain
AmbiStory,blind,pros_cons,AmbiStory-test-704,4,4,1.36,1.36,somewhat uncertain
AmbiStory,blind,pros_cons,AmbiStory-test-705,4,4,0.8,0.8,somewhat uncertain
AmbiStory,blind,pros_cons,AmbiStory-test-706,3,3,1.04,1.04,somewhat uncertain
AmbiStory,blind,pros_cons,AmbiStory-test-707,3,3,1.84,1.84,somewhat uncertain
AmbiStory,blind,pros_cons,AmbiStory-test-708,4,4,1.36,1.36,not uncertain
AmbiStory,blind,pros_cons,AmbiStory-test-709,2,2,2.1600000000000006,2.1600000000000006,not uncertain
AmbiStory,blind,pros_cons,AmbiStory-test-710,2,2,0.24,0.24,somewhat uncertain
AmbiStory,blind,pros_cons,AmbiStory-test-711,4,4,1.36,1.36,not uncertain
AmbiStory,blind,pros_cons,AmbiStory-test-712,3,3,1.2,1.2,not uncertain
AmbiStory,blind,pros_cons,AmbiStory-test-713,3,3,1.04,1.04,not uncertain
AmbiStory,blind,pros_cons,AmbiStory-test-714,4,4,0.5599999999999999,0.5599999999999999,not uncertain
AmbiStory,blind,pros_cons,AmbiStory-test-715,3,3,1.84,1.84,not uncertain
AmbiStory,blind,pros_cons,AmbiStory-test-716,3,3,2.56,2.56,somewhat uncertain
AmbiStory,blind,pros_cons,AmbiStory-test-717,3,3,2.56,2.56,not uncertain
AmbiStory,blind,pros_cons,AmbiStory-test-718,3,3,1.6,1.6,not uncertain
AmbiStory,blind,pros_cons,AmbiStory-test-719,2,2,0.96,0.96,not uncertain
AmbiStory,blind,pros_cons,AmbiStory-test-720,4,4,1.04,1.04,somewhat uncertain
AmbiStory,blind,pros_cons,AmbiStory-test-721,3,3,1.2,1.2,not uncertain
AmbiStory,blind,pros_cons,AmbiStory-test-722,5,5,0.24,0.24,somewhat uncertain
AmbiStory,blind,pros_cons,AmbiStory-test-723,3,3,1.84,1.84,not uncertain
AmbiStory,blind,pros_cons,AmbiStory-test-724,4,4,2.16,2.16,somewhat uncertain
AmbiStory,blind,pros_cons,AmbiStory-test-725,3,3,1.7600000000000002,1.7600000000000002,not uncertain
AmbiStory,blind,pros_cons,AmbiStory-test-726,5,5,0.0,0.0,somewhat uncertain
AmbiStory,blind,pros_cons,AmbiStory-test-727,2,2,2.16,2.16,not uncertain
AmbiStory,blind,pros_cons,AmbiStory-test-728,2,2,1.8400000000000003,1.8400000000000003,not uncertain
AmbiStory,blind,pros_cons,AmbiStory-test-729,4,4,1.0400000000000005,1.0400000000000005,highly uncertain
AmbiStory,blind,pros_cons,AmbiStory-test-730,4,4,0.5599999999999999,0.5599999999999999,not uncertain
AmbiStory,blind,pros_cons,AmbiStory-test-731,2,2,0.9600000000000002,0.9600000000000002,not uncertain
AmbiStory,blind,pros_cons,AmbiStory-test-732,4,4,1.36,1.36,not uncertain
AmbiStory,blind,pros_cons,AmbiStory-test-733,2,2,0.96,0.96,not uncertain
AmbiStory,blind,pros_cons,AmbiStory-test-734,3,3,2.64,2.64,somewhat uncertain
AmbiStory,blind,pros_cons,AmbiStory-test-735,4,4,1.84,1.84,not uncertain
AmbiStory,blind,pros_cons,AmbiStory-test-736,3,3,2.0,2.0,not uncertain
AmbiStory,blind,pros_cons,AmbiStory-test-737,4,4,0.1599999999999999,0.1599999999999999,somewhat uncertain
AmbiStory,blind,pros_cons,AmbiStory-test-738,5,5,0.0,0.0,not uncertain
AmbiStory,blind,pros_cons,AmbiStory-test-739,1,1,0.16,0.16,not uncertain
AmbiStory,blind,pros_cons,AmbiStory-test-740,2,2,0.64,0.64,not uncertain
AmbiStory,blind,pros_cons,AmbiStory-test-741,5,5,0.0,0.0,not uncertain
AmbiStory,blind,pros_cons,AmbiStory-test-742,4,4,0.8,0.8,somewhat uncertain
AmbiStory,blind,pros_cons,AmbiStory-test-743,2,2,0.4,0.4,not uncertain
AmbiStory,blind,pros_cons,AmbiStory-test-744,5,5,0.0,0.0,not uncertain
AmbiStory,blind,pros_cons,AmbiStory-test-745,1,1,0.16,0.16,not uncertain
AmbiStory,blind,pros_cons,AmbiStory-test-746,5,5,0.0,0.0,not uncertain
AmbiStory,blind,pros_cons,AmbiStory-test-747,1,1,0.0,0.0,not uncertain
AmbiStory,blind,pros_cons,AmbiStory-test-748,5,5,0.24,0.24,not uncertain
AmbiStory,blind,pros_cons,AmbiStory-test-749,1,1,0.16,0.16,not uncertain
AmbiStory,blind,pros_cons,AmbiStory-test-750,2,2,0.96,0.96,not uncertain
AmbiStory,blind,pros_cons,AmbiStory-test-751,4,4,0.96,0.96,highly uncertain
AmbiStory,blind,pros_cons,AmbiStory-test-752,1,1,0.0,0.0,not uncertain
AmbiStory,blind,pros_cons,AmbiStory-test-753,5,5,0.0,0.0,not uncertain
AmbiStory,blind,pros_cons,AmbiStory-test-754,2,2,1.2,1.2,not uncertain
AmbiStory,blind,pros_cons,AmbiStory-test-755,4,4,0.6399999999999999,0.6399999999999999,not uncertain
AmbiStory,blind,pros_cons,AmbiStory-test-756,5,5,0.24,0.24,not uncertain
AmbiStory,blind,pros_cons,AmbiStory-test-757,1,1,0.16,0.16,not uncertain
AmbiStory,blind,pros_cons,AmbiStory-test-758,1,1,0.24,0.24,not uncertain
AmbiStory,blind,pros_cons,AmbiStory-test-759,5,5,0.24,0.24,not uncertain
AmbiStory,blind,pros_cons,AmbiStory-test-760,2,2,0.4,0.4,not uncertain
AmbiStory,blind,pros_cons,AmbiStory-test-761,4,4,0.5599999999999999,0.5599999999999999,somewhat uncertain
AmbiStory,blind,pros_cons,AmbiStory-test-762,4,4,1.36,1.36,not uncertain
AmbiStory,blind,pros_cons,AmbiStory-test-763,1,1,0.24,0.24,not uncertain
AmbiStory,blind,pros_cons,AmbiStory-test-764,4,4,1.36,1.36,highly uncertain
AmbiStory,blind,pros_cons,AmbiStory-test-765,1,1,0.16,0.16,not uncertain
AmbiStory,blind,pros_cons,AmbiStory-test-766,4,4,0.8,0.8,not uncertain
AmbiStory,blind,pros_cons,AmbiStory-test-767,1,1,0.24,0.24,not uncertain
AmbiStory,blind,pros_cons,AmbiStory-test-768,3,3,2.0,2.0,not uncertain
AmbiStory,blind,pros_cons,AmbiStory-test-769,2,2,0.64,0.64,not uncertain
AmbiStory,blind,pros_cons,AmbiStory-test-770,3,3,0.64,0.64,somewhat uncertain
AmbiStory,blind,pros_cons,AmbiStory-test-771,5,5,0.6399999999999999,0.6399999999999999,not uncertain
AmbiStory,blind,pros_cons,AmbiStory-test-772,3,3,0.5599999999999999,0.5599999999999999,not uncertain
AmbiStory,blind,pros_cons,AmbiStory-test-773,4,4,0.64,0.64,somewhat uncertain
AmbiStory,blind,pros_cons,AmbiStory-test-774,3,3,1.36,1.36,somewhat uncertain
AmbiStory,blind,pros_cons,AmbiStory-test-775,2,2,1.4400000000000002,1.4400000000000002,somewhat uncertain
AmbiStory,blind,pros_cons,AmbiStory-test-776,2,2,1.2,1.2,somewhat uncertain
AmbiStory,blind,pros_cons,AmbiStory-test-777,2,2,1.36,1.36,not uncertain
AmbiStory,blind,pros_cons,AmbiStory-test-778,3,3,2.8,2.8,not uncertain
AmbiStory,blind,pros_cons,AmbiStory-test-779,2,2,0.64,0.64,not uncertain
AmbiStory,blind,pros_cons,AmbiStory-test-780,5,5,0.1599999999999999,0.1599999999999999,somewhat uncertain
AmbiStory,blind,pros_cons,AmbiStory-test-781,1,1,0.16,0.16,somewhat uncertain
AmbiStory,blind,pros_cons,AmbiStory-test-782,3,3,0.64,0.64,somewhat uncertain
AmbiStory,blind,pros_cons,AmbiStory-test-783,5,5,0.0,0.0,not uncertain
AmbiStory,blind,pros_cons,AmbiStory-test-784,4,4,1.04,1.04,somewhat uncertain
AmbiStory,blind,pros_cons,AmbiStory-test-785,3,3,0.64,0.64,somewhat uncertain
AmbiStory,blind,pros_cons,AmbiStory-test-786,4,4,1.36,1.36,not uncertain
AmbiStory,blind,pros_cons,AmbiStory-test-787,4,4,2.16,2.16,not uncertain
AmbiStory,blind,pros_cons,AmbiStory-test-788,2,2,2.5600000000000005,2.5600000000000005,not uncertain
AmbiStory,blind,pros_cons,AmbiStory-test-789,4,4,0.5599999999999999,0.5599999999999999,somewhat uncertain
AmbiStory,blind,pros_cons,AmbiStory-test-790,1,1,0.16,0.16,somewhat uncertain
AmbiStory,blind,pros_cons,AmbiStory-test-791,5,5,0.1599999999999999,0.1599999999999999,not uncertain
AmbiStory,blind,pros_cons,AmbiStory-test-792,3,3,2.56,2.56,not uncertain
AmbiStory,blind,pros_cons,AmbiStory-test-793,3,3,2.472222222222222,2.472222222222222,not uncertain
AmbiStory,blind,pros_cons,AmbiStory-test-794,2,2,0.24,0.24,not uncertain
AmbiStory,blind,pros_cons,AmbiStory-test-795,4,4,1.0400000000000005,1.0400000000000005,not uncertain
AmbiStory,blind,pros_cons,AmbiStory-test-796,2,2,2.24,2.24,not uncertain
AmbiStory,blind,pros_cons,AmbiStory-test-797,5,5,0.1599999999999999,0.1599999999999999,not uncertain
AmbiStory,blind,pros_cons,AmbiStory-test-798,2,2,0.56,0.56,not uncertain
AmbiStory,blind,pros_cons,AmbiStory-test-799,4,4,0.4,0.4,not uncertain
AmbiStory,blind,pros_cons,AmbiStory-test-800,2,2,0.56,0.56,not uncertain
AmbiStory,blind,pros_cons,AmbiStory-test-801,3,3,1.44,1.44,somewhat uncertain
AmbiStory,blind,pros_cons,AmbiStory-test-802,2,2,0.96,0.96,not uncertain
AmbiStory,blind,pros_cons,AmbiStory-test-803,3,3,1.0400000000000005,1.0400000000000005,highly uncertain
AmbiStory,blind,pros_cons,AmbiStory-test-804,1,1,0.16,0.16,not uncertain
AmbiStory,blind,pros_cons,AmbiStory-test-805,4,4,0.5599999999999999,0.5599999999999999,not uncertain
AmbiStory,blind,pros_cons,AmbiStory-test-806,2,2,0.24,0.24,not uncertain
AmbiStory,blind,pros_cons,AmbiStory-test-807,4,4,1.36,1.36,not uncertain
AmbiStory,blind,pros_cons,AmbiStory-test-808,2,2,0.24,0.24,somewhat uncertain
AmbiStory,blind,pros_cons,AmbiStory-test-809,4,4,0.8,0.8,not uncertain
AmbiStory,blind,pros_cons,AmbiStory-test-810,5,5,0.1599999999999999,0.1599999999999999,not uncertain
AmbiStory,blind,pros_cons,AmbiStory-test-811,2,2,2.5600000000000005,2.5600000000000005,not uncertain
AmbiStory,blind,pros_cons,AmbiStory-test-812,2,2,0.56,0.56,not uncertain
AmbiStory,blind,pros_cons,AmbiStory-test-813,4,4,1.44,1.44,somewhat uncertain
AmbiStory,blind,pros_cons,AmbiStory-test-814,1,1,0.24,0.24,not uncertain
AmbiStory,blind,pros_cons,AmbiStory-test-815,5,5,0.1599999999999999,0.1599999999999999,somewhat uncertain
AmbiStory,blind,pros_cons,AmbiStory-test-816,5,5,0.6399999999999999,0.6399999999999999,somewhat uncertain
AmbiStory,blind,pros_cons,AmbiStory-test-817,3,3,1.7600000000000002,1.7600000000000002,somewhat uncertain
AmbiStory,blind,pros_cons,AmbiStory-test-818,3,3,2.16,2.16,not uncertain
AmbiStory,blind,pros_cons,AmbiStory-test-819,4,4,1.84,1.84,somewhat uncertain
AmbiStory,blind,pros_cons,AmbiStory-test-820,3,3,1.84,1.84,somewhat uncertain
AmbiStory,blind,pros_cons,AmbiStory-test-821,4,4,0.96,0.96,somewhat uncertain
AmbiStory,blind,pros_cons,AmbiStory-test-822,2,2,0.64,0.64,not uncertain
AmbiStory,blind,pros_cons,AmbiStory-test-823,5,5,0.6399999999999999,0.6399999999999999,not uncertain
AmbiStory,blind,pros_cons,AmbiStory-test-824,2,2,0.64,0.64,not uncertain
AmbiStory,blind,pros_cons,AmbiStory-test-825,5,5,0.1599999999999999,0.1599999999999999,not uncertain
AmbiStory,blind,pros_cons,AmbiStory-test-826,2,2,0.24,0.24,somewhat uncertain
AmbiStory,blind,pros_cons,AmbiStory-test-827,4,4,2.16,2.16,not uncertain
AmbiStory,blind,pros_cons,AmbiStory-test-828,4,4,1.6,1.6,somewhat uncertain
AmbiStory,blind,pros_cons,AmbiStory-test-829,4,4,2.560000000000001,2.560000000000001,not uncertain
AmbiStory,blind,pros_cons,AmbiStory-test-830,4,4,0.96,0.96,not uncertain
AmbiStory,blind,pros_cons,AmbiStory-test-831,3,3,2.64,2.64,somewhat uncertain
AmbiStory,blind,pros_cons,AmbiStory-test-832,3,3,1.04,1.04,not uncertain
AmbiStory,blind,pros_cons,AmbiStory-test-833,4,4,0.4,0.4,not uncertain
AmbiStory,blind,pros_cons,AmbiStory-test-834,2,2,0.4,0.4,not uncertain
AmbiStory,blind,pros_cons,AmbiStory-test-835,4,4,1.36,1.36,somewhat uncertain
AmbiStory,blind,pros_cons,AmbiStory-test-836,3,3,2.16,2.16,not uncertain
AmbiStory,blind,pros_cons,AmbiStory-test-837,5,5,0.1599999999999999,0.1599999999999999,not uncertain
AmbiStory,blind,pros_cons,AmbiStory-test-838,3,3,2.64,2.64,not uncertain
AmbiStory,blind,pros_cons,AmbiStory-test-839,5,5,0.1599999999999999,0.1599999999999999,not uncertain
AmbiStory,blind,pros_cons,AmbiStory-test-840,3,3,1.44,1.44,somewhat uncertain
AmbiStory,blind,pros_cons,AmbiStory-test-841,4,4,0.64,0.64,somewhat uncertain
AmbiStory,blind,pros_cons,AmbiStory-test-842,2,2,0.16,0.16,somewhat uncertain
AmbiStory,blind,pros_cons,AmbiStory-test-843,4,4,0.64,0.64,not uncertain
AmbiStory,blind,pros_cons,AmbiStory-test-844,2,2,0.56,0.56,not uncertain
AmbiStory,blind,pros_cons,AmbiStory-test-845,3,3,1.6,1.6,somewhat uncertain
AmbiStory,blind,pros_cons,AmbiStory-test-846,4,4,0.4,0.4,not uncertain
AmbiStory,blind,pros_cons,AmbiStory-test-847,2,2,0.6400000000000002,0.6400000000000002,not uncertain
AmbiStory,blind,pros_cons,AmbiStory-test-848,1,1,0.16,0.16,not uncertain
AmbiStory,blind,pros_cons,AmbiStory-test-849,5,5,0.24,0.24,highly uncertain
AmbiStory,blind,pros_cons,AmbiStory-test-850,2,2,1.2,1.2,not uncertain
AmbiStory,blind,pros_cons,AmbiStory-test-851,4,4,0.4,0.4,highly uncertain
AmbiStory,blind,pros_cons,AmbiStory-test-852,3,3,1.0400000000000005,1.0400000000000005,somewhat uncertain
AmbiStory,blind,pros_cons,AmbiStory-test-853,2,2,0.4,0.4,not uncertain
AmbiStory,blind,pros_cons,AmbiStory-test-854,2,2,1.84,1.84,not uncertain
AmbiStory,blind,pros_cons,AmbiStory-test-855,3,3,2.56,2.56,somewhat uncertain
AmbiStory,blind,pros_cons,AmbiStory-test-856,3,3,1.04,1.04,somewhat uncertain
AmbiStory,blind,pros_cons,AmbiStory-test-857,2,2,1.36,1.36,not uncertain
AmbiStory,blind,pros_cons,AmbiStory-test-858,4,4,1.44,1.44,not uncertain
AmbiStory,blind,pros_cons,AmbiStory-test-859,1,1,0.64,0.64,somewhat uncertain
AmbiStory,blind,pros_cons,AmbiStory-test-860,3,3,0.64,0.64,somewhat uncertain
AmbiStory,blind,pros_cons,AmbiStory-test-861,1,1,0.24,0.24,somewhat uncertain
AmbiStory,blind,pros_cons,AmbiStory-test-862,3,3,2.8,2.8,not uncertain
AmbiStory,blind,pros_cons,AmbiStory-test-863,2,2,1.8400000000000003,1.8400000000000003,somewhat uncertain
AmbiStory,blind,pros_cons,AmbiStory-test-864,1,1,0.24,0.24,not uncertain
AmbiStory,blind,pros_cons,AmbiStory-test-865,5,5,0.0,0.0,not uncertain
AmbiStory,blind,pros_cons,AmbiStory-test-866,1,1,0.16,0.16,not uncertain
AmbiStory,blind,pros_cons,AmbiStory-test-867,5,5,0.24,0.24,not uncertain
AmbiStory,blind,pros_cons,AmbiStory-test-868,1,1,0.16,0.16,not uncertain
AmbiStory,blind,pros_cons,AmbiStory-test-869,5,5,0.24,0.24,not uncertain
AmbiStory,blind,pros_cons,AmbiStory-test-870,5,5,0.6399999999999999,0.6399999999999999,not uncertain
AmbiStory,blind,pros_cons,AmbiStory-test-871,1,1,0.16,0.16,not uncertain
AmbiStory,blind,pros_cons,AmbiStory-test-872,3,3,0.1599999999999999,0.1599999999999999,not uncertain
AmbiStory,blind,pros_cons,AmbiStory-test-873,1,1,0.0,0.0,not uncertain
AmbiStory,blind,pros_cons,AmbiStory-test-874,5,5,0.1599999999999999,0.1599999999999999,not uncertain
AmbiStory,blind,pros_cons,AmbiStory-test-875,1,1,0.0,0.0,not uncertain
AmbiStory,blind,pros_cons,AmbiStory-test-876,4,4,0.4,0.4,not uncertain
AmbiStory,blind,pros_cons,AmbiStory-test-877,2,2,1.8400000000000003,1.8400000000000003,not uncertain
AmbiStory,blind,pros_cons,AmbiStory-test-878,3,3,2.16,2.16,not uncertain
AmbiStory,blind,pros_cons,AmbiStory-test-879,2,2,1.44,1.44,not uncertain
AmbiStory,blind,pros_cons,AmbiStory-test-880,4,4,0.96,0.96,not uncertain
AmbiStory,blind,pros_cons,AmbiStory-test-881,2,2,1.84,1.84,not uncertain
AmbiStory,blind,pros_cons,AmbiStory-test-882,4,4,1.44,1.44,somewhat uncertain
AmbiStory,blind,pros_cons,AmbiStory-test-883,2,2,3.04,3.04,somewhat uncertain
AmbiStory,blind,pros_cons,AmbiStory-test-884,5,5,0.1599999999999999,0.1599999999999999,highly uncertain
AmbiStory,blind,pros_cons,AmbiStory-test-885,1,1,0.16,0.16,not uncertain
AmbiStory,blind,pros_cons,AmbiStory-test-886,5,5,0.6399999999999999,0.6399999999999999,not uncertain
AmbiStory,blind,pros_cons,AmbiStory-test-887,2,2,0.56,0.56,somewhat uncertain
AmbiStory,blind,pros_cons,AmbiStory-test-888,5,5,0.0,0.0,highly uncertain
AmbiStory,blind,pros_cons,AmbiStory-test-889,2,2,0.64,0.64,not uncertain
AmbiStory,blind,pros_cons,AmbiStory-test-890,3,3,0.96,0.96,not uncertain
AmbiStory,blind,pros_cons,AmbiStory-test-891,3,3,0.24,0.24,somewhat uncertain
AmbiStory,blind,pros_cons,AmbiStory-test-892,4,4,0.8,0.8,not uncertain
AmbiStory,blind,pros_cons,AmbiStory-test-893,3,3,1.36,1.36,somewhat uncertain
AmbiStory,blind,pros_cons,AmbiStory-test-894,3,3,0.5599999999999999,0.5599999999999999,not uncertain
AmbiStory,blind,pros_cons,AmbiStory-test-895,2,2,0.8,0.8,not uncertain
AmbiStory,blind,pros_cons,AmbiStory-test-896,2,2,0.56,0.56,not uncertain
AmbiStory,blind,pros_cons,AmbiStory-test-897,4,4,1.0400000000000005,1.0400000000000005,somewhat uncertain
AmbiStory,blind,pros_cons,AmbiStory-test-898,2,2,0.64,0.64,not uncertain
AmbiStory,blind,pros_cons,AmbiStory-test-899,3,3,0.96,0.96,not uncertain
AmbiStory,blind,pros_cons,AmbiStory-test-900,2,2,0.5599999999999999,0.5599999999999999,not uncertain
AmbiStory,blind,pros_cons,AmbiStory-test-901,5,5,0.1599999999999999,0.1599999999999999,somewhat uncertain
AmbiStory,blind,pros_cons,AmbiStory-test-902,2,2,0.56,0.56,not uncertain
AmbiStory,blind,pros_cons,AmbiStory-test-903,5,5,0.1599999999999999,0.1599999999999999,not uncertain
AmbiStory,blind,pros_cons,AmbiStory-test-904,2,2,1.2,1.2,not uncertain
AmbiStory,blind,pros_cons,AmbiStory-test-905,4,4,0.0,0.0,somewhat uncertain
AmbiStory,blind,pros_cons,AmbiStory-test-906,5,5,0.6399999999999999,0.6399999999999999,highly uncertain
AmbiStory,blind,pros_cons,AmbiStory-test-907,1,1,0.16,0.16,not uncertain
AmbiStory,blind,pros_cons,AmbiStory-test-908,3,3,0.5599999999999999,0.5599999999999999,somewhat uncertain
AmbiStory,blind,pros_cons,AmbiStory-test-909,3,3,1.6,1.6,not uncertain
AmbiStory,blind,pros_cons,AmbiStory-test-910,3,3,0.8,0.8,not uncertain
AmbiStory,blind,pros_cons,AmbiStory-test-911,2,2,0.8,0.8,not uncertain
AmbiStory,blind,pros_cons,AmbiStory-test-912,3,3,0.96,0.96,not uncertain
AmbiStory,blind,pros_cons,AmbiStory-test-913,3,3,2.64,2.64,somewhat uncertain
AmbiStory,blind,pros_cons,AmbiStory-test-914,2,2,2.4,2.4,not uncertain
AmbiStory,blind,pros_cons,AmbiStory-test-915,4,4,0.64,0.64,not uncertain
AmbiStory,blind,pros_cons,AmbiStory-test-916,3,3,2.0,2.0,somewhat uncertain
AmbiStory,blind,pros_cons,AmbiStory-test-917,5,5,0.1599999999999999,0.1599999999999999,not uncertain
AmbiStory,blind,pros_cons,AmbiStory-test-918,4,4,1.36,1.36,not uncertain
AmbiStory,blind,pros_cons,AmbiStory-test-919,2,2,0.4,0.4,not uncertain
AmbiStory,blind,pros_cons,AmbiStory-test-920,5,5,0.6399999999999999,0.6399999999999999,somewhat uncertain
AmbiStory,blind,pros_cons,AmbiStory-test-921,2,2,0.64,0.64,somewhat uncertain
AmbiStory,blind,pros_cons,AmbiStory-test-922,4,4,0.96,0.96,not uncertain
AmbiStory,blind,pros_cons,AmbiStory-test-923,3,3,0.4,0.4,not uncertain
AmbiStory,blind,pros_cons,AmbiStory-test-924,1,1,0.0,0.0,not uncertain
AmbiStory,blind,pros_cons,AmbiStory-test-925,4,4,1.2,1.2,not uncertain
AmbiStory,blind,pros_cons,AmbiStory-test-926,1,1,0.16,0.16,highly uncertain
AmbiStory,blind,pros_cons,AmbiStory-test-927,3,3,2.222222222222222,2.222222222222222,not uncertain
AmbiStory,blind,pros_cons,AmbiStory-test-928,2,2,1.36,1.36,not uncertain
AmbiStory,blind,pros_cons,AmbiStory-test-929,4,4,0.96,0.96,not uncertain
AmbiStory,blind,GEPA,AmbiStory-test-0,4,4,1.6,1.6,not uncertain
AmbiStory,blind,GEPA,AmbiStory-test-1,2,2,1.2,1.2,not uncertain
AmbiStory,blind,GEPA,AmbiStory-test-2,3,3,0.5599999999999999,0.5599999999999999,not uncertain
AmbiStory,blind,GEPA,AmbiStory-test-3,3,3,1.44,1.44,not uncertain
AmbiStory,blind,GEPA,AmbiStory-test-4,3,3,1.84,1.84,not uncertain
AmbiStory,blind,GEPA,AmbiStory-test-5,2,2,0.56,0.56,not uncertain
AmbiStory,blind,GEPA,AmbiStory-test-6,3,3,0.96,0.96,highly uncertain
AmbiStory,blind,GEPA,AmbiStory-test-7,4,4,1.36,1.36,not uncertain
AmbiStory,blind,GEPA,AmbiStory-test-8,1,1,0.24,0.24,not uncertain
AmbiStory,blind,GEPA,AmbiStory-test-9,4,4,2.16,2.16,highly uncertain
AmbiStory,blind,GEPA,AmbiStory-test-10,1,1,0.24,0.24,not uncertain
AmbiStory,blind,GEPA,AmbiStory-test-11,5,5,0.1599999999999999,0.1599999999999999,not uncertain
AmbiStory,blind,GEPA,AmbiStory-test-12,4,4,0.5599999999999999,0.5599999999999999,highly uncertain
AmbiStory,blind,GEPA,AmbiStory-test-13,3,3,2.64,2.64,not uncertain
AmbiStory,blind,GEPA,AmbiStory-test-14,1,1,0.24,0.24,
AmbiStory,blind,GEPA,AmbiStory-test-15,4,4,2.56,2.56,not uncertain
AmbiStory,blind,GEPA,AmbiStory-test-16,3,3,0.5599999999999999,0.5599999999999999,highly uncertain
AmbiStory,blind,GEPA,AmbiStory-test-17,4,4,0.64,0.64,highly uncertain
AmbiStory,blind,GEPA,AmbiStory-test-18,5,5,0.0,0.0,not uncertain
AmbiStory,blind,GEPA,AmbiStory-test-19,3,3,2.64,2.64,highly uncertain
AmbiStory,blind,GEPA,AmbiStory-test-20,5,5,0.0,0.0,not uncertain
AmbiStory,blind,GEPA,AmbiStory-test-21,3,3,0.96,0.96,highly uncertain
AmbiStory,blind,GEPA,AmbiStory-test-22,5,5,0.1599999999999999,0.1599999999999999,not uncertain
AmbiStory,blind,GEPA,AmbiStory-test-23,4,4,2.56,2.56,
AmbiStory,blind,GEPA,AmbiStory-test-24,5,5,0.0,0.0,not uncertain
AmbiStory,blind,GEPA,AmbiStory-test-25,2,2,1.2,1.2,not uncertain
AmbiStory,blind,GEPA,AmbiStory-test-26,4,4,0.96,0.96,not uncertain
AmbiStory,blind,GEPA,AmbiStory-test-27,2,2,0.56,0.56,not uncertain
AmbiStory,blind,GEPA,AmbiStory-test-28,4,4,0.6399999999999999,0.6399999999999999,not uncertain
AmbiStory,blind,GEPA,AmbiStory-test-29,2,2,0.64,0.64,not uncertain
AmbiStory,blind,GEPA,AmbiStory-test-30,2,2,0.8,0.8,highly uncertain
AmbiStory,blind,GEPA,AmbiStory-test-31,4,4,0.6399999999999999,0.6399999999999999,not uncertain
AmbiStory,blind,GEPA,AmbiStory-test-32,3,3,2.24,2.24,highly uncertain
AmbiStory,blind,GEPA,AmbiStory-test-33,4,4,0.1599999999999999,0.1599999999999999,not uncertain
AmbiStory,blind,GEPA,AmbiStory-test-34,3,3,0.96,0.96,highly uncertain
AmbiStory,blind,GEPA,AmbiStory-test-35,4,4,0.96,0.96,somewhat uncertain
AmbiStory,blind,GEPA,AmbiStory-test-36,3,3,0.24,0.24,highly uncertain
AmbiStory,blind,GEPA,AmbiStory-test-37,3,3,1.6,1.6,
AmbiStory,blind,GEPA,AmbiStory-test-38,2,2,1.84,1.84,highly uncertain
AmbiStory,blind,GEPA,AmbiStory-test-39,4,4,1.44,1.44,not uncertain
AmbiStory,blind,GEPA,AmbiStory-test-40,3,3,1.84,1.84,not uncertain
AmbiStory,blind,GEPA,AmbiStory-test-41,4,4,1.36,1.36,not uncertain
AmbiStory,blind,GEPA,AmbiStory-test-42,2,2,0.1599999999999999,0.1599999999999999,highly uncertain
AmbiStory,blind,GEPA,AmbiStory-test-43,4,4,0.4,0.4,highly uncertain
AmbiStory,blind,GEPA,AmbiStory-test-44,3,3,2.24,2.24,highly uncertain
AmbiStory,blind,GEPA,AmbiStory-test-45,4,4,1.0400000000000005,1.0400000000000005,highly uncertain
AmbiStory,blind,GEPA,AmbiStory-test-46,3,3,0.96,0.96,highly uncertain
AmbiStory,blind,GEPA,AmbiStory-test-47,4,4,0.8,0.8,highly uncertain
AmbiStory,blind,GEPA,AmbiStory-test-48,4,4,2.1600000000000006,2.1600000000000006,not uncertain
AmbiStory,blind,GEPA,AmbiStory-test-49,2,2,2.24,2.24,highly uncertain
AmbiStory,blind,GEPA,AmbiStory-test-50,2,2,0.24,0.24,not uncertain
AmbiStory,blind,GEPA,AmbiStory-test-51,4,4,1.36,1.36,somewhat uncertain
AmbiStory,blind,GEPA,AmbiStory-test-52,2,2,2.16,2.16,not uncertain
AmbiStory,blind,GEPA,AmbiStory-test-53,5,5,0.24,0.24,somewhat uncertain
AmbiStory,blind,GEPA,AmbiStory-test-54,3,3,1.04,1.04,
AmbiStory,blind,GEPA,AmbiStory-test-55,3,3,0.96,0.96,highly uncertain
AmbiStory,blind,GEPA,AmbiStory-test-56,2,2,0.64,0.64,somewhat uncertain
AmbiStory,blind,GEPA,AmbiStory-test-57,5,5,0.0,0.0,somewhat uncertain
AmbiStory,blind,GEPA,AmbiStory-test-58,2,2,1.36,1.36,highly uncertain
AmbiStory,blind,GEPA,AmbiStory-test-59,5,5,0.24,0.24,highly uncertain
AmbiStory,blind,GEPA,AmbiStory-test-60,5,5,0.0,0.0,not uncertain
AmbiStory,blind,GEPA,AmbiStory-test-61,1,1,0.0,0.0,not uncertain
AmbiStory,blind,GEPA,AmbiStory-test-62,1,1,0.0,0.0,highly uncertain
AmbiStory,blind,GEPA,AmbiStory-test-63,3,3,3.8400000000000007,3.8400000000000007,highly uncertain
AmbiStory,blind,GEPA,AmbiStory-test-64,4,4,2.56,2.56,not uncertain
AmbiStory,blind,GEPA,AmbiStory-test-65,2,2,1.36,1.36,not uncertain
AmbiStory,blind,GEPA,AmbiStory-test-66,3,3,2.16,2.16,highly uncertain
AmbiStory,blind,GEPA,AmbiStory-test-67,2,2,0.56,0.56,not uncertain
AmbiStory,blind,GEPA,AmbiStory-test-68,1,1,0.16,0.16,not uncertain
AmbiStory,blind,GEPA,AmbiStory-test-69,5,5,0.0,0.0,somewhat uncertain
AmbiStory,blind,GEPA,AmbiStory-test-70,2,2,1.36,1.36,not uncertain
AmbiStory,blind,GEPA,AmbiStory-test-71,3,3,1.0400000000000005,1.0400000000000005,somewhat uncertain
AmbiStory,blind,GEPA,AmbiStory-test-72,3,3,2.16,2.16,not uncertain
AmbiStory,blind,GEPA,AmbiStory-test-73,3,3,2.0,2.0,highly uncertain
AmbiStory,blind,GEPA,AmbiStory-test-74,2,2,1.4400000000000002,1.4400000000000002,not uncertain
AmbiStory,blind,GEPA,AmbiStory-test-75,4,4,1.36,1.36,highly uncertain
AmbiStory,blind,GEPA,AmbiStory-test-76,3,3,1.4400000000000002,1.4400000000000002,not uncertain
AmbiStory,blind,GEPA,AmbiStory-test-77,4,4,0.6399999999999999,0.6399999999999999,somewhat uncertain
AmbiStory,blind,GEPA,AmbiStory-test-78,4,4,1.6,1.6,not uncertain
AmbiStory,blind,GEPA,AmbiStory-test-79,2,2,0.96,0.96,highly uncertain
AmbiStory,blind,GEPA,AmbiStory-test-80,3,3,0.1599999999999999,0.1599999999999999,highly uncertain
AmbiStory,blind,GEPA,AmbiStory-test-81,4,4,0.24,0.24,not uncertain
AmbiStory,blind,GEPA,AmbiStory-test-82,2,2,0.8,0.8,highly uncertain
AmbiStory,blind,GEPA,AmbiStory-test-83,4,4,1.2,1.2,highly uncertain
AmbiStory,blind,GEPA,AmbiStory-test-84,2,2,0.8,0.8,highly uncertain
AmbiStory,blind,GEPA,AmbiStory-test-85,5,5,0.6399999999999999,0.6399999999999999,somewhat uncertain
AmbiStory,blind,GEPA,AmbiStory-test-86,2,2,0.16,0.16,highly uncertain
AmbiStory,blind,GEPA,AmbiStory-test-87,4,4,0.5599999999999999,0.5599999999999999,somewhat uncertain
AmbiStory,blind,GEPA,AmbiStory-test-88,2,2,0.4,0.4,highly uncertain
AmbiStory,blind,GEPA,AmbiStory-test-89,4,4,0.5599999999999999,0.5599999999999999,highly uncertain
AmbiStory,blind,GEPA,AmbiStory-test-90,3,3,1.6,1.6,not uncertain
AmbiStory,blind,GEPA,AmbiStory-test-91,3,3,2.16,2.16,not uncertain
AmbiStory,blind,GEPA,AmbiStory-test-92,2,2,0.64,0.64,not uncertain
AmbiStory,blind,GEPA,AmbiStory-test-93,4,4,0.5599999999999999,0.5599999999999999,somewhat uncertain
AmbiStory,blind,GEPA,AmbiStory-test-94,1,1,0.16,0.16,highly uncertain
AmbiStory,blind,GEPA,AmbiStory-test-95,4,4,0.96,0.96,highly uncertain
AmbiStory,blind,GEPA,AmbiStory-test-96,5,5,0.24,0.24,not uncertain
AmbiStory,blind,GEPA,AmbiStory-test-97,3,3,2.472222222222222,2.472222222222222,highly uncertain
AmbiStory,blind,GEPA,AmbiStory-test-98,4,4,0.5599999999999999,0.5599999999999999,somewhat uncertain
AmbiStory,blind,GEPA,AmbiStory-test-99,3,3,0.4,0.4,
AmbiStory,blind,GEPA,AmbiStory-test-100,3,3,1.36,1.36,highly uncertain
AmbiStory,blind,GEPA,AmbiStory-test-101,4,4,1.4400000000000002,1.4400000000000002,highly uncertain
AmbiStory,blind,GEPA,AmbiStory-test-102,4,4,0.96,0.96,highly uncertain
AmbiStory,blind,GEPA,AmbiStory-test-103,1,1,0.16,0.16,highly uncertain
AmbiStory,blind,GEPA,AmbiStory-test-104,2,2,0.24,0.24,not uncertain
AmbiStory,blind,GEPA,AmbiStory-test-105,5,5,0.1599999999999999,0.1599999999999999,not uncertain
AmbiStory,blind,GEPA,AmbiStory-test-106,3,3,0.5599999999999999,0.5599999999999999,not uncertain
AmbiStory,blind,GEPA,AmbiStory-test-107,3,3,2.24,2.24,not uncertain
AmbiStory,blind,GEPA,AmbiStory-test-108,5,5,0.1599999999999999,0.1599999999999999,not uncertain
AmbiStory,blind,GEPA,AmbiStory-test-109,1,1,0.0,0.0,not uncertain
AmbiStory,blind,GEPA,AmbiStory-test-110,4,4,0.5599999999999999,0.5599999999999999,highly uncertain
AmbiStory,blind,GEPA,AmbiStory-test-111,1,1,0.24,0.24,highly uncertain
AmbiStory,blind,GEPA,AmbiStory-test-112,4,4,1.36,1.36,not uncertain
AmbiStory,blind,GEPA,AmbiStory-test-113,1,1,0.16,0.16,highly uncertain
AmbiStory,blind,GEPA,AmbiStory-test-114,5,5,0.0,0.0,not uncertain
AmbiStory,blind,GEPA,AmbiStory-test-115,2,2,2.5600000000000005,2.5600000000000005,not uncertain
AmbiStory,blind,GEPA,AmbiStory-test-116,3,3,2.64,2.64,not uncertain
AmbiStory,blind,GEPA,AmbiStory-test-117,3,3,3.2,3.2,highly uncertain
AmbiStory,blind,GEPA,AmbiStory-test-118,5,5,0.1599999999999999,0.1599999999999999,not uncertain
AmbiStory,blind,GEPA,AmbiStory-test-119,1,1,0.24,0.24,not uncertain
AmbiStory,blind,GEPA,AmbiStory-test-120,4,4,0.4,0.4,not uncertain
AmbiStory,blind,GEPA,AmbiStory-test-121,4,4,0.5599999999999999,0.5599999999999999,not uncertain
AmbiStory,blind,GEPA,AmbiStory-test-122,4,4,0.64,0.64,not uncertain
AmbiStory,blind,GEPA,AmbiStory-test-123,3,3,0.5599999999999999,0.5599999999999999,not uncertain
AmbiStory,blind,GEPA,AmbiStory-test-124,3,3,1.8400000000000003,1.8400000000000003,not uncertain
AmbiStory,blind,GEPA,AmbiStory-test-125,3,3,1.8400000000000003,1.8400000000000003,highly uncertain
AmbiStory,blind,GEPA,AmbiStory-test-126,3,3,0.888888888888889,0.888888888888889,highly uncertain
AmbiStory,blind,GEPA,AmbiStory-test-127,3,3,1.36,1.36,highly uncertain
AmbiStory,blind,GEPA,AmbiStory-test-128,2,2,0.64,0.64,not uncertain
AmbiStory,blind,GEPA,AmbiStory-test-129,3,3,2.56,2.56,not uncertain
AmbiStory,blind,GEPA,AmbiStory-test-130,1,1,0.24,0.24,not uncertain
AmbiStory,blind,GEPA,AmbiStory-test-131,3,3,2.16,2.16,not uncertain
AmbiStory,blind,GEPA,AmbiStory-test-132,5,5,0.0,0.0,highly uncertain
AmbiStory,blind,GEPA,AmbiStory-test-133,1,1,0.24,0.24,highly uncertain
AmbiStory,blind,GEPA,AmbiStory-test-134,3,3,1.84,1.84,not uncertain
AmbiStory,blind,GEPA,AmbiStory-test-135,4,4,0.8,0.8,highly uncertain
AmbiStory,blind,GEPA,AmbiStory-test-136,3,3,2.64,2.64,highly uncertain
AmbiStory,blind,GEPA,AmbiStory-test-137,3,3,2.0,2.0,not uncertain
AmbiStory,blind,GEPA,AmbiStory-test-138,5,5,0.24,0.24,not uncertain
AmbiStory,blind,GEPA,AmbiStory-test-139,5,5,0.0,0.0,not uncertain
AmbiStory,blind,GEPA,AmbiStory-test-140,5,5,0.0,0.0,not uncertain
AmbiStory,blind,GEPA,AmbiStory-test-141,5,5,0.0,0.0,not uncertain
AmbiStory,blind,GEPA,AmbiStory-test-142,4,4,1.36,1.36,not uncertain
AmbiStory,blind,GEPA,AmbiStory-test-143,5,5,0.0,0.0,highly uncertain
AmbiStory,blind,GEPA,AmbiStory-test-144,1,1,0.24,0.24,highly uncertain
AmbiStory,blind,GEPA,AmbiStory-test-145,5,5,0.1599999999999999,0.1599999999999999,highly uncertain
AmbiStory,blind,GEPA,AmbiStory-test-146,2,2,2.24,2.24,not uncertain
AmbiStory,blind,GEPA,AmbiStory-test-147,5,5,0.1599999999999999,0.1599999999999999,not uncertain
AmbiStory,blind,GEPA,AmbiStory-test-148,2,2,0.5599999999999999,0.5599999999999999,not uncertain
AmbiStory,blind,GEPA,AmbiStory-test-149,4,4,1.44,1.44,not uncertain
AmbiStory,blind,GEPA,AmbiStory-test-150,3,3,2.8,2.8,not uncertain
AmbiStory,blind,GEPA,AmbiStory-test-151,3,3,2.8,2.8,not uncertain
AmbiStory,blind,GEPA,AmbiStory-test-152,1,1,0.6400000000000002,0.6400000000000002,highly uncertain
AmbiStory,blind,GEPA,AmbiStory-test-153,4,4,1.84,1.84,highly uncertain
AmbiStory,blind,GEPA,AmbiStory-test-154,4,4,1.4400000000000002,1.4400000000000002,somewhat uncertain
AmbiStory,blind,GEPA,AmbiStory-test-155,3,3,1.8400000000000003,1.8400000000000003,somewhat uncertain
AmbiStory,blind,GEPA,AmbiStory-test-156,5,5,0.0,0.0,not uncertain
AmbiStory,blind,GEPA,AmbiStory-test-157,1,1,0.16,0.16,not uncertain
AmbiStory,blind,GEPA,AmbiStory-test-158,3,3,1.36,1.36,highly uncertain
AmbiStory,blind,GEPA,AmbiStory-test-159,3,3,0.96,0.96,highly uncertain
AmbiStory,blind,GEPA,AmbiStory-test-160,5,5,0.0,0.0,not uncertain
AmbiStory,blind,GEPA,AmbiStory-test-161,2,2,0.9600000000000002,0.9600000000000002,highly uncertain
AmbiStory,blind,GEPA,AmbiStory-test-162,2,2,0.64,0.64,highly uncertain
AmbiStory,blind,GEPA,AmbiStory-test-163,4,4,0.5599999999999999,0.5599999999999999,highly uncertain
AmbiStory,blind,GEPA,AmbiStory-test-164,2,2,0.64,0.64,highly uncertain
AmbiStory,blind,GEPA,AmbiStory-test-165,3,3,1.84,1.84,highly uncertain
AmbiStory,blind,GEPA,AmbiStory-test-166,2,2,0.24,0.24,highly uncertain
AmbiStory,blind,GEPA,AmbiStory-test-167,4,4,0.6399999999999999,0.6399999999999999,highly uncertain
AmbiStory,blind,GEPA,AmbiStory-test-168,5,5,0.1599999999999999,0.1599999999999999,not uncertain
AmbiStory,blind,GEPA,AmbiStory-test-169,1,1,0.0,0.0,not uncertain
AmbiStory,blind,GEPA,AmbiStory-test-170,5,5,0.0,0.0,not uncertain
AmbiStory,blind,GEPA,AmbiStory-test-171,1,1,0.0,0.0,not uncertain
AmbiStory,blind,GEPA,AmbiStory-test-172,5,5,0.24,0.24,somewhat uncertain
AmbiStory,blind,GEPA,AmbiStory-test-173,1,1,0.0,0.0,not uncertain
AmbiStory,blind,GEPA,AmbiStory-test-174,5,5,0.6399999999999999,0.6399999999999999,highly uncertain
AmbiStory,blind,GEPA,AmbiStory-test-175,2,2,0.8,0.8,not uncertain
AmbiStory,blind,GEPA,AmbiStory-test-176,1,1,0.24,0.24,not uncertain
AmbiStory,blind,GEPA,AmbiStory-test-177,4,4,2.1600000000000006,2.1600000000000006,highly uncertain
AmbiStory,blind,GEPA,AmbiStory-test-178,2,2,1.04,1.04,not uncertain
AmbiStory,blind,GEPA,AmbiStory-test-179,4,4,0.5599999999999999,0.5599999999999999,somewhat uncertain
AmbiStory,blind,GEPA,AmbiStory-test-180,4,4,0.6399999999999999,0.6399999999999999,somewhat uncertain
AmbiStory,blind,GEPA,AmbiStory-test-181,3,3,0.64,0.64,highly uncertain
AmbiStory,blind,GEPA,AmbiStory-test-182,2,2,0.64,0.64,highly uncertain
AmbiStory,blind,GEPA,AmbiStory-test-183,3,3,1.84,1.84,highly uncertain
AmbiStory,blind,GEPA,AmbiStory-test-184,3,3,0.0,0.0,highly uncertain
AmbiStory,blind,GEPA,AmbiStory-test-185,3,3,1.2,1.2,highly uncertain
AmbiStory,blind,GEPA,AmbiStory-test-186,3,3,1.84,1.84,not uncertain
AmbiStory,blind,GEPA,AmbiStory-test-187,2,2,0.56,0.56,not uncertain
AmbiStory,blind,GEPA,AmbiStory-test-188,1,1,0.16,0.16,not uncertain
AmbiStory,blind,GEPA,AmbiStory-test-189,4,4,0.64,0.64,somewhat uncertain
AmbiStory,blind,GEPA,AmbiStory-test-190,2,2,0.56,0.56,not uncertain
AmbiStory,blind,GEPA,AmbiStory-test-191,3,3,1.04,1.04,not uncertain
AmbiStory,blind,GEPA,AmbiStory-test-192,5,5,0.1599999999999999,0.1599999999999999,not uncertain
AmbiStory,blind,GEPA,AmbiStory-test-193,1,1,0.16,0.16,not uncertain
AmbiStory,blind,GEPA,AmbiStory-test-194,3,3,0.64,0.64,highly uncertain
AmbiStory,blind,GEPA,AmbiStory-test-195,3,3,1.84,1.84,highly uncertain
AmbiStory,blind,GEPA,AmbiStory-test-196,4,4,0.5599999999999999,0.5599999999999999,highly uncertain
AmbiStory,blind,GEPA,AmbiStory-test-197,2,2,0.64,0.64,not uncertain
AmbiStory,blind,GEPA,AmbiStory-test-198,5,5,0.24,0.24,somewhat uncertain
AmbiStory,blind,GEPA,AmbiStory-test-199,1,1,0.64,0.64,not uncertain
AmbiStory,blind,GEPA,AmbiStory-test-200,4,4,0.4,0.4,somewhat uncertain
AmbiStory,blind,GEPA,AmbiStory-test-201,2,2,1.2,1.2,highly uncertain
AmbiStory,blind,GEPA,AmbiStory-test-202,5,5,0.1599999999999999,0.1599999999999999,not uncertain
AmbiStory,blind,GEPA,AmbiStory-test-203,2,2,0.64,0.64,not uncertain
AmbiStory,blind,GEPA,AmbiStory-test-204,5,5,0.24,0.24,somewhat uncertain
AmbiStory,blind,GEPA,AmbiStory-test-205,2,2,0.16,0.16,highly uncertain
AmbiStory,blind,GEPA,AmbiStory-test-206,4,4,0.24,0.24,highly uncertain
AmbiStory,blind,GEPA,AmbiStory-test-207,3,3,1.6,1.6,not uncertain
AmbiStory,blind,GEPA,AmbiStory-test-208,4,4,0.8,0.8,highly uncertain
AmbiStory,blind,GEPA,AmbiStory-test-209,2,2,0.24,0.24,highly uncertain
AmbiStory,blind,GEPA,AmbiStory-test-210,3,3,0.5599999999999999,0.5599999999999999,highly uncertain
AmbiStory,blind,GEPA,AmbiStory-test-211,2,2,0.56,0.56,highly uncertain
AmbiStory,blind,GEPA,AmbiStory-test-212,3,3,0.4,0.4,highly uncertain
AmbiStory,blind,GEPA,AmbiStory-test-213,3,3,3.3600000000000003,3.3600000000000003,somewhat uncertain
AmbiStory,blind,GEPA,AmbiStory-test-214,3,3,1.04,1.04,highly uncertain
AmbiStory,blind,GEPA,AmbiStory-test-215,2,2,2.24,2.24,highly uncertain
AmbiStory,blind,GEPA,AmbiStory-test-216,4,4,0.24,0.24,highly uncertain
AmbiStory,blind,GEPA,AmbiStory-test-217,1,1,0.6400000000000002,0.6400000000000002,highly uncertain
AmbiStory,blind,GEPA,AmbiStory-test-218,3,3,0.96,0.96,highly uncertain
AmbiStory,blind,GEPA,AmbiStory-test-219,3,3,3.3599999999999994,3.3599999999999994,highly uncertain
AmbiStory,blind,GEPA,AmbiStory-test-220,3,3,1.805555555555556,1.805555555555556,highly uncertain
AmbiStory,blind,GEPA,AmbiStory-test-221,3,3,1.36,1.36,somewhat uncertain
AmbiStory,blind,GEPA,AmbiStory-test-222,5,5,0.24,0.24,not uncertain
AmbiStory,blind,GEPA,AmbiStory-test-223,3,3,2.64,2.64,highly uncertain
AmbiStory,blind,GEPA,AmbiStory-test-224,3,3,1.36,1.36,not uncertain
AmbiStory,blind,GEPA,AmbiStory-test-225,4,4,0.6399999999999999,0.6399999999999999,not uncertain
AmbiStory,blind,GEPA,AmbiStory-test-226,3,3,1.2,1.2,highly uncertain
AmbiStory,blind,GEPA,AmbiStory-test-227,3,3,0.5599999999999999,0.5599999999999999,highly uncertain
AmbiStory,blind,GEPA,AmbiStory-test-228,2,2,1.4400000000000002,1.4400000000000002,highly uncertain
AmbiStory,blind,GEPA,AmbiStory-test-229,3,3,1.04,1.04,highly uncertain
AmbiStory,blind,GEPA,AmbiStory-test-230,2,2,0.24,0.24,not uncertain
AmbiStory,blind,GEPA,AmbiStory-test-231,4,4,1.0400000000000005,1.0400000000000005,highly uncertain
AmbiStory,blind,GEPA,AmbiStory-test-232,2,2,0.5599999999999999,0.5599999999999999,somewhat uncertain
AmbiStory,blind,GEPA,AmbiStory-test-233,4,4,1.36,1.36,highly uncertain
AmbiStory,blind,GEPA,AmbiStory-test-234,5,5,0.0,0.0,not uncertain
AmbiStory,blind,GEPA,AmbiStory-test-235,4,4,1.36,1.36,highly uncertain
AmbiStory,blind,GEPA,AmbiStory-test-236,3,3,1.8400000000000003,1.8400000000000003,highly uncertain
AmbiStory,blind,GEPA,AmbiStory-test-237,4,4,0.24,0.24,highly uncertain
AmbiStory,blind,GEPA,AmbiStory-test-238,4,4,0.96,0.96,highly uncertain
AmbiStory,blind,GEPA,AmbiStory-test-239,4,4,0.24,0.24,highly uncertain
AmbiStory,blind,GEPA,AmbiStory-test-240,2,2,0.56,0.56,not uncertain
AmbiStory,blind,GEPA,AmbiStory-test-241,5,5,0.1599999999999999,0.1599999999999999,not uncertain
AmbiStory,blind,GEPA,AmbiStory-test-242,1,1,0.24,0.24,not uncertain
AmbiStory,blind,GEPA,AmbiStory-test-243,5,5,0.1599999999999999,0.1599999999999999,not uncertain
AmbiStory,blind,GEPA,AmbiStory-test-244,2,2,2.24,2.24,highly uncertain
AmbiStory,blind,GEPA,AmbiStory-test-245,4,4,0.6399999999999999,0.6399999999999999,not uncertain
AmbiStory,blind,GEPA,AmbiStory-test-246,5,5,0.1599999999999999,0.1599999999999999,not uncertain
AmbiStory,blind,GEPA,AmbiStory-test-247,1,1,0.64,0.64,not uncertain
AmbiStory,blind,GEPA,AmbiStory-test-248,5,5,0.1599999999999999,0.1599999999999999,highly uncertain
AmbiStory,blind,GEPA,AmbiStory-test-249,2,2,0.64,0.64,highly uncertain
AmbiStory,blind,GEPA,AmbiStory-test-250,5,5,0.24,0.24,not uncertain
AmbiStory,blind,GEPA,AmbiStory-test-251,1,1,0.16,0.16,not uncertain
AmbiStory,blind,GEPA,AmbiStory-test-252,4,4,0.6399999999999999,0.6399999999999999,highly uncertain
AmbiStory,blind,GEPA,AmbiStory-test-253,3,3,1.2,1.2,highly uncertain
AmbiStory,blind,GEPA,AmbiStory-test-254,4,4,0.6399999999999999,0.6399999999999999,not uncertain
AmbiStory,blind,GEPA,AmbiStory-test-255,2,2,2.24,2.24,somewhat uncertain
AmbiStory,blind,GEPA,AmbiStory-test-256,4,4,0.5599999999999999,0.5599999999999999,highly uncertain
AmbiStory,blind,GEPA,AmbiStory-test-257,2,2,1.36,1.36,highly uncertain
AmbiStory,blind,GEPA,AmbiStory-test-258,3,3,1.44,1.44,not uncertain
AmbiStory,blind,GEPA,AmbiStory-test-259,5,5,0.0,0.0,not uncertain
AmbiStory,blind,GEPA,AmbiStory-test-260,2,2,0.64,0.64,not uncertain
AmbiStory,blind,GEPA,AmbiStory-test-261,5,5,0.0,0.0,highly uncertain
AmbiStory,blind,GEPA,AmbiStory-test-262,4,4,1.44,1.44,not uncertain
AmbiStory,blind,GEPA,AmbiStory-test-263,4,4,1.36,1.36,not uncertain
AmbiStory,blind,GEPA,AmbiStory-test-264,3,3,3.2,3.2,highly uncertain
AmbiStory,blind,GEPA,AmbiStory-test-265,3,3,2.56,2.56,not uncertain
AmbiStory,blind,GEPA,AmbiStory-test-266,1,1,0.16,0.16,highly uncertain
AmbiStory,blind,GEPA,AmbiStory-test-267,4,4,1.6,1.6,not uncertain
AmbiStory,blind,GEPA,AmbiStory-test-268,3,3,2.56,2.56,
AmbiStory,blind,GEPA,AmbiStory-test-269,4,4,3.04,3.04,not uncertain
AmbiStory,blind,GEPA,AmbiStory-test-270,5,5,0.24,0.24,not uncertain
AmbiStory,blind,GEPA,AmbiStory-test-271,2,2,0.64,0.64,highly uncertain
AmbiStory,blind,GEPA,AmbiStory-test-272,2,2,0.8,0.8,somewhat uncertain
AmbiStory,blind,GEPA,AmbiStory-test-273,4,4,2.4,2.4,highly uncertain
AmbiStory,blind,GEPA,AmbiStory-test-274,4,4,1.36,1.36,not uncertain
AmbiStory,blind,GEPA,AmbiStory-test-275,3,3,1.36,1.36,highly uncertain
AmbiStory,blind,GEPA,AmbiStory-test-276,2,2,0.64,0.64,not uncertain
AmbiStory,blind,GEPA,AmbiStory-test-277,5,5,0.6399999999999999,0.6399999999999999,not uncertain
AmbiStory,blind,GEPA,AmbiStory-test-278,2,2,0.64,0.64,
AmbiStory,blind,GEPA,AmbiStory-test-279,5,5,0.0,0.0,not uncertain
AmbiStory,blind,GEPA,AmbiStory-test-280,2,2,0.5599999999999999,0.5599999999999999,somewhat uncertain
AmbiStory,blind,GEPA,AmbiStory-test-281,4,4,0.64,0.64,highly uncertain
AmbiStory,blind,GEPA,AmbiStory-test-282,3,3,1.04,1.04,highly uncertain
AmbiStory,blind,GEPA,AmbiStory-test-283,4,4,2.56,2.56,not uncertain
AmbiStory,blind,GEPA,AmbiStory-test-284,4,4,0.5599999999999999,0.5599999999999999,not uncertain
AmbiStory,blind,GEPA,AmbiStory-test-285,4,4,2.4,2.4,somewhat uncertain
AmbiStory,blind,GEPA,AmbiStory-test-286,3,3,0.64,0.64,not uncertain
AmbiStory,blind,GEPA,AmbiStory-test-287,4,4,0.64,0.64,not uncertain
AmbiStory,blind,GEPA,AmbiStory-test-288,4,4,0.96,0.96,not uncertain
AmbiStory,blind,GEPA,AmbiStory-test-289,4,4,0.5599999999999999,0.5599999999999999,highly uncertain
AmbiStory,blind,GEPA,AmbiStory-test-290,3,3,2.8,2.8,not uncertain
AmbiStory,blind,GEPA,AmbiStory-test-291,4,4,0.8,0.8,highly uncertain
AmbiStory,blind,GEPA,AmbiStory-test-292,4,4,0.6399999999999999,0.6399999999999999,not uncertain
AmbiStory,blind,GEPA,AmbiStory-test-293,4,4,2.16,2.16,not uncertain
AmbiStory,blind,GEPA,AmbiStory-test-294,3,3,1.7600000000000002,1.7600000000000002,highly uncertain
AmbiStory,blind,GEPA,AmbiStory-test-295,2,2,0.64,0.64,highly uncertain
AmbiStory,blind,GEPA,AmbiStory-test-296,3,3,1.2,1.2,not uncertain
AmbiStory,blind,GEPA,AmbiStory-test-297,5,5,0.24,0.24,not uncertain
AmbiStory,blind,GEPA,AmbiStory-test-298,2,2,0.56,0.56,not uncertain
AmbiStory,blind,GEPA,AmbiStory-test-299,4,4,1.8400000000000003,1.8400000000000003,not uncertain
AmbiStory,blind,GEPA,AmbiStory-test-300,2,2,1.36,1.36,not uncertain
AmbiStory,blind,GEPA,AmbiStory-test-301,1,1,0.16,0.16,highly uncertain
AmbiStory,blind,GEPA,AmbiStory-test-302,3,3,0.64,0.64,highly uncertain
AmbiStory,blind,GEPA,AmbiStory-test-303,2,2,1.3600000000000003,1.3600000000000003,not uncertain
AmbiStory,blind,GEPA,AmbiStory-test-304,4,4,1.4400000000000002,1.4400000000000002,not uncertain
AmbiStory,blind,GEPA,AmbiStory-test-305,2,2,0.56,0.56,not uncertain
AmbiStory,blind,GEPA,AmbiStory-test-306,5,5,0.0,0.0,not uncertain
AmbiStory,blind,GEPA,AmbiStory-test-307,1,1,0.24,0.24,not uncertain
AmbiStory,blind,GEPA,AmbiStory-test-308,4,4,2.56,2.56,not uncertain
AmbiStory,blind,GEPA,AmbiStory-test-309,2,2,0.9600000000000002,0.9600000000000002,highly uncertain
AmbiStory,blind,GEPA,AmbiStory-test-310,4,4,0.64,0.64,not uncertain
AmbiStory,blind,GEPA,AmbiStory-test-311,3,3,2.16,2.16,highly uncertain
AmbiStory,blind,GEPA,AmbiStory-test-312,4,4,0.24,0.24,not uncertain
AmbiStory,blind,GEPA,AmbiStory-test-313,3,3,3.8400000000000007,3.8400000000000007,not uncertain
AmbiStory,blind,GEPA,AmbiStory-test-314,4,4,1.36,1.36,not uncertain
AmbiStory,blind,GEPA,AmbiStory-test-315,3,3,0.96,0.96,not uncertain
AmbiStory,blind,GEPA,AmbiStory-test-316,3,3,1.8400000000000003,1.8400000000000003,
AmbiStory,blind,GEPA,AmbiStory-test-317,4,4,1.8400000000000003,1.8400000000000003,highly uncertain
AmbiStory,blind,GEPA,AmbiStory-test-318,5,5,0.1599999999999999,0.1599999999999999,not uncertain
AmbiStory,blind,GEPA,AmbiStory-test-319,1,1,0.16,0.16,not uncertain
AmbiStory,blind,GEPA,AmbiStory-test-320,5,5,0.1599999999999999,0.1599999999999999,not uncertain
AmbiStory,blind,GEPA,AmbiStory-test-321,1,1,0.0,0.0,not uncertain
AmbiStory,blind,GEPA,AmbiStory-test-322,5,5,0.24,0.24,not uncertain
AmbiStory,blind,GEPA,AmbiStory-test-323,1,1,0.16,0.16,not uncertain
AmbiStory,blind,GEPA,AmbiStory-test-324,5,5,0.0,0.0,not uncertain
AmbiStory,blind,GEPA,AmbiStory-test-325,1,1,0.0,0.0,not uncertain
AmbiStory,blind,GEPA,AmbiStory-test-326,5,5,0.1599999999999999,0.1599999999999999,not uncertain
AmbiStory,blind,GEPA,AmbiStory-test-327,2,2,0.9600000000000002,0.9600000000000002,not uncertain
AmbiStory,blind,GEPA,AmbiStory-test-328,5,5,0.0,0.0,not uncertain
AmbiStory,blind,GEPA,AmbiStory-test-329,2,2,2.1388888888888897,2.1388888888888897,not uncertain
AmbiStory,blind,GEPA,AmbiStory-test-330,4,4,0.5599999999999999,0.5599999999999999,not uncertain
AmbiStory,blind,GEPA,AmbiStory-test-331,3,3,2.56,2.56,highly uncertain
AmbiStory,blind,GEPA,AmbiStory-test-332,1,1,0.0,0.0,not uncertain
AmbiStory,blind,GEPA,AmbiStory-test-333,5,5,0.1599999999999999,0.1599999999999999,not uncertain
AmbiStory,blind,GEPA,AmbiStory-test-334,1,1,0.16,0.16,highly uncertain
AmbiStory,blind,GEPA,AmbiStory-test-335,4,4,1.2,1.2,somewhat uncertain
AmbiStory,blind,GEPA,AmbiStory-test-336,5,5,0.1599999999999999,0.1599999999999999,not uncertain
AmbiStory,blind,GEPA,AmbiStory-test-337,1,1,0.0,0.0,not uncertain
AmbiStory,blind,GEPA,AmbiStory-test-338,2,2,0.24,0.24,highly uncertain
AmbiStory,blind,GEPA,AmbiStory-test-339,4,4,0.5599999999999999,0.5599999999999999,highly uncertain
AmbiStory,blind,GEPA,AmbiStory-test-340,5,5,0.24,0.24,not uncertain
AmbiStory,blind,GEPA,AmbiStory-test-341,2,2,0.5599999999999999,0.5599999999999999,highly uncertain
AmbiStory,blind,GEPA,AmbiStory-test-342,5,5,0.0,0.0,not uncertain
AmbiStory,blind,GEPA,AmbiStory-test-343,1,1,0.0,0.0,not uncertain
AmbiStory,blind,GEPA,AmbiStory-test-344,5,5,0.1599999999999999,0.1599999999999999,not uncertain
AmbiStory,blind,GEPA,AmbiStory-test-345,3,3,0.64,0.64,highly uncertain
AmbiStory,blind,GEPA,AmbiStory-test-346,4,4,2.56,2.56,somewhat uncertain
AmbiStory,blind,GEPA,AmbiStory-test-347,2,2,0.25,0.25,highly uncertain
AmbiStory,blind,GEPA,AmbiStory-test-348,4,4,2.560000000000001,2.560000000000001,highly uncertain
AmbiStory,blind,GEPA,AmbiStory-test-349,2,2,2.560000000000001,2.560000000000001,not uncertain
AmbiStory,blind,GEPA,AmbiStory-test-350,2,2,2.16,2.16,not uncertain
AmbiStory,blind,GEPA,AmbiStory-test-351,2,2,1.04,1.04,not uncertain
AmbiStory,blind,GEPA,AmbiStory-test-352,2,2,0.56,0.56,highly uncertain
AmbiStory,blind,GEPA,AmbiStory-test-353,1,1,0.16,0.16,highly uncertain
AmbiStory,blind,GEPA,AmbiStory-test-354,5,5,0.0,0.0,highly uncertain
AmbiStory,blind,GEPA,AmbiStory-test-355,1,1,0.0,0.0,highly uncertain
AmbiStory,blind,GEPA,AmbiStory-test-356,5,5,0.0,0.0,somewhat uncertain
AmbiStory,blind,GEPA,AmbiStory-test-357,1,1,0.0,0.0,highly uncertain
AmbiStory,blind,GEPA,AmbiStory-test-358,5,5,0.0,0.0,highly uncertain
AmbiStory,blind,GEPA,AmbiStory-test-359,2,2,0.56,0.56,somewhat uncertain
AmbiStory,blind,GEPA,AmbiStory-test-360,5,5,0.1599999999999999,0.1599999999999999,not uncertain
AmbiStory,blind,GEPA,AmbiStory-test-361,1,1,0.24,0.24,highly uncertain
AmbiStory,blind,GEPA,AmbiStory-test-362,4,4,2.56,2.56,not uncertain
AmbiStory,blind,GEPA,AmbiStory-test-363,1,1,0.0,0.0,not uncertain
AmbiStory,blind,GEPA,AmbiStory-test-364,2,2,0.96,0.96,highly uncertain
AmbiStory,blind,GEPA,AmbiStory-test-365,3,3,1.6,1.6,highly uncertain
AmbiStory,blind,GEPA,AmbiStory-test-366,3,3,1.4400000000000002,1.4400000000000002,not uncertain
AmbiStory,blind,GEPA,AmbiStory-test-367,2,2,0.16,0.16,not uncertain
AmbiStory,blind,GEPA,AmbiStory-test-368,2,2,0.5599999999999999,0.5599999999999999,highly uncertain
AmbiStory,blind,GEPA,AmbiStory-test-369,4,4,2.24,2.24,highly uncertain
AmbiStory,blind,GEPA,AmbiStory-test-370,2,2,0.56,0.56,highly uncertain
AmbiStory,blind,GEPA,AmbiStory-test-371,2,2,2.24,2.24,somewhat uncertain
AmbiStory,blind,GEPA,AmbiStory-test-372,4,4,0.64,0.64,highly uncertain
AmbiStory,blind,GEPA,AmbiStory-test-373,2,2,0.56,0.56,highly uncertain
AmbiStory,blind,GEPA,AmbiStory-test-374,5,5,0.24,0.24,highly uncertain
AmbiStory,blind,GEPA,AmbiStory-test-375,1,1,0.0,0.0,not uncertain
AmbiStory,blind,GEPA,AmbiStory-test-376,5,5,0.24,0.24,highly uncertain
AmbiStory,blind,GEPA,AmbiStory-test-377,2,2,0.56,0.56,highly uncertain
AmbiStory,blind,GEPA,AmbiStory-test-378,4,4,2.56,2.56,not uncertain
AmbiStory,blind,GEPA,AmbiStory-test-379,1,1,0.64,0.64,not uncertain
AmbiStory,blind,GEPA,AmbiStory-test-380,1,1,0.0,0.0,not uncertain
AmbiStory,blind,GEPA,AmbiStory-test-381,5,5,0.24,0.24,not uncertain
AmbiStory,blind,GEPA,AmbiStory-test-382,3,3,2.56,2.56,somewhat uncertain
AmbiStory,blind,GEPA,AmbiStory-test-383,4,4,0.24,0.24,highly uncertain
AmbiStory,blind,GEPA,AmbiStory-test-384,5,5,0.0,0.0,not uncertain
AmbiStory,blind,GEPA,AmbiStory-test-385,1,1,0.16,0.16,not uncertain
AmbiStory,blind,GEPA,AmbiStory-test-386,3,3,2.16,2.16,not uncertain
AmbiStory,blind,GEPA,AmbiStory-test-387,2,2,1.36,1.36,not uncertain
AmbiStory,blind,GEPA,AmbiStory-test-388,4,4,0.96,0.96,not uncertain
AmbiStory,blind,GEPA,AmbiStory-test-389,2,2,1.6,1.6,highly uncertain
AmbiStory,blind,GEPA,AmbiStory-test-390,5,5,0.1599999999999999,0.1599999999999999,not uncertain
AmbiStory,blind,GEPA,AmbiStory-test-391,1,1,0.16,0.16,not uncertain
AmbiStory,blind,GEPA,AmbiStory-test-392,4,4,0.64,0.64,highly uncertain
AmbiStory,blind,GEPA,AmbiStory-test-393,3,3,1.36,1.36,highly uncertain
AmbiStory,blind,GEPA,AmbiStory-test-394,4,4,2.24,2.24,not uncertain
AmbiStory,blind,GEPA,AmbiStory-test-395,2,2,0.8,0.8,not uncertain
AmbiStory,blind,GEPA,AmbiStory-test-396,5,5,0.0,0.0,not uncertain
AmbiStory,blind,GEPA,AmbiStory-test-397,1,1,0.24,0.24,not uncertain
AmbiStory,blind,GEPA,AmbiStory-test-398,4,4,0.5599999999999999,0.5599999999999999,highly uncertain
AmbiStory,blind,GEPA,AmbiStory-test-399,3,3,0.1599999999999999,0.1599999999999999,not uncertain
AmbiStory,blind,GEPA,AmbiStory-test-400,5,5,0.1599999999999999,0.1599999999999999,not uncertain
AmbiStory,blind,GEPA,AmbiStory-test-401,1,1,0.24,0.24,not uncertain
AmbiStory,blind,GEPA,AmbiStory-test-402,4,4,0.5599999999999999,0.5599999999999999,highly uncertain
AmbiStory,blind,GEPA,AmbiStory-test-403,2,2,0.4,0.4,not uncertain
AmbiStory,blind,GEPA,AmbiStory-test-404,4,4,0.5599999999999999,0.5599999999999999,highly uncertain
AmbiStory,blind,GEPA,AmbiStory-test-405,2,2,0.4,0.4,highly uncertain
AmbiStory,blind,GEPA,AmbiStory-test-406,4,4,0.24,0.24,highly uncertain
AmbiStory,blind,GEPA,AmbiStory-test-407,2,2,1.36,1.36,not uncertain
AmbiStory,blind,GEPA,AmbiStory-test-408,4,4,1.44,1.44,highly uncertain
AmbiStory,blind,GEPA,AmbiStory-test-409,1,1,0.0,0.0,not uncertain
AmbiStory,blind,GEPA,AmbiStory-test-410,4,4,1.36,1.36,not uncertain
AmbiStory,blind,GEPA,AmbiStory-test-411,2,2,1.04,1.04,highly uncertain
AmbiStory,blind,GEPA,AmbiStory-test-412,4,4,0.96,0.96,highly uncertain
AmbiStory,blind,GEPA,AmbiStory-test-413,1,1,0.64,0.64,not uncertain
AmbiStory,blind,GEPA,AmbiStory-test-414,5,5,0.0,0.0,not uncertain
AmbiStory,blind,GEPA,AmbiStory-test-415,1,1,0.24,0.24,not uncertain
AmbiStory,blind,GEPA,AmbiStory-test-416,5,5,0.1599999999999999,0.1599999999999999,not uncertain
AmbiStory,blind,GEPA,AmbiStory-test-417,2,2,0.64,0.64,not uncertain
AmbiStory,blind,GEPA,AmbiStory-test-418,5,5,0.1599999999999999,0.1599999999999999,not uncertain
AmbiStory,blind,GEPA,AmbiStory-test-419,2,2,2.24,2.24,not uncertain
AmbiStory,blind,GEPA,AmbiStory-test-420,3,3,2.2222222222222228,2.2222222222222228,highly uncertain
AmbiStory,blind,GEPA,AmbiStory-test-421,3,3,1.4400000000000002,1.4400000000000002,highly uncertain
AmbiStory,blind,GEPA,AmbiStory-test-422,3,3,2.24,2.24,highly uncertain
AmbiStory,blind,GEPA,AmbiStory-test-423,3,3,2.0,2.0,highly uncertain
AmbiStory,blind,GEPA,AmbiStory-test-424,3,3,0.4,0.4,highly uncertain
AmbiStory,blind,GEPA,AmbiStory-test-425,3,3,1.04,1.04,highly uncertain
AmbiStory,blind,GEPA,AmbiStory-test-426,3,3,0.64,0.64,highly uncertain
AmbiStory,blind,GEPA,AmbiStory-test-427,3,3,1.36,1.36,highly uncertain
AmbiStory,blind,GEPA,AmbiStory-test-428,4,4,0.6399999999999999,0.6399999999999999,highly uncertain
AmbiStory,blind,GEPA,AmbiStory-test-429,2,2,0.4,0.4,highly uncertain
AmbiStory,blind,GEPA,AmbiStory-test-430,4,4,1.6,1.6,highly uncertain
AmbiStory,blind,GEPA,AmbiStory-test-431,2,2,0.16,0.16,not uncertain
AmbiStory,blind,GEPA,AmbiStory-test-432,4,4,1.44,1.44,somewhat uncertain
AmbiStory,blind,GEPA,AmbiStory-test-433,1,1,0.24,0.24,highly uncertain
AmbiStory,blind,GEPA,AmbiStory-test-434,5,5,0.24,0.24,highly uncertain
AmbiStory,blind,GEPA,AmbiStory-test-435,1,1,0.64,0.64,highly uncertain
AmbiStory,blind,GEPA,AmbiStory-test-436,4,4,1.36,1.36,highly uncertain
AmbiStory,blind,GEPA,AmbiStory-test-437,1,1,0.0,0.0,highly uncertain
AmbiStory,blind,GEPA,AmbiStory-test-438,5,5,0.1599999999999999,0.1599999999999999,highly uncertain
AmbiStory,blind,GEPA,AmbiStory-test-439,2,2,2.24,2.24,highly uncertain
AmbiStory,blind,GEPA,AmbiStory-test-440,3,3,1.36,1.36,highly uncertain
AmbiStory,blind,GEPA,AmbiStory-test-441,3,3,1.84,1.84,not uncertain
AmbiStory,blind,GEPA,AmbiStory-test-442,4,4,0.5599999999999999,0.5599999999999999,somewhat uncertain
AmbiStory,blind,GEPA,AmbiStory-test-443,3,3,2.64,2.64,not uncertain
AmbiStory,blind,GEPA,AmbiStory-test-444,4,4,1.36,1.36,highly uncertain
AmbiStory,blind,GEPA,AmbiStory-test-445,2,2,1.36,1.36,not uncertain
AmbiStory,blind,GEPA,AmbiStory-test-446,3,3,1.36,1.36,highly uncertain
AmbiStory,blind,GEPA,AmbiStory-test-447,4,4,1.36,1.36,highly uncertain
AmbiStory,blind,GEPA,AmbiStory-test-448,4,4,0.24,0.24,somewhat uncertain
AmbiStory,blind,GEPA,AmbiStory-test-449,2,2,0.8,0.8,highly uncertain
AmbiStory,blind,GEPA,AmbiStory-test-450,4,4,0.5599999999999999,0.5599999999999999,highly uncertain
AmbiStory,blind,GEPA,AmbiStory-test-451,2,2,0.9600000000000002,0.9600000000000002,not uncertain
AmbiStory,blind,GEPA,AmbiStory-test-452,2,2,0.24,0.24,highly uncertain
AmbiStory,blind,GEPA,AmbiStory-test-453,5,5,0.1599999999999999,0.1599999999999999,highly uncertain
AmbiStory,blind,GEPA,AmbiStory-test-454,3,3,2.24,2.24,highly uncertain
AmbiStory,blind,GEPA,AmbiStory-test-455,3,3,0.64,0.64,highly uncertain
AmbiStory,blind,GEPA,AmbiStory-test-456,4,4,1.36,1.36,
AmbiStory,blind,GEPA,AmbiStory-test-457,3,3,1.04,1.04,somewhat uncertain
AmbiStory,blind,GEPA,AmbiStory-test-458,3,3,1.36,1.36,highly uncertain
AmbiStory,blind,GEPA,AmbiStory-test-459,4,4,0.4,0.4,not uncertain
AmbiStory,blind,GEPA,AmbiStory-test-460,3,3,1.7600000000000002,1.7600000000000002,not uncertain
AmbiStory,blind,GEPA,AmbiStory-test-461,3,3,1.5555555555555556,1.5555555555555556,not uncertain
AmbiStory,blind,GEPA,AmbiStory-test-462,2,2,3.04,3.04,not uncertain
AmbiStory,blind,GEPA,AmbiStory-test-463,5,5,0.0,0.0,highly uncertain
AmbiStory,blind,GEPA,AmbiStory-test-464,2,2,0.8,0.8,highly uncertain
AmbiStory,blind,GEPA,AmbiStory-test-465,5,5,0.6399999999999999,0.6399999999999999,highly uncertain
AmbiStory,blind,GEPA,AmbiStory-test-466,3,3,0.8,0.8,highly uncertain
AmbiStory,blind,GEPA,AmbiStory-test-467,3,3,1.84,1.84,not uncertain
AmbiStory,blind,GEPA,AmbiStory-test-468,5,5,0.1599999999999999,0.1599999999999999,not uncertain
AmbiStory,blind,GEPA,AmbiStory-test-469,5,5,0.1599999999999999,0.1599999999999999,somewhat uncertain
AmbiStory,blind,GEPA,AmbiStory-test-470,5,5,0.6399999999999999,0.6399999999999999,not uncertain
AmbiStory,blind,GEPA,AmbiStory-test-471,4,4,1.36,1.36,highly uncertain
AmbiStory,blind,GEPA,AmbiStory-test-472,4,4,1.0400000000000005,1.0400000000000005,
AmbiStory,blind,GEPA,AmbiStory-test-473,4,4,1.44,1.44,highly uncertain
AmbiStory,blind,GEPA,AmbiStory-test-474,5,5,0.0,0.0,not uncertain
AmbiStory,blind,GEPA,AmbiStory-test-475,3,3,2.64,2.64,highly uncertain
AmbiStory,blind,GEPA,AmbiStory-test-476,4,4,0.64,0.64,not uncertain
AmbiStory,blind,GEPA,AmbiStory-test-477,3,3,2.16,2.16,highly uncertain
AmbiStory,blind,GEPA,AmbiStory-test-478,4,4,0.5599999999999999,0.5599999999999999,not uncertain
AmbiStory,blind,GEPA,AmbiStory-test-479,3,3,2.0,2.0,highly uncertain
AmbiStory,blind,GEPA,AmbiStory-test-480,5,5,0.0,0.0,not uncertain
AmbiStory,blind,GEPA,AmbiStory-test-481,2,2,0.64,0.64,highly uncertain
AmbiStory,blind,GEPA,AmbiStory-test-482,2,2,2.1600000000000006,2.1600000000000006,highly uncertain
AmbiStory,blind,GEPA,AmbiStory-test-483,4,4,0.5599999999999999,0.5599999999999999,highly uncertain
AmbiStory,blind,GEPA,AmbiStory-test-484,4,4,1.36,1.36,highly uncertain
AmbiStory,blind,GEPA,AmbiStory-test-485,3,3,1.84,1.84,highly uncertain
AmbiStory,blind,GEPA,AmbiStory-test-486,2,2,0.64,0.64,highly uncertain
AmbiStory,blind,GEPA,AmbiStory-test-487,4,4,0.8,0.8,not uncertain
AmbiStory,blind,GEPA,AmbiStory-test-488,1,1,0.0,0.0,not uncertain
AmbiStory,blind,GEPA,AmbiStory-test-489,5,5,0.0,0.0,not uncertain
AmbiStory,blind,GEPA,AmbiStory-test-490,1,1,0.24,0.24,not uncertain
AmbiStory,blind,GEPA,AmbiStory-test-491,5,5,0.1599999999999999,0.1599999999999999,not uncertain
AmbiStory,blind,GEPA,AmbiStory-test-492,5,5,0.0,0.0,highly uncertain
AmbiStory,blind,GEPA,AmbiStory-test-493,3,3,2.64,2.64,highly uncertain
AmbiStory,blind,GEPA,AmbiStory-test-494,4,4,2.56,2.56,not uncertain
AmbiStory,blind,GEPA,AmbiStory-test-495,3,3,1.7600000000000002,1.7600000000000002,highly uncertain
AmbiStory,blind,GEPA,AmbiStory-test-496,4,4,1.36,1.36,not uncertain
AmbiStory,blind,GEPA,AmbiStory-test-497,2,2,0.56,0.56,not uncertain
AmbiStory,blind,GEPA,AmbiStory-test-498,4,4,0.5599999999999999,0.5599999999999999,highly uncertain
AmbiStory,blind,GEPA,AmbiStory-test-499,2,2,1.2,1.2,highly uncertain
AmbiStory,blind,GEPA,AmbiStory-test-500,1,1,0.24,0.24,highly uncertain
AmbiStory,blind,GEPA,AmbiStory-test-501,4,4,0.96,0.96,not uncertain
AmbiStory,blind,GEPA,AmbiStory-test-502,3,3,1.0400000000000005,1.0400000000000005,highly uncertain
AmbiStory,blind,GEPA,AmbiStory-test-503,3,3,1.8400000000000003,1.8400000000000003,highly uncertain
AmbiStory,blind,GEPA,AmbiStory-test-504,5,5,0.6399999999999999,0.6399999999999999,not uncertain
AmbiStory,blind,GEPA,AmbiStory-test-505,1,1,0.0,0.0,not uncertain
AmbiStory,blind,GEPA,AmbiStory-test-506,3,3,1.0400000000000005,1.0400000000000005,highly uncertain
AmbiStory,blind,GEPA,AmbiStory-test-507,3,3,1.6,1.6,highly uncertain
AmbiStory,blind,GEPA,AmbiStory-test-508,3,3,1.36,1.36,not uncertain
AmbiStory,blind,GEPA,AmbiStory-test-509,2,2,2.2222222222222223,2.2222222222222223,not uncertain
AmbiStory,blind,GEPA,AmbiStory-test-510,3,3,1.36,1.36,highly uncertain
AmbiStory,blind,GEPA,AmbiStory-test-511,2,2,0.96,0.96,highly uncertain
AmbiStory,blind,GEPA,AmbiStory-test-512,2,2,1.8400000000000003,1.8400000000000003,highly uncertain
AmbiStory,blind,GEPA,AmbiStory-test-513,4,4,0.6399999999999999,0.6399999999999999,not uncertain
AmbiStory,blind,GEPA,AmbiStory-test-514,3,3,0.64,0.64,not uncertain
AmbiStory,blind,GEPA,AmbiStory-test-515,4,4,0.5599999999999999,0.5599999999999999,highly uncertain
AmbiStory,blind,GEPA,AmbiStory-test-516,4,4,1.44,1.44,not uncertain
AmbiStory,blind,GEPA,AmbiStory-test-517,2,2,1.36,1.36,not uncertain
AmbiStory,blind,GEPA,AmbiStory-test-518,2,2,2.4,2.4,not uncertain
AmbiStory,blind,GEPA,AmbiStory-test-519,5,5,0.0,0.0,not uncertain
AmbiStory,blind,GEPA,AmbiStory-test-520,2,2,0.56,0.56,highly uncertain
AmbiStory,blind,GEPA,AmbiStory-test-521,3,3,1.84,1.84,somewhat uncertain
AmbiStory,blind,GEPA,AmbiStory-test-522,2,2,1.36,1.36,not uncertain
AmbiStory,blind,GEPA,AmbiStory-test-523,5,5,0.24,0.24,not uncertain
AmbiStory,blind,GEPA,AmbiStory-test-524,2,2,1.4400000000000002,1.4400000000000002,not uncertain
AmbiStory,blind,GEPA,AmbiStory-test-525,5,5,0.1599999999999999,0.1599999999999999,not uncertain
AmbiStory,blind,GEPA,AmbiStory-test-526,1,1,0.16,0.16,not uncertain
AmbiStory,blind,GEPA,AmbiStory-test-527,4,4,0.64,0.64,not uncertain
AmbiStory,blind,GEPA,AmbiStory-test-528,3,3,0.8,0.8,highly uncertain
AmbiStory,blind,GEPA,AmbiStory-test-529,4,4,0.1599999999999999,0.1599999999999999,somewhat uncertain
AmbiStory,blind,GEPA,AmbiStory-test-530,1,1,0.24,0.24,not uncertain
AmbiStory,blind,GEPA,AmbiStory-test-531,5,5,0.24,0.24,not uncertain
AmbiStory,blind,GEPA,AmbiStory-test-532,3,3,0.24,0.24,highly uncertain
AmbiStory,blind,GEPA,AmbiStory-test-533,3,3,0.0,0.0,highly uncertain
AmbiStory,blind,GEPA,AmbiStory-test-534,5,5,0.1599999999999999,0.1599999999999999,not uncertain
AmbiStory,blind,GEPA,AmbiStory-test-535,5,5,0.1599999999999999,0.1599999999999999,highly uncertain
AmbiStory,blind,GEPA,AmbiStory-test-536,5,5,0.24,0.24,highly uncertain
AmbiStory,blind,GEPA,AmbiStory-test-537,5,5,0.0,0.0,not uncertain
AmbiStory,blind,GEPA,AmbiStory-test-538,5,5,0.0,0.0,highly uncertain
AmbiStory,blind,GEPA,AmbiStory-test-539,5,5,0.0,0.0,not uncertain
AmbiStory,blind,GEPA,AmbiStory-test-540,3,3,1.7600000000000002,1.7600000000000002,highly uncertain
AmbiStory,blind,GEPA,AmbiStory-test-541,4,4,2.16,2.16,not uncertain
AmbiStory,blind,GEPA,AmbiStory-test-542,3,3,1.84,1.84,
AmbiStory,blind,GEPA,AmbiStory-test-543,5,5,0.0,0.0,not uncertain
AmbiStory,blind,GEPA,AmbiStory-test-544,4,4,1.44,1.44,not uncertain
AmbiStory,blind,GEPA,AmbiStory-test-545,5,5,0.0,0.0,not uncertain
AmbiStory,blind,GEPA,AmbiStory-test-546,3,3,1.36,1.36,highly uncertain
AmbiStory,blind,GEPA,AmbiStory-test-547,3,3,0.96,0.96,highly uncertain
AmbiStory,blind,GEPA,AmbiStory-test-548,2,2,0.64,0.64,highly uncertain
AmbiStory,blind,GEPA,AmbiStory-test-549,4,4,0.8,0.8,highly uncertain
AmbiStory,blind,GEPA,AmbiStory-test-550,2,2,0.56,0.56,highly uncertain
AmbiStory,blind,GEPA,AmbiStory-test-551,4,4,0.5599999999999999,0.5599999999999999,highly uncertain
AmbiStory,blind,GEPA,AmbiStory-test-552,1,1,0.0,0.0,not uncertain
AmbiStory,blind,GEPA,AmbiStory-test-553,3,3,1.04,1.04,highly uncertain
AmbiStory,blind,GEPA,AmbiStory-test-554,2,2,1.8400000000000003,1.8400000000000003,not uncertain
AmbiStory,blind,GEPA,AmbiStory-test-555,3,3,0.96,0.96,highly uncertain
AmbiStory,blind,GEPA,AmbiStory-test-556,1,1,0.24,0.24,not uncertain
AmbiStory,blind,GEPA,AmbiStory-test-557,4,4,2.24,2.24,highly uncertain
AmbiStory,blind,GEPA,AmbiStory-test-558,5,5,0.0,0.0,somewhat uncertain
AmbiStory,blind,GEPA,AmbiStory-test-559,2,2,2.4,2.4,highly uncertain
AmbiStory,blind,GEPA,AmbiStory-test-560,1,1,0.16,0.16,highly uncertain
AmbiStory,blind,GEPA,AmbiStory-test-561,4,4,0.64,0.64,somewhat uncertain
AmbiStory,blind,GEPA,AmbiStory-test-562,2,2,0.5599999999999999,0.5599999999999999,highly uncertain
AmbiStory,blind,GEPA,AmbiStory-test-563,4,4,0.24,0.24,highly uncertain
AmbiStory,blind,GEPA,AmbiStory-test-564,4,4,1.0400000000000005,1.0400000000000005,highly uncertain
AmbiStory,blind,GEPA,AmbiStory-test-565,4,4,0.5599999999999999,0.5599999999999999,highly uncertain
AmbiStory,blind,GEPA,AmbiStory-test-566,3,3,0.5599999999999999,0.5599999999999999,highly uncertain
AmbiStory,blind,GEPA,AmbiStory-test-567,4,4,2.16,2.16,highly uncertain
AmbiStory,blind,GEPA,AmbiStory-test-568,3,3,1.04,1.04,somewhat uncertain
AmbiStory,blind,GEPA,AmbiStory-test-569,4,4,0.96,0.96,somewhat uncertain
AmbiStory,blind,GEPA,AmbiStory-test-570,5,5,0.24,0.24,not uncertain
AmbiStory,blind,GEPA,AmbiStory-test-571,1,1,0.16,0.16,highly uncertain
AmbiStory,blind,GEPA,AmbiStory-test-572,3,3,0.64,0.64,highly uncertain
AmbiStory,blind,GEPA,AmbiStory-test-573,4,4,3.04,3.04,highly uncertain
AmbiStory,blind,GEPA,AmbiStory-test-574,4,4,2.16,2.16,highly uncertain
AmbiStory,blind,GEPA,AmbiStory-test-575,2,2,0.5555555555555555,0.5555555555555555,highly uncertain
AmbiStory,blind,GEPA,AmbiStory-test-576,5,5,0.1599999999999999,0.1599999999999999,highly uncertain
AmbiStory,blind,GEPA,AmbiStory-test-577,4,4,1.2,1.2,highly uncertain
AmbiStory,blind,GEPA,AmbiStory-test-578,1,1,0.24,0.24,not uncertain
AmbiStory,blind,GEPA,AmbiStory-test-579,5,5,0.0,0.0,not uncertain
AmbiStory,blind,GEPA,AmbiStory-test-580,1,1,0.24,0.24,not uncertain
AmbiStory,blind,GEPA,AmbiStory-test-581,5,5,0.1599999999999999,0.1599999999999999,somewhat uncertain
AmbiStory,blind,GEPA,AmbiStory-test-582,3,3,0.4,0.4,highly uncertain
AmbiStory,blind,GEPA,AmbiStory-test-583,2,2,1.4400000000000002,1.4400000000000002,not uncertain
AmbiStory,blind,GEPA,AmbiStory-test-584,2,2,0.8,0.8,highly uncertain
AmbiStory,blind,GEPA,AmbiStory-test-585,3,3,0.96,0.96,not uncertain
AmbiStory,blind,GEPA,AmbiStory-test-586,3,3,1.2,1.2,highly uncertain
AmbiStory,blind,GEPA,AmbiStory-test-587,2,2,0.64,0.64,not uncertain
AmbiStory,blind,GEPA,AmbiStory-test-588,2,2,0.5599999999999999,0.5599999999999999,not uncertain
AmbiStory,blind,GEPA,AmbiStory-test-589,4,4,1.36,1.36,not uncertain
AmbiStory,blind,GEPA,AmbiStory-test-590,4,4,1.84,1.84,not uncertain
AmbiStory,blind,GEPA,AmbiStory-test-591,5,5,0.24,0.24,not uncertain
AmbiStory,blind,GEPA,AmbiStory-test-592,3,3,2.56,2.56,not uncertain
AmbiStory,blind,GEPA,AmbiStory-test-593,5,5,0.1599999999999999,0.1599999999999999,highly uncertain
AmbiStory,blind,GEPA,AmbiStory-test-594,2,2,0.64,0.64,highly uncertain
AmbiStory,blind,GEPA,AmbiStory-test-595,4,4,2.4,2.4,somewhat uncertain
AmbiStory,blind,GEPA,AmbiStory-test-596,1,1,0.24,0.24,
AmbiStory,blind,GEPA,AmbiStory-test-597,3,3,2.0,2.0,highly uncertain
AmbiStory,blind,GEPA,AmbiStory-test-598,2,2,0.24,0.24,
AmbiStory,blind,GEPA,AmbiStory-test-599,5,5,0.6399999999999999,0.6399999999999999,somewhat uncertain
AmbiStory,blind,GEPA,AmbiStory-test-600,5,5,0.1599999999999999,0.1599999999999999,not uncertain
AmbiStory,blind,GEPA,AmbiStory-test-601,2,2,0.56,0.56,not uncertain
AmbiStory,blind,GEPA,AmbiStory-test-602,5,5,0.0,0.0,not uncertain
AmbiStory,blind,GEPA,AmbiStory-test-603,3,3,2.2222222222222223,2.2222222222222223,
AmbiStory,blind,GEPA,AmbiStory-test-604,4,4,0.24,0.24,not uncertain
AmbiStory,blind,GEPA,AmbiStory-test-605,2,2,0.24,0.24,not uncertain
AmbiStory,blind,GEPA,AmbiStory-test-606,3,3,2.56,2.56,highly uncertain
AmbiStory,blind,GEPA,AmbiStory-test-607,3,3,1.8400000000000003,1.8400000000000003,
AmbiStory,blind,GEPA,AmbiStory-test-608,1,1,0.0,0.0,not uncertain
AmbiStory,blind,GEPA,AmbiStory-test-609,5,5,0.1599999999999999,0.1599999999999999,not uncertain
AmbiStory,blind,GEPA,AmbiStory-test-610,1,1,0.24,0.24,not uncertain
AmbiStory,blind,GEPA,AmbiStory-test-611,4,4,1.36,1.36,highly uncertain
AmbiStory,blind,GEPA,AmbiStory-test-612,5,5,0.0,0.0,highly uncertain
AmbiStory,blind,GEPA,AmbiStory-test-613,2,2,2.16,2.16,highly uncertain
AmbiStory,blind,GEPA,AmbiStory-test-614,1,1,0.0,0.0,not uncertain
AmbiStory,blind,GEPA,AmbiStory-test-615,5,5,0.24,0.24,not uncertain
AmbiStory,blind,GEPA,AmbiStory-test-616,2,2,0.64,0.64,not uncertain
AmbiStory,blind,GEPA,AmbiStory-test-617,5,5,0.24,0.24,not uncertain
AmbiStory,blind,GEPA,AmbiStory-test-618,4,4,2.24,2.24,highly uncertain
AmbiStory,blind,GEPA,AmbiStory-test-619,3,3,3.3599999999999994,3.3599999999999994,highly uncertain
AmbiStory,blind,GEPA,AmbiStory-test-620,2,2,0.24,0.24,not uncertain
AmbiStory,blind,GEPA,AmbiStory-test-621,5,5,0.24,0.24,not uncertain
AmbiStory,blind,GEPA,AmbiStory-test-622,2,2,1.04,1.04,highly uncertain
AmbiStory,blind,GEPA,AmbiStory-test-623,5,5,0.0,0.0,not uncertain
AmbiStory,blind,GEPA,AmbiStory-test-624,1,1,0.64,0.64,not uncertain
AmbiStory,blind,GEPA,AmbiStory-test-625,3,3,2.56,2.56,not uncertain
AmbiStory,blind,GEPA,AmbiStory-test-626,2,2,2.24,2.24,not uncertain
AmbiStory,blind,GEPA,AmbiStory-test-627,4,4,0.24,0.24,not uncertain
AmbiStory,blind,GEPA,AmbiStory-test-628,3,3,0.64,0.64,not uncertain
AmbiStory,blind,GEPA,AmbiStory-test-629,5,5,0.24,0.24,not uncertain
AmbiStory,blind,GEPA,AmbiStory-test-630,5,5,0.0,0.0,not uncertain
AmbiStory,blind,GEPA,AmbiStory-test-631,1,1,0.24,0.24,not uncertain
AmbiStory,blind,GEPA,AmbiStory-test-632,5,5,0.0,0.0,not uncertain
AmbiStory,blind,GEPA,AmbiStory-test-633,1,1,0.0,0.0,not uncertain
AmbiStory,blind,GEPA,AmbiStory-test-634,5,5,0.0,0.0,not uncertain
AmbiStory,blind,GEPA,AmbiStory-test-635,2,2,0.24,0.24,highly uncertain
AmbiStory,blind,GEPA,AmbiStory-test-636,4,4,0.5599999999999999,0.5599999999999999,highly uncertain
AmbiStory,blind,GEPA,AmbiStory-test-637,2,2,1.2,1.2,not uncertain
AmbiStory,blind,GEPA,AmbiStory-test-638,3,3,1.84,1.84,highly uncertain
AmbiStory,blind,GEPA,AmbiStory-test-639,3,3,2.64,2.64,highly uncertain
AmbiStory,blind,GEPA,AmbiStory-test-640,3,3,1.4400000000000002,1.4400000000000002,highly uncertain
AmbiStory,blind,GEPA,AmbiStory-test-641,2,2,2.1600000000000006,2.1600000000000006,not uncertain
AmbiStory,blind,GEPA,AmbiStory-test-642,5,5,0.0,0.0,not uncertain
AmbiStory,blind,GEPA,AmbiStory-test-643,2,2,0.64,0.64,
AmbiStory,blind,GEPA,AmbiStory-test-644,5,5,0.24,0.24,not uncertain
AmbiStory,blind,GEPA,AmbiStory-test-645,1,1,0.6400000000000002,0.6400000000000002,highly uncertain
AmbiStory,blind,GEPA,AmbiStory-test-646,5,5,0.0,0.0,not uncertain
AmbiStory,blind,GEPA,AmbiStory-test-647,1,1,0.16,0.16,highly uncertain
AmbiStory,blind,GEPA,AmbiStory-test-648,2,2,0.96,0.96,not uncertain
AmbiStory,blind,GEPA,AmbiStory-test-649,4,4,1.6,1.6,not uncertain
AmbiStory,blind,GEPA,AmbiStory-test-650,1,1,0.16,0.16,not uncertain
AmbiStory,blind,GEPA,AmbiStory-test-651,5,5,0.0,0.0,not uncertain
AmbiStory,blind,GEPA,AmbiStory-test-652,3,3,1.6,1.6,not uncertain
AmbiStory,blind,GEPA,AmbiStory-test-653,5,5,0.24,0.24,not uncertain
AmbiStory,blind,GEPA,AmbiStory-test-654,5,5,0.24,0.24,not uncertain
AmbiStory,blind,GEPA,AmbiStory-test-655,2,2,0.64,0.64,not uncertain
AmbiStory,blind,GEPA,AmbiStory-test-656,3,3,1.6,1.6,not uncertain
AmbiStory,blind,GEPA,AmbiStory-test-657,3,3,2.64,2.64,
AmbiStory,blind,GEPA,AmbiStory-test-658,4,4,1.36,1.36,not uncertain
AmbiStory,blind,GEPA,AmbiStory-test-659,4,4,0.5599999999999999,0.5599999999999999,not uncertain
AmbiStory,blind,GEPA,AmbiStory-test-660,5,5,0.0,0.0,not uncertain
AmbiStory,blind,GEPA,AmbiStory-test-661,2,2,0.56,0.56,
AmbiStory,blind,GEPA,AmbiStory-test-662,4,4,1.2,1.2,somewhat uncertain
AmbiStory,blind,GEPA,AmbiStory-test-663,4,4,1.6,1.6,highly uncertain
AmbiStory,blind,GEPA,AmbiStory-test-664,4,4,0.8,0.8,not uncertain
AmbiStory,blind,GEPA,AmbiStory-test-665,3,3,0.4,0.4,somewhat uncertain
AmbiStory,blind,GEPA,AmbiStory-test-666,5,5,0.6399999999999999,0.6399999999999999,not uncertain
AmbiStory,blind,GEPA,AmbiStory-test-667,2,2,2.16,2.16,not uncertain
AmbiStory,blind,GEPA,AmbiStory-test-668,4,4,0.64,0.64,not uncertain
AmbiStory,blind,GEPA,AmbiStory-test-669,2,2,1.8400000000000003,1.8400000000000003,highly uncertain
AmbiStory,blind,GEPA,AmbiStory-test-670,5,5,0.1599999999999999,0.1599999999999999,not uncertain
AmbiStory,blind,GEPA,AmbiStory-test-671,1,1,0.0,0.0,somewhat uncertain
AmbiStory,blind,GEPA,AmbiStory-test-672,5,5,0.6399999999999999,0.6399999999999999,not uncertain
AmbiStory,blind,GEPA,AmbiStory-test-673,4,4,2.4,2.4,not uncertain
AmbiStory,blind,GEPA,AmbiStory-test-674,5,5,0.1599999999999999,0.1599999999999999,not uncertain
AmbiStory,blind,GEPA,AmbiStory-test-675,5,5,0.1599999999999999,0.1599999999999999,not uncertain
AmbiStory,blind,GEPA,AmbiStory-test-676,5,5,0.1599999999999999,0.1599999999999999,not uncertain
AmbiStory,blind,GEPA,AmbiStory-test-677,5,5,0.0,0.0,highly uncertain
AmbiStory,blind,GEPA,AmbiStory-test-678,3,3,1.4400000000000002,1.4400000000000002,highly uncertain
AmbiStory,blind,GEPA,AmbiStory-test-679,3,3,1.36,1.36,highly uncertain
AmbiStory,blind,GEPA,AmbiStory-test-680,1,1,0.2222222222222222,0.2222222222222222,highly uncertain
AmbiStory,blind,GEPA,AmbiStory-test-681,3,3,3.8400000000000007,3.8400000000000007,not uncertain
AmbiStory,blind,GEPA,AmbiStory-test-682,3,3,0.96,0.96,somewhat uncertain
AmbiStory,blind,GEPA,AmbiStory-test-683,3,3,0.1599999999999999,0.1599999999999999,not uncertain
AmbiStory,blind,GEPA,AmbiStory-test-684,2,2,1.2,1.2,not uncertain
AmbiStory,blind,GEPA,AmbiStory-test-685,4,4,0.96,0.96,not uncertain
AmbiStory,blind,GEPA,AmbiStory-test-686,4,4,0.24,0.24,not uncertain
AmbiStory,blind,GEPA,AmbiStory-test-687,3,3,1.84,1.84,not uncertain
AmbiStory,blind,GEPA,AmbiStory-test-688,2,2,1.0400000000000005,1.0400000000000005,not uncertain
AmbiStory,blind,GEPA,AmbiStory-test-689,3,3,1.0400000000000005,1.0400000000000005,highly uncertain
AmbiStory,blind,GEPA,AmbiStory-test-690,3,3,0.8,0.8,not uncertain
AmbiStory,blind,GEPA,AmbiStory-test-691,4,4,0.96,0.96,highly uncertain
AmbiStory,blind,GEPA,AmbiStory-test-692,2,2,0.64,0.64,highly uncertain
AmbiStory,blind,GEPA,AmbiStory-test-693,5,5,0.0,0.0,not uncertain
AmbiStory,blind,GEPA,AmbiStory-test-694,3,3,1.36,1.36,not uncertain
AmbiStory,blind,GEPA,AmbiStory-test-695,3,3,2.24,2.24,highly uncertain
AmbiStory,blind,GEPA,AmbiStory-test-696,1,1,0.24,0.24,highly uncertain
AmbiStory,blind,GEPA,AmbiStory-test-697,2,2,0.4,0.4,highly uncertain
AmbiStory,blind,GEPA,AmbiStory-test-698,3,3,1.7600000000000002,1.7600000000000002,highly uncertain
AmbiStory,blind,GEPA,AmbiStory-test-699,4,4,1.6,1.6,highly uncertain
AmbiStory,blind,GEPA,AmbiStory-test-700,3,3,2.56,2.56,highly uncertain
AmbiStory,blind,GEPA,AmbiStory-test-701,2,2,0.56,0.56,somewhat uncertain
AmbiStory,blind,GEPA,AmbiStory-test-702,2,2,0.64,0.64,highly uncertain
AmbiStory,blind,GEPA,AmbiStory-test-703,2,2,1.8400000000000003,1.8400000000000003,highly uncertain
AmbiStory,blind,GEPA,AmbiStory-test-704,4,4,1.36,1.36,highly uncertain
AmbiStory,blind,GEPA,AmbiStory-test-705,4,4,0.8,0.8,highly uncertain
AmbiStory,blind,GEPA,AmbiStory-test-706,3,3,1.04,1.04,somewhat uncertain
AmbiStory,blind,GEPA,AmbiStory-test-707,3,3,1.84,1.84,highly uncertain
AmbiStory,blind,GEPA,AmbiStory-test-708,4,4,1.36,1.36,not uncertain
AmbiStory,blind,GEPA,AmbiStory-test-709,2,2,2.1600000000000006,2.1600000000000006,not uncertain
AmbiStory,blind,GEPA,AmbiStory-test-710,2,2,0.24,0.24,not uncertain
AmbiStory,blind,GEPA,AmbiStory-test-711,4,4,1.36,1.36,somewhat uncertain
AmbiStory,blind,GEPA,AmbiStory-test-712,3,3,1.2,1.2,not uncertain
AmbiStory,blind,GEPA,AmbiStory-test-713,3,3,1.04,1.04,highly uncertain
AmbiStory,blind,GEPA,AmbiStory-test-714,4,4,0.5599999999999999,0.5599999999999999,highly uncertain
AmbiStory,blind,GEPA,AmbiStory-test-715,3,3,1.84,1.84,somewhat uncertain
AmbiStory,blind,GEPA,AmbiStory-test-716,3,3,2.56,2.56,somewhat uncertain
AmbiStory,blind,GEPA,AmbiStory-test-717,3,3,2.56,2.56,highly uncertain
AmbiStory,blind,GEPA,AmbiStory-test-718,3,3,1.6,1.6,highly uncertain
AmbiStory,blind,GEPA,AmbiStory-test-719,2,2,0.96,0.96,somewhat uncertain
AmbiStory,blind,GEPA,AmbiStory-test-720,4,4,1.04,1.04,highly uncertain
AmbiStory,blind,GEPA,AmbiStory-test-721,3,3,1.2,1.2,highly uncertain
AmbiStory,blind,GEPA,AmbiStory-test-722,5,5,0.24,0.24,not uncertain
AmbiStory,blind,GEPA,AmbiStory-test-723,3,3,1.84,1.84,highly uncertain
AmbiStory,blind,GEPA,AmbiStory-test-724,4,4,2.16,2.16,not uncertain
AmbiStory,blind,GEPA,AmbiStory-test-725,3,3,1.7600000000000002,1.7600000000000002,highly uncertain
AmbiStory,blind,GEPA,AmbiStory-test-726,5,5,0.0,0.0,highly uncertain
AmbiStory,blind,GEPA,AmbiStory-test-727,2,2,2.16,2.16,not uncertain
AmbiStory,blind,GEPA,AmbiStory-test-728,2,2,1.8400000000000003,1.8400000000000003,highly uncertain
AmbiStory,blind,GEPA,AmbiStory-test-729,4,4,1.0400000000000005,1.0400000000000005,highly uncertain
AmbiStory,blind,GEPA,AmbiStory-test-730,4,4,0.5599999999999999,0.5599999999999999,highly uncertain
AmbiStory,blind,GEPA,AmbiStory-test-731,2,2,0.9600000000000002,0.9600000000000002,not uncertain
AmbiStory,blind,GEPA,AmbiStory-test-732,4,4,1.36,1.36,highly uncertain
AmbiStory,blind,GEPA,AmbiStory-test-733,2,2,0.96,0.96,highly uncertain
AmbiStory,blind,GEPA,AmbiStory-test-734,3,3,2.64,2.64,highly uncertain
AmbiStory,blind,GEPA,AmbiStory-test-735,4,4,1.84,1.84,somewhat uncertain
AmbiStory,blind,GEPA,AmbiStory-test-736,3,3,2.0,2.0,highly uncertain
AmbiStory,blind,GEPA,AmbiStory-test-737,4,4,0.1599999999999999,0.1599999999999999,somewhat uncertain
AmbiStory,blind,GEPA,AmbiStory-test-738,5,5,0.0,0.0,not uncertain
AmbiStory,blind,GEPA,AmbiStory-test-739,1,1,0.16,0.16,not uncertain
AmbiStory,blind,GEPA,AmbiStory-test-740,2,2,0.64,0.64,not uncertain
AmbiStory,blind,GEPA,AmbiStory-test-741,5,5,0.0,0.0,not uncertain
AmbiStory,blind,GEPA,AmbiStory-test-742,4,4,0.8,0.8,highly uncertain
AmbiStory,blind,GEPA,AmbiStory-test-743,2,2,0.4,0.4,highly uncertain
AmbiStory,blind,GEPA,AmbiStory-test-744,5,5,0.0,0.0,not uncertain
AmbiStory,blind,GEPA,AmbiStory-test-745,1,1,0.16,0.16,not uncertain
AmbiStory,blind,GEPA,AmbiStory-test-746,5,5,0.0,0.0,not uncertain
AmbiStory,blind,GEPA,AmbiStory-test-747,1,1,0.0,0.0,not uncertain
AmbiStory,blind,GEPA,AmbiStory-test-748,5,5,0.24,0.24,not uncertain
AmbiStory,blind,GEPA,AmbiStory-test-749,1,1,0.16,0.16,not uncertain
AmbiStory,blind,GEPA,AmbiStory-test-750,2,2,0.96,0.96,highly uncertain
AmbiStory,blind,GEPA,AmbiStory-test-751,4,4,0.96,0.96,
AmbiStory,blind,GEPA,AmbiStory-test-752,1,1,0.0,0.0,not uncertain
AmbiStory,blind,GEPA,AmbiStory-test-753,5,5,0.0,0.0,not uncertain
AmbiStory,blind,GEPA,AmbiStory-test-754,2,2,1.2,1.2,
AmbiStory,blind,GEPA,AmbiStory-test-755,4,4,0.6399999999999999,0.6399999999999999,not uncertain
AmbiStory,blind,GEPA,AmbiStory-test-756,5,5,0.24,0.24,not uncertain
AmbiStory,blind,GEPA,AmbiStory-test-757,1,1,0.16,0.16,highly uncertain
AmbiStory,blind,GEPA,AmbiStory-test-758,1,1,0.24,0.24,not uncertain
AmbiStory,blind,GEPA,AmbiStory-test-759,5,5,0.24,0.24,highly uncertain
AmbiStory,blind,GEPA,AmbiStory-test-760,2,2,0.4,0.4,somewhat uncertain
AmbiStory,blind,GEPA,AmbiStory-test-761,4,4,0.5599999999999999,0.5599999999999999,highly uncertain
AmbiStory,blind,GEPA,AmbiStory-test-762,4,4,1.36,1.36,not uncertain
AmbiStory,blind,GEPA,AmbiStory-test-763,1,1,0.24,0.24,not uncertain
AmbiStory,blind,GEPA,AmbiStory-test-764,4,4,1.36,1.36,not uncertain
AmbiStory,blind,GEPA,AmbiStory-test-765,1,1,0.16,0.16,not uncertain
AmbiStory,blind,GEPA,AmbiStory-test-766,4,4,0.8,0.8,not uncertain
AmbiStory,blind,GEPA,AmbiStory-test-767,1,1,0.24,0.24,not uncertain
AmbiStory,blind,GEPA,AmbiStory-test-768,3,3,2.0,2.0,not uncertain
AmbiStory,blind,GEPA,AmbiStory-test-769,2,2,0.64,0.64,not uncertain
AmbiStory,blind,GEPA,AmbiStory-test-770,3,3,0.64,0.64,highly uncertain
AmbiStory,blind,GEPA,AmbiStory-test-771,5,5,0.6399999999999999,0.6399999999999999,not uncertain
AmbiStory,blind,GEPA,AmbiStory-test-772,3,3,0.5599999999999999,0.5599999999999999,highly uncertain
AmbiStory,blind,GEPA,AmbiStory-test-773,4,4,0.64,0.64,highly uncertain
AmbiStory,blind,GEPA,AmbiStory-test-774,3,3,1.36,1.36,not uncertain
AmbiStory,blind,GEPA,AmbiStory-test-775,2,2,1.4400000000000002,1.4400000000000002,
AmbiStory,blind,GEPA,AmbiStory-test-776,2,2,1.2,1.2,not uncertain
AmbiStory,blind,GEPA,AmbiStory-test-777,2,2,1.36,1.36,not uncertain
AmbiStory,blind,GEPA,AmbiStory-test-778,3,3,2.8,2.8,highly uncertain
AmbiStory,blind,GEPA,AmbiStory-test-779,2,2,0.64,0.64,not uncertain
AmbiStory,blind,GEPA,AmbiStory-test-780,5,5,0.1599999999999999,0.1599999999999999,not uncertain
AmbiStory,blind,GEPA,AmbiStory-test-781,1,1,0.16,0.16,highly uncertain
AmbiStory,blind,GEPA,AmbiStory-test-782,3,3,0.64,0.64,highly uncertain
AmbiStory,blind,GEPA,AmbiStory-test-783,5,5,0.0,0.0,highly uncertain
AmbiStory,blind,GEPA,AmbiStory-test-784,4,4,1.04,1.04,highly uncertain
AmbiStory,blind,GEPA,AmbiStory-test-785,3,3,0.64,0.64,highly uncertain
AmbiStory,blind,GEPA,AmbiStory-test-786,4,4,1.36,1.36,not uncertain
AmbiStory,blind,GEPA,AmbiStory-test-787,4,4,2.16,2.16,not uncertain
AmbiStory,blind,GEPA,AmbiStory-test-788,2,2,2.5600000000000005,2.5600000000000005,highly uncertain
AmbiStory,blind,GEPA,AmbiStory-test-789,4,4,0.5599999999999999,0.5599999999999999,highly uncertain
AmbiStory,blind,GEPA,AmbiStory-test-790,1,1,0.16,0.16,somewhat uncertain
AmbiStory,blind,GEPA,AmbiStory-test-791,5,5,0.1599999999999999,0.1599999999999999,highly uncertain
AmbiStory,blind,GEPA,AmbiStory-test-792,3,3,2.56,2.56,highly uncertain
AmbiStory,blind,GEPA,AmbiStory-test-793,3,3,2.472222222222222,2.472222222222222,highly uncertain
AmbiStory,blind,GEPA,AmbiStory-test-794,2,2,0.24,0.24,highly uncertain
AmbiStory,blind,GEPA,AmbiStory-test-795,4,4,1.0400000000000005,1.0400000000000005,not uncertain
AmbiStory,blind,GEPA,AmbiStory-test-796,2,2,2.24,2.24,highly uncertain
AmbiStory,blind,GEPA,AmbiStory-test-797,5,5,0.1599999999999999,0.1599999999999999,highly uncertain
AmbiStory,blind,GEPA,AmbiStory-test-798,2,2,0.56,0.56,highly uncertain
AmbiStory,blind,GEPA,AmbiStory-test-799,4,4,0.4,0.4,highly uncertain
AmbiStory,blind,GEPA,AmbiStory-test-800,2,2,0.56,0.56,highly uncertain
AmbiStory,blind,GEPA,AmbiStory-test-801,3,3,1.44,1.44,highly uncertain
AmbiStory,blind,GEPA,AmbiStory-test-802,2,2,0.96,0.96,somewhat uncertain
AmbiStory,blind,GEPA,AmbiStory-test-803,3,3,1.0400000000000005,1.0400000000000005,highly uncertain
AmbiStory,blind,GEPA,AmbiStory-test-804,1,1,0.16,0.16,highly uncertain
AmbiStory,blind,GEPA,AmbiStory-test-805,4,4,0.5599999999999999,0.5599999999999999,highly uncertain
AmbiStory,blind,GEPA,AmbiStory-test-806,2,2,0.24,0.24,not uncertain
AmbiStory,blind,GEPA,AmbiStory-test-807,4,4,1.36,1.36,not uncertain
AmbiStory,blind,GEPA,AmbiStory-test-808,2,2,0.24,0.24,not uncertain
AmbiStory,blind,GEPA,AmbiStory-test-809,4,4,0.8,0.8,not uncertain
AmbiStory,blind,GEPA,AmbiStory-test-810,5,5,0.1599999999999999,0.1599999999999999,highly uncertain
AmbiStory,blind,GEPA,AmbiStory-test-811,2,2,2.5600000000000005,2.5600000000000005,highly uncertain
AmbiStory,blind,GEPA,AmbiStory-test-812,2,2,0.56,0.56,not uncertain
AmbiStory,blind,GEPA,AmbiStory-test-813,4,4,1.44,1.44,highly uncertain
AmbiStory,blind,GEPA,AmbiStory-test-814,1,1,0.24,0.24,highly uncertain
AmbiStory,blind,GEPA,AmbiStory-test-815,5,5,0.1599999999999999,0.1599999999999999,highly uncertain
AmbiStory,blind,GEPA,AmbiStory-test-816,5,5,0.6399999999999999,0.6399999999999999,highly uncertain
AmbiStory,blind,GEPA,AmbiStory-test-817,3,3,1.7600000000000002,1.7600000000000002,somewhat uncertain
AmbiStory,blind,GEPA,AmbiStory-test-818,3,3,2.16,2.16,highly uncertain
AmbiStory,blind,GEPA,AmbiStory-test-819,4,4,1.84,1.84,
AmbiStory,blind,GEPA,AmbiStory-test-820,3,3,1.84,1.84,highly uncertain
AmbiStory,blind,GEPA,AmbiStory-test-821,4,4,0.96,0.96,
AmbiStory,blind,GEPA,AmbiStory-test-822,2,2,0.64,0.64,not uncertain
AmbiStory,blind,GEPA,AmbiStory-test-823,5,5,0.6399999999999999,0.6399999999999999,highly uncertain
AmbiStory,blind,GEPA,AmbiStory-test-824,2,2,0.64,0.64,somewhat uncertain
AmbiStory,blind,GEPA,AmbiStory-test-825,5,5,0.1599999999999999,0.1599999999999999,highly uncertain
AmbiStory,blind,GEPA,AmbiStory-test-826,2,2,0.24,0.24,somewhat uncertain
AmbiStory,blind,GEPA,AmbiStory-test-827,4,4,2.16,2.16,highly uncertain
AmbiStory,blind,GEPA,AmbiStory-test-828,4,4,1.6,1.6,highly uncertain
AmbiStory,blind,GEPA,AmbiStory-test-829,4,4,2.560000000000001,2.560000000000001,highly uncertain
AmbiStory,blind,GEPA,AmbiStory-test-830,4,4,0.96,0.96,highly uncertain
AmbiStory,blind,GEPA,AmbiStory-test-831,3,3,2.64,2.64,highly uncertain
AmbiStory,blind,GEPA,AmbiStory-test-832,3,3,1.04,1.04,highly uncertain
AmbiStory,blind,GEPA,AmbiStory-test-833,4,4,0.4,0.4,highly uncertain
AmbiStory,blind,GEPA,AmbiStory-test-834,2,2,0.4,0.4,not uncertain
AmbiStory,blind,GEPA,AmbiStory-test-835,4,4,1.36,1.36,highly uncertain
AmbiStory,blind,GEPA,AmbiStory-test-836,3,3,2.16,2.16,
AmbiStory,blind,GEPA,AmbiStory-test-837,5,5,0.1599999999999999,0.1599999999999999,highly uncertain
AmbiStory,blind,GEPA,AmbiStory-test-838,3,3,2.64,2.64,highly uncertain
AmbiStory,blind,GEPA,AmbiStory-test-839,5,5,0.1599999999999999,0.1599999999999999,somewhat uncertain
AmbiStory,blind,GEPA,AmbiStory-test-840,3,3,1.44,1.44,not uncertain
AmbiStory,blind,GEPA,AmbiStory-test-841,4,4,0.64,0.64,highly uncertain
AmbiStory,blind,GEPA,AmbiStory-test-842,2,2,0.16,0.16,not uncertain
AmbiStory,blind,GEPA,AmbiStory-test-843,4,4,0.64,0.64,not uncertain
AmbiStory,blind,GEPA,AmbiStory-test-844,2,2,0.56,0.56,
AmbiStory,blind,GEPA,AmbiStory-test-845,3,3,1.6,1.6,highly uncertain
AmbiStory,blind,GEPA,AmbiStory-test-846,4,4,0.4,0.4,highly uncertain
AmbiStory,blind,GEPA,AmbiStory-test-847,2,2,0.6400000000000002,0.6400000000000002,highly uncertain
AmbiStory,blind,GEPA,AmbiStory-test-848,1,1,0.16,0.16,highly uncertain
AmbiStory,blind,GEPA,AmbiStory-test-849,5,5,0.24,0.24,not uncertain
AmbiStory,blind,GEPA,AmbiStory-test-850,2,2,1.2,1.2,highly uncertain
AmbiStory,blind,GEPA,AmbiStory-test-851,4,4,0.4,0.4,somewhat uncertain
AmbiStory,blind,GEPA,AmbiStory-test-852,3,3,1.0400000000000005,1.0400000000000005,not uncertain
AmbiStory,blind,GEPA,AmbiStory-test-853,2,2,0.4,0.4,highly uncertain
AmbiStory,blind,GEPA,AmbiStory-test-854,2,2,1.84,1.84,not uncertain
AmbiStory,blind,GEPA,AmbiStory-test-855,3,3,2.56,2.56,not uncertain
AmbiStory,blind,GEPA,AmbiStory-test-856,3,3,1.04,1.04,not uncertain
AmbiStory,blind,GEPA,AmbiStory-test-857,2,2,1.36,1.36,not uncertain
AmbiStory,blind,GEPA,AmbiStory-test-858,4,4,1.44,1.44,highly uncertain
AmbiStory,blind,GEPA,AmbiStory-test-859,1,1,0.64,0.64,highly uncertain
AmbiStory,blind,GEPA,AmbiStory-test-860,3,3,0.64,0.64,highly uncertain
AmbiStory,blind,GEPA,AmbiStory-test-861,1,1,0.24,0.24,highly uncertain
AmbiStory,blind,GEPA,AmbiStory-test-862,3,3,2.8,2.8,highly uncertain
AmbiStory,blind,GEPA,AmbiStory-test-863,2,2,1.8400000000000003,1.8400000000000003,highly uncertain
AmbiStory,blind,GEPA,AmbiStory-test-864,1,1,0.24,0.24,not uncertain
AmbiStory,blind,GEPA,AmbiStory-test-865,5,5,0.0,0.0,highly uncertain
AmbiStory,blind,GEPA,AmbiStory-test-866,1,1,0.16,0.16,not uncertain
AmbiStory,blind,GEPA,AmbiStory-test-867,5,5,0.24,0.24,somewhat uncertain
AmbiStory,blind,GEPA,AmbiStory-test-868,1,1,0.16,0.16,not uncertain
AmbiStory,blind,GEPA,AmbiStory-test-869,5,5,0.24,0.24,highly uncertain
AmbiStory,blind,GEPA,AmbiStory-test-870,5,5,0.6399999999999999,0.6399999999999999,not uncertain
AmbiStory,blind,GEPA,AmbiStory-test-871,1,1,0.16,0.16,not uncertain
AmbiStory,blind,GEPA,AmbiStory-test-872,3,3,0.1599999999999999,0.1599999999999999,not uncertain
AmbiStory,blind,GEPA,AmbiStory-test-873,1,1,0.0,0.0,not uncertain
AmbiStory,blind,GEPA,AmbiStory-test-874,5,5,0.1599999999999999,0.1599999999999999,not uncertain
AmbiStory,blind,GEPA,AmbiStory-test-875,1,1,0.0,0.0,highly uncertain
AmbiStory,blind,GEPA,AmbiStory-test-876,4,4,0.4,0.4,highly uncertain
AmbiStory,blind,GEPA,AmbiStory-test-877,2,2,1.8400000000000003,1.8400000000000003,not uncertain
AmbiStory,blind,GEPA,AmbiStory-test-878,3,3,2.16,2.16,highly uncertain
AmbiStory,blind,GEPA,AmbiStory-test-879,2,2,1.44,1.44,highly uncertain
AmbiStory,blind,GEPA,AmbiStory-test-880,4,4,0.96,0.96,somewhat uncertain
AmbiStory,blind,GEPA,AmbiStory-test-881,2,2,1.84,1.84,highly uncertain
AmbiStory,blind,GEPA,AmbiStory-test-882,4,4,1.44,1.44,somewhat uncertain
AmbiStory,blind,GEPA,AmbiStory-test-883,2,2,3.04,3.04,not uncertain
AmbiStory,blind,GEPA,AmbiStory-test-884,5,5,0.1599999999999999,0.1599999999999999,highly uncertain
AmbiStory,blind,GEPA,AmbiStory-test-885,1,1,0.16,0.16,highly uncertain
AmbiStory,blind,GEPA,AmbiStory-test-886,5,5,0.6399999999999999,0.6399999999999999,somewhat uncertain
AmbiStory,blind,GEPA,AmbiStory-test-887,2,2,0.56,0.56,highly uncertain
AmbiStory,blind,GEPA,AmbiStory-test-888,5,5,0.0,0.0,not uncertain
AmbiStory,blind,GEPA,AmbiStory-test-889,2,2,0.64,0.64,not uncertain
AmbiStory,blind,GEPA,AmbiStory-test-890,3,3,0.96,0.96,highly uncertain
AmbiStory,blind,GEPA,AmbiStory-test-891,3,3,0.24,0.24,highly uncertain
AmbiStory,blind,GEPA,AmbiStory-test-892,4,4,0.8,0.8,highly uncertain
AmbiStory,blind,GEPA,AmbiStory-test-893,3,3,1.36,1.36,not uncertain
AmbiStory,blind,GEPA,AmbiStory-test-894,3,3,0.5599999999999999,0.5599999999999999,not uncertain
AmbiStory,blind,GEPA,AmbiStory-test-895,2,2,0.8,0.8,not uncertain
AmbiStory,blind,GEPA,AmbiStory-test-896,2,2,0.56,0.56,not uncertain
AmbiStory,blind,GEPA,AmbiStory-test-897,4,4,1.0400000000000005,1.0400000000000005,highly uncertain
AmbiStory,blind,GEPA,AmbiStory-test-898,2,2,0.64,0.64,highly uncertain
AmbiStory,blind,GEPA,AmbiStory-test-899,3,3,0.96,0.96,highly uncertain
AmbiStory,blind,GEPA,AmbiStory-test-900,2,2,0.5599999999999999,0.5599999999999999,highly uncertain
AmbiStory,blind,GEPA,AmbiStory-test-901,5,5,0.1599999999999999,0.1599999999999999,highly uncertain
AmbiStory,blind,GEPA,AmbiStory-test-902,2,2,0.56,0.56,not uncertain
AmbiStory,blind,GEPA,AmbiStory-test-903,5,5,0.1599999999999999,0.1599999999999999,highly uncertain
AmbiStory,blind,GEPA,AmbiStory-test-904,2,2,1.2,1.2,highly uncertain
AmbiStory,blind,GEPA,AmbiStory-test-905,4,4,0.0,0.0,not uncertain
AmbiStory,blind,GEPA,AmbiStory-test-906,5,5,0.6399999999999999,0.6399999999999999,not uncertain
AmbiStory,blind,GEPA,AmbiStory-test-907,1,1,0.16,0.16,not uncertain
AmbiStory,blind,GEPA,AmbiStory-test-908,3,3,0.5599999999999999,0.5599999999999999,highly uncertain
AmbiStory,blind,GEPA,AmbiStory-test-909,3,3,1.6,1.6,highly uncertain
AmbiStory,blind,GEPA,AmbiStory-test-910,3,3,0.8,0.8,not uncertain
AmbiStory,blind,GEPA,AmbiStory-test-911,2,2,0.8,0.8,
AmbiStory,blind,GEPA,AmbiStory-test-912,3,3,0.96,0.96,not uncertain
AmbiStory,blind,GEPA,AmbiStory-test-913,3,3,2.64,2.64,somewhat uncertain
AmbiStory,blind,GEPA,AmbiStory-test-914,2,2,2.4,2.4,not uncertain
AmbiStory,blind,GEPA,AmbiStory-test-915,4,4,0.64,0.64,highly uncertain
AmbiStory,blind,GEPA,AmbiStory-test-916,3,3,2.0,2.0,not uncertain
AmbiStory,blind,GEPA,AmbiStory-test-917,5,5,0.1599999999999999,0.1599999999999999,not uncertain
AmbiStory,blind,GEPA,AmbiStory-test-918,4,4,1.36,1.36,not uncertain
AmbiStory,blind,GEPA,AmbiStory-test-919,2,2,0.4,0.4,highly uncertain
AmbiStory,blind,GEPA,AmbiStory-test-920,5,5,0.6399999999999999,0.6399999999999999,not uncertain
AmbiStory,blind,GEPA,AmbiStory-test-921,2,2,0.64,0.64,highly uncertain
AmbiStory,blind,GEPA,AmbiStory-test-922,4,4,0.96,0.96,not uncertain
AmbiStory,blind,GEPA,AmbiStory-test-923,3,3,0.4,0.4,
AmbiStory,blind,GEPA,AmbiStory-test-924,1,1,0.0,0.0,highly uncertain
AmbiStory,blind,GEPA,AmbiStory-test-925,4,4,1.2,1.2,highly uncertain
AmbiStory,blind,GEPA,AmbiStory-test-926,1,1,0.16,0.16,not uncertain
AmbiStory,blind,GEPA,AmbiStory-test-927,3,3,2.222222222222222,2.222222222222222,somewhat uncertain
AmbiStory,blind,GEPA,AmbiStory-test-928,2,2,1.36,1.36,highly uncertain
AmbiStory,blind,GEPA,AmbiStory-test-929,4,4,0.96,0.96,somewhat uncertain
