benchmark,condition,method,item_id,llm1_label,consensus,g_m,u_m,hedge
ConvAbuse,blind,single_hedge,ConvAbuse-test-1,0,0,0.0,0.0,not uncertain
ConvAbuse,blind,single_hedge,ConvAbuse-test-2,1,0,0.1784951339253118,0.1599999999999999,somewhat uncertain
ConvAbuse,blind,single_hedge,ConvAbuse-test-3,0,0,0.0,0.0,not uncertain
ConvAbuse,blind,single_hedge,ConvAbuse-test-4,0,1,0.1038409233418687,0.0,somewhat uncertain
ConvAbuse,blind,single_hedge,ConvAbuse-test-5,0,0,0.0,0.0,not uncertain
ConvAbuse,blind,single_hedge,ConvAbuse-test-6,0,0,0.0,0.0,not uncertain
ConvAbuse,blind,single_hedge,ConvAbuse-test-7,0,0,0.0,0.0,not uncertain
ConvAbuse,blind,single_hedge,ConvAbuse-test-8,0,0,0.0,0.0,not uncertain
ConvAbuse,blind,single_hedge,ConvAbuse-test-9,0,0,0.0,0.0,not uncertain
ConvAbuse,blind,single_hedge,ConvAbuse-test-10,0,0,0.0,0.1599999999999999,not uncertain
ConvAbuse,blind,single_hedge,ConvAbuse-test-11,0,0,0.0,0.0,not uncertain
ConvAbuse,blind,single_hedge,ConvAbuse-test-12,0,0,0.0,0.0,highly uncertain
ConvAbuse,blind,single_hedge,ConvAbuse-test-13,0,0,0.0,0.0,not uncertain
ConvAbuse,blind,single_hedge,ConvAbuse-test-14,0,0,0.0,0.0,not uncertain
ConvAbuse,blind,single_hedge,ConvAbuse-test-15,0,0,0.0336322043637221,0.2222222222222222,highly uncertain
ConvAbuse,blind,single_hedge,ConvAbuse-test-16,0,0,0.0,0.0,highly uncertain
ConvAbuse,blind,single_hedge,ConvAbuse-test-17,0,0,0.0,0.0,not uncertain
ConvAbuse,blind,single_hedge,ConvAbuse-test-18,0,0,0.0,0.1599999999999999,not uncertain
ConvAbuse,blind,single_hedge,ConvAbuse-test-19,0,0,0.0,0.0,not uncertain
ConvAbuse,blind,single_hedge,ConvAbuse-test-20,0,0,0.0,0.0,not uncertain
ConvAbuse,blind,single_hedge,ConvAbuse-test-21,0,0,0.0,0.0,highly uncertain
ConvAbuse,blind,single_hedge,ConvAbuse-test-22,1,1,0.0,0.0,somewhat uncertain
ConvAbuse,blind,single_hedge,ConvAbuse-test-23,0,0,0.0,0.0,not uncertain
ConvAbuse,blind,single_hedge,ConvAbuse-test-24,0,0,0.0,0.0,not uncertain
ConvAbuse,blind,single_hedge,ConvAbuse-test-25,0,0,0.0,0.0,not uncertain
ConvAbuse,blind,single_hedge,ConvAbuse-test-26,0,0,0.0,0.0,not uncertain
ConvAbuse,blind,single_hedge,ConvAbuse-test-27,0,0,0.0,0.0,not uncertain
ConvAbuse,blind,single_hedge,ConvAbuse-test-28,0,0,0.0,0.0,not uncertain
ConvAbuse,blind,single_hedge,ConvAbuse-test-29,0,0,0.0,0.0,not uncertain
ConvAbuse,blind,single_hedge,ConvAbuse-test-30,0,0,0.0,0.0,not uncertain
ConvAbuse,blind,single_hedge,ConvAbuse-test-31,0,0,0.0,0.0,not uncertain
ConvAbuse,blind,single_hedge,ConvAbuse-test-32,0,0,0.0,0.0,not uncertain
ConvAbuse,blind,single_hedge,ConvAbuse-test-33,0,0,0.0,0.0,not uncertain
ConvAbuse,blind,single_hedge,ConvAbuse-test-34,0,0,0.0,0.0,not uncertain
ConvAbuse,blind,single_hedge,ConvAbuse-test-35,0,0,0.0,0.1875,not uncertain
ConvAbuse,blind,single_hedge,ConvAbuse-test-36,1,0,0.1123269528388451,0.0,not uncertain
ConvAbuse,blind,single_hedge,ConvAbuse-test-37,0,0,0.0,0.0,not uncertain
ConvAbuse,blind,single_hedge,ConvAbuse-test-38,0,0,0.0,0.2222222222222222,not uncertain
ConvAbuse,blind,single_hedge,ConvAbuse-test-39,1,0,0.1390307597572984,0.2222222222222222,
ConvAbuse,blind,single_hedge,ConvAbuse-test-40,0,0,0.0,0.0,somewhat uncertain
ConvAbuse,blind,single_hedge,ConvAbuse-test-41,0,0,0.0,0.0,not uncertain
ConvAbuse,blind,single_hedge,ConvAbuse-test-42,0,0,0.0,0.0,not uncertain
ConvAbuse,blind,single_hedge,ConvAbuse-test-43,0,0,0.0,0.0,not uncertain
ConvAbuse,blind,single_hedge,ConvAbuse-test-44,0,0,0.0,0.0,not uncertain
ConvAbuse,blind,single_hedge,ConvAbuse-test-45,0,0,0.0,0.0,not uncertain
ConvAbuse,blind,single_hedge,ConvAbuse-test-46,0,0,0.0,0.0,not uncertain
ConvAbuse,blind,single_hedge,ConvAbuse-test-47,0,0,0.0,0.0,not uncertain
ConvAbuse,blind,single_hedge,ConvAbuse-test-48,0,1,0.0,0.2222222222222222,not uncertain
ConvAbuse,blind,single_hedge,ConvAbuse-test-49,0,0,0.0,0.0,highly uncertain
ConvAbuse,blind,single_hedge,ConvAbuse-test-50,1,0,0.1732264184895312,0.0,not uncertain
ConvAbuse,blind,single_hedge,ConvAbuse-test-51,0,0,0.0,0.0,somewhat uncertain
ConvAbuse,blind,single_hedge,ConvAbuse-test-52,0,0,0.0,0.0,highly uncertain
ConvAbuse,blind,single_hedge,ConvAbuse-test-53,0,0,0.0,0.0,not uncertain
ConvAbuse,blind,single_hedge,ConvAbuse-test-54,0,1,0.1899498349180335,0.25,somewhat uncertain
ConvAbuse,blind,single_hedge,ConvAbuse-test-55,0,0,0.0,0.0,not uncertain
ConvAbuse,blind,single_hedge,ConvAbuse-test-56,0,0,0.1508466525967849,0.0,not uncertain
ConvAbuse,blind,single_hedge,ConvAbuse-test-57,0,0,0.0,0.0,not uncertain
ConvAbuse,blind,single_hedge,ConvAbuse-test-58,0,0,0.0,0.0,not uncertain
ConvAbuse,blind,single_hedge,ConvAbuse-test-59,0,1,0.0,0.25,not uncertain
ConvAbuse,blind,single_hedge,ConvAbuse-test-60,0,0,0.0,0.0,not uncertain
ConvAbuse,blind,single_hedge,ConvAbuse-test-61,0,0,0.2431111196382209,0.0,somewhat uncertain
ConvAbuse,blind,single_hedge,ConvAbuse-test-62,0,0,0.0,0.2222222222222222,not uncertain
ConvAbuse,blind,single_hedge,ConvAbuse-test-63,0,0,0.0,0.0,highly uncertain
ConvAbuse,blind,single_hedge,ConvAbuse-test-64,0,0,0.0,0.0,not uncertain
ConvAbuse,blind,single_hedge,ConvAbuse-test-65,0,0,0.0,0.0,not uncertain
ConvAbuse,blind,single_hedge,ConvAbuse-test-66,0,0,0.0,0.0,not uncertain
ConvAbuse,blind,single_hedge,ConvAbuse-test-67,0,0,0.0,0.0,not uncertain
ConvAbuse,blind,single_hedge,ConvAbuse-test-68,1,1,0.0,0.0,highly uncertain
ConvAbuse,blind,single_hedge,ConvAbuse-test-69,0,0,0.0,0.0,highly uncertain
ConvAbuse,blind,single_hedge,ConvAbuse-test-70,0,0,0.0,0.2222222222222222,not uncertain
ConvAbuse,blind,single_hedge,ConvAbuse-test-71,0,0,0.0,0.0,not uncertain
ConvAbuse,blind,single_hedge,ConvAbuse-test-72,0,0,0.0,0.0,not uncertain
ConvAbuse,blind,single_hedge,ConvAbuse-test-73,1,1,0.0292166004162299,0.25,not uncertain
ConvAbuse,blind,single_hedge,ConvAbuse-test-74,0,0,0.0,0.0,highly uncertain
ConvAbuse,blind,single_hedge,ConvAbuse-test-75,0,0,0.0,0.0,not uncertain
ConvAbuse,blind,single_hedge,ConvAbuse-test-76,1,0,0.2319651737388495,0.0,not uncertain
ConvAbuse,blind,single_hedge,ConvAbuse-test-77,1,1,0.0,0.1875,not uncertain
ConvAbuse,blind,single_hedge,ConvAbuse-test-78,0,0,0.0,0.0,not uncertain
ConvAbuse,blind,single_hedge,ConvAbuse-test-79,1,1,0.0,0.24,somewhat uncertain
ConvAbuse,blind,single_hedge,ConvAbuse-test-80,0,1,0.2192579439821154,0.2222222222222222,not uncertain
ConvAbuse,blind,single_hedge,ConvAbuse-test-81,0,0,0.0,0.0,not uncertain
ConvAbuse,blind,single_hedge,ConvAbuse-test-82,0,0,0.0,0.0,somewhat uncertain
ConvAbuse,blind,single_hedge,ConvAbuse-test-83,1,1,0.0,0.0,not uncertain
ConvAbuse,blind,single_hedge,ConvAbuse-test-84,1,1,0.0,0.0,not uncertain
ConvAbuse,blind,single_hedge,ConvAbuse-test-85,0,0,0.0,0.0,not uncertain
ConvAbuse,blind,single_hedge,ConvAbuse-test-86,0,0,0.0,0.0,not uncertain
ConvAbuse,blind,single_hedge,ConvAbuse-test-87,1,0,0.0,0.0,not uncertain
ConvAbuse,blind,single_hedge,ConvAbuse-test-88,0,0,0.0,0.0,not uncertain
ConvAbuse,blind,single_hedge,ConvAbuse-test-89,0,0,0.0635422642946763,0.0,not uncertain
ConvAbuse,blind,single_hedge,ConvAbuse-test-90,0,0,0.0,0.0,not uncertain
ConvAbuse,blind,single_hedge,ConvAbuse-test-91,0,0,0.0,0.0,highly uncertain
ConvAbuse,blind,single_hedge,ConvAbuse-test-92,0,0,0.0,0.0,not uncertain
ConvAbuse,blind,single_hedge,ConvAbuse-test-93,0,0,0.0,0.0,not uncertain
ConvAbuse,blind,single_hedge,ConvAbuse-test-94,1,0,0.0927579296800742,0.2222222222222222,not uncertain
ConvAbuse,blind,single_hedge,ConvAbuse-test-95,1,1,0.0,0.0,not uncertain
ConvAbuse,blind,single_hedge,ConvAbuse-test-96,0,0,0.0,0.0,not uncertain
ConvAbuse,blind,single_hedge,ConvAbuse-test-97,0,0,0.0,0.0,not uncertain
ConvAbuse,blind,single_hedge,ConvAbuse-test-98,0,0,0.0,0.2222222222222222,not uncertain
ConvAbuse,blind,single_hedge,ConvAbuse-test-99,0,0,0.0,0.0,somewhat uncertain
ConvAbuse,blind,single_hedge,ConvAbuse-test-100,0,0,0.0231097139386094,0.0,highly uncertain
ConvAbuse,blind,single_hedge,ConvAbuse-test-101,1,1,0.0,0.0,not uncertain
ConvAbuse,blind,single_hedge,ConvAbuse-test-102,0,0,0.0,0.0,somewhat uncertain
ConvAbuse,blind,single_hedge,ConvAbuse-test-103,0,1,0.1661867844358606,0.25,not uncertain
ConvAbuse,blind,single_hedge,ConvAbuse-test-104,0,1,0.2443720624375719,0.0,not uncertain
ConvAbuse,blind,single_hedge,ConvAbuse-test-105,0,0,0.0,0.0,not uncertain
ConvAbuse,blind,single_hedge,ConvAbuse-test-106,1,1,0.0,0.0,not uncertain
ConvAbuse,blind,single_hedge,ConvAbuse-test-107,0,0,0.0,0.0,not uncertain
ConvAbuse,blind,single_hedge,ConvAbuse-test-108,0,0,0.0,0.0,somewhat uncertain
ConvAbuse,blind,single_hedge,ConvAbuse-test-109,0,0,0.0,0.0,not uncertain
ConvAbuse,blind,single_hedge,ConvAbuse-test-110,0,0,0.0501155850447664,0.2222222222222222,not uncertain
ConvAbuse,blind,single_hedge,ConvAbuse-test-111,1,0,0.026016640003907,0.2222222222222222,not uncertain
ConvAbuse,blind,single_hedge,ConvAbuse-test-112,1,1,0.0,0.0,not uncertain
ConvAbuse,blind,single_hedge,ConvAbuse-test-113,1,1,0.0,0.0,highly uncertain
ConvAbuse,blind,single_hedge,ConvAbuse-test-114,0,0,0.0,0.0,not uncertain
ConvAbuse,blind,single_hedge,ConvAbuse-test-115,1,1,0.0,0.0,somewhat uncertain
ConvAbuse,blind,single_hedge,ConvAbuse-test-116,0,0,0.0,0.0,not uncertain
ConvAbuse,blind,single_hedge,ConvAbuse-test-117,0,0,0.0,0.0,not uncertain
ConvAbuse,blind,single_hedge,ConvAbuse-test-118,0,0,0.0,0.0,not uncertain
ConvAbuse,blind,single_hedge,ConvAbuse-test-119,0,0,0.0,0.0,somewhat uncertain
ConvAbuse,blind,single_hedge,ConvAbuse-test-120,0,0,0.0270285772522865,0.2222222222222222,not uncertain
ConvAbuse,blind,single_hedge,ConvAbuse-test-121,0,0,0.0,0.0,not uncertain
ConvAbuse,blind,single_hedge,ConvAbuse-test-122,1,0,0.1008188047833402,0.0,not uncertain
ConvAbuse,blind,single_hedge,ConvAbuse-test-123,0,0,0.0983084326621214,0.2222222222222222,not uncertain
ConvAbuse,blind,single_hedge,ConvAbuse-test-124,1,1,0.0,0.0,not uncertain
ConvAbuse,blind,single_hedge,ConvAbuse-test-125,1,1,0.0336440332502545,0.2222222222222222,somewhat uncertain
ConvAbuse,blind,single_hedge,ConvAbuse-test-126,1,1,0.0,0.0,not uncertain
ConvAbuse,blind,single_hedge,ConvAbuse-test-127,0,0,0.0,0.0,not uncertain
ConvAbuse,blind,single_hedge,ConvAbuse-test-128,0,0,0.0,0.0,not uncertain
ConvAbuse,blind,single_hedge,ConvAbuse-test-129,0,0,0.0,0.0,highly uncertain
ConvAbuse,blind,single_hedge,ConvAbuse-test-130,0,1,0.0,0.25,somewhat uncertain
ConvAbuse,blind,single_hedge,ConvAbuse-test-131,0,0,0.0547381005555893,0.0,somewhat uncertain
ConvAbuse,blind,single_hedge,ConvAbuse-test-132,0,0,0.0,0.0,not uncertain
ConvAbuse,blind,single_hedge,ConvAbuse-test-133,0,0,0.0,0.0,not uncertain
ConvAbuse,blind,single_hedge,ConvAbuse-test-134,1,1,0.0,0.0,somewhat uncertain
ConvAbuse,blind,single_hedge,ConvAbuse-test-135,0,0,0.0613455395112036,0.0,not uncertain
ConvAbuse,blind,single_hedge,ConvAbuse-test-136,0,0,0.0565963532453835,0.2222222222222222,somewhat uncertain
ConvAbuse,blind,single_hedge,ConvAbuse-test-137,1,1,0.0,0.0,not uncertain
ConvAbuse,blind,single_hedge,ConvAbuse-test-138,0,0,0.0,0.0,not uncertain
ConvAbuse,blind,single_hedge,ConvAbuse-test-139,1,0,0.0,0.2222222222222222,somewhat uncertain
ConvAbuse,blind,single_hedge,ConvAbuse-test-140,0,0,0.0906024674148875,0.1875,somewhat uncertain
ConvAbuse,blind,single_hedge,ConvAbuse-test-141,1,0,0.225848271684105,0.0,not uncertain
ConvAbuse,blind,single_hedge,ConvAbuse-test-142,1,0,0.0,0.2222222222222222,not uncertain
ConvAbuse,blind,single_hedge,ConvAbuse-test-143,0,0,0.0,0.0,not uncertain
ConvAbuse,blind,single_hedge,ConvAbuse-test-144,0,0,0.0,0.0,not uncertain
ConvAbuse,blind,single_hedge,ConvAbuse-test-145,0,0,0.0,0.0,highly uncertain
ConvAbuse,blind,single_hedge,ConvAbuse-test-146,0,0,0.0,0.0,not uncertain
ConvAbuse,blind,single_hedge,ConvAbuse-test-147,1,1,0.0,0.0,not uncertain
ConvAbuse,blind,single_hedge,ConvAbuse-test-148,1,0,0.0,0.2222222222222222,not uncertain
ConvAbuse,blind,single_hedge,ConvAbuse-test-149,0,0,0.0,0.0,not uncertain
ConvAbuse,blind,single_hedge,ConvAbuse-test-150,0,0,0.0,0.0,not uncertain
ConvAbuse,blind,single_hedge,ConvAbuse-test-151,0,0,0.0,0.0,not uncertain
ConvAbuse,blind,single_hedge,ConvAbuse-test-152,1,0,0.0279989107429704,0.0,not uncertain
ConvAbuse,blind,single_hedge,ConvAbuse-test-153,0,0,0.0,0.0,not uncertain
ConvAbuse,blind,single_hedge,ConvAbuse-test-154,0,0,0.0,0.0,not uncertain
ConvAbuse,blind,single_hedge,ConvAbuse-test-155,1,0,0.2498811295739664,0.1875,not uncertain
ConvAbuse,blind,single_hedge,ConvAbuse-test-156,1,1,0.0,0.0,not uncertain
ConvAbuse,blind,single_hedge,ConvAbuse-test-157,1,0,0.164791252481819,0.0,not uncertain
ConvAbuse,blind,single_hedge,ConvAbuse-test-158,1,1,0.0,0.2222222222222222,not uncertain
ConvAbuse,blind,single_hedge,ConvAbuse-test-159,1,1,0.0,0.2222222222222222,somewhat uncertain
ConvAbuse,blind,single_hedge,ConvAbuse-test-160,1,0,0.0352020358739804,0.0,not uncertain
ConvAbuse,blind,single_hedge,ConvAbuse-test-161,0,0,0.0,0.0,not uncertain
ConvAbuse,blind,single_hedge,ConvAbuse-test-162,0,0,0.0,0.0,not uncertain
ConvAbuse,blind,single_hedge,ConvAbuse-test-163,0,0,0.0,0.0,not uncertain
ConvAbuse,blind,single_hedge,ConvAbuse-test-164,0,0,0.0,0.0,not uncertain
ConvAbuse,blind,single_hedge,ConvAbuse-test-165,0,1,0.2311661907475396,0.1875,not uncertain
ConvAbuse,blind,single_hedge,ConvAbuse-test-166,0,0,0.0,0.0,not uncertain
ConvAbuse,blind,single_hedge,ConvAbuse-test-167,0,0,0.0,0.0,not uncertain
ConvAbuse,blind,single_hedge,ConvAbuse-test-168,0,0,0.0,0.0,highly uncertain
ConvAbuse,blind,single_hedge,ConvAbuse-test-169,0,0,0.0,0.2222222222222222,not uncertain
ConvAbuse,blind,single_hedge,ConvAbuse-test-170,0,0,0.0,0.0,somewhat uncertain
ConvAbuse,blind,single_hedge,ConvAbuse-test-171,0,0,0.0,0.0,highly uncertain
ConvAbuse,blind,single_hedge,ConvAbuse-test-172,1,1,0.0,0.0,not uncertain
ConvAbuse,blind,single_hedge,ConvAbuse-test-173,0,0,0.0,0.0,not uncertain
ConvAbuse,blind,single_hedge,ConvAbuse-test-174,0,0,0.0,0.0,highly uncertain
ConvAbuse,blind,single_hedge,ConvAbuse-test-175,0,0,0.1575190047024531,0.0,not uncertain
ConvAbuse,blind,single_hedge,ConvAbuse-test-176,0,0,0.0,0.0,not uncertain
ConvAbuse,blind,single_hedge,ConvAbuse-test-177,0,0,0.0,0.0,not uncertain
ConvAbuse,blind,single_hedge,ConvAbuse-test-178,0,0,0.0,0.0,somewhat uncertain
ConvAbuse,blind,single_hedge,ConvAbuse-test-179,0,0,0.0,0.0,highly uncertain
ConvAbuse,blind,single_hedge,ConvAbuse-test-180,1,1,0.0,0.0,somewhat uncertain
ConvAbuse,blind,single_hedge,ConvAbuse-test-181,0,0,0.0,0.0,somewhat uncertain
ConvAbuse,blind,single_hedge,ConvAbuse-test-182,0,0,0.0,0.0,not uncertain
ConvAbuse,blind,single_hedge,ConvAbuse-test-183,1,1,0.0,0.2222222222222222,not uncertain
ConvAbuse,blind,single_hedge,ConvAbuse-test-184,1,0,0.0338906807927992,0.1599999999999999,not uncertain
ConvAbuse,blind,single_hedge,ConvAbuse-test-185,0,0,0.0,0.0,not uncertain
ConvAbuse,blind,single_hedge,ConvAbuse-test-186,0,0,0.0,0.0,not uncertain
ConvAbuse,blind,single_hedge,ConvAbuse-test-187,0,0,0.0,0.0,not uncertain
ConvAbuse,blind,single_hedge,ConvAbuse-test-188,0,0,0.0,0.0,not uncertain
ConvAbuse,blind,single_hedge,ConvAbuse-test-189,0,0,0.0,0.0,not uncertain
ConvAbuse,blind,single_hedge,ConvAbuse-test-190,0,0,0.0,0.0,not uncertain
ConvAbuse,blind,single_hedge,ConvAbuse-test-191,1,1,0.0,0.0,not uncertain
ConvAbuse,blind,single_hedge,ConvAbuse-test-192,0,0,0.0,0.0,not uncertain
ConvAbuse,blind,single_hedge,ConvAbuse-test-193,0,0,0.0,0.0,not uncertain
ConvAbuse,blind,single_hedge,ConvAbuse-test-194,0,0,0.0,0.0,not uncertain
ConvAbuse,blind,single_hedge,ConvAbuse-test-195,0,0,0.0199226753290297,0.0,not uncertain
ConvAbuse,blind,single_hedge,ConvAbuse-test-196,1,1,0.0,0.0,not uncertain
ConvAbuse,blind,single_hedge,ConvAbuse-test-197,0,0,0.0,0.0,highly uncertain
ConvAbuse,blind,single_hedge,ConvAbuse-test-198,0,1,0.0,0.2222222222222222,not uncertain
ConvAbuse,blind,single_hedge,ConvAbuse-test-199,0,0,0.0,0.0,not uncertain
ConvAbuse,blind,single_hedge,ConvAbuse-test-200,0,0,0.0,0.0,not uncertain
ConvAbuse,blind,single_hedge,ConvAbuse-test-201,0,0,0.0,0.0,not uncertain
ConvAbuse,blind,single_hedge,ConvAbuse-test-202,0,0,0.0,0.0,somewhat uncertain
ConvAbuse,blind,single_hedge,ConvAbuse-test-203,0,0,0.0,0.0,not uncertain
ConvAbuse,blind,single_hedge,ConvAbuse-test-204,0,0,0.0,0.0,not uncertain
ConvAbuse,blind,single_hedge,ConvAbuse-test-205,1,0,0.0942785662771276,0.0,not uncertain
ConvAbuse,blind,single_hedge,ConvAbuse-test-206,0,0,0.0,0.0,highly uncertain
ConvAbuse,blind,single_hedge,ConvAbuse-test-207,0,0,0.0,0.0,not uncertain
ConvAbuse,blind,single_hedge,ConvAbuse-test-208,0,0,0.0,0.0,somewhat uncertain
ConvAbuse,blind,single_hedge,ConvAbuse-test-209,0,0,0.0,0.0,somewhat uncertain
ConvAbuse,blind,single_hedge,ConvAbuse-test-210,0,0,0.0,0.1599999999999999,not uncertain
ConvAbuse,blind,single_hedge,ConvAbuse-test-211,0,0,0.0343692818004789,0.0,somewhat uncertain
ConvAbuse,blind,single_hedge,ConvAbuse-test-212,0,0,0.0,0.0,not uncertain
ConvAbuse,blind,single_hedge,ConvAbuse-test-213,0,0,0.0,0.0,not uncertain
ConvAbuse,blind,single_hedge,ConvAbuse-test-214,0,0,0.0,0.0,not uncertain
ConvAbuse,blind,single_hedge,ConvAbuse-test-215,0,0,0.0,0.0,not uncertain
ConvAbuse,blind,single_hedge,ConvAbuse-test-216,0,0,0.0,0.0,not uncertain
ConvAbuse,blind,single_hedge,ConvAbuse-test-217,1,1,0.0,0.0,not uncertain
ConvAbuse,blind,single_hedge,ConvAbuse-test-218,0,0,0.0,0.1875,not uncertain
ConvAbuse,blind,single_hedge,ConvAbuse-test-219,1,1,0.0,0.0,not uncertain
ConvAbuse,blind,single_hedge,ConvAbuse-test-220,1,1,0.0,0.0,not uncertain
ConvAbuse,blind,single_hedge,ConvAbuse-test-221,0,0,0.0,0.0,somewhat uncertain
ConvAbuse,blind,single_hedge,ConvAbuse-test-222,0,0,0.0,0.0,not uncertain
ConvAbuse,blind,single_hedge,ConvAbuse-test-223,0,0,0.0,0.0,not uncertain
ConvAbuse,blind,single_hedge,ConvAbuse-test-224,0,0,0.0,0.0,not uncertain
ConvAbuse,blind,single_hedge,ConvAbuse-test-225,1,1,0.0,0.25,not uncertain
ConvAbuse,blind,single_hedge,ConvAbuse-test-226,0,0,0.0,0.0,not uncertain
ConvAbuse,blind,single_hedge,ConvAbuse-test-227,1,0,0.1275597198971599,0.24,not uncertain
ConvAbuse,blind,single_hedge,ConvAbuse-test-228,0,0,0.0,0.0,not uncertain
ConvAbuse,blind,single_hedge,ConvAbuse-test-229,0,0,0.0,0.0,not uncertain
ConvAbuse,blind,single_hedge,ConvAbuse-test-230,1,1,0.1491276957956275,0.0,not uncertain
ConvAbuse,blind,single_hedge,ConvAbuse-test-231,0,0,0.0,0.2222222222222222,not uncertain
ConvAbuse,blind,single_hedge,ConvAbuse-test-232,0,0,0.0,0.0,not uncertain
ConvAbuse,blind,single_hedge,ConvAbuse-test-233,0,0,0.0352079749362173,0.0,somewhat uncertain
ConvAbuse,blind,single_hedge,ConvAbuse-test-234,1,1,0.0,0.2222222222222222,somewhat uncertain
ConvAbuse,blind,single_hedge,ConvAbuse-test-235,0,0,0.0,0.0,not uncertain
ConvAbuse,blind,single_hedge,ConvAbuse-test-236,0,0,0.0,0.0,not uncertain
ConvAbuse,blind,single_hedge,ConvAbuse-test-237,0,0,0.0,0.0,not uncertain
ConvAbuse,blind,single_hedge,ConvAbuse-test-238,0,1,0.0374885648292178,0.2222222222222222,not uncertain
ConvAbuse,blind,single_hedge,ConvAbuse-test-239,0,1,0.0,0.25,somewhat uncertain
ConvAbuse,blind,single_hedge,ConvAbuse-test-240,0,0,0.0,0.0,not uncertain
ConvAbuse,blind,single_hedge,ConvAbuse-test-241,0,0,0.0,0.2222222222222222,not uncertain
ConvAbuse,blind,single_hedge,ConvAbuse-test-242,1,0,0.1057919355295146,0.0,not uncertain
ConvAbuse,blind,single_hedge,ConvAbuse-test-243,0,0,0.0,0.0,not uncertain
ConvAbuse,blind,single_hedge,ConvAbuse-test-244,0,0,0.0,0.0,not uncertain
ConvAbuse,blind,single_hedge,ConvAbuse-test-245,0,0,0.0,0.0,somewhat uncertain
ConvAbuse,blind,single_hedge,ConvAbuse-test-246,0,0,0.0,0.2222222222222222,not uncertain
ConvAbuse,blind,single_hedge,ConvAbuse-test-247,0,0,0.0,0.0,not uncertain
ConvAbuse,blind,single_hedge,ConvAbuse-test-248,1,1,0.0,0.0,not uncertain
ConvAbuse,blind,single_hedge,ConvAbuse-test-249,0,0,0.2367551669766814,0.0,not uncertain
ConvAbuse,blind,single_hedge,ConvAbuse-test-250,0,0,0.0336196912006076,0.0,not uncertain
ConvAbuse,blind,single_hedge,ConvAbuse-test-251,0,0,0.0,0.0,not uncertain
ConvAbuse,blind,single_hedge,ConvAbuse-test-252,0,0,0.1530896837855654,0.0,somewhat uncertain
ConvAbuse,blind,single_hedge,ConvAbuse-test-253,0,0,0.0,0.0,not uncertain
ConvAbuse,blind,single_hedge,ConvAbuse-test-254,0,0,0.0,0.0,not uncertain
ConvAbuse,blind,single_hedge,ConvAbuse-test-255,0,0,0.0,0.0,not uncertain
ConvAbuse,blind,single_hedge,ConvAbuse-test-256,1,1,0.0,0.2222222222222222,not uncertain
ConvAbuse,blind,single_hedge,ConvAbuse-test-257,0,1,0.1368820451497993,0.0,not uncertain
ConvAbuse,blind,single_hedge,ConvAbuse-test-258,0,0,0.0,0.0,not uncertain
ConvAbuse,blind,single_hedge,ConvAbuse-test-259,0,1,0.2010041723723752,0.25,highly uncertain
ConvAbuse,blind,single_hedge,ConvAbuse-test-260,0,0,0.0,0.0,not uncertain
ConvAbuse,blind,single_hedge,ConvAbuse-test-261,1,1,0.0,0.0,not uncertain
ConvAbuse,blind,single_hedge,ConvAbuse-test-262,1,1,0.0,0.0,somewhat uncertain
ConvAbuse,blind,single_hedge,ConvAbuse-test-263,0,0,0.0,0.0,not uncertain
ConvAbuse,blind,single_hedge,ConvAbuse-test-264,1,1,0.0,0.0,not uncertain
ConvAbuse,blind,single_hedge,ConvAbuse-test-265,1,1,0.0,0.0,not uncertain
ConvAbuse,blind,single_hedge,ConvAbuse-test-266,0,0,0.0,0.1875,somewhat uncertain
ConvAbuse,blind,single_hedge,ConvAbuse-test-267,0,0,0.0,0.0,not uncertain
ConvAbuse,blind,single_hedge,ConvAbuse-test-268,1,0,0.19960504946255,0.0,not uncertain
ConvAbuse,blind,single_hedge,ConvAbuse-test-269,0,0,0.0,0.0,not uncertain
ConvAbuse,blind,single_hedge,ConvAbuse-test-270,0,0,0.0,0.0,not uncertain
ConvAbuse,blind,single_hedge,ConvAbuse-test-271,1,1,0.0,0.2222222222222222,not uncertain
ConvAbuse,blind,single_hedge,ConvAbuse-test-272,0,0,0.0,0.0,not uncertain
ConvAbuse,blind,single_hedge,ConvAbuse-test-273,0,0,0.0,0.2222222222222222,not uncertain
ConvAbuse,blind,single_hedge,ConvAbuse-test-274,1,1,0.0,0.0,not uncertain
ConvAbuse,blind,single_hedge,ConvAbuse-test-275,0,0,0.1287508055181418,0.0,somewhat uncertain
ConvAbuse,blind,single_hedge,ConvAbuse-test-276,0,0,0.0299198480662069,0.0,not uncertain
ConvAbuse,blind,single_hedge,ConvAbuse-test-277,1,0,0.2091754542626745,0.0,not uncertain
ConvAbuse,blind,single_hedge,ConvAbuse-test-278,0,0,0.0313687263023086,0.1599999999999999,highly uncertain
ConvAbuse,blind,single_hedge,ConvAbuse-test-279,0,0,0.0,0.0,somewhat uncertain
ConvAbuse,blind,single_hedge,ConvAbuse-test-280,0,0,0.0,0.0,not uncertain
ConvAbuse,blind,single_hedge,ConvAbuse-test-281,1,1,0.0,0.0,somewhat uncertain
ConvAbuse,blind,single_hedge,ConvAbuse-test-282,1,1,0.2317710351293217,0.2222222222222222,not uncertain
ConvAbuse,blind,single_hedge,ConvAbuse-test-283,1,0,0.2445914045129794,0.0,not uncertain
ConvAbuse,blind,single_hedge,ConvAbuse-test-284,0,0,0.2005004847951263,0.0,not uncertain
ConvAbuse,blind,single_hedge,ConvAbuse-test-285,0,0,0.0,0.0,highly uncertain
ConvAbuse,blind,single_hedge,ConvAbuse-test-286,0,0,0.0,0.2222222222222222,not uncertain
ConvAbuse,blind,single_hedge,ConvAbuse-test-287,0,0,0.1057147385451971,0.0,not uncertain
ConvAbuse,blind,single_hedge,ConvAbuse-test-288,0,0,0.0,0.0,not uncertain
ConvAbuse,blind,single_hedge,ConvAbuse-test-289,1,0,0.0489118018673964,0.2222222222222222,not uncertain
ConvAbuse,blind,single_hedge,ConvAbuse-test-290,0,0,0.0,0.0,not uncertain
ConvAbuse,blind,single_hedge,ConvAbuse-test-291,0,0,0.0,0.0,somewhat uncertain
ConvAbuse,blind,single_hedge,ConvAbuse-test-292,1,1,0.0723439185511769,0.25,not uncertain
ConvAbuse,blind,single_hedge,ConvAbuse-test-293,0,0,0.0505279849241955,0.0,not uncertain
ConvAbuse,blind,single_hedge,ConvAbuse-test-294,0,0,0.0,0.0,not uncertain
ConvAbuse,blind,single_hedge,ConvAbuse-test-295,0,1,0.1105002115297067,0.25,not uncertain
ConvAbuse,blind,single_hedge,ConvAbuse-test-296,0,0,0.0287557440544887,0.1875,not uncertain
ConvAbuse,blind,single_hedge,ConvAbuse-test-297,0,0,0.2259656696304357,0.0,not uncertain
ConvAbuse,blind,single_hedge,ConvAbuse-test-298,0,0,0.0,0.0,not uncertain
ConvAbuse,blind,single_hedge,ConvAbuse-test-299,0,0,0.0,0.0,not uncertain
ConvAbuse,blind,single_hedge,ConvAbuse-test-300,0,0,0.0,0.0,highly uncertain
ConvAbuse,blind,single_hedge,ConvAbuse-test-301,1,1,0.0368814238125556,0.2222222222222222,not uncertain
ConvAbuse,blind,single_hedge,ConvAbuse-test-302,1,1,0.0,0.0,not uncertain
ConvAbuse,blind,single_hedge,ConvAbuse-test-303,1,1,0.0,0.0,not uncertain
ConvAbuse,blind,single_hedge,ConvAbuse-test-304,0,0,0.0,0.0,not uncertain
ConvAbuse,blind,single_hedge,ConvAbuse-test-305,0,0,0.0,0.0,not uncertain
ConvAbuse,blind,single_hedge,ConvAbuse-test-306,1,1,0.0,0.0,not uncertain
ConvAbuse,blind,single_hedge,ConvAbuse-test-307,1,1,0.0,0.0,not uncertain
ConvAbuse,blind,single_hedge,ConvAbuse-test-308,0,0,0.0,0.0,not uncertain
ConvAbuse,blind,single_hedge,ConvAbuse-test-309,0,0,0.0,0.2222222222222222,highly uncertain
ConvAbuse,blind,single_hedge,ConvAbuse-test-310,0,0,0.0,0.0,not uncertain
ConvAbuse,blind,single_hedge,ConvAbuse-test-311,0,0,0.0,0.0,not uncertain
ConvAbuse,blind,single_hedge,ConvAbuse-test-312,0,0,0.0,0.0,not uncertain
ConvAbuse,blind,single_hedge,ConvAbuse-test-313,0,0,0.0,0.0,not uncertain
ConvAbuse,blind,single_hedge,ConvAbuse-test-314,1,1,0.0,0.2222222222222222,not uncertain
ConvAbuse,blind,single_hedge,ConvAbuse-test-315,1,0,0.0229020719113281,0.2222222222222222,not uncertain
ConvAbuse,blind,single_hedge,ConvAbuse-test-316,0,0,0.1314670876017604,0.0,not uncertain
ConvAbuse,blind,single_hedge,ConvAbuse-test-317,0,0,0.0,0.0,not uncertain
ConvAbuse,blind,single_hedge,ConvAbuse-test-318,0,0,0.0,0.0,not uncertain
ConvAbuse,blind,single_hedge,ConvAbuse-test-319,0,0,0.0,0.0,somewhat uncertain
ConvAbuse,blind,single_hedge,ConvAbuse-test-320,0,0,0.0,0.0,not uncertain
ConvAbuse,blind,single_hedge,ConvAbuse-test-321,0,0,0.0,0.0,not uncertain
ConvAbuse,blind,single_hedge,ConvAbuse-test-322,0,0,0.0,0.0,somewhat uncertain
ConvAbuse,blind,single_hedge,ConvAbuse-test-323,1,1,0.0,0.2222222222222222,somewhat uncertain
ConvAbuse,blind,single_hedge,ConvAbuse-test-324,1,0,0.0,0.2222222222222222,not uncertain
ConvAbuse,blind,single_hedge,ConvAbuse-test-325,1,0,0.2270712159119075,0.0,not uncertain
ConvAbuse,blind,single_hedge,ConvAbuse-test-326,1,1,0.0,0.0,not uncertain
ConvAbuse,blind,single_hedge,ConvAbuse-test-327,1,0,0.2252984437276871,0.2222222222222222,somewhat uncertain
ConvAbuse,blind,single_hedge,ConvAbuse-test-328,0,0,0.0,0.0,not uncertain
ConvAbuse,blind,single_hedge,ConvAbuse-test-329,0,0,0.0,0.1599999999999999,not uncertain
ConvAbuse,blind,single_hedge,ConvAbuse-test-330,0,0,0.0,0.0,somewhat uncertain
ConvAbuse,blind,single_hedge,ConvAbuse-test-331,1,0,0.0345241240218124,0.0,not uncertain
ConvAbuse,blind,single_hedge,ConvAbuse-test-332,0,0,0.0,0.0,somewhat uncertain
ConvAbuse,blind,single_hedge,ConvAbuse-test-333,0,0,0.0,0.0,not uncertain
ConvAbuse,blind,single_hedge,ConvAbuse-test-334,0,0,0.0,0.0,not uncertain
ConvAbuse,blind,single_hedge,ConvAbuse-test-335,0,0,0.032278983052987,0.1875,somewhat uncertain
ConvAbuse,blind,single_hedge,ConvAbuse-test-336,1,1,0.0,0.25,not uncertain
ConvAbuse,blind,single_hedge,ConvAbuse-test-337,0,0,0.0,0.0,not uncertain
ConvAbuse,blind,single_hedge,ConvAbuse-test-338,1,1,0.0254586992490659,0.2222222222222222,not uncertain
ConvAbuse,blind,single_hedge,ConvAbuse-test-339,0,0,0.0,0.0,not uncertain
ConvAbuse,blind,single_hedge,ConvAbuse-test-340,0,0,0.0,0.2222222222222222,not uncertain
ConvAbuse,blind,single_hedge,ConvAbuse-test-341,0,0,0.0,0.0,not uncertain
ConvAbuse,blind,single_hedge,ConvAbuse-test-342,0,0,0.0,0.0,not uncertain
ConvAbuse,blind,single_hedge,ConvAbuse-test-343,0,0,0.0,0.0,not uncertain
ConvAbuse,blind,single_hedge,ConvAbuse-test-344,1,1,0.0,0.0,not uncertain
ConvAbuse,blind,single_hedge,ConvAbuse-test-345,1,1,0.0,0.0,somewhat uncertain
ConvAbuse,blind,single_hedge,ConvAbuse-test-346,0,0,0.0,0.0,not uncertain
ConvAbuse,blind,single_hedge,ConvAbuse-test-347,0,0,0.0,0.0,not uncertain
ConvAbuse,blind,single_hedge,ConvAbuse-test-348,0,0,0.0,0.0,not uncertain
ConvAbuse,blind,single_hedge,ConvAbuse-test-349,0,0,0.0,0.0,not uncertain
ConvAbuse,blind,single_hedge,ConvAbuse-test-350,1,0,0.1655073653573884,0.0,not uncertain
ConvAbuse,blind,single_hedge,ConvAbuse-test-351,1,1,0.0,0.0,not uncertain
ConvAbuse,blind,single_hedge,ConvAbuse-test-352,1,1,0.0,0.0,not uncertain
ConvAbuse,blind,single_hedge,ConvAbuse-test-353,0,0,0.0,0.0,not uncertain
ConvAbuse,blind,single_hedge,ConvAbuse-test-354,0,0,0.0,0.0,not uncertain
ConvAbuse,blind,single_hedge,ConvAbuse-test-355,0,0,0.0268300374956719,0.2222222222222222,not uncertain
ConvAbuse,blind,single_hedge,ConvAbuse-test-356,0,1,0.0,0.25,not uncertain
ConvAbuse,blind,single_hedge,ConvAbuse-test-357,1,0,0.2499418607651457,0.2222222222222222,not uncertain
ConvAbuse,blind,single_hedge,ConvAbuse-test-358,0,0,0.0,0.0,not uncertain
ConvAbuse,blind,single_hedge,ConvAbuse-test-359,0,0,0.0,0.0,not uncertain
ConvAbuse,blind,single_hedge,ConvAbuse-test-360,0,0,0.0,0.0,not uncertain
ConvAbuse,blind,single_hedge,ConvAbuse-test-361,1,0,0.2497940830038794,0.0,somewhat uncertain
ConvAbuse,blind,single_hedge,ConvAbuse-test-362,0,0,0.0,0.0,not uncertain
ConvAbuse,blind,single_hedge,ConvAbuse-test-363,0,0,0.0,0.0,not uncertain
ConvAbuse,blind,single_hedge,ConvAbuse-test-364,1,1,0.0,0.0,not uncertain
ConvAbuse,blind,single_hedge,ConvAbuse-test-365,0,0,0.0,0.0,not uncertain
ConvAbuse,blind,single_hedge,ConvAbuse-test-366,0,0,0.2450097415185942,0.2222222222222222,somewhat uncertain
ConvAbuse,blind,single_hedge,ConvAbuse-test-367,0,0,0.0,0.0,not uncertain
ConvAbuse,blind,single_hedge,ConvAbuse-test-368,0,0,0.0,0.0,not uncertain
ConvAbuse,blind,single_hedge,ConvAbuse-test-369,1,0,0.0266975905243349,0.0,not uncertain
ConvAbuse,blind,single_hedge,ConvAbuse-test-370,0,0,0.0,0.0,not uncertain
ConvAbuse,blind,single_hedge,ConvAbuse-test-371,0,0,0.0,0.0,not uncertain
ConvAbuse,blind,single_hedge,ConvAbuse-test-372,1,0,0.2396214236502914,0.0,not uncertain
ConvAbuse,blind,single_hedge,ConvAbuse-test-373,0,0,0.1091609568523153,0.0,not uncertain
ConvAbuse,blind,single_hedge,ConvAbuse-test-374,0,0,0.0,0.0,highly uncertain
ConvAbuse,blind,single_hedge,ConvAbuse-test-375,0,0,0.099632446161181,0.0,not uncertain
ConvAbuse,blind,single_hedge,ConvAbuse-test-376,1,0,0.2149034616652006,0.0,not uncertain
ConvAbuse,blind,single_hedge,ConvAbuse-test-377,1,1,0.0,0.0,not uncertain
ConvAbuse,blind,single_hedge,ConvAbuse-test-378,0,0,0.0,0.0,highly uncertain
ConvAbuse,blind,single_hedge,ConvAbuse-test-379,0,0,0.0,0.0,not uncertain
ConvAbuse,blind,single_hedge,ConvAbuse-test-380,0,0,0.0,0.0,somewhat uncertain
ConvAbuse,blind,single_hedge,ConvAbuse-test-381,1,1,0.0,0.2222222222222222,not uncertain
ConvAbuse,blind,single_hedge,ConvAbuse-test-382,0,0,0.0,0.0,somewhat uncertain
ConvAbuse,blind,single_hedge,ConvAbuse-test-383,0,0,0.0,0.0,somewhat uncertain
ConvAbuse,blind,single_hedge,ConvAbuse-test-384,0,0,0.0,0.0,not uncertain
ConvAbuse,blind,single_hedge,ConvAbuse-test-385,1,1,0.0,0.0,not uncertain
ConvAbuse,blind,single_hedge,ConvAbuse-test-386,0,0,0.0,0.0,not uncertain
ConvAbuse,blind,single_hedge,ConvAbuse-test-387,0,0,0.0,0.0,not uncertain
ConvAbuse,blind,single_hedge,ConvAbuse-test-388,0,0,0.0,0.0,not uncertain
ConvAbuse,blind,single_hedge,ConvAbuse-test-389,0,0,0.0,0.0,highly uncertain
ConvAbuse,blind,single_hedge,ConvAbuse-test-390,1,1,0.0,0.0,somewhat uncertain
ConvAbuse,blind,single_hedge,ConvAbuse-test-391,0,0,0.1373931604417897,0.0,not uncertain
ConvAbuse,blind,single_hedge,ConvAbuse-test-392,0,0,0.0,0.0,not uncertain
ConvAbuse,blind,single_hedge,ConvAbuse-test-393,1,1,0.0,0.0,not uncertain
ConvAbuse,blind,single_hedge,ConvAbuse-test-394,0,1,0.0,0.25,not uncertain
ConvAbuse,blind,single_hedge,ConvAbuse-test-395,0,0,0.0,0.0,not uncertain
ConvAbuse,blind,single_hedge,ConvAbuse-test-396,1,1,0.0,0.16,somewhat uncertain
ConvAbuse,blind,single_hedge,ConvAbuse-test-397,0,0,0.0,0.0,not uncertain
ConvAbuse,blind,single_hedge,ConvAbuse-test-398,0,0,0.0,0.0,not uncertain
ConvAbuse,blind,single_hedge,ConvAbuse-test-399,0,0,0.0,0.0,highly uncertain
ConvAbuse,blind,single_hedge,ConvAbuse-test-400,0,0,0.0,0.0,not uncertain
ConvAbuse,blind,single_hedge,ConvAbuse-test-401,1,1,0.0,0.0,not uncertain
ConvAbuse,blind,single_hedge,ConvAbuse-test-402,0,1,0.2476019133722451,0.0,not uncertain
ConvAbuse,blind,single_hedge,ConvAbuse-test-403,1,0,0.229322796470059,0.1599999999999999,not uncertain
ConvAbuse,blind,single_hedge,ConvAbuse-test-404,1,1,0.0733991678096591,0.2222222222222222,somewhat uncertain
ConvAbuse,blind,single_hedge,ConvAbuse-test-405,1,1,0.0,0.2222222222222222,not uncertain
ConvAbuse,blind,single_hedge,ConvAbuse-test-406,0,0,0.0,0.0,not uncertain
ConvAbuse,blind,single_hedge,ConvAbuse-test-407,1,0,0.0,0.2222222222222222,not uncertain
ConvAbuse,blind,single_hedge,ConvAbuse-test-408,0,0,0.0,0.0,highly uncertain
ConvAbuse,blind,single_hedge,ConvAbuse-test-409,0,1,0.0,0.2222222222222222,highly uncertain
ConvAbuse,blind,single_hedge,ConvAbuse-test-410,0,0,0.0,0.0,not uncertain
ConvAbuse,blind,single_hedge,ConvAbuse-test-411,0,0,0.042383233094861,0.0,not uncertain
ConvAbuse,blind,single_hedge,ConvAbuse-test-412,0,0,0.0,0.0,not uncertain
ConvAbuse,blind,single_hedge,ConvAbuse-test-413,1,0,0.2407002769137507,0.0,not uncertain
ConvAbuse,blind,single_hedge,ConvAbuse-test-414,0,0,0.0,0.0,not uncertain
ConvAbuse,blind,single_hedge,ConvAbuse-test-415,0,0,0.0,0.0,somewhat uncertain
ConvAbuse,blind,single_hedge,ConvAbuse-test-416,0,0,0.0,0.0,not uncertain
ConvAbuse,blind,single_hedge,ConvAbuse-test-417,1,0,0.0,0.2222222222222222,not uncertain
ConvAbuse,blind,single_hedge,ConvAbuse-test-418,0,0,0.0,0.0,not uncertain
ConvAbuse,blind,single_hedge,ConvAbuse-test-419,0,0,0.0,0.0,not uncertain
ConvAbuse,blind,single_hedge,ConvAbuse-test-420,0,1,0.2441044857197147,0.2222222222222222,somewhat uncertain
ConvAbuse,blind,single_hedge,ConvAbuse-test-421,1,0,0.0,0.2222222222222222,highly uncertain
ConvAbuse,blind,single_hedge,ConvAbuse-test-422,0,0,0.0,0.0,somewhat uncertain
ConvAbuse,blind,single_hedge,ConvAbuse-test-423,0,0,0.0,0.0,somewhat uncertain
ConvAbuse,blind,single_hedge,ConvAbuse-test-424,0,0,0.0391413814925304,0.2222222222222222,not uncertain
ConvAbuse,blind,single_hedge,ConvAbuse-test-425,0,0,0.0,0.0,highly uncertain
ConvAbuse,blind,single_hedge,ConvAbuse-test-426,1,0,0.1753130044403265,0.1599999999999999,not uncertain
ConvAbuse,blind,single_hedge,ConvAbuse-test-427,0,0,0.2331253139087543,0.1388888888888888,not uncertain
ConvAbuse,blind,single_hedge,ConvAbuse-test-428,0,1,0.0,0.25,somewhat uncertain
ConvAbuse,blind,single_hedge,ConvAbuse-test-429,1,1,0.0,0.0,not uncertain
ConvAbuse,blind,single_hedge,ConvAbuse-test-430,0,0,0.0,0.0,not uncertain
ConvAbuse,blind,single_hedge,ConvAbuse-test-431,0,0,0.0,0.0,not uncertain
ConvAbuse,blind,single_hedge,ConvAbuse-test-432,0,0,0.0,0.0,not uncertain
ConvAbuse,blind,single_hedge,ConvAbuse-test-433,0,0,0.0,0.0,not uncertain
ConvAbuse,blind,single_hedge,ConvAbuse-test-434,0,0,0.0,0.0,not uncertain
ConvAbuse,blind,single_hedge,ConvAbuse-test-435,1,0,0.2498839676132363,0.0,not uncertain
ConvAbuse,blind,single_hedge,ConvAbuse-test-436,0,0,0.0,0.0,not uncertain
ConvAbuse,blind,single_hedge,ConvAbuse-test-437,0,0,0.0,0.0,not uncertain
ConvAbuse,blind,single_hedge,ConvAbuse-test-438,0,0,0.0,0.0,not uncertain
ConvAbuse,blind,single_hedge,ConvAbuse-test-439,1,0,0.0,0.2222222222222222,not uncertain
ConvAbuse,blind,single_hedge,ConvAbuse-test-440,0,0,0.0461080476585927,0.1875,not uncertain
ConvAbuse,blind,single_hedge,ConvAbuse-test-441,1,1,0.0,0.25,not uncertain
ConvAbuse,blind,single_hedge,ConvAbuse-test-442,0,0,0.0,0.0,not uncertain
ConvAbuse,blind,single_hedge,ConvAbuse-test-443,0,0,0.0,0.0,not uncertain
ConvAbuse,blind,single_hedge,ConvAbuse-test-444,0,0,0.0,0.0,not uncertain
ConvAbuse,blind,single_hedge,ConvAbuse-test-445,0,0,0.0,0.0,not uncertain
ConvAbuse,blind,single_hedge,ConvAbuse-test-446,0,0,0.0,0.0,somewhat uncertain
ConvAbuse,blind,single_hedge,ConvAbuse-test-447,0,0,0.0,0.0,not uncertain
ConvAbuse,blind,single_hedge,ConvAbuse-test-448,0,0,0.035871460693349,0.0,not uncertain
ConvAbuse,blind,single_hedge,ConvAbuse-test-449,0,0,0.0,0.2222222222222222,highly uncertain
ConvAbuse,blind,single_hedge,ConvAbuse-test-450,0,0,0.0,0.0,not uncertain
ConvAbuse,blind,single_hedge,ConvAbuse-test-451,1,1,0.1652720195758731,0.0,not uncertain
ConvAbuse,blind,single_hedge,ConvAbuse-test-452,0,0,0.0,0.0,not uncertain
ConvAbuse,blind,single_hedge,ConvAbuse-test-453,0,0,0.0,0.0,not uncertain
ConvAbuse,blind,single_hedge,ConvAbuse-test-454,0,1,0.0,0.25,not uncertain
ConvAbuse,blind,single_hedge,ConvAbuse-test-455,1,1,0.0,0.0,somewhat uncertain
ConvAbuse,blind,single_hedge,ConvAbuse-test-456,1,1,0.0,0.0,not uncertain
ConvAbuse,blind,single_hedge,ConvAbuse-test-457,1,1,0.0,0.25,not uncertain
ConvAbuse,blind,single_hedge,ConvAbuse-test-458,1,1,0.0,0.0,not uncertain
ConvAbuse,blind,single_hedge,ConvAbuse-test-459,1,1,0.0,0.0,not uncertain
ConvAbuse,blind,single_hedge,ConvAbuse-test-460,1,0,0.0,0.2222222222222222,not uncertain
ConvAbuse,blind,single_hedge,ConvAbuse-test-461,1,1,0.0238087961001554,0.0,not uncertain
ConvAbuse,blind,single_hedge,ConvAbuse-test-462,0,0,0.0,0.0,somewhat uncertain
ConvAbuse,blind,single_hedge,ConvAbuse-test-463,0,0,0.1507977299752174,0.0,somewhat uncertain
ConvAbuse,blind,single_hedge,ConvAbuse-test-464,0,0,0.0,0.0,not uncertain
ConvAbuse,blind,single_hedge,ConvAbuse-test-465,0,0,0.0,0.0,not uncertain
ConvAbuse,blind,single_hedge,ConvAbuse-test-466,1,0,0.177010788362749,0.2222222222222222,not uncertain
ConvAbuse,blind,single_hedge,ConvAbuse-test-467,0,0,0.1455664123482599,0.0,somewhat uncertain
ConvAbuse,blind,single_hedge,ConvAbuse-test-468,0,0,0.2332132198228605,0.0,somewhat uncertain
ConvAbuse,blind,single_hedge,ConvAbuse-test-469,1,0,0.0,0.0,not uncertain
ConvAbuse,blind,single_hedge,ConvAbuse-test-470,0,0,0.0,0.0,somewhat uncertain
ConvAbuse,blind,single_hedge,ConvAbuse-test-471,1,1,0.0,0.0,not uncertain
ConvAbuse,blind,single_hedge,ConvAbuse-test-472,0,0,0.0,0.0,not uncertain
ConvAbuse,blind,single_hedge,ConvAbuse-test-473,1,1,0.0,0.0,not uncertain
ConvAbuse,blind,single_hedge,ConvAbuse-test-474,0,0,0.0,0.0,not uncertain
ConvAbuse,blind,single_hedge,ConvAbuse-test-475,1,1,0.0,0.0,not uncertain
ConvAbuse,blind,single_hedge,ConvAbuse-test-476,0,0,0.0,0.0,not uncertain
ConvAbuse,blind,single_hedge,ConvAbuse-test-477,0,0,0.0,0.0,not uncertain
ConvAbuse,blind,single_hedge,ConvAbuse-test-478,0,0,0.0,0.0,not uncertain
ConvAbuse,blind,single_hedge,ConvAbuse-test-479,0,0,0.0,0.0,not uncertain
ConvAbuse,blind,single_hedge,ConvAbuse-test-480,0,0,0.0,0.0,not uncertain
ConvAbuse,blind,single_hedge,ConvAbuse-test-481,0,0,0.0,0.0,not uncertain
ConvAbuse,blind,single_hedge,ConvAbuse-test-482,1,0,0.0,0.2222222222222222,somewhat uncertain
ConvAbuse,blind,single_hedge,ConvAbuse-test-483,0,0,0.0,0.0,not uncertain
ConvAbuse,blind,single_hedge,ConvAbuse-test-484,1,0,0.0568774047979181,0.0,somewhat uncertain
ConvAbuse,blind,single_hedge,ConvAbuse-test-485,0,0,0.0,0.0,not uncertain
ConvAbuse,blind,single_hedge,ConvAbuse-test-486,0,0,0.0,0.0,not uncertain
ConvAbuse,blind,single_hedge,ConvAbuse-test-487,1,0,0.1160231140163887,0.2222222222222222,not uncertain
ConvAbuse,blind,single_hedge,ConvAbuse-test-488,0,0,0.0,0.0,not uncertain
ConvAbuse,blind,single_hedge,ConvAbuse-test-489,0,0,0.0,0.0,not uncertain
ConvAbuse,blind,single_hedge,ConvAbuse-test-490,1,0,0.0216533088512126,0.0,not uncertain
ConvAbuse,blind,single_hedge,ConvAbuse-test-491,1,1,0.0,0.0,not uncertain
ConvAbuse,blind,single_hedge,ConvAbuse-test-492,1,0,0.0,0.2222222222222222,not uncertain
ConvAbuse,blind,single_hedge,ConvAbuse-test-493,1,1,0.0,0.0,not uncertain
ConvAbuse,blind,single_hedge,ConvAbuse-test-494,0,0,0.0,0.0,not uncertain
ConvAbuse,blind,single_hedge,ConvAbuse-test-495,0,0,0.0,0.0,not uncertain
ConvAbuse,blind,single_hedge,ConvAbuse-test-496,0,0,0.1116863633439463,0.0,somewhat uncertain
ConvAbuse,blind,single_hedge,ConvAbuse-test-497,0,0,0.0,0.0,not uncertain
ConvAbuse,blind,single_hedge,ConvAbuse-test-498,1,1,0.0,0.0,not uncertain
ConvAbuse,blind,single_hedge,ConvAbuse-test-499,0,0,0.0,0.0,not uncertain
ConvAbuse,blind,single_hedge,ConvAbuse-test-500,0,0,0.0209141752479291,0.2222222222222222,somewhat uncertain
ConvAbuse,blind,single_hedge,ConvAbuse-test-501,0,0,0.0,0.0,not uncertain
ConvAbuse,blind,single_hedge,ConvAbuse-test-502,0,0,0.0,0.0,not uncertain
ConvAbuse,blind,single_hedge,ConvAbuse-test-503,0,0,0.0,0.0,highly uncertain
ConvAbuse,blind,single_hedge,ConvAbuse-test-504,0,0,0.0,0.2222222222222222,not uncertain
ConvAbuse,blind,single_hedge,ConvAbuse-test-505,0,0,0.0,0.0,not uncertain
ConvAbuse,blind,single_hedge,ConvAbuse-test-506,0,0,0.0,0.0,not uncertain
ConvAbuse,blind,single_hedge,ConvAbuse-test-507,0,0,0.0,0.0,not uncertain
ConvAbuse,blind,single_hedge,ConvAbuse-test-508,1,0,0.0,0.0,not uncertain
ConvAbuse,blind,single_hedge,ConvAbuse-test-509,0,0,0.0,0.1599999999999999,highly uncertain
ConvAbuse,blind,single_hedge,ConvAbuse-test-510,0,0,0.0,0.0,not uncertain
ConvAbuse,blind,single_hedge,ConvAbuse-test-511,0,0,0.0351689310453464,0.0,not uncertain
ConvAbuse,blind,single_hedge,ConvAbuse-test-512,1,1,0.0,0.0,somewhat uncertain
ConvAbuse,blind,single_hedge,ConvAbuse-test-513,0,0,0.0,0.0,not uncertain
ConvAbuse,blind,single_hedge,ConvAbuse-test-514,0,0,0.0,0.0,not uncertain
ConvAbuse,blind,single_hedge,ConvAbuse-test-515,0,0,0.0,0.0,not uncertain
ConvAbuse,blind,single_hedge,ConvAbuse-test-516,0,0,0.0,0.0,somewhat uncertain
ConvAbuse,blind,single_hedge,ConvAbuse-test-517,1,0,0.066792188469433,0.0,not uncertain
ConvAbuse,blind,single_hedge,ConvAbuse-test-518,0,0,0.0,0.0,not uncertain
ConvAbuse,blind,single_hedge,ConvAbuse-test-519,1,1,0.0380748223951932,0.0,not uncertain
ConvAbuse,blind,single_hedge,ConvAbuse-test-520,1,1,0.0,0.0,not uncertain
ConvAbuse,blind,single_hedge,ConvAbuse-test-521,0,0,0.0,0.0,not uncertain
ConvAbuse,blind,single_hedge,ConvAbuse-test-522,0,0,0.0,0.0,not uncertain
ConvAbuse,blind,single_hedge,ConvAbuse-test-523,0,0,0.0,0.0,not uncertain
ConvAbuse,blind,single_hedge,ConvAbuse-test-524,0,0,0.0,0.0,not uncertain
ConvAbuse,blind,single_hedge,ConvAbuse-test-525,1,0,0.0344246072712439,0.0,somewhat uncertain
ConvAbuse,blind,single_hedge,ConvAbuse-test-526,0,0,0.1904348683565861,0.0,not uncertain
ConvAbuse,blind,single_hedge,ConvAbuse-test-527,0,0,0.0,0.0,not uncertain
ConvAbuse,blind,single_hedge,ConvAbuse-test-528,0,0,0.0,0.0,not uncertain
ConvAbuse,blind,single_hedge,ConvAbuse-test-529,0,0,0.0,0.0,somewhat uncertain
ConvAbuse,blind,single_hedge,ConvAbuse-test-530,1,1,0.0632295625535516,0.2222222222222222,not uncertain
ConvAbuse,blind,single_hedge,ConvAbuse-test-531,0,0,0.0,0.0,not uncertain
ConvAbuse,blind,single_hedge,ConvAbuse-test-532,0,0,0.0,0.0,not uncertain
ConvAbuse,blind,single_hedge,ConvAbuse-test-533,1,1,0.166093158870466,0.25,somewhat uncertain
ConvAbuse,blind,single_hedge,ConvAbuse-test-534,1,1,0.0,0.0,not uncertain
ConvAbuse,blind,single_hedge,ConvAbuse-test-535,1,1,0.0,0.0,not uncertain
ConvAbuse,blind,single_hedge,ConvAbuse-test-536,0,0,0.0,0.0,not uncertain
ConvAbuse,blind,single_hedge,ConvAbuse-test-537,0,0,0.0,0.0,not uncertain
ConvAbuse,blind,single_hedge,ConvAbuse-test-538,1,1,0.0,0.0,not uncertain
ConvAbuse,blind,single_hedge,ConvAbuse-test-539,0,1,0.0,0.25,somewhat uncertain
ConvAbuse,blind,single_hedge,ConvAbuse-test-540,0,0,0.0,0.0,not uncertain
ConvAbuse,blind,single_hedge,ConvAbuse-test-541,0,0,0.0,0.0,not uncertain
ConvAbuse,blind,single_hedge,ConvAbuse-test-542,0,0,0.0,0.0,not uncertain
ConvAbuse,blind,single_hedge,ConvAbuse-test-543,0,0,0.0,0.0,not uncertain
ConvAbuse,blind,single_hedge,ConvAbuse-test-544,0,0,0.0470457861878755,0.2222222222222222,not uncertain
ConvAbuse,blind,single_hedge,ConvAbuse-test-545,1,1,0.0,0.0,somewhat uncertain
ConvAbuse,blind,single_hedge,ConvAbuse-test-546,0,0,0.0,0.0,not uncertain
ConvAbuse,blind,single_hedge,ConvAbuse-test-547,0,1,0.0,0.25,not uncertain
ConvAbuse,blind,single_hedge,ConvAbuse-test-548,1,1,0.0,0.0,not uncertain
ConvAbuse,blind,single_hedge,ConvAbuse-test-549,1,0,0.0749869642213561,0.0,not uncertain
ConvAbuse,blind,single_hedge,ConvAbuse-test-550,0,0,0.0,0.0,not uncertain
ConvAbuse,blind,single_hedge,ConvAbuse-test-551,0,0,0.0,0.1875,not uncertain
ConvAbuse,blind,single_hedge,ConvAbuse-test-552,0,0,0.0,0.0,not uncertain
ConvAbuse,blind,single_hedge,ConvAbuse-test-553,0,0,0.0,0.0,not uncertain
ConvAbuse,blind,single_hedge,ConvAbuse-test-554,0,0,0.0,0.0,not uncertain
ConvAbuse,blind,single_hedge,ConvAbuse-test-555,0,0,0.0,0.0,not uncertain
ConvAbuse,blind,single_hedge,ConvAbuse-test-556,1,1,0.2495868215773704,0.0,somewhat uncertain
ConvAbuse,blind,single_hedge,ConvAbuse-test-557,0,0,0.0297607921835077,0.0,not uncertain
ConvAbuse,blind,single_hedge,ConvAbuse-test-558,0,0,0.0,0.0,not uncertain
ConvAbuse,blind,single_hedge,ConvAbuse-test-559,0,0,0.0,0.0,highly uncertain
ConvAbuse,blind,single_hedge,ConvAbuse-test-560,0,0,0.0,0.0,somewhat uncertain
ConvAbuse,blind,single_hedge,ConvAbuse-test-561,0,1,0.0,0.25,not uncertain
ConvAbuse,blind,single_hedge,ConvAbuse-test-562,0,0,0.0,0.0,not uncertain
ConvAbuse,blind,single_hedge,ConvAbuse-test-563,0,0,0.0,0.0,not uncertain
ConvAbuse,blind,single_hedge,ConvAbuse-test-564,0,0,0.0333612276670414,0.0,not uncertain
ConvAbuse,blind,single_hedge,ConvAbuse-test-565,0,0,0.0,0.0,not uncertain
ConvAbuse,blind,single_hedge,ConvAbuse-test-566,0,0,0.0,0.0,not uncertain
ConvAbuse,blind,single_hedge,ConvAbuse-test-567,0,0,0.0,0.2222222222222222,not uncertain
ConvAbuse,blind,single_hedge,ConvAbuse-test-568,0,0,0.0,0.0,not uncertain
ConvAbuse,blind,single_hedge,ConvAbuse-test-569,1,1,0.0,0.2222222222222222,not uncertain
ConvAbuse,blind,single_hedge,ConvAbuse-test-570,0,0,0.0,0.0,not uncertain
ConvAbuse,blind,single_hedge,ConvAbuse-test-571,1,1,0.0,0.25,not uncertain
ConvAbuse,blind,single_hedge,ConvAbuse-test-572,0,1,0.0512481574331115,0.25,highly uncertain
ConvAbuse,blind,single_hedge,ConvAbuse-test-573,0,0,0.0,0.0,not uncertain
ConvAbuse,blind,single_hedge,ConvAbuse-test-574,0,0,0.0,0.0,somewhat uncertain
ConvAbuse,blind,single_hedge,ConvAbuse-test-575,0,0,0.0,0.0,somewhat uncertain
ConvAbuse,blind,single_hedge,ConvAbuse-test-576,1,0,0.1538510688644014,0.0,somewhat uncertain
ConvAbuse,blind,single_hedge,ConvAbuse-test-577,0,0,0.1504212965272275,0.0,not uncertain
ConvAbuse,blind,single_hedge,ConvAbuse-test-578,1,1,0.0,0.0,not uncertain
ConvAbuse,blind,single_hedge,ConvAbuse-test-579,1,1,0.0,0.2222222222222222,not uncertain
ConvAbuse,blind,single_hedge,ConvAbuse-test-580,0,0,0.0,0.0,not uncertain
ConvAbuse,blind,single_hedge,ConvAbuse-test-581,0,0,0.0,0.0,not uncertain
ConvAbuse,blind,single_hedge,ConvAbuse-test-582,0,0,0.0647541696506114,0.2222222222222222,not uncertain
ConvAbuse,blind,single_hedge,ConvAbuse-test-583,0,0,0.0,0.0,not uncertain
ConvAbuse,blind,single_hedge,ConvAbuse-test-584,1,1,0.0,0.0,not uncertain
ConvAbuse,blind,single_hedge,ConvAbuse-test-585,0,0,0.0,0.0,not uncertain
ConvAbuse,blind,single_hedge,ConvAbuse-test-586,0,0,0.0,0.0,somewhat uncertain
ConvAbuse,blind,single_hedge,ConvAbuse-test-587,0,0,0.0,0.0,not uncertain
ConvAbuse,blind,single_hedge,ConvAbuse-test-588,0,0,0.0,0.0,not uncertain
ConvAbuse,blind,single_hedge,ConvAbuse-test-589,0,0,0.0,0.0,not uncertain
ConvAbuse,blind,single_hedge,ConvAbuse-test-590,0,0,0.0,0.0,somewhat uncertain
ConvAbuse,blind,single_hedge,ConvAbuse-test-591,0,0,0.043951597536886,0.0,not uncertain
ConvAbuse,blind,single_hedge,ConvAbuse-test-592,0,0,0.0,0.0,not uncertain
ConvAbuse,blind,single_hedge,ConvAbuse-test-593,0,0,0.0,0.0,not uncertain
ConvAbuse,blind,single_hedge,ConvAbuse-test-594,0,0,0.0,0.0,somewhat uncertain
ConvAbuse,blind,single_hedge,ConvAbuse-test-595,0,0,0.0,0.0,not uncertain
ConvAbuse,blind,single_hedge,ConvAbuse-test-596,1,0,0.2442353616456592,0.0,not uncertain
ConvAbuse,blind,single_hedge,ConvAbuse-test-597,0,0,0.0519805855260566,0.0,not uncertain
ConvAbuse,blind,single_hedge,ConvAbuse-test-598,0,0,0.0598769672778933,0.0,not uncertain
ConvAbuse,blind,single_hedge,ConvAbuse-test-599,1,1,0.0,0.2222222222222222,not uncertain
ConvAbuse,blind,single_hedge,ConvAbuse-test-600,0,0,0.0,0.0,not uncertain
ConvAbuse,blind,single_hedge,ConvAbuse-test-601,0,0,0.0,0.0,somewhat uncertain
ConvAbuse,blind,single_hedge,ConvAbuse-test-602,1,0,0.0594828390446501,0.2222222222222222,somewhat uncertain
ConvAbuse,blind,single_hedge,ConvAbuse-test-603,1,0,0.1444580041213422,0.0,not uncertain
ConvAbuse,blind,single_hedge,ConvAbuse-test-604,0,1,0.0358668132019825,0.1875,not uncertain
ConvAbuse,blind,single_hedge,ConvAbuse-test-605,0,0,0.0,0.0,not uncertain
ConvAbuse,blind,single_hedge,ConvAbuse-test-606,0,0,0.0,0.0,not uncertain
ConvAbuse,blind,single_hedge,ConvAbuse-test-607,1,1,0.0,0.2222222222222222,not uncertain
ConvAbuse,blind,single_hedge,ConvAbuse-test-608,1,1,0.0,0.24,not uncertain
ConvAbuse,blind,single_hedge,ConvAbuse-test-609,1,1,0.0,0.0,not uncertain
ConvAbuse,blind,single_hedge,ConvAbuse-test-610,0,0,0.0,0.0,not uncertain
ConvAbuse,blind,single_hedge,ConvAbuse-test-611,0,0,0.0,0.0,not uncertain
ConvAbuse,blind,single_hedge,ConvAbuse-test-612,0,0,0.0,0.0,not uncertain
ConvAbuse,blind,single_hedge,ConvAbuse-test-613,1,1,0.0,0.0,somewhat uncertain
ConvAbuse,blind,single_hedge,ConvAbuse-test-614,0,0,0.0,0.0,not uncertain
ConvAbuse,blind,single_hedge,ConvAbuse-test-615,0,0,0.0,0.0,not uncertain
ConvAbuse,blind,single_hedge,ConvAbuse-test-616,1,1,0.0,0.0,not uncertain
ConvAbuse,blind,single_hedge,ConvAbuse-test-617,1,1,0.0,0.0,not uncertain
ConvAbuse,blind,single_hedge,ConvAbuse-test-618,0,0,0.2400421563734976,0.0,not uncertain
ConvAbuse,blind,single_hedge,ConvAbuse-test-619,0,0,0.0,0.0,not uncertain
ConvAbuse,blind,single_hedge,ConvAbuse-test-620,0,0,0.0,0.0,not uncertain
ConvAbuse,blind,single_hedge,ConvAbuse-test-621,0,0,0.0,0.0,highly uncertain
ConvAbuse,blind,single_hedge,ConvAbuse-test-622,1,1,0.0,0.0,not uncertain
ConvAbuse,blind,single_hedge,ConvAbuse-test-623,0,0,0.0,0.0,not uncertain
ConvAbuse,blind,single_hedge,ConvAbuse-test-624,0,0,0.0,0.0,not uncertain
ConvAbuse,blind,single_hedge,ConvAbuse-test-625,0,0,0.0,0.0,not uncertain
ConvAbuse,blind,single_hedge,ConvAbuse-test-626,0,0,0.0,0.0,not uncertain
ConvAbuse,blind,single_hedge,ConvAbuse-test-627,1,0,0.22195538729789,0.2222222222222222,not uncertain
ConvAbuse,blind,single_hedge,ConvAbuse-test-628,0,0,0.0385185795905986,0.0,not uncertain
ConvAbuse,blind,single_hedge,ConvAbuse-test-629,1,1,0.0,0.25,not uncertain
ConvAbuse,blind,single_hedge,ConvAbuse-test-630,0,0,0.0,0.2222222222222222,not uncertain
ConvAbuse,blind,single_hedge,ConvAbuse-test-631,0,0,0.0,0.0,not uncertain
ConvAbuse,blind,single_hedge,ConvAbuse-test-632,1,1,0.0,0.0,not uncertain
ConvAbuse,blind,single_hedge,ConvAbuse-test-633,1,1,0.0,0.2222222222222222,somewhat uncertain
ConvAbuse,blind,single_hedge,ConvAbuse-test-634,0,0,0.0,0.0,not uncertain
ConvAbuse,blind,single_hedge,ConvAbuse-test-635,0,0,0.0,0.0,highly uncertain
ConvAbuse,blind,single_hedge,ConvAbuse-test-636,0,0,0.0275687529170733,0.0,not uncertain
ConvAbuse,blind,single_hedge,ConvAbuse-test-637,0,0,0.0357063163690641,0.0,not uncertain
ConvAbuse,blind,single_hedge,ConvAbuse-test-638,0,0,0.0,0.0,not uncertain
ConvAbuse,blind,single_hedge,ConvAbuse-test-639,1,0,0.2435481560948993,0.0,not uncertain
ConvAbuse,blind,single_hedge,ConvAbuse-test-640,0,1,0.0,0.25,not uncertain
ConvAbuse,blind,single_hedge,ConvAbuse-test-641,0,0,0.0,0.0,somewhat uncertain
ConvAbuse,blind,single_hedge,ConvAbuse-test-642,0,0,0.0,0.0,not uncertain
ConvAbuse,blind,single_hedge,ConvAbuse-test-643,0,1,0.0,0.25,not uncertain
ConvAbuse,blind,single_hedge,ConvAbuse-test-644,1,0,0.0,0.2222222222222222,not uncertain
ConvAbuse,blind,single_hedge,ConvAbuse-test-645,1,1,0.0,0.0,not uncertain
ConvAbuse,blind,single_hedge,ConvAbuse-test-646,1,1,0.0,0.0,not uncertain
ConvAbuse,blind,single_hedge,ConvAbuse-test-647,1,1,0.0,0.0,somewhat uncertain
ConvAbuse,blind,single_hedge,ConvAbuse-test-648,0,0,0.0,0.0,somewhat uncertain
ConvAbuse,blind,single_hedge,ConvAbuse-test-649,1,0,0.0,0.0,somewhat uncertain
ConvAbuse,blind,single_hedge,ConvAbuse-test-650,0,0,0.0,0.0,not uncertain
ConvAbuse,blind,single_hedge,ConvAbuse-test-651,0,0,0.1026956639986583,0.2222222222222222,not uncertain
ConvAbuse,blind,single_hedge,ConvAbuse-test-652,1,0,0.2219993834537512,0.0,not uncertain
ConvAbuse,blind,single_hedge,ConvAbuse-test-653,0,0,0.0,0.0,not uncertain
ConvAbuse,blind,single_hedge,ConvAbuse-test-654,1,1,0.0,0.0,not uncertain
ConvAbuse,blind,single_hedge,ConvAbuse-test-655,0,0,0.0373536427622177,0.0,not uncertain
ConvAbuse,blind,single_hedge,ConvAbuse-test-656,0,0,0.0,0.0,highly uncertain
ConvAbuse,blind,single_hedge,ConvAbuse-test-657,0,0,0.0,0.0,not uncertain
ConvAbuse,blind,single_hedge,ConvAbuse-test-658,1,0,0.0394901377852816,0.0,somewhat uncertain
ConvAbuse,blind,single_hedge,ConvAbuse-test-659,0,0,0.0,0.0,somewhat uncertain
ConvAbuse,blind,single_hedge,ConvAbuse-test-660,0,0,0.0,0.0,not uncertain
ConvAbuse,blind,single_hedge,ConvAbuse-test-661,1,1,0.0580547237738504,0.0,somewhat uncertain
ConvAbuse,blind,single_hedge,ConvAbuse-test-662,0,0,0.0,0.0,not uncertain
ConvAbuse,blind,single_hedge,ConvAbuse-test-663,1,1,0.1053989330556178,0.2222222222222222,not uncertain
ConvAbuse,blind,single_hedge,ConvAbuse-test-664,1,1,0.0,0.2222222222222222,somewhat uncertain
ConvAbuse,blind,single_hedge,ConvAbuse-test-665,0,0,0.0,0.0,not uncertain
ConvAbuse,blind,single_hedge,ConvAbuse-test-666,0,0,0.0,0.0,not uncertain
ConvAbuse,blind,single_hedge,ConvAbuse-test-667,0,0,0.0,0.2222222222222222,not uncertain
ConvAbuse,blind,single_hedge,ConvAbuse-test-668,0,0,0.0,0.0,not uncertain
ConvAbuse,blind,single_hedge,ConvAbuse-test-669,0,0,0.0,0.0,not uncertain
ConvAbuse,blind,single_hedge,ConvAbuse-test-670,0,0,0.0,0.0,not uncertain
ConvAbuse,blind,single_hedge,ConvAbuse-test-671,1,0,0.2205857205818637,0.0,not uncertain
ConvAbuse,blind,single_hedge,ConvAbuse-test-672,0,0,0.2453566195835994,0.0,somewhat uncertain
ConvAbuse,blind,single_hedge,ConvAbuse-test-673,1,1,0.0,0.2222222222222222,somewhat uncertain
ConvAbuse,blind,single_hedge,ConvAbuse-test-674,0,0,0.0,0.0,not uncertain
ConvAbuse,blind,single_hedge,ConvAbuse-test-675,0,0,0.2112914427565185,0.0,somewhat uncertain
ConvAbuse,blind,single_hedge,ConvAbuse-test-676,1,0,0.120872855162066,0.0,somewhat uncertain
ConvAbuse,blind,single_hedge,ConvAbuse-test-677,0,0,0.0217529213696456,0.0,not uncertain
ConvAbuse,blind,single_hedge,ConvAbuse-test-678,1,1,0.0,0.25,not uncertain
ConvAbuse,blind,single_hedge,ConvAbuse-test-679,0,0,0.0,0.1875,not uncertain
ConvAbuse,blind,single_hedge,ConvAbuse-test-680,0,0,0.0,0.0,somewhat uncertain
ConvAbuse,blind,single_hedge,ConvAbuse-test-681,0,0,0.0,0.2222222222222222,somewhat uncertain
ConvAbuse,blind,single_hedge,ConvAbuse-test-682,1,1,0.0,0.0,not uncertain
ConvAbuse,blind,single_hedge,ConvAbuse-test-683,0,0,0.0,0.0,not uncertain
ConvAbuse,blind,single_hedge,ConvAbuse-test-684,0,0,0.0,0.0,not uncertain
ConvAbuse,blind,single_hedge,ConvAbuse-test-685,0,0,0.0,0.0,not uncertain
ConvAbuse,blind,single_hedge,ConvAbuse-test-686,1,1,0.0,0.0,not uncertain
ConvAbuse,blind,single_hedge,ConvAbuse-test-687,0,0,0.0,0.0,somewhat uncertain
ConvAbuse,blind,single_hedge,ConvAbuse-test-688,0,0,0.0,0.0,not uncertain
ConvAbuse,blind,single_hedge,ConvAbuse-test-689,0,0,0.0,0.0,not uncertain
ConvAbuse,blind,single_hedge,ConvAbuse-test-690,0,0,0.0,0.0,not uncertain
ConvAbuse,blind,single_hedge,ConvAbuse-test-691,0,0,0.0,0.1388888888888888,somewhat uncertain
ConvAbuse,blind,single_hedge,ConvAbuse-test-692,0,0,0.0,0.0,somewhat uncertain
ConvAbuse,blind,single_hedge,ConvAbuse-test-693,0,0,0.0,0.0,not uncertain
ConvAbuse,blind,single_hedge,ConvAbuse-test-694,0,0,0.0,0.0,not uncertain
ConvAbuse,blind,single_hedge,ConvAbuse-test-695,1,1,0.1672501618381033,0.2222222222222222,somewhat uncertain
ConvAbuse,blind,single_hedge,ConvAbuse-test-696,0,0,0.2478593405804541,0.0,not uncertain
ConvAbuse,blind,single_hedge,ConvAbuse-test-697,0,0,0.0,0.0,not uncertain
ConvAbuse,blind,single_hedge,ConvAbuse-test-698,0,0,0.0,0.0,not uncertain
ConvAbuse,blind,single_hedge,ConvAbuse-test-699,0,0,0.0,0.0,somewhat uncertain
ConvAbuse,blind,single_hedge,ConvAbuse-test-700,0,0,0.0,0.0,somewhat uncertain
ConvAbuse,blind,single_hedge,ConvAbuse-test-701,1,1,0.0,0.0,not uncertain
ConvAbuse,blind,single_hedge,ConvAbuse-test-702,0,0,0.0401274496471171,0.0,not uncertain
ConvAbuse,blind,single_hedge,ConvAbuse-test-703,0,0,0.0,0.0,not uncertain
ConvAbuse,blind,single_hedge,ConvAbuse-test-704,1,1,0.0,0.0,not uncertain
ConvAbuse,blind,single_hedge,ConvAbuse-test-705,0,0,0.0,0.0,not uncertain
ConvAbuse,blind,single_hedge,ConvAbuse-test-706,0,0,0.0,0.0,somewhat uncertain
ConvAbuse,blind,single_hedge,ConvAbuse-test-707,1,1,0.0,0.0,not uncertain
ConvAbuse,blind,single_hedge,ConvAbuse-test-708,0,0,0.021902876336682,0.0,not uncertain
ConvAbuse,blind,single_hedge,ConvAbuse-test-709,1,0,0.1507248755797055,0.2222222222222222,not uncertain
ConvAbuse,blind,single_hedge,ConvAbuse-test-710,1,1,0.1700750934174598,0.25,somewhat uncertain
ConvAbuse,blind,single_hedge,ConvAbuse-test-711,0,0,0.0,0.0,highly uncertain
ConvAbuse,blind,single_hedge,ConvAbuse-test-712,0,0,0.0,0.0,not uncertain
ConvAbuse,blind,single_hedge,ConvAbuse-test-713,1,1,0.0,0.0,not uncertain
ConvAbuse,blind,single_hedge,ConvAbuse-test-714,1,1,0.0,0.2222222222222222,not uncertain
ConvAbuse,blind,single_hedge,ConvAbuse-test-715,1,0,0.0,0.2222222222222222,not uncertain
ConvAbuse,blind,single_hedge,ConvAbuse-test-716,0,0,0.0,0.0,somewhat uncertain
ConvAbuse,blind,single_hedge,ConvAbuse-test-717,1,1,0.0696345366817104,0.0,not uncertain
ConvAbuse,blind,single_hedge,ConvAbuse-test-718,0,0,0.102843065531563,0.0,not uncertain
ConvAbuse,blind,single_hedge,ConvAbuse-test-719,0,0,0.0,0.0,not uncertain
ConvAbuse,blind,single_hedge,ConvAbuse-test-720,0,0,0.0,0.0,not uncertain
ConvAbuse,blind,single_hedge,ConvAbuse-test-721,1,1,0.0,0.0,not uncertain
ConvAbuse,blind,single_hedge,ConvAbuse-test-722,0,0,0.0,0.0,not uncertain
ConvAbuse,blind,single_hedge,ConvAbuse-test-723,0,0,0.0,0.0,somewhat uncertain
ConvAbuse,blind,single_hedge,ConvAbuse-test-724,0,0,0.038130914094232,0.0,not uncertain
ConvAbuse,blind,single_hedge,ConvAbuse-test-725,0,0,0.2431676294588581,0.0,somewhat uncertain
ConvAbuse,blind,single_hedge,ConvAbuse-test-726,1,1,0.0,0.1875,not uncertain
ConvAbuse,blind,single_hedge,ConvAbuse-test-727,0,0,0.0,0.0,not uncertain
ConvAbuse,blind,single_hedge,ConvAbuse-test-728,0,0,0.0,0.0,not uncertain
ConvAbuse,blind,single_hedge,ConvAbuse-test-729,0,0,0.0,0.0,not uncertain
ConvAbuse,blind,single_hedge,ConvAbuse-test-730,0,0,0.0,0.0,highly uncertain
ConvAbuse,blind,single_hedge,ConvAbuse-test-731,0,0,0.0,0.0,not uncertain
ConvAbuse,blind,single_hedge,ConvAbuse-test-732,1,0,0.0317147876731234,0.0,not uncertain
ConvAbuse,blind,single_hedge,ConvAbuse-test-733,1,1,0.0,0.0,not uncertain
ConvAbuse,blind,single_hedge,ConvAbuse-test-734,0,0,0.0,0.0,not uncertain
ConvAbuse,blind,single_hedge,ConvAbuse-test-735,1,1,0.0,0.0,not uncertain
ConvAbuse,blind,single_hedge,ConvAbuse-test-736,0,0,0.0,0.0,not uncertain
ConvAbuse,blind,single_hedge,ConvAbuse-test-737,0,0,0.0517623040381709,0.0,not uncertain
ConvAbuse,blind,single_hedge,ConvAbuse-test-738,1,1,0.0,0.0,not uncertain
ConvAbuse,blind,single_hedge,ConvAbuse-test-739,0,0,0.0,0.0,not uncertain
ConvAbuse,blind,single_hedge,ConvAbuse-test-740,0,0,0.0,0.0,not uncertain
ConvAbuse,blind,single_hedge,ConvAbuse-test-741,1,1,0.0,0.25,not uncertain
ConvAbuse,blind,single_hedge,ConvAbuse-test-742,1,1,0.0,0.0,not uncertain
ConvAbuse,blind,single_hedge,ConvAbuse-test-743,0,0,0.0,0.0,somewhat uncertain
ConvAbuse,blind,single_hedge,ConvAbuse-test-744,0,0,0.0959279847316903,0.24,not uncertain
ConvAbuse,blind,single_hedge,ConvAbuse-test-745,1,1,0.0,0.0,not uncertain
ConvAbuse,blind,single_hedge,ConvAbuse-test-746,0,0,0.0,0.0,not uncertain
ConvAbuse,blind,single_hedge,ConvAbuse-test-747,0,0,0.0,0.0,somewhat uncertain
ConvAbuse,blind,single_hedge,ConvAbuse-test-748,0,1,0.0,0.25,not uncertain
ConvAbuse,blind,single_hedge,ConvAbuse-test-749,1,0,0.0568510650777585,0.2222222222222222,not uncertain
ConvAbuse,blind,single_hedge,ConvAbuse-test-750,0,0,0.0,0.0,not uncertain
ConvAbuse,blind,single_hedge,ConvAbuse-test-751,0,0,0.2097450498730748,0.1875,not uncertain
ConvAbuse,blind,single_hedge,ConvAbuse-test-752,0,0,0.0,0.0,highly uncertain
ConvAbuse,blind,single_hedge,ConvAbuse-test-753,0,0,0.0,0.0,not uncertain
ConvAbuse,blind,single_hedge,ConvAbuse-test-754,0,0,0.0,0.0,somewhat uncertain
ConvAbuse,blind,single_hedge,ConvAbuse-test-755,1,1,0.0,0.2222222222222222,not uncertain
ConvAbuse,blind,single_hedge,ConvAbuse-test-756,0,0,0.0,0.0,not uncertain
ConvAbuse,blind,single_hedge,ConvAbuse-test-757,0,0,0.0,0.2222222222222222,not uncertain
ConvAbuse,blind,single_hedge,ConvAbuse-test-758,0,0,0.0,0.0,not uncertain
ConvAbuse,blind,single_hedge,ConvAbuse-test-759,1,1,0.0,0.0,somewhat uncertain
ConvAbuse,blind,single_hedge,ConvAbuse-test-760,0,0,0.0,0.0,not uncertain
ConvAbuse,blind,single_hedge,ConvAbuse-test-761,0,0,0.0,0.0,not uncertain
ConvAbuse,blind,single_hedge,ConvAbuse-test-762,1,0,0.0860517719092414,0.0,somewhat uncertain
ConvAbuse,blind,single_hedge,ConvAbuse-test-763,0,0,0.0,0.0,not uncertain
ConvAbuse,blind,single_hedge,ConvAbuse-test-764,1,1,0.0,0.0,not uncertain
ConvAbuse,blind,single_hedge,ConvAbuse-test-765,1,1,0.0,0.2222222222222222,not uncertain
ConvAbuse,blind,single_hedge,ConvAbuse-test-766,0,0,0.0,0.0,not uncertain
ConvAbuse,blind,single_hedge,ConvAbuse-test-767,0,0,0.0,0.0,not uncertain
ConvAbuse,blind,single_hedge,ConvAbuse-test-768,0,0,0.0,0.0,not uncertain
ConvAbuse,blind,single_hedge,ConvAbuse-test-769,0,0,0.0230622284058988,0.0,not uncertain
ConvAbuse,blind,single_hedge,ConvAbuse-test-770,0,0,0.0,0.2222222222222222,somewhat uncertain
ConvAbuse,blind,single_hedge,ConvAbuse-test-771,0,0,0.0,0.0,not uncertain
ConvAbuse,blind,single_hedge,ConvAbuse-test-772,1,1,0.0,0.2222222222222222,somewhat uncertain
ConvAbuse,blind,single_hedge,ConvAbuse-test-773,0,0,0.0,0.0,not uncertain
ConvAbuse,blind,single_hedge,ConvAbuse-test-774,0,0,0.0,0.0,not uncertain
ConvAbuse,blind,single_hedge,ConvAbuse-test-775,1,1,0.0,0.2222222222222222,not uncertain
ConvAbuse,blind,single_hedge,ConvAbuse-test-776,0,0,0.0,0.0,somewhat uncertain
ConvAbuse,blind,single_hedge,ConvAbuse-test-777,0,0,0.0,0.0,highly uncertain
ConvAbuse,blind,single_hedge,ConvAbuse-test-778,0,0,0.1110217976280795,0.0,not uncertain
ConvAbuse,blind,single_hedge,ConvAbuse-test-779,1,1,0.0,0.25,not uncertain
ConvAbuse,blind,single_hedge,ConvAbuse-test-780,1,1,0.0,0.0,not uncertain
ConvAbuse,blind,single_hedge,ConvAbuse-test-781,0,0,0.0,0.0,not uncertain
ConvAbuse,blind,single_hedge,ConvAbuse-test-782,0,0,0.0,0.0,not uncertain
ConvAbuse,blind,single_hedge,ConvAbuse-test-783,0,0,0.0,0.0,highly uncertain
ConvAbuse,blind,single_hedge,ConvAbuse-test-784,0,0,0.0,0.0,not uncertain
ConvAbuse,blind,single_hedge,ConvAbuse-test-785,1,1,0.0,0.0,not uncertain
ConvAbuse,blind,single_hedge,ConvAbuse-test-786,0,0,0.0,0.0,not uncertain
ConvAbuse,blind,single_hedge,ConvAbuse-test-787,0,0,0.1775546320894857,0.2222222222222222,not uncertain
ConvAbuse,blind,single_hedge,ConvAbuse-test-788,1,1,0.0,0.0,not uncertain
ConvAbuse,blind,single_hedge,ConvAbuse-test-789,0,0,0.1176266941475735,0.0,somewhat uncertain
ConvAbuse,blind,single_hedge,ConvAbuse-test-790,1,0,0.2040773234319343,0.2222222222222222,somewhat uncertain
ConvAbuse,blind,single_hedge,ConvAbuse-test-791,0,0,0.0,0.0,not uncertain
ConvAbuse,blind,single_hedge,ConvAbuse-test-792,0,0,0.0,0.0,somewhat uncertain
ConvAbuse,blind,single_hedge,ConvAbuse-test-793,0,0,0.0,0.0,not uncertain
ConvAbuse,blind,single_hedge,ConvAbuse-test-794,0,0,0.0,0.0,not uncertain
ConvAbuse,blind,single_hedge,ConvAbuse-test-795,0,0,0.0550591062689693,0.0,somewhat uncertain
ConvAbuse,blind,single_hedge,ConvAbuse-test-796,0,0,0.0,0.0,not uncertain
ConvAbuse,blind,single_hedge,ConvAbuse-test-797,0,0,0.0,0.0,not uncertain
ConvAbuse,blind,single_hedge,ConvAbuse-test-798,0,0,0.0,0.0,not uncertain
ConvAbuse,blind,single_hedge,ConvAbuse-test-799,1,1,0.0,0.0,not uncertain
ConvAbuse,blind,single_hedge,ConvAbuse-test-800,0,0,0.0,0.0,not uncertain
ConvAbuse,blind,single_hedge,ConvAbuse-test-801,0,0,0.0,0.0,not uncertain
ConvAbuse,blind,single_hedge,ConvAbuse-test-802,0,0,0.0,0.0,not uncertain
ConvAbuse,blind,single_hedge,ConvAbuse-test-803,0,0,0.0,0.0,not uncertain
ConvAbuse,blind,single_hedge,ConvAbuse-test-804,1,1,0.0,0.0,not uncertain
ConvAbuse,blind,single_hedge,ConvAbuse-test-805,0,0,0.0,0.0,not uncertain
ConvAbuse,blind,single_hedge,ConvAbuse-test-806,1,1,0.0,0.2222222222222222,somewhat uncertain
ConvAbuse,blind,single_hedge,ConvAbuse-test-807,1,0,0.0,0.0,somewhat uncertain
ConvAbuse,blind,single_hedge,ConvAbuse-test-808,0,0,0.0,0.0,not uncertain
ConvAbuse,blind,single_hedge,ConvAbuse-test-809,0,0,0.0,0.0,not uncertain
ConvAbuse,blind,single_hedge,ConvAbuse-test-810,1,0,0.2383191625453634,0.2222222222222222,not uncertain
ConvAbuse,blind,single_hedge,ConvAbuse-test-811,0,0,0.0,0.0,not uncertain
ConvAbuse,blind,single_hedge,ConvAbuse-test-812,0,0,0.0,0.0,somewhat uncertain
ConvAbuse,blind,single_hedge,ConvAbuse-test-813,0,0,0.0,0.0,not uncertain
ConvAbuse,blind,single_hedge,ConvAbuse-test-814,0,0,0.0,0.0,not uncertain
ConvAbuse,blind,single_hedge,ConvAbuse-test-815,1,1,0.0,0.0,not uncertain
ConvAbuse,blind,single_hedge,ConvAbuse-test-816,0,0,0.0,0.0,not uncertain
ConvAbuse,blind,single_hedge,ConvAbuse-test-817,1,1,0.0,0.0,not uncertain
ConvAbuse,blind,single_hedge,ConvAbuse-test-818,0,0,0.0,0.0,not uncertain
ConvAbuse,blind,single_hedge,ConvAbuse-test-819,0,0,0.0,0.0,not uncertain
ConvAbuse,blind,single_hedge,ConvAbuse-test-820,1,1,0.0,0.0,not uncertain
ConvAbuse,blind,single_hedge,ConvAbuse-test-821,0,0,0.0,0.0,not uncertain
ConvAbuse,blind,single_hedge,ConvAbuse-test-822,0,0,0.2341314080058561,0.0,not uncertain
ConvAbuse,blind,single_hedge,ConvAbuse-test-823,0,0,0.0,0.0,not uncertain
ConvAbuse,blind,single_hedge,ConvAbuse-test-824,0,0,0.0,0.0,somewhat uncertain
ConvAbuse,blind,single_hedge,ConvAbuse-test-825,0,0,0.0,0.0,not uncertain
ConvAbuse,blind,single_hedge,ConvAbuse-test-826,0,0,0.0,0.0,not uncertain
ConvAbuse,blind,single_hedge,ConvAbuse-test-827,1,1,0.0,0.25,not uncertain
ConvAbuse,blind,single_hedge,ConvAbuse-test-828,0,0,0.0,0.0,not uncertain
ConvAbuse,blind,single_hedge,ConvAbuse-test-829,0,0,0.0,0.2222222222222222,highly uncertain
ConvAbuse,blind,single_hedge,ConvAbuse-test-830,0,0,0.0,0.0,not uncertain
ConvAbuse,blind,single_hedge,ConvAbuse-test-831,0,0,0.0,0.0,not uncertain
ConvAbuse,blind,single_hedge,ConvAbuse-test-832,0,0,0.0,0.0,not uncertain
ConvAbuse,blind,single_hedge,ConvAbuse-test-833,0,0,0.0,0.0,not uncertain
ConvAbuse,blind,single_hedge,ConvAbuse-test-834,0,0,0.0,0.0,not uncertain
ConvAbuse,blind,single_hedge,ConvAbuse-test-835,0,0,0.0,0.0,not uncertain
ConvAbuse,blind,single_hedge,ConvAbuse-test-836,1,0,0.09067895958201,0.0,not uncertain
ConvAbuse,blind,single_hedge,ConvAbuse-test-837,0,0,0.0912186054760014,0.24,not uncertain
ConvAbuse,blind,single_hedge,ConvAbuse-test-838,1,1,0.0948779763317176,0.25,not uncertain
ConvAbuse,blind,single_hedge,ConvAbuse-test-839,0,1,0.0,0.25,not uncertain
ConvAbuse,blind,single_hedge,ConvAbuse-test-840,0,0,0.0,0.0,not uncertain
ConvAbuse,blind,topk_wrong,ConvAbuse-test-1,0,0,0.0,0.0,not uncertain
ConvAbuse,blind,topk_wrong,ConvAbuse-test-2,1,0,0.1784951339253118,0.1599999999999999,not uncertain
ConvAbuse,blind,topk_wrong,ConvAbuse-test-3,0,0,0.0,0.0,not uncertain
ConvAbuse,blind,topk_wrong,ConvAbuse-test-4,0,1,0.1038409233418687,0.0,highly uncertain
ConvAbuse,blind,topk_wrong,ConvAbuse-test-5,0,0,0.0,0.0,highly uncertain
ConvAbuse,blind,topk_wrong,ConvAbuse-test-6,0,0,0.0,0.0,not uncertain
ConvAbuse,blind,topk_wrong,ConvAbuse-test-7,0,0,0.0,0.0,not uncertain
ConvAbuse,blind,topk_wrong,ConvAbuse-test-8,0,0,0.0,0.0,not uncertain
ConvAbuse,blind,topk_wrong,ConvAbuse-test-9,0,0,0.0,0.0,not uncertain
ConvAbuse,blind,topk_wrong,ConvAbuse-test-10,0,0,0.0,0.1599999999999999,not uncertain
ConvAbuse,blind,topk_wrong,ConvAbuse-test-11,0,0,0.0,0.0,not uncertain
ConvAbuse,blind,topk_wrong,ConvAbuse-test-12,0,0,0.0,0.0,not uncertain
ConvAbuse,blind,topk_wrong,ConvAbuse-test-13,0,0,0.0,0.0,not uncertain
ConvAbuse,blind,topk_wrong,ConvAbuse-test-14,0,0,0.0,0.0,not uncertain
ConvAbuse,blind,topk_wrong,ConvAbuse-test-15,0,0,0.0336322043637221,0.2222222222222222,not uncertain
ConvAbuse,blind,topk_wrong,ConvAbuse-test-16,0,0,0.0,0.0,not uncertain
ConvAbuse,blind,topk_wrong,ConvAbuse-test-17,0,0,0.0,0.0,highly uncertain
ConvAbuse,blind,topk_wrong,ConvAbuse-test-18,0,0,0.0,0.1599999999999999,not uncertain
ConvAbuse,blind,topk_wrong,ConvAbuse-test-19,0,0,0.0,0.0,not uncertain
ConvAbuse,blind,topk_wrong,ConvAbuse-test-20,0,0,0.0,0.0,not uncertain
ConvAbuse,blind,topk_wrong,ConvAbuse-test-21,0,0,0.0,0.0,not uncertain
ConvAbuse,blind,topk_wrong,ConvAbuse-test-22,1,1,0.0,0.0,not uncertain
ConvAbuse,blind,topk_wrong,ConvAbuse-test-23,0,0,0.0,0.0,not uncertain
ConvAbuse,blind,topk_wrong,ConvAbuse-test-24,0,0,0.0,0.0,not uncertain
ConvAbuse,blind,topk_wrong,ConvAbuse-test-25,0,0,0.0,0.0,not uncertain
ConvAbuse,blind,topk_wrong,ConvAbuse-test-26,0,0,0.0,0.0,not uncertain
ConvAbuse,blind,topk_wrong,ConvAbuse-test-27,0,0,0.0,0.0,not uncertain
ConvAbuse,blind,topk_wrong,ConvAbuse-test-28,0,0,0.0,0.0,not uncertain
ConvAbuse,blind,topk_wrong,ConvAbuse-test-29,0,0,0.0,0.0,not uncertain
ConvAbuse,blind,topk_wrong,ConvAbuse-test-30,0,0,0.0,0.0,not uncertain
ConvAbuse,blind,topk_wrong,ConvAbuse-test-31,0,0,0.0,0.0,not uncertain
ConvAbuse,blind,topk_wrong,ConvAbuse-test-32,0,0,0.0,0.0,not uncertain
ConvAbuse,blind,topk_wrong,ConvAbuse-test-33,0,0,0.0,0.0,highly uncertain
ConvAbuse,blind,topk_wrong,ConvAbuse-test-34,0,0,0.0,0.0,not uncertain
ConvAbuse,blind,topk_wrong,ConvAbuse-test-35,0,0,0.0,0.1875,not uncertain
ConvAbuse,blind,topk_wrong,ConvAbuse-test-36,1,0,0.1123269528388451,0.0,somewhat uncertain
ConvAbuse,blind,topk_wrong,ConvAbuse-test-37,0,0,0.0,0.0,not uncertain
ConvAbuse,blind,topk_wrong,ConvAbuse-test-38,0,0,0.0,0.2222222222222222,not uncertain
ConvAbuse,blind,topk_wrong,ConvAbuse-test-39,1,0,0.1390307597572984,0.2222222222222222,somewhat uncertain
ConvAbuse,blind,topk_wrong,ConvAbuse-test-40,0,0,0.0,0.0,not uncertain
ConvAbuse,blind,topk_wrong,ConvAbuse-test-41,0,0,0.0,0.0,not uncertain
ConvAbuse,blind,topk_wrong,ConvAbuse-test-42,0,0,0.0,0.0,not uncertain
ConvAbuse,blind,topk_wrong,ConvAbuse-test-43,0,0,0.0,0.0,highly uncertain
ConvAbuse,blind,topk_wrong,ConvAbuse-test-44,0,0,0.0,0.0,not uncertain
ConvAbuse,blind,topk_wrong,ConvAbuse-test-45,0,0,0.0,0.0,not uncertain
ConvAbuse,blind,topk_wrong,ConvAbuse-test-46,0,0,0.0,0.0,not uncertain
ConvAbuse,blind,topk_wrong,ConvAbuse-test-47,0,0,0.0,0.0,not uncertain
ConvAbuse,blind,topk_wrong,ConvAbuse-test-48,0,1,0.0,0.2222222222222222,not uncertain
ConvAbuse,blind,topk_wrong,ConvAbuse-test-49,0,0,0.0,0.0,not uncertain
ConvAbuse,blind,topk_wrong,ConvAbuse-test-50,1,0,0.1732264184895312,0.0,somewhat uncertain
ConvAbuse,blind,topk_wrong,ConvAbuse-test-51,0,0,0.0,0.0,not uncertain
ConvAbuse,blind,topk_wrong,ConvAbuse-test-52,0,0,0.0,0.0,highly uncertain
ConvAbuse,blind,topk_wrong,ConvAbuse-test-53,0,0,0.0,0.0,not uncertain
ConvAbuse,blind,topk_wrong,ConvAbuse-test-54,0,1,0.1899498349180335,0.25,highly uncertain
ConvAbuse,blind,topk_wrong,ConvAbuse-test-55,0,0,0.0,0.0,not uncertain
ConvAbuse,blind,topk_wrong,ConvAbuse-test-56,0,0,0.1508466525967849,0.0,somewhat uncertain
ConvAbuse,blind,topk_wrong,ConvAbuse-test-57,0,0,0.0,0.0,not uncertain
ConvAbuse,blind,topk_wrong,ConvAbuse-test-58,0,0,0.0,0.0,not uncertain
ConvAbuse,blind,topk_wrong,ConvAbuse-test-59,0,1,0.0,0.25,not uncertain
ConvAbuse,blind,topk_wrong,ConvAbuse-test-60,0,0,0.0,0.0,not uncertain
ConvAbuse,blind,topk_wrong,ConvAbuse-test-61,0,0,0.2431111196382209,0.0,not uncertain
ConvAbuse,blind,topk_wrong,ConvAbuse-test-62,0,0,0.0,0.2222222222222222,not uncertain
ConvAbuse,blind,topk_wrong,ConvAbuse-test-63,0,0,0.0,0.0,not uncertain
ConvAbuse,blind,topk_wrong,ConvAbuse-test-64,0,0,0.0,0.0,not uncertain
ConvAbuse,blind,topk_wrong,ConvAbuse-test-65,0,0,0.0,0.0,not uncertain
ConvAbuse,blind,topk_wrong,ConvAbuse-test-66,0,0,0.0,0.0,not uncertain
ConvAbuse,blind,topk_wrong,ConvAbuse-test-67,0,0,0.0,0.0,not uncertain
ConvAbuse,blind,topk_wrong,ConvAbuse-test-68,1,1,0.0,0.0,not uncertain
ConvAbuse,blind,topk_wrong,ConvAbuse-test-69,0,0,0.0,0.0,not uncertain
ConvAbuse,blind,topk_wrong,ConvAbuse-test-70,0,0,0.0,0.2222222222222222,highly uncertain
ConvAbuse,blind,topk_wrong,ConvAbuse-test-71,0,0,0.0,0.0,not uncertain
ConvAbuse,blind,topk_wrong,ConvAbuse-test-72,0,0,0.0,0.0,not uncertain
ConvAbuse,blind,topk_wrong,ConvAbuse-test-73,1,1,0.0292166004162299,0.25,not uncertain
ConvAbuse,blind,topk_wrong,ConvAbuse-test-74,0,0,0.0,0.0,not uncertain
ConvAbuse,blind,topk_wrong,ConvAbuse-test-75,0,0,0.0,0.0,not uncertain
ConvAbuse,blind,topk_wrong,ConvAbuse-test-76,1,0,0.2319651737388495,0.0,not uncertain
ConvAbuse,blind,topk_wrong,ConvAbuse-test-77,1,1,0.0,0.1875,not uncertain
ConvAbuse,blind,topk_wrong,ConvAbuse-test-78,0,0,0.0,0.0,not uncertain
ConvAbuse,blind,topk_wrong,ConvAbuse-test-79,1,1,0.0,0.24,highly uncertain
ConvAbuse,blind,topk_wrong,ConvAbuse-test-80,0,1,0.2192579439821154,0.2222222222222222,not uncertain
ConvAbuse,blind,topk_wrong,ConvAbuse-test-81,0,0,0.0,0.0,not uncertain
ConvAbuse,blind,topk_wrong,ConvAbuse-test-82,0,0,0.0,0.0,not uncertain
ConvAbuse,blind,topk_wrong,ConvAbuse-test-83,1,1,0.0,0.0,not uncertain
ConvAbuse,blind,topk_wrong,ConvAbuse-test-84,1,1,0.0,0.0,not uncertain
ConvAbuse,blind,topk_wrong,ConvAbuse-test-85,0,0,0.0,0.0,highly uncertain
ConvAbuse,blind,topk_wrong,ConvAbuse-test-86,0,0,0.0,0.0,not uncertain
ConvAbuse,blind,topk_wrong,ConvAbuse-test-87,1,0,0.0,0.0,not uncertain
ConvAbuse,blind,topk_wrong,ConvAbuse-test-88,0,0,0.0,0.0,highly uncertain
ConvAbuse,blind,topk_wrong,ConvAbuse-test-89,0,0,0.0635422642946763,0.0,somewhat uncertain
ConvAbuse,blind,topk_wrong,ConvAbuse-test-90,0,0,0.0,0.0,not uncertain
ConvAbuse,blind,topk_wrong,ConvAbuse-test-91,0,0,0.0,0.0,not uncertain
ConvAbuse,blind,topk_wrong,ConvAbuse-test-92,0,0,0.0,0.0,not uncertain
ConvAbuse,blind,topk_wrong,ConvAbuse-test-93,0,0,0.0,0.0,not uncertain
ConvAbuse,blind,topk_wrong,ConvAbuse-test-94,1,0,0.0927579296800742,0.2222222222222222,highly uncertain
ConvAbuse,blind,topk_wrong,ConvAbuse-test-95,1,1,0.0,0.0,somewhat uncertain
ConvAbuse,blind,topk_wrong,ConvAbuse-test-96,0,0,0.0,0.0,not uncertain
ConvAbuse,blind,topk_wrong,ConvAbuse-test-97,0,0,0.0,0.0,not uncertain
ConvAbuse,blind,topk_wrong,ConvAbuse-test-98,0,0,0.0,0.2222222222222222,not uncertain
ConvAbuse,blind,topk_wrong,ConvAbuse-test-99,0,0,0.0,0.0,not uncertain
ConvAbuse,blind,topk_wrong,ConvAbuse-test-100,0,0,0.0231097139386094,0.0,somewhat uncertain
ConvAbuse,blind,topk_wrong,ConvAbuse-test-101,1,1,0.0,0.0,not uncertain
ConvAbuse,blind,topk_wrong,ConvAbuse-test-102,0,0,0.0,0.0,not uncertain
ConvAbuse,blind,topk_wrong,ConvAbuse-test-103,0,1,0.1661867844358606,0.25,not uncertain
ConvAbuse,blind,topk_wrong,ConvAbuse-test-104,0,1,0.2443720624375719,0.0,somewhat uncertain
ConvAbuse,blind,topk_wrong,ConvAbuse-test-105,0,0,0.0,0.0,not uncertain
ConvAbuse,blind,topk_wrong,ConvAbuse-test-106,1,1,0.0,0.0,not uncertain
ConvAbuse,blind,topk_wrong,ConvAbuse-test-107,0,0,0.0,0.0,not uncertain
ConvAbuse,blind,topk_wrong,ConvAbuse-test-108,0,0,0.0,0.0,not uncertain
ConvAbuse,blind,topk_wrong,ConvAbuse-test-109,0,0,0.0,0.0,not uncertain
ConvAbuse,blind,topk_wrong,ConvAbuse-test-110,0,0,0.0501155850447664,0.2222222222222222,not uncertain
ConvAbuse,blind,topk_wrong,ConvAbuse-test-111,1,0,0.026016640003907,0.2222222222222222,not uncertain
ConvAbuse,blind,topk_wrong,ConvAbuse-test-112,1,1,0.0,0.0,somewhat uncertain
ConvAbuse,blind,topk_wrong,ConvAbuse-test-113,1,1,0.0,0.0,somewhat uncertain
ConvAbuse,blind,topk_wrong,ConvAbuse-test-114,0,0,0.0,0.0,not uncertain
ConvAbuse,blind,topk_wrong,ConvAbuse-test-115,1,1,0.0,0.0,somewhat uncertain
ConvAbuse,blind,topk_wrong,ConvAbuse-test-116,0,0,0.0,0.0,not uncertain
ConvAbuse,blind,topk_wrong,ConvAbuse-test-117,0,0,0.0,0.0,not uncertain
ConvAbuse,blind,topk_wrong,ConvAbuse-test-118,0,0,0.0,0.0,not uncertain
ConvAbuse,blind,topk_wrong,ConvAbuse-test-119,0,0,0.0,0.0,highly uncertain
ConvAbuse,blind,topk_wrong,ConvAbuse-test-120,0,0,0.0270285772522865,0.2222222222222222,not uncertain
ConvAbuse,blind,topk_wrong,ConvAbuse-test-121,0,0,0.0,0.0,highly uncertain
ConvAbuse,blind,topk_wrong,ConvAbuse-test-122,1,0,0.1008188047833402,0.0,not uncertain
ConvAbuse,blind,topk_wrong,ConvAbuse-test-123,0,0,0.0983084326621214,0.2222222222222222,highly uncertain
ConvAbuse,blind,topk_wrong,ConvAbuse-test-124,1,1,0.0,0.0,not uncertain
ConvAbuse,blind,topk_wrong,ConvAbuse-test-125,1,1,0.0336440332502545,0.2222222222222222,not uncertain
ConvAbuse,blind,topk_wrong,ConvAbuse-test-126,1,1,0.0,0.0,not uncertain
ConvAbuse,blind,topk_wrong,ConvAbuse-test-127,0,0,0.0,0.0,not uncertain
ConvAbuse,blind,topk_wrong,ConvAbuse-test-128,0,0,0.0,0.0,not uncertain
ConvAbuse,blind,topk_wrong,ConvAbuse-test-129,0,0,0.0,0.0,not uncertain
ConvAbuse,blind,topk_wrong,ConvAbuse-test-130,0,1,0.0,0.25,not uncertain
ConvAbuse,blind,topk_wrong,ConvAbuse-test-131,0,0,0.0547381005555893,0.0,not uncertain
ConvAbuse,blind,topk_wrong,ConvAbuse-test-132,0,0,0.0,0.0,not uncertain
ConvAbuse,blind,topk_wrong,ConvAbuse-test-133,0,0,0.0,0.0,not uncertain
ConvAbuse,blind,topk_wrong,ConvAbuse-test-134,1,1,0.0,0.0,somewhat uncertain
ConvAbuse,blind,topk_wrong,ConvAbuse-test-135,0,0,0.0613455395112036,0.0,somewhat uncertain
ConvAbuse,blind,topk_wrong,ConvAbuse-test-136,0,0,0.0565963532453835,0.2222222222222222,highly uncertain
ConvAbuse,blind,topk_wrong,ConvAbuse-test-137,1,1,0.0,0.0,not uncertain
ConvAbuse,blind,topk_wrong,ConvAbuse-test-138,0,0,0.0,0.0,not uncertain
ConvAbuse,blind,topk_wrong,ConvAbuse-test-139,1,0,0.0,0.2222222222222222,somewhat uncertain
ConvAbuse,blind,topk_wrong,ConvAbuse-test-140,0,0,0.0906024674148875,0.1875,not uncertain
ConvAbuse,blind,topk_wrong,ConvAbuse-test-141,1,0,0.225848271684105,0.0,not uncertain
ConvAbuse,blind,topk_wrong,ConvAbuse-test-142,1,0,0.0,0.2222222222222222,somewhat uncertain
ConvAbuse,blind,topk_wrong,ConvAbuse-test-143,0,0,0.0,0.0,not uncertain
ConvAbuse,blind,topk_wrong,ConvAbuse-test-144,0,0,0.0,0.0,not uncertain
ConvAbuse,blind,topk_wrong,ConvAbuse-test-145,0,0,0.0,0.0,not uncertain
ConvAbuse,blind,topk_wrong,ConvAbuse-test-146,0,0,0.0,0.0,not uncertain
ConvAbuse,blind,topk_wrong,ConvAbuse-test-147,1,1,0.0,0.0,not uncertain
ConvAbuse,blind,topk_wrong,ConvAbuse-test-148,1,0,0.0,0.2222222222222222,not uncertain
ConvAbuse,blind,topk_wrong,ConvAbuse-test-149,0,0,0.0,0.0,not uncertain
ConvAbuse,blind,topk_wrong,ConvAbuse-test-150,0,0,0.0,0.0,not uncertain
ConvAbuse,blind,topk_wrong,ConvAbuse-test-151,0,0,0.0,0.0,not uncertain
ConvAbuse,blind,topk_wrong,ConvAbuse-test-152,1,0,0.0279989107429704,0.0,not uncertain
ConvAbuse,blind,topk_wrong,ConvAbuse-test-153,0,0,0.0,0.0,highly uncertain
ConvAbuse,blind,topk_wrong,ConvAbuse-test-154,0,0,0.0,0.0,not uncertain
ConvAbuse,blind,topk_wrong,ConvAbuse-test-155,1,0,0.2498811295739664,0.1875,highly uncertain
ConvAbuse,blind,topk_wrong,ConvAbuse-test-156,1,1,0.0,0.0,not uncertain
ConvAbuse,blind,topk_wrong,ConvAbuse-test-157,1,0,0.164791252481819,0.0,not uncertain
ConvAbuse,blind,topk_wrong,ConvAbuse-test-158,1,1,0.0,0.2222222222222222,not uncertain
ConvAbuse,blind,topk_wrong,ConvAbuse-test-159,1,1,0.0,0.2222222222222222,not uncertain
ConvAbuse,blind,topk_wrong,ConvAbuse-test-160,1,0,0.0352020358739804,0.0,somewhat uncertain
ConvAbuse,blind,topk_wrong,ConvAbuse-test-161,0,0,0.0,0.0,not uncertain
ConvAbuse,blind,topk_wrong,ConvAbuse-test-162,0,0,0.0,0.0,not uncertain
ConvAbuse,blind,topk_wrong,ConvAbuse-test-163,0,0,0.0,0.0,not uncertain
ConvAbuse,blind,topk_wrong,ConvAbuse-test-164,0,0,0.0,0.0,not uncertain
ConvAbuse,blind,topk_wrong,ConvAbuse-test-165,0,1,0.2311661907475396,0.1875,somewhat uncertain
ConvAbuse,blind,topk_wrong,ConvAbuse-test-166,0,0,0.0,0.0,not uncertain
ConvAbuse,blind,topk_wrong,ConvAbuse-test-167,0,0,0.0,0.0,not uncertain
ConvAbuse,blind,topk_wrong,ConvAbuse-test-168,0,0,0.0,0.0,not uncertain
ConvAbuse,blind,topk_wrong,ConvAbuse-test-169,0,0,0.0,0.2222222222222222,not uncertain
ConvAbuse,blind,topk_wrong,ConvAbuse-test-170,0,0,0.0,0.0,not uncertain
ConvAbuse,blind,topk_wrong,ConvAbuse-test-171,0,0,0.0,0.0,not uncertain
ConvAbuse,blind,topk_wrong,ConvAbuse-test-172,1,1,0.0,0.0,not uncertain
ConvAbuse,blind,topk_wrong,ConvAbuse-test-173,0,0,0.0,0.0,not uncertain
ConvAbuse,blind,topk_wrong,ConvAbuse-test-174,0,0,0.0,0.0,not uncertain
ConvAbuse,blind,topk_wrong,ConvAbuse-test-175,0,0,0.1575190047024531,0.0,not uncertain
ConvAbuse,blind,topk_wrong,ConvAbuse-test-176,0,0,0.0,0.0,not uncertain
ConvAbuse,blind,topk_wrong,ConvAbuse-test-177,0,0,0.0,0.0,not uncertain
ConvAbuse,blind,topk_wrong,ConvAbuse-test-178,0,0,0.0,0.0,not uncertain
ConvAbuse,blind,topk_wrong,ConvAbuse-test-179,0,0,0.0,0.0,somewhat uncertain
ConvAbuse,blind,topk_wrong,ConvAbuse-test-180,1,1,0.0,0.0,somewhat uncertain
ConvAbuse,blind,topk_wrong,ConvAbuse-test-181,0,0,0.0,0.0,highly uncertain
ConvAbuse,blind,topk_wrong,ConvAbuse-test-182,0,0,0.0,0.0,not uncertain
ConvAbuse,blind,topk_wrong,ConvAbuse-test-183,1,1,0.0,0.2222222222222222,not uncertain
ConvAbuse,blind,topk_wrong,ConvAbuse-test-184,1,0,0.0338906807927992,0.1599999999999999,not uncertain
ConvAbuse,blind,topk_wrong,ConvAbuse-test-185,0,0,0.0,0.0,not uncertain
ConvAbuse,blind,topk_wrong,ConvAbuse-test-186,0,0,0.0,0.0,not uncertain
ConvAbuse,blind,topk_wrong,ConvAbuse-test-187,0,0,0.0,0.0,not uncertain
ConvAbuse,blind,topk_wrong,ConvAbuse-test-188,0,0,0.0,0.0,not uncertain
ConvAbuse,blind,topk_wrong,ConvAbuse-test-189,0,0,0.0,0.0,not uncertain
ConvAbuse,blind,topk_wrong,ConvAbuse-test-190,0,0,0.0,0.0,not uncertain
ConvAbuse,blind,topk_wrong,ConvAbuse-test-191,1,1,0.0,0.0,not uncertain
ConvAbuse,blind,topk_wrong,ConvAbuse-test-192,0,0,0.0,0.0,not uncertain
ConvAbuse,blind,topk_wrong,ConvAbuse-test-193,0,0,0.0,0.0,not uncertain
ConvAbuse,blind,topk_wrong,ConvAbuse-test-194,0,0,0.0,0.0,highly uncertain
ConvAbuse,blind,topk_wrong,ConvAbuse-test-195,0,0,0.0199226753290297,0.0,not uncertain
ConvAbuse,blind,topk_wrong,ConvAbuse-test-196,1,1,0.0,0.0,not uncertain
ConvAbuse,blind,topk_wrong,ConvAbuse-test-197,0,0,0.0,0.0,highly uncertain
ConvAbuse,blind,topk_wrong,ConvAbuse-test-198,0,1,0.0,0.2222222222222222,not uncertain
ConvAbuse,blind,topk_wrong,ConvAbuse-test-199,0,0,0.0,0.0,not uncertain
ConvAbuse,blind,topk_wrong,ConvAbuse-test-200,0,0,0.0,0.0,not uncertain
ConvAbuse,blind,topk_wrong,ConvAbuse-test-201,0,0,0.0,0.0,not uncertain
ConvAbuse,blind,topk_wrong,ConvAbuse-test-202,0,0,0.0,0.0,not uncertain
ConvAbuse,blind,topk_wrong,ConvAbuse-test-203,0,0,0.0,0.0,not uncertain
ConvAbuse,blind,topk_wrong,ConvAbuse-test-204,0,0,0.0,0.0,not uncertain
ConvAbuse,blind,topk_wrong,ConvAbuse-test-205,1,0,0.0942785662771276,0.0,not uncertain
ConvAbuse,blind,topk_wrong,ConvAbuse-test-206,0,0,0.0,0.0,not uncertain
ConvAbuse,blind,topk_wrong,ConvAbuse-test-207,0,0,0.0,0.0,somewhat uncertain
ConvAbuse,blind,topk_wrong,ConvAbuse-test-208,0,0,0.0,0.0,not uncertain
ConvAbuse,blind,topk_wrong,ConvAbuse-test-209,0,0,0.0,0.0,not uncertain
ConvAbuse,blind,topk_wrong,ConvAbuse-test-210,0,0,0.0,0.1599999999999999,not uncertain
ConvAbuse,blind,topk_wrong,ConvAbuse-test-211,0,0,0.0343692818004789,0.0,not uncertain
ConvAbuse,blind,topk_wrong,ConvAbuse-test-212,0,0,0.0,0.0,not uncertain
ConvAbuse,blind,topk_wrong,ConvAbuse-test-213,0,0,0.0,0.0,not uncertain
ConvAbuse,blind,topk_wrong,ConvAbuse-test-214,0,0,0.0,0.0,not uncertain
ConvAbuse,blind,topk_wrong,ConvAbuse-test-215,0,0,0.0,0.0,not uncertain
ConvAbuse,blind,topk_wrong,ConvAbuse-test-216,0,0,0.0,0.0,somewhat uncertain
ConvAbuse,blind,topk_wrong,ConvAbuse-test-217,1,1,0.0,0.0,not uncertain
ConvAbuse,blind,topk_wrong,ConvAbuse-test-218,0,0,0.0,0.1875,not uncertain
ConvAbuse,blind,topk_wrong,ConvAbuse-test-219,1,1,0.0,0.0,not uncertain
ConvAbuse,blind,topk_wrong,ConvAbuse-test-220,1,1,0.0,0.0,not uncertain
ConvAbuse,blind,topk_wrong,ConvAbuse-test-221,0,0,0.0,0.0,not uncertain
ConvAbuse,blind,topk_wrong,ConvAbuse-test-222,0,0,0.0,0.0,not uncertain
ConvAbuse,blind,topk_wrong,ConvAbuse-test-223,0,0,0.0,0.0,highly uncertain
ConvAbuse,blind,topk_wrong,ConvAbuse-test-224,0,0,0.0,0.0,not uncertain
ConvAbuse,blind,topk_wrong,ConvAbuse-test-225,1,1,0.0,0.25,somewhat uncertain
ConvAbuse,blind,topk_wrong,ConvAbuse-test-226,0,0,0.0,0.0,not uncertain
ConvAbuse,blind,topk_wrong,ConvAbuse-test-227,1,0,0.1275597198971599,0.24,somewhat uncertain
ConvAbuse,blind,topk_wrong,ConvAbuse-test-228,0,0,0.0,0.0,not uncertain
ConvAbuse,blind,topk_wrong,ConvAbuse-test-229,0,0,0.0,0.0,not uncertain
ConvAbuse,blind,topk_wrong,ConvAbuse-test-230,1,1,0.1491276957956275,0.0,not uncertain
ConvAbuse,blind,topk_wrong,ConvAbuse-test-231,0,0,0.0,0.2222222222222222,somewhat uncertain
ConvAbuse,blind,topk_wrong,ConvAbuse-test-232,0,0,0.0,0.0,somewhat uncertain
ConvAbuse,blind,topk_wrong,ConvAbuse-test-233,0,0,0.0352079749362173,0.0,not uncertain
ConvAbuse,blind,topk_wrong,ConvAbuse-test-234,1,1,0.0,0.2222222222222222,somewhat uncertain
ConvAbuse,blind,topk_wrong,ConvAbuse-test-235,0,0,0.0,0.0,not uncertain
ConvAbuse,blind,topk_wrong,ConvAbuse-test-236,0,0,0.0,0.0,not uncertain
ConvAbuse,blind,topk_wrong,ConvAbuse-test-237,0,0,0.0,0.0,not uncertain
ConvAbuse,blind,topk_wrong,ConvAbuse-test-238,0,1,0.0374885648292178,0.2222222222222222,not uncertain
ConvAbuse,blind,topk_wrong,ConvAbuse-test-239,0,1,0.0,0.25,not uncertain
ConvAbuse,blind,topk_wrong,ConvAbuse-test-240,0,0,0.0,0.0,highly uncertain
ConvAbuse,blind,topk_wrong,ConvAbuse-test-241,0,0,0.0,0.2222222222222222,not uncertain
ConvAbuse,blind,topk_wrong,ConvAbuse-test-242,1,0,0.1057919355295146,0.0,not uncertain
ConvAbuse,blind,topk_wrong,ConvAbuse-test-243,0,0,0.0,0.0,not uncertain
ConvAbuse,blind,topk_wrong,ConvAbuse-test-244,0,0,0.0,0.0,highly uncertain
ConvAbuse,blind,topk_wrong,ConvAbuse-test-245,0,0,0.0,0.0,highly uncertain
ConvAbuse,blind,topk_wrong,ConvAbuse-test-246,0,0,0.0,0.2222222222222222,not uncertain
ConvAbuse,blind,topk_wrong,ConvAbuse-test-247,0,0,0.0,0.0,not uncertain
ConvAbuse,blind,topk_wrong,ConvAbuse-test-248,1,1,0.0,0.0,not uncertain
ConvAbuse,blind,topk_wrong,ConvAbuse-test-249,0,0,0.2367551669766814,0.0,somewhat uncertain
ConvAbuse,blind,topk_wrong,ConvAbuse-test-250,0,0,0.0336196912006076,0.0,somewhat uncertain
ConvAbuse,blind,topk_wrong,ConvAbuse-test-251,0,0,0.0,0.0,not uncertain
ConvAbuse,blind,topk_wrong,ConvAbuse-test-252,0,0,0.1530896837855654,0.0,not uncertain
ConvAbuse,blind,topk_wrong,ConvAbuse-test-253,0,0,0.0,0.0,not uncertain
ConvAbuse,blind,topk_wrong,ConvAbuse-test-254,0,0,0.0,0.0,not uncertain
ConvAbuse,blind,topk_wrong,ConvAbuse-test-255,0,0,0.0,0.0,not uncertain
ConvAbuse,blind,topk_wrong,ConvAbuse-test-256,1,1,0.0,0.2222222222222222,not uncertain
ConvAbuse,blind,topk_wrong,ConvAbuse-test-257,0,1,0.1368820451497993,0.0,somewhat uncertain
ConvAbuse,blind,topk_wrong,ConvAbuse-test-258,0,0,0.0,0.0,not uncertain
ConvAbuse,blind,topk_wrong,ConvAbuse-test-259,0,1,0.2010041723723752,0.25,not uncertain
ConvAbuse,blind,topk_wrong,ConvAbuse-test-260,0,0,0.0,0.0,not uncertain
ConvAbuse,blind,topk_wrong,ConvAbuse-test-261,1,1,0.0,0.0,not uncertain
ConvAbuse,blind,topk_wrong,ConvAbuse-test-262,1,1,0.0,0.0,not uncertain
ConvAbuse,blind,topk_wrong,ConvAbuse-test-263,0,0,0.0,0.0,not uncertain
ConvAbuse,blind,topk_wrong,ConvAbuse-test-264,1,1,0.0,0.0,not uncertain
ConvAbuse,blind,topk_wrong,ConvAbuse-test-265,1,1,0.0,0.0,somewhat uncertain
ConvAbuse,blind,topk_wrong,ConvAbuse-test-266,0,0,0.0,0.1875,not uncertain
ConvAbuse,blind,topk_wrong,ConvAbuse-test-267,0,0,0.0,0.0,not uncertain
ConvAbuse,blind,topk_wrong,ConvAbuse-test-268,1,0,0.19960504946255,0.0,highly uncertain
ConvAbuse,blind,topk_wrong,ConvAbuse-test-269,0,0,0.0,0.0,not uncertain
ConvAbuse,blind,topk_wrong,ConvAbuse-test-270,0,0,0.0,0.0,not uncertain
ConvAbuse,blind,topk_wrong,ConvAbuse-test-271,1,1,0.0,0.2222222222222222,not uncertain
ConvAbuse,blind,topk_wrong,ConvAbuse-test-272,0,0,0.0,0.0,not uncertain
ConvAbuse,blind,topk_wrong,ConvAbuse-test-273,0,0,0.0,0.2222222222222222,somewhat uncertain
ConvAbuse,blind,topk_wrong,ConvAbuse-test-274,1,1,0.0,0.0,highly uncertain
ConvAbuse,blind,topk_wrong,ConvAbuse-test-275,0,0,0.1287508055181418,0.0,highly uncertain
ConvAbuse,blind,topk_wrong,ConvAbuse-test-276,0,0,0.0299198480662069,0.0,not uncertain
ConvAbuse,blind,topk_wrong,ConvAbuse-test-277,1,0,0.2091754542626745,0.0,highly uncertain
ConvAbuse,blind,topk_wrong,ConvAbuse-test-278,0,0,0.0313687263023086,0.1599999999999999,not uncertain
ConvAbuse,blind,topk_wrong,ConvAbuse-test-279,0,0,0.0,0.0,highly uncertain
ConvAbuse,blind,topk_wrong,ConvAbuse-test-280,0,0,0.0,0.0,not uncertain
ConvAbuse,blind,topk_wrong,ConvAbuse-test-281,1,1,0.0,0.0,somewhat uncertain
ConvAbuse,blind,topk_wrong,ConvAbuse-test-282,1,1,0.2317710351293217,0.2222222222222222,not uncertain
ConvAbuse,blind,topk_wrong,ConvAbuse-test-283,1,0,0.2445914045129794,0.0,not uncertain
ConvAbuse,blind,topk_wrong,ConvAbuse-test-284,0,0,0.2005004847951263,0.0,somewhat uncertain
ConvAbuse,blind,topk_wrong,ConvAbuse-test-285,0,0,0.0,0.0,not uncertain
ConvAbuse,blind,topk_wrong,ConvAbuse-test-286,0,0,0.0,0.2222222222222222,not uncertain
ConvAbuse,blind,topk_wrong,ConvAbuse-test-287,0,0,0.1057147385451971,0.0,somewhat uncertain
ConvAbuse,blind,topk_wrong,ConvAbuse-test-288,0,0,0.0,0.0,not uncertain
ConvAbuse,blind,topk_wrong,ConvAbuse-test-289,1,0,0.0489118018673964,0.2222222222222222,somewhat uncertain
ConvAbuse,blind,topk_wrong,ConvAbuse-test-290,0,0,0.0,0.0,not uncertain
ConvAbuse,blind,topk_wrong,ConvAbuse-test-291,0,0,0.0,0.0,not uncertain
ConvAbuse,blind,topk_wrong,ConvAbuse-test-292,1,1,0.0723439185511769,0.25,not uncertain
ConvAbuse,blind,topk_wrong,ConvAbuse-test-293,0,0,0.0505279849241955,0.0,somewhat uncertain
ConvAbuse,blind,topk_wrong,ConvAbuse-test-294,0,0,0.0,0.0,not uncertain
ConvAbuse,blind,topk_wrong,ConvAbuse-test-295,0,1,0.1105002115297067,0.25,somewhat uncertain
ConvAbuse,blind,topk_wrong,ConvAbuse-test-296,0,0,0.0287557440544887,0.1875,somewhat uncertain
ConvAbuse,blind,topk_wrong,ConvAbuse-test-297,0,0,0.2259656696304357,0.0,not uncertain
ConvAbuse,blind,topk_wrong,ConvAbuse-test-298,0,0,0.0,0.0,not uncertain
ConvAbuse,blind,topk_wrong,ConvAbuse-test-299,0,0,0.0,0.0,not uncertain
ConvAbuse,blind,topk_wrong,ConvAbuse-test-300,0,0,0.0,0.0,not uncertain
ConvAbuse,blind,topk_wrong,ConvAbuse-test-301,1,1,0.0368814238125556,0.2222222222222222,not uncertain
ConvAbuse,blind,topk_wrong,ConvAbuse-test-302,1,1,0.0,0.0,not uncertain
ConvAbuse,blind,topk_wrong,ConvAbuse-test-303,1,1,0.0,0.0,not uncertain
ConvAbuse,blind,topk_wrong,ConvAbuse-test-304,0,0,0.0,0.0,not uncertain
ConvAbuse,blind,topk_wrong,ConvAbuse-test-305,0,0,0.0,0.0,not uncertain
ConvAbuse,blind,topk_wrong,ConvAbuse-test-306,1,1,0.0,0.0,not uncertain
ConvAbuse,blind,topk_wrong,ConvAbuse-test-307,1,1,0.0,0.0,highly uncertain
ConvAbuse,blind,topk_wrong,ConvAbuse-test-308,0,0,0.0,0.0,not uncertain
ConvAbuse,blind,topk_wrong,ConvAbuse-test-309,0,0,0.0,0.2222222222222222,not uncertain
ConvAbuse,blind,topk_wrong,ConvAbuse-test-310,0,0,0.0,0.0,not uncertain
ConvAbuse,blind,topk_wrong,ConvAbuse-test-311,0,0,0.0,0.0,not uncertain
ConvAbuse,blind,topk_wrong,ConvAbuse-test-312,0,0,0.0,0.0,highly uncertain
ConvAbuse,blind,topk_wrong,ConvAbuse-test-313,0,0,0.0,0.0,not uncertain
ConvAbuse,blind,topk_wrong,ConvAbuse-test-314,1,1,0.0,0.2222222222222222,not uncertain
ConvAbuse,blind,topk_wrong,ConvAbuse-test-315,1,0,0.0229020719113281,0.2222222222222222,not uncertain
ConvAbuse,blind,topk_wrong,ConvAbuse-test-316,0,0,0.1314670876017604,0.0,somewhat uncertain
ConvAbuse,blind,topk_wrong,ConvAbuse-test-317,0,0,0.0,0.0,not uncertain
ConvAbuse,blind,topk_wrong,ConvAbuse-test-318,0,0,0.0,0.0,not uncertain
ConvAbuse,blind,topk_wrong,ConvAbuse-test-319,0,0,0.0,0.0,not uncertain
ConvAbuse,blind,topk_wrong,ConvAbuse-test-320,0,0,0.0,0.0,not uncertain
ConvAbuse,blind,topk_wrong,ConvAbuse-test-321,0,0,0.0,0.0,not uncertain
ConvAbuse,blind,topk_wrong,ConvAbuse-test-322,0,0,0.0,0.0,not uncertain
ConvAbuse,blind,topk_wrong,ConvAbuse-test-323,1,1,0.0,0.2222222222222222,somewhat uncertain
ConvAbuse,blind,topk_wrong,ConvAbuse-test-324,1,0,0.0,0.2222222222222222,somewhat uncertain
ConvAbuse,blind,topk_wrong,ConvAbuse-test-325,1,0,0.2270712159119075,0.0,somewhat uncertain
ConvAbuse,blind,topk_wrong,ConvAbuse-test-326,1,1,0.0,0.0,highly uncertain
ConvAbuse,blind,topk_wrong,ConvAbuse-test-327,1,0,0.2252984437276871,0.2222222222222222,somewhat uncertain
ConvAbuse,blind,topk_wrong,ConvAbuse-test-328,0,0,0.0,0.0,highly uncertain
ConvAbuse,blind,topk_wrong,ConvAbuse-test-329,0,0,0.0,0.1599999999999999,not uncertain
ConvAbuse,blind,topk_wrong,ConvAbuse-test-330,0,0,0.0,0.0,somewhat uncertain
ConvAbuse,blind,topk_wrong,ConvAbuse-test-331,1,0,0.0345241240218124,0.0,not uncertain
ConvAbuse,blind,topk_wrong,ConvAbuse-test-332,0,0,0.0,0.0,not uncertain
ConvAbuse,blind,topk_wrong,ConvAbuse-test-333,0,0,0.0,0.0,not uncertain
ConvAbuse,blind,topk_wrong,ConvAbuse-test-334,0,0,0.0,0.0,not uncertain
ConvAbuse,blind,topk_wrong,ConvAbuse-test-335,0,0,0.032278983052987,0.1875,somewhat uncertain
ConvAbuse,blind,topk_wrong,ConvAbuse-test-336,1,1,0.0,0.25,somewhat uncertain
ConvAbuse,blind,topk_wrong,ConvAbuse-test-337,0,0,0.0,0.0,not uncertain
ConvAbuse,blind,topk_wrong,ConvAbuse-test-338,1,1,0.0254586992490659,0.2222222222222222,not uncertain
ConvAbuse,blind,topk_wrong,ConvAbuse-test-339,0,0,0.0,0.0,somewhat uncertain
ConvAbuse,blind,topk_wrong,ConvAbuse-test-340,0,0,0.0,0.2222222222222222,highly uncertain
ConvAbuse,blind,topk_wrong,ConvAbuse-test-341,0,0,0.0,0.0,not uncertain
ConvAbuse,blind,topk_wrong,ConvAbuse-test-342,0,0,0.0,0.0,not uncertain
ConvAbuse,blind,topk_wrong,ConvAbuse-test-343,0,0,0.0,0.0,highly uncertain
ConvAbuse,blind,topk_wrong,ConvAbuse-test-344,1,1,0.0,0.0,somewhat uncertain
ConvAbuse,blind,topk_wrong,ConvAbuse-test-345,1,1,0.0,0.0,not uncertain
ConvAbuse,blind,topk_wrong,ConvAbuse-test-346,0,0,0.0,0.0,not uncertain
ConvAbuse,blind,topk_wrong,ConvAbuse-test-347,0,0,0.0,0.0,not uncertain
ConvAbuse,blind,topk_wrong,ConvAbuse-test-348,0,0,0.0,0.0,not uncertain
ConvAbuse,blind,topk_wrong,ConvAbuse-test-349,0,0,0.0,0.0,not uncertain
ConvAbuse,blind,topk_wrong,ConvAbuse-test-350,1,0,0.1655073653573884,0.0,not uncertain
ConvAbuse,blind,topk_wrong,ConvAbuse-test-351,1,1,0.0,0.0,somewhat uncertain
ConvAbuse,blind,topk_wrong,ConvAbuse-test-352,1,1,0.0,0.0,not uncertain
ConvAbuse,blind,topk_wrong,ConvAbuse-test-353,0,0,0.0,0.0,highly uncertain
ConvAbuse,blind,topk_wrong,ConvAbuse-test-354,0,0,0.0,0.0,not uncertain
ConvAbuse,blind,topk_wrong,ConvAbuse-test-355,0,0,0.0268300374956719,0.2222222222222222,not uncertain
ConvAbuse,blind,topk_wrong,ConvAbuse-test-356,0,1,0.0,0.25,not uncertain
ConvAbuse,blind,topk_wrong,ConvAbuse-test-357,1,0,0.2499418607651457,0.2222222222222222,somewhat uncertain
ConvAbuse,blind,topk_wrong,ConvAbuse-test-358,0,0,0.0,0.0,not uncertain
ConvAbuse,blind,topk_wrong,ConvAbuse-test-359,0,0,0.0,0.0,not uncertain
ConvAbuse,blind,topk_wrong,ConvAbuse-test-360,0,0,0.0,0.0,not uncertain
ConvAbuse,blind,topk_wrong,ConvAbuse-test-361,1,0,0.2497940830038794,0.0,not uncertain
ConvAbuse,blind,topk_wrong,ConvAbuse-test-362,0,0,0.0,0.0,highly uncertain
ConvAbuse,blind,topk_wrong,ConvAbuse-test-363,0,0,0.0,0.0,not uncertain
ConvAbuse,blind,topk_wrong,ConvAbuse-test-364,1,1,0.0,0.0,somewhat uncertain
ConvAbuse,blind,topk_wrong,ConvAbuse-test-365,0,0,0.0,0.0,not uncertain
ConvAbuse,blind,topk_wrong,ConvAbuse-test-366,0,0,0.2450097415185942,0.2222222222222222,not uncertain
ConvAbuse,blind,topk_wrong,ConvAbuse-test-367,0,0,0.0,0.0,not uncertain
ConvAbuse,blind,topk_wrong,ConvAbuse-test-368,0,0,0.0,0.0,not uncertain
ConvAbuse,blind,topk_wrong,ConvAbuse-test-369,1,0,0.0266975905243349,0.0,somewhat uncertain
ConvAbuse,blind,topk_wrong,ConvAbuse-test-370,0,0,0.0,0.0,not uncertain
ConvAbuse,blind,topk_wrong,ConvAbuse-test-371,0,0,0.0,0.0,not uncertain
ConvAbuse,blind,topk_wrong,ConvAbuse-test-372,1,0,0.2396214236502914,0.0,not uncertain
ConvAbuse,blind,topk_wrong,ConvAbuse-test-373,0,0,0.1091609568523153,0.0,not uncertain
ConvAbuse,blind,topk_wrong,ConvAbuse-test-374,0,0,0.0,0.0,not uncertain
ConvAbuse,blind,topk_wrong,ConvAbuse-test-375,0,0,0.099632446161181,0.0,somewhat uncertain
ConvAbuse,blind,topk_wrong,ConvAbuse-test-376,1,0,0.2149034616652006,0.0,highly uncertain
ConvAbuse,blind,topk_wrong,ConvAbuse-test-377,1,1,0.0,0.0,not uncertain
ConvAbuse,blind,topk_wrong,ConvAbuse-test-378,0,0,0.0,0.0,not uncertain
ConvAbuse,blind,topk_wrong,ConvAbuse-test-379,0,0,0.0,0.0,not uncertain
ConvAbuse,blind,topk_wrong,ConvAbuse-test-380,0,0,0.0,0.0,not uncertain
ConvAbuse,blind,topk_wrong,ConvAbuse-test-381,1,1,0.0,0.2222222222222222,not uncertain
ConvAbuse,blind,topk_wrong,ConvAbuse-test-382,0,0,0.0,0.0,not uncertain
ConvAbuse,blind,topk_wrong,ConvAbuse-test-383,0,0,0.0,0.0,not uncertain
ConvAbuse,blind,topk_wrong,ConvAbuse-test-384,0,0,0.0,0.0,not uncertain
ConvAbuse,blind,topk_wrong,ConvAbuse-test-385,1,1,0.0,0.0,not uncertain
ConvAbuse,blind,topk_wrong,ConvAbuse-test-386,0,0,0.0,0.0,not uncertain
ConvAbuse,blind,topk_wrong,ConvAbuse-test-387,0,0,0.0,0.0,not uncertain
ConvAbuse,blind,topk_wrong,ConvAbuse-test-388,0,0,0.0,0.0,not uncertain
ConvAbuse,blind,topk_wrong,ConvAbuse-test-389,0,0,0.0,0.0,not uncertain
ConvAbuse,blind,topk_wrong,ConvAbuse-test-390,1,1,0.0,0.0,somewhat uncertain
ConvAbuse,blind,topk_wrong,ConvAbuse-test-391,0,0,0.1373931604417897,0.0,somewhat uncertain
ConvAbuse,blind,topk_wrong,ConvAbuse-test-392,0,0,0.0,0.0,not uncertain
ConvAbuse,blind,topk_wrong,ConvAbuse-test-393,1,1,0.0,0.0,not uncertain
ConvAbuse,blind,topk_wrong,ConvAbuse-test-394,0,1,0.0,0.25,not uncertain
ConvAbuse,blind,topk_wrong,ConvAbuse-test-395,0,0,0.0,0.0,not uncertain
ConvAbuse,blind,topk_wrong,ConvAbuse-test-396,1,1,0.0,0.16,somewhat uncertain
ConvAbuse,blind,topk_wrong,ConvAbuse-test-397,0,0,0.0,0.0,highly uncertain
ConvAbuse,blind,topk_wrong,ConvAbuse-test-398,0,0,0.0,0.0,not uncertain
ConvAbuse,blind,topk_wrong,ConvAbuse-test-399,0,0,0.0,0.0,not uncertain
ConvAbuse,blind,topk_wrong,ConvAbuse-test-400,0,0,0.0,0.0,not uncertain
ConvAbuse,blind,topk_wrong,ConvAbuse-test-401,1,1,0.0,0.0,not uncertain
ConvAbuse,blind,topk_wrong,ConvAbuse-test-402,0,1,0.2476019133722451,0.0,somewhat uncertain
ConvAbuse,blind,topk_wrong,ConvAbuse-test-403,1,0,0.229322796470059,0.1599999999999999,highly uncertain
ConvAbuse,blind,topk_wrong,ConvAbuse-test-404,1,1,0.0733991678096591,0.2222222222222222,somewhat uncertain
ConvAbuse,blind,topk_wrong,ConvAbuse-test-405,1,1,0.0,0.2222222222222222,somewhat uncertain
ConvAbuse,blind,topk_wrong,ConvAbuse-test-406,0,0,0.0,0.0,not uncertain
ConvAbuse,blind,topk_wrong,ConvAbuse-test-407,1,0,0.0,0.2222222222222222,somewhat uncertain
ConvAbuse,blind,topk_wrong,ConvAbuse-test-408,0,0,0.0,0.0,not uncertain
ConvAbuse,blind,topk_wrong,ConvAbuse-test-409,0,1,0.0,0.2222222222222222,not uncertain
ConvAbuse,blind,topk_wrong,ConvAbuse-test-410,0,0,0.0,0.0,not uncertain
ConvAbuse,blind,topk_wrong,ConvAbuse-test-411,0,0,0.042383233094861,0.0,not uncertain
ConvAbuse,blind,topk_wrong,ConvAbuse-test-412,0,0,0.0,0.0,not uncertain
ConvAbuse,blind,topk_wrong,ConvAbuse-test-413,1,0,0.2407002769137507,0.0,somewhat uncertain
ConvAbuse,blind,topk_wrong,ConvAbuse-test-414,0,0,0.0,0.0,not uncertain
ConvAbuse,blind,topk_wrong,ConvAbuse-test-415,0,0,0.0,0.0,highly uncertain
ConvAbuse,blind,topk_wrong,ConvAbuse-test-416,0,0,0.0,0.0,not uncertain
ConvAbuse,blind,topk_wrong,ConvAbuse-test-417,1,0,0.0,0.2222222222222222,not uncertain
ConvAbuse,blind,topk_wrong,ConvAbuse-test-418,0,0,0.0,0.0,not uncertain
ConvAbuse,blind,topk_wrong,ConvAbuse-test-419,0,0,0.0,0.0,not uncertain
ConvAbuse,blind,topk_wrong,ConvAbuse-test-420,0,1,0.2441044857197147,0.2222222222222222,not uncertain
ConvAbuse,blind,topk_wrong,ConvAbuse-test-421,1,0,0.0,0.2222222222222222,not uncertain
ConvAbuse,blind,topk_wrong,ConvAbuse-test-422,0,0,0.0,0.0,not uncertain
ConvAbuse,blind,topk_wrong,ConvAbuse-test-423,0,0,0.0,0.0,not uncertain
ConvAbuse,blind,topk_wrong,ConvAbuse-test-424,0,0,0.0391413814925304,0.2222222222222222,somewhat uncertain
ConvAbuse,blind,topk_wrong,ConvAbuse-test-425,0,0,0.0,0.0,not uncertain
ConvAbuse,blind,topk_wrong,ConvAbuse-test-426,1,0,0.1753130044403265,0.1599999999999999,somewhat uncertain
ConvAbuse,blind,topk_wrong,ConvAbuse-test-427,0,0,0.2331253139087543,0.1388888888888888,not uncertain
ConvAbuse,blind,topk_wrong,ConvAbuse-test-428,0,1,0.0,0.25,not uncertain
ConvAbuse,blind,topk_wrong,ConvAbuse-test-429,1,1,0.0,0.0,not uncertain
ConvAbuse,blind,topk_wrong,ConvAbuse-test-430,0,0,0.0,0.0,not uncertain
ConvAbuse,blind,topk_wrong,ConvAbuse-test-431,0,0,0.0,0.0,not uncertain
ConvAbuse,blind,topk_wrong,ConvAbuse-test-432,0,0,0.0,0.0,somewhat uncertain
ConvAbuse,blind,topk_wrong,ConvAbuse-test-433,0,0,0.0,0.0,not uncertain
ConvAbuse,blind,topk_wrong,ConvAbuse-test-434,0,0,0.0,0.0,not uncertain
ConvAbuse,blind,topk_wrong,ConvAbuse-test-435,1,0,0.2498839676132363,0.0,somewhat uncertain
ConvAbuse,blind,topk_wrong,ConvAbuse-test-436,0,0,0.0,0.0,not uncertain
ConvAbuse,blind,topk_wrong,ConvAbuse-test-437,0,0,0.0,0.0,not uncertain
ConvAbuse,blind,topk_wrong,ConvAbuse-test-438,0,0,0.0,0.0,not uncertain
ConvAbuse,blind,topk_wrong,ConvAbuse-test-439,1,0,0.0,0.2222222222222222,somewhat uncertain
ConvAbuse,blind,topk_wrong,ConvAbuse-test-440,0,0,0.0461080476585927,0.1875,somewhat uncertain
ConvAbuse,blind,topk_wrong,ConvAbuse-test-441,1,1,0.0,0.25,somewhat uncertain
ConvAbuse,blind,topk_wrong,ConvAbuse-test-442,0,0,0.0,0.0,not uncertain
ConvAbuse,blind,topk_wrong,ConvAbuse-test-443,0,0,0.0,0.0,highly uncertain
ConvAbuse,blind,topk_wrong,ConvAbuse-test-444,0,0,0.0,0.0,not uncertain
ConvAbuse,blind,topk_wrong,ConvAbuse-test-445,0,0,0.0,0.0,not uncertain
ConvAbuse,blind,topk_wrong,ConvAbuse-test-446,0,0,0.0,0.0,not uncertain
ConvAbuse,blind,topk_wrong,ConvAbuse-test-447,0,0,0.0,0.0,not uncertain
ConvAbuse,blind,topk_wrong,ConvAbuse-test-448,0,0,0.035871460693349,0.0,not uncertain
ConvAbuse,blind,topk_wrong,ConvAbuse-test-449,0,0,0.0,0.2222222222222222,not uncertain
ConvAbuse,blind,topk_wrong,ConvAbuse-test-450,0,0,0.0,0.0,highly uncertain
ConvAbuse,blind,topk_wrong,ConvAbuse-test-451,1,1,0.1652720195758731,0.0,somewhat uncertain
ConvAbuse,blind,topk_wrong,ConvAbuse-test-452,0,0,0.0,0.0,not uncertain
ConvAbuse,blind,topk_wrong,ConvAbuse-test-453,0,0,0.0,0.0,not uncertain
ConvAbuse,blind,topk_wrong,ConvAbuse-test-454,0,1,0.0,0.25,not uncertain
ConvAbuse,blind,topk_wrong,ConvAbuse-test-455,1,1,0.0,0.0,not uncertain
ConvAbuse,blind,topk_wrong,ConvAbuse-test-456,1,1,0.0,0.0,not uncertain
ConvAbuse,blind,topk_wrong,ConvAbuse-test-457,1,1,0.0,0.25,somewhat uncertain
ConvAbuse,blind,topk_wrong,ConvAbuse-test-458,1,1,0.0,0.0,not uncertain
ConvAbuse,blind,topk_wrong,ConvAbuse-test-459,1,1,0.0,0.0,not uncertain
ConvAbuse,blind,topk_wrong,ConvAbuse-test-460,1,0,0.0,0.2222222222222222,not uncertain
ConvAbuse,blind,topk_wrong,ConvAbuse-test-461,1,1,0.0238087961001554,0.0,somewhat uncertain
ConvAbuse,blind,topk_wrong,ConvAbuse-test-462,0,0,0.0,0.0,not uncertain
ConvAbuse,blind,topk_wrong,ConvAbuse-test-463,0,0,0.1507977299752174,0.0,not uncertain
ConvAbuse,blind,topk_wrong,ConvAbuse-test-464,0,0,0.0,0.0,not uncertain
ConvAbuse,blind,topk_wrong,ConvAbuse-test-465,0,0,0.0,0.0,not uncertain
ConvAbuse,blind,topk_wrong,ConvAbuse-test-466,1,0,0.177010788362749,0.2222222222222222,not uncertain
ConvAbuse,blind,topk_wrong,ConvAbuse-test-467,0,0,0.1455664123482599,0.0,somewhat uncertain
ConvAbuse,blind,topk_wrong,ConvAbuse-test-468,0,0,0.2332132198228605,0.0,not uncertain
ConvAbuse,blind,topk_wrong,ConvAbuse-test-469,1,0,0.0,0.0,somewhat uncertain
ConvAbuse,blind,topk_wrong,ConvAbuse-test-470,0,0,0.0,0.0,not uncertain
ConvAbuse,blind,topk_wrong,ConvAbuse-test-471,1,1,0.0,0.0,not uncertain
ConvAbuse,blind,topk_wrong,ConvAbuse-test-472,0,0,0.0,0.0,not uncertain
ConvAbuse,blind,topk_wrong,ConvAbuse-test-473,1,1,0.0,0.0,not uncertain
ConvAbuse,blind,topk_wrong,ConvAbuse-test-474,0,0,0.0,0.0,highly uncertain
ConvAbuse,blind,topk_wrong,ConvAbuse-test-475,1,1,0.0,0.0,not uncertain
ConvAbuse,blind,topk_wrong,ConvAbuse-test-476,0,0,0.0,0.0,not uncertain
ConvAbuse,blind,topk_wrong,ConvAbuse-test-477,0,0,0.0,0.0,not uncertain
ConvAbuse,blind,topk_wrong,ConvAbuse-test-478,0,0,0.0,0.0,not uncertain
ConvAbuse,blind,topk_wrong,ConvAbuse-test-479,0,0,0.0,0.0,not uncertain
ConvAbuse,blind,topk_wrong,ConvAbuse-test-480,0,0,0.0,0.0,not uncertain
ConvAbuse,blind,topk_wrong,ConvAbuse-test-481,0,0,0.0,0.0,not uncertain
ConvAbuse,blind,topk_wrong,ConvAbuse-test-482,1,0,0.0,0.2222222222222222,somewhat uncertain
ConvAbuse,blind,topk_wrong,ConvAbuse-test-483,0,0,0.0,0.0,not uncertain
ConvAbuse,blind,topk_wrong,ConvAbuse-test-484,1,0,0.0568774047979181,0.0,somewhat uncertain
ConvAbuse,blind,topk_wrong,ConvAbuse-test-485,0,0,0.0,0.0,not uncertain
ConvAbuse,blind,topk_wrong,ConvAbuse-test-486,0,0,0.0,0.0,not uncertain
ConvAbuse,blind,topk_wrong,ConvAbuse-test-487,1,0,0.1160231140163887,0.2222222222222222,not uncertain
ConvAbuse,blind,topk_wrong,ConvAbuse-test-488,0,0,0.0,0.0,not uncertain
ConvAbuse,blind,topk_wrong,ConvAbuse-test-489,0,0,0.0,0.0,not uncertain
ConvAbuse,blind,topk_wrong,ConvAbuse-test-490,1,0,0.0216533088512126,0.0,not uncertain
ConvAbuse,blind,topk_wrong,ConvAbuse-test-491,1,1,0.0,0.0,not uncertain
ConvAbuse,blind,topk_wrong,ConvAbuse-test-492,1,0,0.0,0.2222222222222222,not uncertain
ConvAbuse,blind,topk_wrong,ConvAbuse-test-493,1,1,0.0,0.0,not uncertain
ConvAbuse,blind,topk_wrong,ConvAbuse-test-494,0,0,0.0,0.0,not uncertain
ConvAbuse,blind,topk_wrong,ConvAbuse-test-495,0,0,0.0,0.0,not uncertain
ConvAbuse,blind,topk_wrong,ConvAbuse-test-496,0,0,0.1116863633439463,0.0,not uncertain
ConvAbuse,blind,topk_wrong,ConvAbuse-test-497,0,0,0.0,0.0,not uncertain
ConvAbuse,blind,topk_wrong,ConvAbuse-test-498,1,1,0.0,0.0,not uncertain
ConvAbuse,blind,topk_wrong,ConvAbuse-test-499,0,0,0.0,0.0,not uncertain
ConvAbuse,blind,topk_wrong,ConvAbuse-test-500,0,0,0.0209141752479291,0.2222222222222222,somewhat uncertain
ConvAbuse,blind,topk_wrong,ConvAbuse-test-501,0,0,0.0,0.0,somewhat uncertain
ConvAbuse,blind,topk_wrong,ConvAbuse-test-502,0,0,0.0,0.0,not uncertain
ConvAbuse,blind,topk_wrong,ConvAbuse-test-503,0,0,0.0,0.0,not uncertain
ConvAbuse,blind,topk_wrong,ConvAbuse-test-504,0,0,0.0,0.2222222222222222,not uncertain
ConvAbuse,blind,topk_wrong,ConvAbuse-test-505,0,0,0.0,0.0,somewhat uncertain
ConvAbuse,blind,topk_wrong,ConvAbuse-test-506,0,0,0.0,0.0,highly uncertain
ConvAbuse,blind,topk_wrong,ConvAbuse-test-507,0,0,0.0,0.0,highly uncertain
ConvAbuse,blind,topk_wrong,ConvAbuse-test-508,1,0,0.0,0.0,not uncertain
ConvAbuse,blind,topk_wrong,ConvAbuse-test-509,0,0,0.0,0.1599999999999999,not uncertain
ConvAbuse,blind,topk_wrong,ConvAbuse-test-510,0,0,0.0,0.0,not uncertain
ConvAbuse,blind,topk_wrong,ConvAbuse-test-511,0,0,0.0351689310453464,0.0,somewhat uncertain
ConvAbuse,blind,topk_wrong,ConvAbuse-test-512,1,1,0.0,0.0,somewhat uncertain
ConvAbuse,blind,topk_wrong,ConvAbuse-test-513,0,0,0.0,0.0,not uncertain
ConvAbuse,blind,topk_wrong,ConvAbuse-test-514,0,0,0.0,0.0,not uncertain
ConvAbuse,blind,topk_wrong,ConvAbuse-test-515,0,0,0.0,0.0,not uncertain
ConvAbuse,blind,topk_wrong,ConvAbuse-test-516,0,0,0.0,0.0,highly uncertain
ConvAbuse,blind,topk_wrong,ConvAbuse-test-517,1,0,0.066792188469433,0.0,somewhat uncertain
ConvAbuse,blind,topk_wrong,ConvAbuse-test-518,0,0,0.0,0.0,not uncertain
ConvAbuse,blind,topk_wrong,ConvAbuse-test-519,1,1,0.0380748223951932,0.0,highly uncertain
ConvAbuse,blind,topk_wrong,ConvAbuse-test-520,1,1,0.0,0.0,not uncertain
ConvAbuse,blind,topk_wrong,ConvAbuse-test-521,0,0,0.0,0.0,not uncertain
ConvAbuse,blind,topk_wrong,ConvAbuse-test-522,0,0,0.0,0.0,not uncertain
ConvAbuse,blind,topk_wrong,ConvAbuse-test-523,0,0,0.0,0.0,not uncertain
ConvAbuse,blind,topk_wrong,ConvAbuse-test-524,0,0,0.0,0.0,not uncertain
ConvAbuse,blind,topk_wrong,ConvAbuse-test-525,1,0,0.0344246072712439,0.0,somewhat uncertain
ConvAbuse,blind,topk_wrong,ConvAbuse-test-526,0,0,0.1904348683565861,0.0,not uncertain
ConvAbuse,blind,topk_wrong,ConvAbuse-test-527,0,0,0.0,0.0,not uncertain
ConvAbuse,blind,topk_wrong,ConvAbuse-test-528,0,0,0.0,0.0,not uncertain
ConvAbuse,blind,topk_wrong,ConvAbuse-test-529,0,0,0.0,0.0,not uncertain
ConvAbuse,blind,topk_wrong,ConvAbuse-test-530,1,1,0.0632295625535516,0.2222222222222222,not uncertain
ConvAbuse,blind,topk_wrong,ConvAbuse-test-531,0,0,0.0,0.0,not uncertain
ConvAbuse,blind,topk_wrong,ConvAbuse-test-532,0,0,0.0,0.0,not uncertain
ConvAbuse,blind,topk_wrong,ConvAbuse-test-533,1,1,0.166093158870466,0.25,somewhat uncertain
ConvAbuse,blind,topk_wrong,ConvAbuse-test-534,1,1,0.0,0.0,not uncertain
ConvAbuse,blind,topk_wrong,ConvAbuse-test-535,1,1,0.0,0.0,not uncertain
ConvAbuse,blind,topk_wrong,ConvAbuse-test-536,0,0,0.0,0.0,not uncertain
ConvAbuse,blind,topk_wrong,ConvAbuse-test-537,0,0,0.0,0.0,not uncertain
ConvAbuse,blind,topk_wrong,ConvAbuse-test-538,1,1,0.0,0.0,not uncertain
ConvAbuse,blind,topk_wrong,ConvAbuse-test-539,0,1,0.0,0.25,somewhat uncertain
ConvAbuse,blind,topk_wrong,ConvAbuse-test-540,0,0,0.0,0.0,not uncertain
ConvAbuse,blind,topk_wrong,ConvAbuse-test-541,0,0,0.0,0.0,not uncertain
ConvAbuse,blind,topk_wrong,ConvAbuse-test-542,0,0,0.0,0.0,not uncertain
ConvAbuse,blind,topk_wrong,ConvAbuse-test-543,0,0,0.0,0.0,not uncertain
ConvAbuse,blind,topk_wrong,ConvAbuse-test-544,0,0,0.0470457861878755,0.2222222222222222,not uncertain
ConvAbuse,blind,topk_wrong,ConvAbuse-test-545,1,1,0.0,0.0,somewhat uncertain
ConvAbuse,blind,topk_wrong,ConvAbuse-test-546,0,0,0.0,0.0,somewhat uncertain
ConvAbuse,blind,topk_wrong,ConvAbuse-test-547,0,1,0.0,0.25,not uncertain
ConvAbuse,blind,topk_wrong,ConvAbuse-test-548,1,1,0.0,0.0,not uncertain
ConvAbuse,blind,topk_wrong,ConvAbuse-test-549,1,0,0.0749869642213561,0.0,somewhat uncertain
ConvAbuse,blind,topk_wrong,ConvAbuse-test-550,0,0,0.0,0.0,somewhat uncertain
ConvAbuse,blind,topk_wrong,ConvAbuse-test-551,0,0,0.0,0.1875,not uncertain
ConvAbuse,blind,topk_wrong,ConvAbuse-test-552,0,0,0.0,0.0,not uncertain
ConvAbuse,blind,topk_wrong,ConvAbuse-test-553,0,0,0.0,0.0,not uncertain
ConvAbuse,blind,topk_wrong,ConvAbuse-test-554,0,0,0.0,0.0,not uncertain
ConvAbuse,blind,topk_wrong,ConvAbuse-test-555,0,0,0.0,0.0,not uncertain
ConvAbuse,blind,topk_wrong,ConvAbuse-test-556,1,1,0.2495868215773704,0.0,not uncertain
ConvAbuse,blind,topk_wrong,ConvAbuse-test-557,0,0,0.0297607921835077,0.0,not uncertain
ConvAbuse,blind,topk_wrong,ConvAbuse-test-558,0,0,0.0,0.0,not uncertain
ConvAbuse,blind,topk_wrong,ConvAbuse-test-559,0,0,0.0,0.0,highly uncertain
ConvAbuse,blind,topk_wrong,ConvAbuse-test-560,0,0,0.0,0.0,not uncertain
ConvAbuse,blind,topk_wrong,ConvAbuse-test-561,0,1,0.0,0.25,not uncertain
ConvAbuse,blind,topk_wrong,ConvAbuse-test-562,0,0,0.0,0.0,somewhat uncertain
ConvAbuse,blind,topk_wrong,ConvAbuse-test-563,0,0,0.0,0.0,not uncertain
ConvAbuse,blind,topk_wrong,ConvAbuse-test-564,0,0,0.0333612276670414,0.0,not uncertain
ConvAbuse,blind,topk_wrong,ConvAbuse-test-565,0,0,0.0,0.0,not uncertain
ConvAbuse,blind,topk_wrong,ConvAbuse-test-566,0,0,0.0,0.0,not uncertain
ConvAbuse,blind,topk_wrong,ConvAbuse-test-567,0,0,0.0,0.2222222222222222,not uncertain
ConvAbuse,blind,topk_wrong,ConvAbuse-test-568,0,0,0.0,0.0,not uncertain
ConvAbuse,blind,topk_wrong,ConvAbuse-test-569,1,1,0.0,0.2222222222222222,not uncertain
ConvAbuse,blind,topk_wrong,ConvAbuse-test-570,0,0,0.0,0.0,not uncertain
ConvAbuse,blind,topk_wrong,ConvAbuse-test-571,1,1,0.0,0.25,not uncertain
ConvAbuse,blind,topk_wrong,ConvAbuse-test-572,0,1,0.0512481574331115,0.25,highly uncertain
ConvAbuse,blind,topk_wrong,ConvAbuse-test-573,0,0,0.0,0.0,not uncertain
ConvAbuse,blind,topk_wrong,ConvAbuse-test-574,0,0,0.0,0.0,somewhat uncertain
ConvAbuse,blind,topk_wrong,ConvAbuse-test-575,0,0,0.0,0.0,not uncertain
ConvAbuse,blind,topk_wrong,ConvAbuse-test-576,1,0,0.1538510688644014,0.0,highly uncertain
ConvAbuse,blind,topk_wrong,ConvAbuse-test-577,0,0,0.1504212965272275,0.0,somewhat uncertain
ConvAbuse,blind,topk_wrong,ConvAbuse-test-578,1,1,0.0,0.0,not uncertain
ConvAbuse,blind,topk_wrong,ConvAbuse-test-579,1,1,0.0,0.2222222222222222,somewhat uncertain
ConvAbuse,blind,topk_wrong,ConvAbuse-test-580,0,0,0.0,0.0,not uncertain
ConvAbuse,blind,topk_wrong,ConvAbuse-test-581,0,0,0.0,0.0,not uncertain
ConvAbuse,blind,topk_wrong,ConvAbuse-test-582,0,0,0.0647541696506114,0.2222222222222222,not uncertain
ConvAbuse,blind,topk_wrong,ConvAbuse-test-583,0,0,0.0,0.0,not uncertain
ConvAbuse,blind,topk_wrong,ConvAbuse-test-584,1,1,0.0,0.0,not uncertain
ConvAbuse,blind,topk_wrong,ConvAbuse-test-585,0,0,0.0,0.0,not uncertain
ConvAbuse,blind,topk_wrong,ConvAbuse-test-586,0,0,0.0,0.0,somewhat uncertain
ConvAbuse,blind,topk_wrong,ConvAbuse-test-587,0,0,0.0,0.0,not uncertain
ConvAbuse,blind,topk_wrong,ConvAbuse-test-588,0,0,0.0,0.0,not uncertain
ConvAbuse,blind,topk_wrong,ConvAbuse-test-589,0,0,0.0,0.0,not uncertain
ConvAbuse,blind,topk_wrong,ConvAbuse-test-590,0,0,0.0,0.0,not uncertain
ConvAbuse,blind,topk_wrong,ConvAbuse-test-591,0,0,0.043951597536886,0.0,highly uncertain
ConvAbuse,blind,topk_wrong,ConvAbuse-test-592,0,0,0.0,0.0,not uncertain
ConvAbuse,blind,topk_wrong,ConvAbuse-test-593,0,0,0.0,0.0,not uncertain
ConvAbuse,blind,topk_wrong,ConvAbuse-test-594,0,0,0.0,0.0,not uncertain
ConvAbuse,blind,topk_wrong,ConvAbuse-test-595,0,0,0.0,0.0,not uncertain
ConvAbuse,blind,topk_wrong,ConvAbuse-test-596,1,0,0.2442353616456592,0.0,not uncertain
ConvAbuse,blind,topk_wrong,ConvAbuse-test-597,0,0,0.0519805855260566,0.0,not uncertain
ConvAbuse,blind,topk_wrong,ConvAbuse-test-598,0,0,0.0598769672778933,0.0,not uncertain
ConvAbuse,blind,topk_wrong,ConvAbuse-test-599,1,1,0.0,0.2222222222222222,not uncertain
ConvAbuse,blind,topk_wrong,ConvAbuse-test-600,0,0,0.0,0.0,not uncertain
ConvAbuse,blind,topk_wrong,ConvAbuse-test-601,0,0,0.0,0.0,not uncertain
ConvAbuse,blind,topk_wrong,ConvAbuse-test-602,1,0,0.0594828390446501,0.2222222222222222,highly uncertain
ConvAbuse,blind,topk_wrong,ConvAbuse-test-603,1,0,0.1444580041213422,0.0,somewhat uncertain
ConvAbuse,blind,topk_wrong,ConvAbuse-test-604,0,1,0.0358668132019825,0.1875,not uncertain
ConvAbuse,blind,topk_wrong,ConvAbuse-test-605,0,0,0.0,0.0,not uncertain
ConvAbuse,blind,topk_wrong,ConvAbuse-test-606,0,0,0.0,0.0,not uncertain
ConvAbuse,blind,topk_wrong,ConvAbuse-test-607,1,1,0.0,0.2222222222222222,not uncertain
ConvAbuse,blind,topk_wrong,ConvAbuse-test-608,1,1,0.0,0.24,not uncertain
ConvAbuse,blind,topk_wrong,ConvAbuse-test-609,1,1,0.0,0.0,not uncertain
ConvAbuse,blind,topk_wrong,ConvAbuse-test-610,0,0,0.0,0.0,not uncertain
ConvAbuse,blind,topk_wrong,ConvAbuse-test-611,0,0,0.0,0.0,not uncertain
ConvAbuse,blind,topk_wrong,ConvAbuse-test-612,0,0,0.0,0.0,not uncertain
ConvAbuse,blind,topk_wrong,ConvAbuse-test-613,1,1,0.0,0.0,not uncertain
ConvAbuse,blind,topk_wrong,ConvAbuse-test-614,0,0,0.0,0.0,somewhat uncertain
ConvAbuse,blind,topk_wrong,ConvAbuse-test-615,0,0,0.0,0.0,not uncertain
ConvAbuse,blind,topk_wrong,ConvAbuse-test-616,1,1,0.0,0.0,not uncertain
ConvAbuse,blind,topk_wrong,ConvAbuse-test-617,1,1,0.0,0.0,not uncertain
ConvAbuse,blind,topk_wrong,ConvAbuse-test-618,0,0,0.2400421563734976,0.0,not uncertain
ConvAbuse,blind,topk_wrong,ConvAbuse-test-619,0,0,0.0,0.0,not uncertain
ConvAbuse,blind,topk_wrong,ConvAbuse-test-620,0,0,0.0,0.0,not uncertain
ConvAbuse,blind,topk_wrong,ConvAbuse-test-621,0,0,0.0,0.0,not uncertain
ConvAbuse,blind,topk_wrong,ConvAbuse-test-622,1,1,0.0,0.0,not uncertain
ConvAbuse,blind,topk_wrong,ConvAbuse-test-623,0,0,0.0,0.0,not uncertain
ConvAbuse,blind,topk_wrong,ConvAbuse-test-624,0,0,0.0,0.0,not uncertain
ConvAbuse,blind,topk_wrong,ConvAbuse-test-625,0,0,0.0,0.0,not uncertain
ConvAbuse,blind,topk_wrong,ConvAbuse-test-626,0,0,0.0,0.0,somewhat uncertain
ConvAbuse,blind,topk_wrong,ConvAbuse-test-627,1,0,0.22195538729789,0.2222222222222222,not uncertain
ConvAbuse,blind,topk_wrong,ConvAbuse-test-628,0,0,0.0385185795905986,0.0,highly uncertain
ConvAbuse,blind,topk_wrong,ConvAbuse-test-629,1,1,0.0,0.25,not uncertain
ConvAbuse,blind,topk_wrong,ConvAbuse-test-630,0,0,0.0,0.2222222222222222,not uncertain
ConvAbuse,blind,topk_wrong,ConvAbuse-test-631,0,0,0.0,0.0,not uncertain
ConvAbuse,blind,topk_wrong,ConvAbuse-test-632,1,1,0.0,0.0,somewhat uncertain
ConvAbuse,blind,topk_wrong,ConvAbuse-test-633,1,1,0.0,0.2222222222222222,somewhat uncertain
ConvAbuse,blind,topk_wrong,ConvAbuse-test-634,0,0,0.0,0.0,not uncertain
ConvAbuse,blind,topk_wrong,ConvAbuse-test-635,0,0,0.0,0.0,not uncertain
ConvAbuse,blind,topk_wrong,ConvAbuse-test-636,0,0,0.0275687529170733,0.0,highly uncertain
ConvAbuse,blind,topk_wrong,ConvAbuse-test-637,0,0,0.0357063163690641,0.0,not uncertain
ConvAbuse,blind,topk_wrong,ConvAbuse-test-638,0,0,0.0,0.0,not uncertain
ConvAbuse,blind,topk_wrong,ConvAbuse-test-639,1,0,0.2435481560948993,0.0,not uncertain
ConvAbuse,blind,topk_wrong,ConvAbuse-test-640,0,1,0.0,0.25,somewhat uncertain
ConvAbuse,blind,topk_wrong,ConvAbuse-test-641,0,0,0.0,0.0,not uncertain
ConvAbuse,blind,topk_wrong,ConvAbuse-test-642,0,0,0.0,0.0,not uncertain
ConvAbuse,blind,topk_wrong,ConvAbuse-test-643,0,1,0.0,0.25,not uncertain
ConvAbuse,blind,topk_wrong,ConvAbuse-test-644,1,0,0.0,0.2222222222222222,not uncertain
ConvAbuse,blind,topk_wrong,ConvAbuse-test-645,1,1,0.0,0.0,not uncertain
ConvAbuse,blind,topk_wrong,ConvAbuse-test-646,1,1,0.0,0.0,not uncertain
ConvAbuse,blind,topk_wrong,ConvAbuse-test-647,1,1,0.0,0.0,not uncertain
ConvAbuse,blind,topk_wrong,ConvAbuse-test-648,0,0,0.0,0.0,somewhat uncertain
ConvAbuse,blind,topk_wrong,ConvAbuse-test-649,1,0,0.0,0.0,highly uncertain
ConvAbuse,blind,topk_wrong,ConvAbuse-test-650,0,0,0.0,0.0,not uncertain
ConvAbuse,blind,topk_wrong,ConvAbuse-test-651,0,0,0.1026956639986583,0.2222222222222222,not uncertain
ConvAbuse,blind,topk_wrong,ConvAbuse-test-652,1,0,0.2219993834537512,0.0,not uncertain
ConvAbuse,blind,topk_wrong,ConvAbuse-test-653,0,0,0.0,0.0,not uncertain
ConvAbuse,blind,topk_wrong,ConvAbuse-test-654,1,1,0.0,0.0,not uncertain
ConvAbuse,blind,topk_wrong,ConvAbuse-test-655,0,0,0.0373536427622177,0.0,not uncertain
ConvAbuse,blind,topk_wrong,ConvAbuse-test-656,0,0,0.0,0.0,not uncertain
ConvAbuse,blind,topk_wrong,ConvAbuse-test-657,0,0,0.0,0.0,not uncertain
ConvAbuse,blind,topk_wrong,ConvAbuse-test-658,1,0,0.0394901377852816,0.0,not uncertain
ConvAbuse,blind,topk_wrong,ConvAbuse-test-659,0,0,0.0,0.0,highly uncertain
ConvAbuse,blind,topk_wrong,ConvAbuse-test-660,0,0,0.0,0.0,not uncertain
ConvAbuse,blind,topk_wrong,ConvAbuse-test-661,1,1,0.0580547237738504,0.0,somewhat uncertain
ConvAbuse,blind,topk_wrong,ConvAbuse-test-662,0,0,0.0,0.0,not uncertain
ConvAbuse,blind,topk_wrong,ConvAbuse-test-663,1,1,0.1053989330556178,0.2222222222222222,somewhat uncertain
ConvAbuse,blind,topk_wrong,ConvAbuse-test-664,1,1,0.0,0.2222222222222222,somewhat uncertain
ConvAbuse,blind,topk_wrong,ConvAbuse-test-665,0,0,0.0,0.0,highly uncertain
ConvAbuse,blind,topk_wrong,ConvAbuse-test-666,0,0,0.0,0.0,not uncertain
ConvAbuse,blind,topk_wrong,ConvAbuse-test-667,0,0,0.0,0.2222222222222222,not uncertain
ConvAbuse,blind,topk_wrong,ConvAbuse-test-668,0,0,0.0,0.0,highly uncertain
ConvAbuse,blind,topk_wrong,ConvAbuse-test-669,0,0,0.0,0.0,not uncertain
ConvAbuse,blind,topk_wrong,ConvAbuse-test-670,0,0,0.0,0.0,not uncertain
ConvAbuse,blind,topk_wrong,ConvAbuse-test-671,1,0,0.2205857205818637,0.0,not uncertain
ConvAbuse,blind,topk_wrong,ConvAbuse-test-672,0,0,0.2453566195835994,0.0,highly uncertain
ConvAbuse,blind,topk_wrong,ConvAbuse-test-673,1,1,0.0,0.2222222222222222,somewhat uncertain
ConvAbuse,blind,topk_wrong,ConvAbuse-test-674,0,0,0.0,0.0,not uncertain
ConvAbuse,blind,topk_wrong,ConvAbuse-test-675,0,0,0.2112914427565185,0.0,somewhat uncertain
ConvAbuse,blind,topk_wrong,ConvAbuse-test-676,1,0,0.120872855162066,0.0,highly uncertain
ConvAbuse,blind,topk_wrong,ConvAbuse-test-677,0,0,0.0217529213696456,0.0,not uncertain
ConvAbuse,blind,topk_wrong,ConvAbuse-test-678,1,1,0.0,0.25,not uncertain
ConvAbuse,blind,topk_wrong,ConvAbuse-test-679,0,0,0.0,0.1875,not uncertain
ConvAbuse,blind,topk_wrong,ConvAbuse-test-680,0,0,0.0,0.0,not uncertain
ConvAbuse,blind,topk_wrong,ConvAbuse-test-681,0,0,0.0,0.2222222222222222,somewhat uncertain
ConvAbuse,blind,topk_wrong,ConvAbuse-test-682,1,1,0.0,0.0,not uncertain
ConvAbuse,blind,topk_wrong,ConvAbuse-test-683,0,0,0.0,0.0,not uncertain
ConvAbuse,blind,topk_wrong,ConvAbuse-test-684,0,0,0.0,0.0,not uncertain
ConvAbuse,blind,topk_wrong,ConvAbuse-test-685,0,0,0.0,0.0,somewhat uncertain
ConvAbuse,blind,topk_wrong,ConvAbuse-test-686,1,1,0.0,0.0,highly uncertain
ConvAbuse,blind,topk_wrong,ConvAbuse-test-687,0,0,0.0,0.0,somewhat uncertain
ConvAbuse,blind,topk_wrong,ConvAbuse-test-688,0,0,0.0,0.0,not uncertain
ConvAbuse,blind,topk_wrong,ConvAbuse-test-689,0,0,0.0,0.0,not uncertain
ConvAbuse,blind,topk_wrong,ConvAbuse-test-690,0,0,0.0,0.0,not uncertain
ConvAbuse,blind,topk_wrong,ConvAbuse-test-691,0,0,0.0,0.1388888888888888,somewhat uncertain
ConvAbuse,blind,topk_wrong,ConvAbuse-test-692,0,0,0.0,0.0,highly uncertain
ConvAbuse,blind,topk_wrong,ConvAbuse-test-693,0,0,0.0,0.0,not uncertain
ConvAbuse,blind,topk_wrong,ConvAbuse-test-694,0,0,0.0,0.0,not uncertain
ConvAbuse,blind,topk_wrong,ConvAbuse-test-695,1,1,0.1672501618381033,0.2222222222222222,somewhat uncertain
ConvAbuse,blind,topk_wrong,ConvAbuse-test-696,0,0,0.2478593405804541,0.0,not uncertain
ConvAbuse,blind,topk_wrong,ConvAbuse-test-697,0,0,0.0,0.0,not uncertain
ConvAbuse,blind,topk_wrong,ConvAbuse-test-698,0,0,0.0,0.0,not uncertain
ConvAbuse,blind,topk_wrong,ConvAbuse-test-699,0,0,0.0,0.0,not uncertain
ConvAbuse,blind,topk_wrong,ConvAbuse-test-700,0,0,0.0,0.0,not uncertain
ConvAbuse,blind,topk_wrong,ConvAbuse-test-701,1,1,0.0,0.0,highly uncertain
ConvAbuse,blind,topk_wrong,ConvAbuse-test-702,0,0,0.0401274496471171,0.0,not uncertain
ConvAbuse,blind,topk_wrong,ConvAbuse-test-703,0,0,0.0,0.0,not uncertain
ConvAbuse,blind,topk_wrong,ConvAbuse-test-704,1,1,0.0,0.0,somewhat uncertain
ConvAbuse,blind,topk_wrong,ConvAbuse-test-705,0,0,0.0,0.0,not uncertain
ConvAbuse,blind,topk_wrong,ConvAbuse-test-706,0,0,0.0,0.0,highly uncertain
ConvAbuse,blind,topk_wrong,ConvAbuse-test-707,1,1,0.0,0.0,not uncertain
ConvAbuse,blind,topk_wrong,ConvAbuse-test-708,0,0,0.021902876336682,0.0,highly uncertain
ConvAbuse,blind,topk_wrong,ConvAbuse-test-709,1,0,0.1507248755797055,0.2222222222222222,not uncertain
ConvAbuse,blind,topk_wrong,ConvAbuse-test-710,1,1,0.1700750934174598,0.25,not uncertain
ConvAbuse,blind,topk_wrong,ConvAbuse-test-711,0,0,0.0,0.0,not uncertain
ConvAbuse,blind,topk_wrong,ConvAbuse-test-712,0,0,0.0,0.0,not uncertain
ConvAbuse,blind,topk_wrong,ConvAbuse-test-713,1,1,0.0,0.0,not uncertain
ConvAbuse,blind,topk_wrong,ConvAbuse-test-714,1,1,0.0,0.2222222222222222,somewhat uncertain
ConvAbuse,blind,topk_wrong,ConvAbuse-test-715,1,0,0.0,0.2222222222222222,not uncertain
ConvAbuse,blind,topk_wrong,ConvAbuse-test-716,0,0,0.0,0.0,not uncertain
ConvAbuse,blind,topk_wrong,ConvAbuse-test-717,1,1,0.0696345366817104,0.0,somewhat uncertain
ConvAbuse,blind,topk_wrong,ConvAbuse-test-718,0,0,0.102843065531563,0.0,highly uncertain
ConvAbuse,blind,topk_wrong,ConvAbuse-test-719,0,0,0.0,0.0,not uncertain
ConvAbuse,blind,topk_wrong,ConvAbuse-test-720,0,0,0.0,0.0,not uncertain
ConvAbuse,blind,topk_wrong,ConvAbuse-test-721,1,1,0.0,0.0,somewhat uncertain
ConvAbuse,blind,topk_wrong,ConvAbuse-test-722,0,0,0.0,0.0,not uncertain
ConvAbuse,blind,topk_wrong,ConvAbuse-test-723,0,0,0.0,0.0,not uncertain
ConvAbuse,blind,topk_wrong,ConvAbuse-test-724,0,0,0.038130914094232,0.0,not uncertain
ConvAbuse,blind,topk_wrong,ConvAbuse-test-725,0,0,0.2431676294588581,0.0,highly uncertain
ConvAbuse,blind,topk_wrong,ConvAbuse-test-726,1,1,0.0,0.1875,not uncertain
ConvAbuse,blind,topk_wrong,ConvAbuse-test-727,0,0,0.0,0.0,not uncertain
ConvAbuse,blind,topk_wrong,ConvAbuse-test-728,0,0,0.0,0.0,not uncertain
ConvAbuse,blind,topk_wrong,ConvAbuse-test-729,0,0,0.0,0.0,not uncertain
ConvAbuse,blind,topk_wrong,ConvAbuse-test-730,0,0,0.0,0.0,not uncertain
ConvAbuse,blind,topk_wrong,ConvAbuse-test-731,0,0,0.0,0.0,highly uncertain
ConvAbuse,blind,topk_wrong,ConvAbuse-test-732,1,0,0.0317147876731234,0.0,highly uncertain
ConvAbuse,blind,topk_wrong,ConvAbuse-test-733,1,1,0.0,0.0,not uncertain
ConvAbuse,blind,topk_wrong,ConvAbuse-test-734,0,0,0.0,0.0,not uncertain
ConvAbuse,blind,topk_wrong,ConvAbuse-test-735,1,1,0.0,0.0,highly uncertain
ConvAbuse,blind,topk_wrong,ConvAbuse-test-736,0,0,0.0,0.0,not uncertain
ConvAbuse,blind,topk_wrong,ConvAbuse-test-737,0,0,0.0517623040381709,0.0,not uncertain
ConvAbuse,blind,topk_wrong,ConvAbuse-test-738,1,1,0.0,0.0,not uncertain
ConvAbuse,blind,topk_wrong,ConvAbuse-test-739,0,0,0.0,0.0,not uncertain
ConvAbuse,blind,topk_wrong,ConvAbuse-test-740,0,0,0.0,0.0,not uncertain
ConvAbuse,blind,topk_wrong,ConvAbuse-test-741,1,1,0.0,0.25,somewhat uncertain
ConvAbuse,blind,topk_wrong,ConvAbuse-test-742,1,1,0.0,0.0,not uncertain
ConvAbuse,blind,topk_wrong,ConvAbuse-test-743,0,0,0.0,0.0,not uncertain
ConvAbuse,blind,topk_wrong,ConvAbuse-test-744,0,0,0.0959279847316903,0.24,not uncertain
ConvAbuse,blind,topk_wrong,ConvAbuse-test-745,1,1,0.0,0.0,not uncertain
ConvAbuse,blind,topk_wrong,ConvAbuse-test-746,0,0,0.0,0.0,highly uncertain
ConvAbuse,blind,topk_wrong,ConvAbuse-test-747,0,0,0.0,0.0,not uncertain
ConvAbuse,blind,topk_wrong,ConvAbuse-test-748,0,1,0.0,0.25,not uncertain
ConvAbuse,blind,topk_wrong,ConvAbuse-test-749,1,0,0.0568510650777585,0.2222222222222222,somewhat uncertain
ConvAbuse,blind,topk_wrong,ConvAbuse-test-750,0,0,0.0,0.0,not uncertain
ConvAbuse,blind,topk_wrong,ConvAbuse-test-751,0,0,0.2097450498730748,0.1875,highly uncertain
ConvAbuse,blind,topk_wrong,ConvAbuse-test-752,0,0,0.0,0.0,not uncertain
ConvAbuse,blind,topk_wrong,ConvAbuse-test-753,0,0,0.0,0.0,not uncertain
ConvAbuse,blind,topk_wrong,ConvAbuse-test-754,0,0,0.0,0.0,highly uncertain
ConvAbuse,blind,topk_wrong,ConvAbuse-test-755,1,1,0.0,0.2222222222222222,not uncertain
ConvAbuse,blind,topk_wrong,ConvAbuse-test-756,0,0,0.0,0.0,not uncertain
ConvAbuse,blind,topk_wrong,ConvAbuse-test-757,0,0,0.0,0.2222222222222222,highly uncertain
ConvAbuse,blind,topk_wrong,ConvAbuse-test-758,0,0,0.0,0.0,not uncertain
ConvAbuse,blind,topk_wrong,ConvAbuse-test-759,1,1,0.0,0.0,not uncertain
ConvAbuse,blind,topk_wrong,ConvAbuse-test-760,0,0,0.0,0.0,not uncertain
ConvAbuse,blind,topk_wrong,ConvAbuse-test-761,0,0,0.0,0.0,highly uncertain
ConvAbuse,blind,topk_wrong,ConvAbuse-test-762,1,0,0.0860517719092414,0.0,somewhat uncertain
ConvAbuse,blind,topk_wrong,ConvAbuse-test-763,0,0,0.0,0.0,not uncertain
ConvAbuse,blind,topk_wrong,ConvAbuse-test-764,1,1,0.0,0.0,not uncertain
ConvAbuse,blind,topk_wrong,ConvAbuse-test-765,1,1,0.0,0.2222222222222222,not uncertain
ConvAbuse,blind,topk_wrong,ConvAbuse-test-766,0,0,0.0,0.0,not uncertain
ConvAbuse,blind,topk_wrong,ConvAbuse-test-767,0,0,0.0,0.0,not uncertain
ConvAbuse,blind,topk_wrong,ConvAbuse-test-768,0,0,0.0,0.0,not uncertain
ConvAbuse,blind,topk_wrong,ConvAbuse-test-769,0,0,0.0230622284058988,0.0,somewhat uncertain
ConvAbuse,blind,topk_wrong,ConvAbuse-test-770,0,0,0.0,0.2222222222222222,not uncertain
ConvAbuse,blind,topk_wrong,ConvAbuse-test-771,0,0,0.0,0.0,not uncertain
ConvAbuse,blind,topk_wrong,ConvAbuse-test-772,1,1,0.0,0.2222222222222222,somewhat uncertain
ConvAbuse,blind,topk_wrong,ConvAbuse-test-773,0,0,0.0,0.0,not uncertain
ConvAbuse,blind,topk_wrong,ConvAbuse-test-774,0,0,0.0,0.0,not uncertain
ConvAbuse,blind,topk_wrong,ConvAbuse-test-775,1,1,0.0,0.2222222222222222,somewhat uncertain
ConvAbuse,blind,topk_wrong,ConvAbuse-test-776,0,0,0.0,0.0,not uncertain
ConvAbuse,blind,topk_wrong,ConvAbuse-test-777,0,0,0.0,0.0,not uncertain
ConvAbuse,blind,topk_wrong,ConvAbuse-test-778,0,0,0.1110217976280795,0.0,not uncertain
ConvAbuse,blind,topk_wrong,ConvAbuse-test-779,1,1,0.0,0.25,highly uncertain
ConvAbuse,blind,topk_wrong,ConvAbuse-test-780,1,1,0.0,0.0,somewhat uncertain
ConvAbuse,blind,topk_wrong,ConvAbuse-test-781,0,0,0.0,0.0,not uncertain
ConvAbuse,blind,topk_wrong,ConvAbuse-test-782,0,0,0.0,0.0,not uncertain
ConvAbuse,blind,topk_wrong,ConvAbuse-test-783,0,0,0.0,0.0,not uncertain
ConvAbuse,blind,topk_wrong,ConvAbuse-test-784,0,0,0.0,0.0,highly uncertain
ConvAbuse,blind,topk_wrong,ConvAbuse-test-785,1,1,0.0,0.0,not uncertain
ConvAbuse,blind,topk_wrong,ConvAbuse-test-786,0,0,0.0,0.0,not uncertain
ConvAbuse,blind,topk_wrong,ConvAbuse-test-787,0,0,0.1775546320894857,0.2222222222222222,not uncertain
ConvAbuse,blind,topk_wrong,ConvAbuse-test-788,1,1,0.0,0.0,not uncertain
ConvAbuse,blind,topk_wrong,ConvAbuse-test-789,0,0,0.1176266941475735,0.0,somewhat uncertain
ConvAbuse,blind,topk_wrong,ConvAbuse-test-790,1,0,0.2040773234319343,0.2222222222222222,somewhat uncertain
ConvAbuse,blind,topk_wrong,ConvAbuse-test-791,0,0,0.0,0.0,not uncertain
ConvAbuse,blind,topk_wrong,ConvAbuse-test-792,0,0,0.0,0.0,not uncertain
ConvAbuse,blind,topk_wrong,ConvAbuse-test-793,0,0,0.0,0.0,not uncertain
ConvAbuse,blind,topk_wrong,ConvAbuse-test-794,0,0,0.0,0.0,not uncertain
ConvAbuse,blind,topk_wrong,ConvAbuse-test-795,0,0,0.0550591062689693,0.0,not uncertain
ConvAbuse,blind,topk_wrong,ConvAbuse-test-796,0,0,0.0,0.0,not uncertain
ConvAbuse,blind,topk_wrong,ConvAbuse-test-797,0,0,0.0,0.0,not uncertain
ConvAbuse,blind,topk_wrong,ConvAbuse-test-798,0,0,0.0,0.0,not uncertain
ConvAbuse,blind,topk_wrong,ConvAbuse-test-799,1,1,0.0,0.0,highly uncertain
ConvAbuse,blind,topk_wrong,ConvAbuse-test-800,0,0,0.0,0.0,not uncertain
ConvAbuse,blind,topk_wrong,ConvAbuse-test-801,0,0,0.0,0.0,not uncertain
ConvAbuse,blind,topk_wrong,ConvAbuse-test-802,0,0,0.0,0.0,not uncertain
ConvAbuse,blind,topk_wrong,ConvAbuse-test-803,0,0,0.0,0.0,not uncertain
ConvAbuse,blind,topk_wrong,ConvAbuse-test-804,1,1,0.0,0.0,not uncertain
ConvAbuse,blind,topk_wrong,ConvAbuse-test-805,0,0,0.0,0.0,not uncertain
ConvAbuse,blind,topk_wrong,ConvAbuse-test-806,1,1,0.0,0.2222222222222222,somewhat uncertain
ConvAbuse,blind,topk_wrong,ConvAbuse-test-807,1,0,0.0,0.0,not uncertain
ConvAbuse,blind,topk_wrong,ConvAbuse-test-808,0,0,0.0,0.0,not uncertain
ConvAbuse,blind,topk_wrong,ConvAbuse-test-809,0,0,0.0,0.0,highly uncertain
ConvAbuse,blind,topk_wrong,ConvAbuse-test-810,1,0,0.2383191625453634,0.2222222222222222,somewhat uncertain
ConvAbuse,blind,topk_wrong,ConvAbuse-test-811,0,0,0.0,0.0,not uncertain
ConvAbuse,blind,topk_wrong,ConvAbuse-test-812,0,0,0.0,0.0,not uncertain
ConvAbuse,blind,topk_wrong,ConvAbuse-test-813,0,0,0.0,0.0,not uncertain
ConvAbuse,blind,topk_wrong,ConvAbuse-test-814,0,0,0.0,0.0,highly uncertain
ConvAbuse,blind,topk_wrong,ConvAbuse-test-815,1,1,0.0,0.0,somewhat uncertain
ConvAbuse,blind,topk_wrong,ConvAbuse-test-816,0,0,0.0,0.0,not uncertain
ConvAbuse,blind,topk_wrong,ConvAbuse-test-817,1,1,0.0,0.0,not uncertain
ConvAbuse,blind,topk_wrong,ConvAbuse-test-818,0,0,0.0,0.0,not uncertain
ConvAbuse,blind,topk_wrong,ConvAbuse-test-819,0,0,0.0,0.0,not uncertain
ConvAbuse,blind,topk_wrong,ConvAbuse-test-820,1,1,0.0,0.0,not uncertain
ConvAbuse,blind,topk_wrong,ConvAbuse-test-821,0,0,0.0,0.0,not uncertain
ConvAbuse,blind,topk_wrong,ConvAbuse-test-822,0,0,0.2341314080058561,0.0,not uncertain
ConvAbuse,blind,topk_wrong,ConvAbuse-test-823,0,0,0.0,0.0,not uncertain
ConvAbuse,blind,topk_wrong,ConvAbuse-test-824,0,0,0.0,0.0,not uncertain
ConvAbuse,blind,topk_wrong,ConvAbuse-test-825,0,0,0.0,0.0,not uncertain
ConvAbuse,blind,topk_wrong,ConvAbuse-test-826,0,0,0.0,0.0,not uncertain
ConvAbuse,blind,topk_wrong,ConvAbuse-test-827,1,1,0.0,0.25,somewhat uncertain
ConvAbuse,blind,topk_wrong,ConvAbuse-test-828,0,0,0.0,0.0,not uncertain
ConvAbuse,blind,topk_wrong,ConvAbuse-test-829,0,0,0.0,0.2222222222222222,not uncertain
ConvAbuse,blind,topk_wrong,ConvAbuse-test-830,0,0,0.0,0.0,highly uncertain
ConvAbuse,blind,topk_wrong,ConvAbuse-test-831,0,0,0.0,0.0,not uncertain
ConvAbuse,blind,topk_wrong,ConvAbuse-test-832,0,0,0.0,0.0,not uncertain
ConvAbuse,blind,topk_wrong,ConvAbuse-test-833,0,0,0.0,0.0,highly uncertain
ConvAbuse,blind,topk_wrong,ConvAbuse-test-834,0,0,0.0,0.0,not uncertain
ConvAbuse,blind,topk_wrong,ConvAbuse-test-835,0,0,0.0,0.0,not uncertain
ConvAbuse,blind,topk_wrong,ConvAbuse-test-836,1,0,0.09067895958201,0.0,not uncertain
ConvAbuse,blind,topk_wrong,ConvAbuse-test-837,0,0,0.0912186054760014,0.24,somewhat uncertain
ConvAbuse,blind,topk_wrong,ConvAbuse-test-838,1,1,0.0948779763317176,0.25,not uncertain
ConvAbuse,blind,topk_wrong,ConvAbuse-test-839,0,1,0.0,0.25,not uncertain
ConvAbuse,blind,topk_wrong,ConvAbuse-test-840,0,0,0.0,0.0,not uncertain
ConvAbuse,blind,pros_cons,ConvAbuse-test-1,0,0,0.0,0.0,not uncertain
ConvAbuse,blind,pros_cons,ConvAbuse-test-2,1,0,0.1784951339253118,0.1599999999999999,not uncertain
ConvAbuse,blind,pros_cons,ConvAbuse-test-3,0,0,0.0,0.0,not uncertain
ConvAbuse,blind,pros_cons,ConvAbuse-test-4,0,1,0.1038409233418687,0.0,not uncertain
ConvAbuse,blind,pros_cons,ConvAbuse-test-5,0,0,0.0,0.0,not uncertain
ConvAbuse,blind,pros_cons,ConvAbuse-test-6,0,0,0.0,0.0,not uncertain
ConvAbuse,blind,pros_cons,ConvAbuse-test-7,0,0,0.0,0.0,not uncertain
ConvAbuse,blind,pros_cons,ConvAbuse-test-8,0,0,0.0,0.0,not uncertain
ConvAbuse,blind,pros_cons,ConvAbuse-test-9,0,0,0.0,0.0,not uncertain
ConvAbuse,blind,pros_cons,ConvAbuse-test-10,0,0,0.0,0.1599999999999999,not uncertain
ConvAbuse,blind,pros_cons,ConvAbuse-test-11,0,0,0.0,0.0,not uncertain
ConvAbuse,blind,pros_cons,ConvAbuse-test-12,0,0,0.0,0.0,not uncertain
ConvAbuse,blind,pros_cons,ConvAbuse-test-13,0,0,0.0,0.0,not uncertain
ConvAbuse,blind,pros_cons,ConvAbuse-test-14,0,0,0.0,0.0,not uncertain
ConvAbuse,blind,pros_cons,ConvAbuse-test-15,0,0,0.0336322043637221,0.2222222222222222,not uncertain
ConvAbuse,blind,pros_cons,ConvAbuse-test-16,0,0,0.0,0.0,not uncertain
ConvAbuse,blind,pros_cons,ConvAbuse-test-17,0,0,0.0,0.0,not uncertain
ConvAbuse,blind,pros_cons,ConvAbuse-test-18,0,0,0.0,0.1599999999999999,not uncertain
ConvAbuse,blind,pros_cons,ConvAbuse-test-19,0,0,0.0,0.0,not uncertain
ConvAbuse,blind,pros_cons,ConvAbuse-test-20,0,0,0.0,0.0,not uncertain
ConvAbuse,blind,pros_cons,ConvAbuse-test-21,0,0,0.0,0.0,not uncertain
ConvAbuse,blind,pros_cons,ConvAbuse-test-22,1,1,0.0,0.0,not uncertain
ConvAbuse,blind,pros_cons,ConvAbuse-test-23,0,0,0.0,0.0,not uncertain
ConvAbuse,blind,pros_cons,ConvAbuse-test-24,0,0,0.0,0.0,not uncertain
ConvAbuse,blind,pros_cons,ConvAbuse-test-25,0,0,0.0,0.0,not uncertain
ConvAbuse,blind,pros_cons,ConvAbuse-test-26,0,0,0.0,0.0,not uncertain
ConvAbuse,blind,pros_cons,ConvAbuse-test-27,0,0,0.0,0.0,not uncertain
ConvAbuse,blind,pros_cons,ConvAbuse-test-28,0,0,0.0,0.0,not uncertain
ConvAbuse,blind,pros_cons,ConvAbuse-test-29,0,0,0.0,0.0,not uncertain
ConvAbuse,blind,pros_cons,ConvAbuse-test-30,0,0,0.0,0.0,not uncertain
ConvAbuse,blind,pros_cons,ConvAbuse-test-31,0,0,0.0,0.0,not uncertain
ConvAbuse,blind,pros_cons,ConvAbuse-test-32,0,0,0.0,0.0,not uncertain
ConvAbuse,blind,pros_cons,ConvAbuse-test-33,0,0,0.0,0.0,not uncertain
ConvAbuse,blind,pros_cons,ConvAbuse-test-34,0,0,0.0,0.0,not uncertain
ConvAbuse,blind,pros_cons,ConvAbuse-test-35,0,0,0.0,0.1875,not uncertain
ConvAbuse,blind,pros_cons,ConvAbuse-test-36,1,0,0.1123269528388451,0.0,not uncertain
ConvAbuse,blind,pros_cons,ConvAbuse-test-37,0,0,0.0,0.0,not uncertain
ConvAbuse,blind,pros_cons,ConvAbuse-test-38,0,0,0.0,0.2222222222222222,not uncertain
ConvAbuse,blind,pros_cons,ConvAbuse-test-39,1,0,0.1390307597572984,0.2222222222222222,not uncertain
ConvAbuse,blind,pros_cons,ConvAbuse-test-40,0,0,0.0,0.0,not uncertain
ConvAbuse,blind,pros_cons,ConvAbuse-test-41,0,0,0.0,0.0,not uncertain
ConvAbuse,blind,pros_cons,ConvAbuse-test-42,0,0,0.0,0.0,not uncertain
ConvAbuse,blind,pros_cons,ConvAbuse-test-43,0,0,0.0,0.0,not uncertain
ConvAbuse,blind,pros_cons,ConvAbuse-test-44,0,0,0.0,0.0,not uncertain
ConvAbuse,blind,pros_cons,ConvAbuse-test-45,0,0,0.0,0.0,not uncertain
ConvAbuse,blind,pros_cons,ConvAbuse-test-46,0,0,0.0,0.0,not uncertain
ConvAbuse,blind,pros_cons,ConvAbuse-test-47,0,0,0.0,0.0,not uncertain
ConvAbuse,blind,pros_cons,ConvAbuse-test-48,0,1,0.0,0.2222222222222222,not uncertain
ConvAbuse,blind,pros_cons,ConvAbuse-test-49,0,0,0.0,0.0,not uncertain
ConvAbuse,blind,pros_cons,ConvAbuse-test-50,1,0,0.1732264184895312,0.0,not uncertain
ConvAbuse,blind,pros_cons,ConvAbuse-test-51,0,0,0.0,0.0,not uncertain
ConvAbuse,blind,pros_cons,ConvAbuse-test-52,0,0,0.0,0.0,not uncertain
ConvAbuse,blind,pros_cons,ConvAbuse-test-53,0,0,0.0,0.0,not uncertain
ConvAbuse,blind,pros_cons,ConvAbuse-test-54,0,1,0.1899498349180335,0.25,not uncertain
ConvAbuse,blind,pros_cons,ConvAbuse-test-55,0,0,0.0,0.0,not uncertain
ConvAbuse,blind,pros_cons,ConvAbuse-test-56,0,0,0.1508466525967849,0.0,not uncertain
ConvAbuse,blind,pros_cons,ConvAbuse-test-57,0,0,0.0,0.0,not uncertain
ConvAbuse,blind,pros_cons,ConvAbuse-test-58,0,0,0.0,0.0,not uncertain
ConvAbuse,blind,pros_cons,ConvAbuse-test-59,0,1,0.0,0.25,not uncertain
ConvAbuse,blind,pros_cons,ConvAbuse-test-60,0,0,0.0,0.0,not uncertain
ConvAbuse,blind,pros_cons,ConvAbuse-test-61,0,0,0.2431111196382209,0.0,not uncertain
ConvAbuse,blind,pros_cons,ConvAbuse-test-62,0,0,0.0,0.2222222222222222,not uncertain
ConvAbuse,blind,pros_cons,ConvAbuse-test-63,0,0,0.0,0.0,not uncertain
ConvAbuse,blind,pros_cons,ConvAbuse-test-64,0,0,0.0,0.0,not uncertain
ConvAbuse,blind,pros_cons,ConvAbuse-test-65,0,0,0.0,0.0,not uncertain
ConvAbuse,blind,pros_cons,ConvAbuse-test-66,0,0,0.0,0.0,not uncertain
ConvAbuse,blind,pros_cons,ConvAbuse-test-67,0,0,0.0,0.0,not uncertain
ConvAbuse,blind,pros_cons,ConvAbuse-test-68,1,1,0.0,0.0,somewhat uncertain
ConvAbuse,blind,pros_cons,ConvAbuse-test-69,0,0,0.0,0.0,not uncertain
ConvAbuse,blind,pros_cons,ConvAbuse-test-70,0,0,0.0,0.2222222222222222,not uncertain
ConvAbuse,blind,pros_cons,ConvAbuse-test-71,0,0,0.0,0.0,not uncertain
ConvAbuse,blind,pros_cons,ConvAbuse-test-72,0,0,0.0,0.0,not uncertain
ConvAbuse,blind,pros_cons,ConvAbuse-test-73,1,1,0.0292166004162299,0.25,not uncertain
ConvAbuse,blind,pros_cons,ConvAbuse-test-74,0,0,0.0,0.0,not uncertain
ConvAbuse,blind,pros_cons,ConvAbuse-test-75,0,0,0.0,0.0,not uncertain
ConvAbuse,blind,pros_cons,ConvAbuse-test-76,1,0,0.2319651737388495,0.0,somewhat uncertain
ConvAbuse,blind,pros_cons,ConvAbuse-test-77,1,1,0.0,0.1875,not uncertain
ConvAbuse,blind,pros_cons,ConvAbuse-test-78,0,0,0.0,0.0,not uncertain
ConvAbuse,blind,pros_cons,ConvAbuse-test-79,1,1,0.0,0.24,somewhat uncertain
ConvAbuse,blind,pros_cons,ConvAbuse-test-80,0,1,0.2192579439821154,0.2222222222222222,not uncertain
ConvAbuse,blind,pros_cons,ConvAbuse-test-81,0,0,0.0,0.0,not uncertain
ConvAbuse,blind,pros_cons,ConvAbuse-test-82,0,0,0.0,0.0,not uncertain
ConvAbuse,blind,pros_cons,ConvAbuse-test-83,1,1,0.0,0.0,highly uncertain
ConvAbuse,blind,pros_cons,ConvAbuse-test-84,1,1,0.0,0.0,not uncertain
ConvAbuse,blind,pros_cons,ConvAbuse-test-85,0,0,0.0,0.0,not uncertain
ConvAbuse,blind,pros_cons,ConvAbuse-test-86,0,0,0.0,0.0,not uncertain
ConvAbuse,blind,pros_cons,ConvAbuse-test-87,1,0,0.0,0.0,highly uncertain
ConvAbuse,blind,pros_cons,ConvAbuse-test-88,0,0,0.0,0.0,not uncertain
ConvAbuse,blind,pros_cons,ConvAbuse-test-89,0,0,0.0635422642946763,0.0,not uncertain
ConvAbuse,blind,pros_cons,ConvAbuse-test-90,0,0,0.0,0.0,not uncertain
ConvAbuse,blind,pros_cons,ConvAbuse-test-91,0,0,0.0,0.0,not uncertain
ConvAbuse,blind,pros_cons,ConvAbuse-test-92,0,0,0.0,0.0,not uncertain
ConvAbuse,blind,pros_cons,ConvAbuse-test-93,0,0,0.0,0.0,not uncertain
ConvAbuse,blind,pros_cons,ConvAbuse-test-94,1,0,0.0927579296800742,0.2222222222222222,somewhat uncertain
ConvAbuse,blind,pros_cons,ConvAbuse-test-95,1,1,0.0,0.0,not uncertain
ConvAbuse,blind,pros_cons,ConvAbuse-test-96,0,0,0.0,0.0,not uncertain
ConvAbuse,blind,pros_cons,ConvAbuse-test-97,0,0,0.0,0.0,not uncertain
ConvAbuse,blind,pros_cons,ConvAbuse-test-98,0,0,0.0,0.2222222222222222,not uncertain
ConvAbuse,blind,pros_cons,ConvAbuse-test-99,0,0,0.0,0.0,not uncertain
ConvAbuse,blind,pros_cons,ConvAbuse-test-100,0,0,0.0231097139386094,0.0,not uncertain
ConvAbuse,blind,pros_cons,ConvAbuse-test-101,1,1,0.0,0.0,not uncertain
ConvAbuse,blind,pros_cons,ConvAbuse-test-102,0,0,0.0,0.0,not uncertain
ConvAbuse,blind,pros_cons,ConvAbuse-test-103,0,1,0.1661867844358606,0.25,not uncertain
ConvAbuse,blind,pros_cons,ConvAbuse-test-104,0,1,0.2443720624375719,0.0,not uncertain
ConvAbuse,blind,pros_cons,ConvAbuse-test-105,0,0,0.0,0.0,not uncertain
ConvAbuse,blind,pros_cons,ConvAbuse-test-106,1,1,0.0,0.0,highly uncertain
ConvAbuse,blind,pros_cons,ConvAbuse-test-107,0,0,0.0,0.0,not uncertain
ConvAbuse,blind,pros_cons,ConvAbuse-test-108,0,0,0.0,0.0,not uncertain
ConvAbuse,blind,pros_cons,ConvAbuse-test-109,0,0,0.0,0.0,not uncertain
ConvAbuse,blind,pros_cons,ConvAbuse-test-110,0,0,0.0501155850447664,0.2222222222222222,not uncertain
ConvAbuse,blind,pros_cons,ConvAbuse-test-111,1,0,0.026016640003907,0.2222222222222222,somewhat uncertain
ConvAbuse,blind,pros_cons,ConvAbuse-test-112,1,1,0.0,0.0,highly uncertain
ConvAbuse,blind,pros_cons,ConvAbuse-test-113,1,1,0.0,0.0,somewhat uncertain
ConvAbuse,blind,pros_cons,ConvAbuse-test-114,0,0,0.0,0.0,not uncertain
ConvAbuse,blind,pros_cons,ConvAbuse-test-115,1,1,0.0,0.0,not uncertain
ConvAbuse,blind,pros_cons,ConvAbuse-test-116,0,0,0.0,0.0,not uncertain
ConvAbuse,blind,pros_cons,ConvAbuse-test-117,0,0,0.0,0.0,not uncertain
ConvAbuse,blind,pros_cons,ConvAbuse-test-118,0,0,0.0,0.0,not uncertain
ConvAbuse,blind,pros_cons,ConvAbuse-test-119,0,0,0.0,0.0,not uncertain
ConvAbuse,blind,pros_cons,ConvAbuse-test-120,0,0,0.0270285772522865,0.2222222222222222,not uncertain
ConvAbuse,blind,pros_cons,ConvAbuse-test-121,0,0,0.0,0.0,not uncertain
ConvAbuse,blind,pros_cons,ConvAbuse-test-122,1,0,0.1008188047833402,0.0,not uncertain
ConvAbuse,blind,pros_cons,ConvAbuse-test-123,0,0,0.0983084326621214,0.2222222222222222,not uncertain
ConvAbuse,blind,pros_cons,ConvAbuse-test-124,1,1,0.0,0.0,not uncertain
ConvAbuse,blind,pros_cons,ConvAbuse-test-125,1,1,0.0336440332502545,0.2222222222222222,somewhat uncertain
ConvAbuse,blind,pros_cons,ConvAbuse-test-126,1,1,0.0,0.0,not uncertain
ConvAbuse,blind,pros_cons,ConvAbuse-test-127,0,0,0.0,0.0,not uncertain
ConvAbuse,blind,pros_cons,ConvAbuse-test-128,0,0,0.0,0.0,not uncertain
ConvAbuse,blind,pros_cons,ConvAbuse-test-129,0,0,0.0,0.0,not uncertain
ConvAbuse,blind,pros_cons,ConvAbuse-test-130,0,1,0.0,0.25,not uncertain
ConvAbuse,blind,pros_cons,ConvAbuse-test-131,0,0,0.0547381005555893,0.0,not uncertain
ConvAbuse,blind,pros_cons,ConvAbuse-test-132,0,0,0.0,0.0,not uncertain
ConvAbuse,blind,pros_cons,ConvAbuse-test-133,0,0,0.0,0.0,not uncertain
ConvAbuse,blind,pros_cons,ConvAbuse-test-134,1,1,0.0,0.0,not uncertain
ConvAbuse,blind,pros_cons,ConvAbuse-test-135,0,0,0.0613455395112036,0.0,not uncertain
ConvAbuse,blind,pros_cons,ConvAbuse-test-136,0,0,0.0565963532453835,0.2222222222222222,not uncertain
ConvAbuse,blind,pros_cons,ConvAbuse-test-137,1,1,0.0,0.0,somewhat uncertain
ConvAbuse,blind,pros_cons,ConvAbuse-test-138,0,0,0.0,0.0,not uncertain
ConvAbuse,blind,pros_cons,ConvAbuse-test-139,1,0,0.0,0.2222222222222222,not uncertain
ConvAbuse,blind,pros_cons,ConvAbuse-test-140,0,0,0.0906024674148875,0.1875,not uncertain
ConvAbuse,blind,pros_cons,ConvAbuse-test-141,1,0,0.225848271684105,0.0,not uncertain
ConvAbuse,blind,pros_cons,ConvAbuse-test-142,1,0,0.0,0.2222222222222222,not uncertain
ConvAbuse,blind,pros_cons,ConvAbuse-test-143,0,0,0.0,0.0,not uncertain
ConvAbuse,blind,pros_cons,ConvAbuse-test-144,0,0,0.0,0.0,not uncertain
ConvAbuse,blind,pros_cons,ConvAbuse-test-145,0,0,0.0,0.0,not uncertain
ConvAbuse,blind,pros_cons,ConvAbuse-test-146,0,0,0.0,0.0,not uncertain
ConvAbuse,blind,pros_cons,ConvAbuse-test-147,1,1,0.0,0.0,highly uncertain
ConvAbuse,blind,pros_cons,ConvAbuse-test-148,1,0,0.0,0.2222222222222222,somewhat uncertain
ConvAbuse,blind,pros_cons,ConvAbuse-test-149,0,0,0.0,0.0,not uncertain
ConvAbuse,blind,pros_cons,ConvAbuse-test-150,0,0,0.0,0.0,not uncertain
ConvAbuse,blind,pros_cons,ConvAbuse-test-151,0,0,0.0,0.0,not uncertain
ConvAbuse,blind,pros_cons,ConvAbuse-test-152,1,0,0.0279989107429704,0.0,highly uncertain
ConvAbuse,blind,pros_cons,ConvAbuse-test-153,0,0,0.0,0.0,not uncertain
ConvAbuse,blind,pros_cons,ConvAbuse-test-154,0,0,0.0,0.0,not uncertain
ConvAbuse,blind,pros_cons,ConvAbuse-test-155,1,0,0.2498811295739664,0.1875,not uncertain
ConvAbuse,blind,pros_cons,ConvAbuse-test-156,1,1,0.0,0.0,highly uncertain
ConvAbuse,blind,pros_cons,ConvAbuse-test-157,1,0,0.164791252481819,0.0,not uncertain
ConvAbuse,blind,pros_cons,ConvAbuse-test-158,1,1,0.0,0.2222222222222222,not uncertain
ConvAbuse,blind,pros_cons,ConvAbuse-test-159,1,1,0.0,0.2222222222222222,not uncertain
ConvAbuse,blind,pros_cons,ConvAbuse-test-160,1,0,0.0352020358739804,0.0,not uncertain
ConvAbuse,blind,pros_cons,ConvAbuse-test-161,0,0,0.0,0.0,not uncertain
ConvAbuse,blind,pros_cons,ConvAbuse-test-162,0,0,0.0,0.0,not uncertain
ConvAbuse,blind,pros_cons,ConvAbuse-test-163,0,0,0.0,0.0,not uncertain
ConvAbuse,blind,pros_cons,ConvAbuse-test-164,0,0,0.0,0.0,not uncertain
ConvAbuse,blind,pros_cons,ConvAbuse-test-165,0,1,0.2311661907475396,0.1875,somewhat uncertain
ConvAbuse,blind,pros_cons,ConvAbuse-test-166,0,0,0.0,0.0,not uncertain
ConvAbuse,blind,pros_cons,ConvAbuse-test-167,0,0,0.0,0.0,not uncertain
ConvAbuse,blind,pros_cons,ConvAbuse-test-168,0,0,0.0,0.0,not uncertain
ConvAbuse,blind,pros_cons,ConvAbuse-test-169,0,0,0.0,0.2222222222222222,not uncertain
ConvAbuse,blind,pros_cons,ConvAbuse-test-170,0,0,0.0,0.0,not uncertain
ConvAbuse,blind,pros_cons,ConvAbuse-test-171,0,0,0.0,0.0,not uncertain
ConvAbuse,blind,pros_cons,ConvAbuse-test-172,1,1,0.0,0.0,not uncertain
ConvAbuse,blind,pros_cons,ConvAbuse-test-173,0,0,0.0,0.0,not uncertain
ConvAbuse,blind,pros_cons,ConvAbuse-test-174,0,0,0.0,0.0,not uncertain
ConvAbuse,blind,pros_cons,ConvAbuse-test-175,0,0,0.1575190047024531,0.0,not uncertain
ConvAbuse,blind,pros_cons,ConvAbuse-test-176,0,0,0.0,0.0,not uncertain
ConvAbuse,blind,pros_cons,ConvAbuse-test-177,0,0,0.0,0.0,highly uncertain
ConvAbuse,blind,pros_cons,ConvAbuse-test-178,0,0,0.0,0.0,not uncertain
ConvAbuse,blind,pros_cons,ConvAbuse-test-179,0,0,0.0,0.0,not uncertain
ConvAbuse,blind,pros_cons,ConvAbuse-test-180,1,1,0.0,0.0,somewhat uncertain
ConvAbuse,blind,pros_cons,ConvAbuse-test-181,0,0,0.0,0.0,not uncertain
ConvAbuse,blind,pros_cons,ConvAbuse-test-182,0,0,0.0,0.0,not uncertain
ConvAbuse,blind,pros_cons,ConvAbuse-test-183,1,1,0.0,0.2222222222222222,not uncertain
ConvAbuse,blind,pros_cons,ConvAbuse-test-184,1,0,0.0338906807927992,0.1599999999999999,not uncertain
ConvAbuse,blind,pros_cons,ConvAbuse-test-185,0,0,0.0,0.0,not uncertain
ConvAbuse,blind,pros_cons,ConvAbuse-test-186,0,0,0.0,0.0,not uncertain
ConvAbuse,blind,pros_cons,ConvAbuse-test-187,0,0,0.0,0.0,not uncertain
ConvAbuse,blind,pros_cons,ConvAbuse-test-188,0,0,0.0,0.0,not uncertain
ConvAbuse,blind,pros_cons,ConvAbuse-test-189,0,0,0.0,0.0,not uncertain
ConvAbuse,blind,pros_cons,ConvAbuse-test-190,0,0,0.0,0.0,not uncertain
ConvAbuse,blind,pros_cons,ConvAbuse-test-191,1,1,0.0,0.0,not uncertain
ConvAbuse,blind,pros_cons,ConvAbuse-test-192,0,0,0.0,0.0,not uncertain
ConvAbuse,blind,pros_cons,ConvAbuse-test-193,0,0,0.0,0.0,not uncertain
ConvAbuse,blind,pros_cons,ConvAbuse-test-194,0,0,0.0,0.0,not uncertain
ConvAbuse,blind,pros_cons,ConvAbuse-test-195,0,0,0.0199226753290297,0.0,not uncertain
ConvAbuse,blind,pros_cons,ConvAbuse-test-196,1,1,0.0,0.0,not uncertain
ConvAbuse,blind,pros_cons,ConvAbuse-test-197,0,0,0.0,0.0,not uncertain
ConvAbuse,blind,pros_cons,ConvAbuse-test-198,0,1,0.0,0.2222222222222222,not uncertain
ConvAbuse,blind,pros_cons,ConvAbuse-test-199,0,0,0.0,0.0,not uncertain
ConvAbuse,blind,pros_cons,ConvAbuse-test-200,0,0,0.0,0.0,not uncertain
ConvAbuse,blind,pros_cons,ConvAbuse-test-201,0,0,0.0,0.0,not uncertain
ConvAbuse,blind,pros_cons,ConvAbuse-test-202,0,0,0.0,0.0,not uncertain
ConvAbuse,blind,pros_cons,ConvAbuse-test-203,0,0,0.0,0.0,not uncertain
ConvAbuse,blind,pros_cons,ConvAbuse-test-204,0,0,0.0,0.0,not uncertain
ConvAbuse,blind,pros_cons,ConvAbuse-test-205,1,0,0.0942785662771276,0.0,not uncertain
ConvAbuse,blind,pros_cons,ConvAbuse-test-206,0,0,0.0,0.0,not uncertain
ConvAbuse,blind,pros_cons,ConvAbuse-test-207,0,0,0.0,0.0,not uncertain
ConvAbuse,blind,pros_cons,ConvAbuse-test-208,0,0,0.0,0.0,not uncertain
ConvAbuse,blind,pros_cons,ConvAbuse-test-209,0,0,0.0,0.0,not uncertain
ConvAbuse,blind,pros_cons,ConvAbuse-test-210,0,0,0.0,0.1599999999999999,not uncertain
ConvAbuse,blind,pros_cons,ConvAbuse-test-211,0,0,0.0343692818004789,0.0,not uncertain
ConvAbuse,blind,pros_cons,ConvAbuse-test-212,0,0,0.0,0.0,not uncertain
ConvAbuse,blind,pros_cons,ConvAbuse-test-213,0,0,0.0,0.0,not uncertain
ConvAbuse,blind,pros_cons,ConvAbuse-test-214,0,0,0.0,0.0,not uncertain
ConvAbuse,blind,pros_cons,ConvAbuse-test-215,0,0,0.0,0.0,not uncertain
ConvAbuse,blind,pros_cons,ConvAbuse-test-216,0,0,0.0,0.0,not uncertain
ConvAbuse,blind,pros_cons,ConvAbuse-test-217,1,1,0.0,0.0,highly uncertain
ConvAbuse,blind,pros_cons,ConvAbuse-test-218,0,0,0.0,0.1875,not uncertain
ConvAbuse,blind,pros_cons,ConvAbuse-test-219,1,1,0.0,0.0,highly uncertain
ConvAbuse,blind,pros_cons,ConvAbuse-test-220,1,1,0.0,0.0,highly uncertain
ConvAbuse,blind,pros_cons,ConvAbuse-test-221,0,0,0.0,0.0,not uncertain
ConvAbuse,blind,pros_cons,ConvAbuse-test-222,0,0,0.0,0.0,not uncertain
ConvAbuse,blind,pros_cons,ConvAbuse-test-223,0,0,0.0,0.0,not uncertain
ConvAbuse,blind,pros_cons,ConvAbuse-test-224,0,0,0.0,0.0,not uncertain
ConvAbuse,blind,pros_cons,ConvAbuse-test-225,1,1,0.0,0.25,somewhat uncertain
ConvAbuse,blind,pros_cons,ConvAbuse-test-226,0,0,0.0,0.0,not uncertain
ConvAbuse,blind,pros_cons,ConvAbuse-test-227,1,0,0.1275597198971599,0.24,not uncertain
ConvAbuse,blind,pros_cons,ConvAbuse-test-228,0,0,0.0,0.0,not uncertain
ConvAbuse,blind,pros_cons,ConvAbuse-test-229,0,0,0.0,0.0,not uncertain
ConvAbuse,blind,pros_cons,ConvAbuse-test-230,1,1,0.1491276957956275,0.0,not uncertain
ConvAbuse,blind,pros_cons,ConvAbuse-test-231,0,0,0.0,0.2222222222222222,not uncertain
ConvAbuse,blind,pros_cons,ConvAbuse-test-232,0,0,0.0,0.0,not uncertain
ConvAbuse,blind,pros_cons,ConvAbuse-test-233,0,0,0.0352079749362173,0.0,not uncertain
ConvAbuse,blind,pros_cons,ConvAbuse-test-234,1,1,0.0,0.2222222222222222,not uncertain
ConvAbuse,blind,pros_cons,ConvAbuse-test-235,0,0,0.0,0.0,not uncertain
ConvAbuse,blind,pros_cons,ConvAbuse-test-236,0,0,0.0,0.0,not uncertain
ConvAbuse,blind,pros_cons,ConvAbuse-test-237,0,0,0.0,0.0,not uncertain
ConvAbuse,blind,pros_cons,ConvAbuse-test-238,0,1,0.0374885648292178,0.2222222222222222,not uncertain
ConvAbuse,blind,pros_cons,ConvAbuse-test-239,0,1,0.0,0.25,not uncertain
ConvAbuse,blind,pros_cons,ConvAbuse-test-240,0,0,0.0,0.0,not uncertain
ConvAbuse,blind,pros_cons,ConvAbuse-test-241,0,0,0.0,0.2222222222222222,not uncertain
ConvAbuse,blind,pros_cons,ConvAbuse-test-242,1,0,0.1057919355295146,0.0,not uncertain
ConvAbuse,blind,pros_cons,ConvAbuse-test-243,0,0,0.0,0.0,not uncertain
ConvAbuse,blind,pros_cons,ConvAbuse-test-244,0,0,0.0,0.0,not uncertain
ConvAbuse,blind,pros_cons,ConvAbuse-test-245,0,0,0.0,0.0,not uncertain
ConvAbuse,blind,pros_cons,ConvAbuse-test-246,0,0,0.0,0.2222222222222222,not uncertain
ConvAbuse,blind,pros_cons,ConvAbuse-test-247,0,0,0.0,0.0,not uncertain
ConvAbuse,blind,pros_cons,ConvAbuse-test-248,1,1,0.0,0.0,not uncertain
ConvAbuse,blind,pros_cons,ConvAbuse-test-249,0,0,0.2367551669766814,0.0,not uncertain
ConvAbuse,blind,pros_cons,ConvAbuse-test-250,0,0,0.0336196912006076,0.0,not uncertain
ConvAbuse,blind,pros_cons,ConvAbuse-test-251,0,0,0.0,0.0,not uncertain
ConvAbuse,blind,pros_cons,ConvAbuse-test-252,0,0,0.1530896837855654,0.0,not uncertain
ConvAbuse,blind,pros_cons,ConvAbuse-test-253,0,0,0.0,0.0,not uncertain
ConvAbuse,blind,pros_cons,ConvAbuse-test-254,0,0,0.0,0.0,not uncertain
ConvAbuse,blind,pros_cons,ConvAbuse-test-255,0,0,0.0,0.0,not uncertain
ConvAbuse,blind,pros_cons,ConvAbuse-test-256,1,1,0.0,0.2222222222222222,not uncertain
ConvAbuse,blind,pros_cons,ConvAbuse-test-257,0,1,0.1368820451497993,0.0,not uncertain
ConvAbuse,blind,pros_cons,ConvAbuse-test-258,0,0,0.0,0.0,not uncertain
ConvAbuse,blind,pros_cons,ConvAbuse-test-259,0,1,0.2010041723723752,0.25,not uncertain
ConvAbuse,blind,pros_cons,ConvAbuse-test-260,0,0,0.0,0.0,not uncertain
ConvAbuse,blind,pros_cons,ConvAbuse-test-261,1,1,0.0,0.0,highly uncertain
ConvAbuse,blind,pros_cons,ConvAbuse-test-262,1,1,0.0,0.0,somewhat uncertain
ConvAbuse,blind,pros_cons,ConvAbuse-test-263,0,0,0.0,0.0,not uncertain
ConvAbuse,blind,pros_cons,ConvAbuse-test-264,1,1,0.0,0.0,highly uncertain
ConvAbuse,blind,pros_cons,ConvAbuse-test-265,1,1,0.0,0.0,highly uncertain
ConvAbuse,blind,pros_cons,ConvAbuse-test-266,0,0,0.0,0.1875,not uncertain
ConvAbuse,blind,pros_cons,ConvAbuse-test-267,0,0,0.0,0.0,not uncertain
ConvAbuse,blind,pros_cons,ConvAbuse-test-268,1,0,0.19960504946255,0.0,not uncertain
ConvAbuse,blind,pros_cons,ConvAbuse-test-269,0,0,0.0,0.0,not uncertain
ConvAbuse,blind,pros_cons,ConvAbuse-test-270,0,0,0.0,0.0,not uncertain
ConvAbuse,blind,pros_cons,ConvAbuse-test-271,1,1,0.0,0.2222222222222222,not uncertain
ConvAbuse,blind,pros_cons,ConvAbuse-test-272,0,0,0.0,0.0,not uncertain
ConvAbuse,blind,pros_cons,ConvAbuse-test-273,0,0,0.0,0.2222222222222222,not uncertain
ConvAbuse,blind,pros_cons,ConvAbuse-test-274,1,1,0.0,0.0,highly uncertain
ConvAbuse,blind,pros_cons,ConvAbuse-test-275,0,0,0.1287508055181418,0.0,not uncertain
ConvAbuse,blind,pros_cons,ConvAbuse-test-276,0,0,0.0299198480662069,0.0,not uncertain
ConvAbuse,blind,pros_cons,ConvAbuse-test-277,1,0,0.2091754542626745,0.0,somewhat uncertain
ConvAbuse,blind,pros_cons,ConvAbuse-test-278,0,0,0.0313687263023086,0.1599999999999999,not uncertain
ConvAbuse,blind,pros_cons,ConvAbuse-test-279,0,0,0.0,0.0,not uncertain
ConvAbuse,blind,pros_cons,ConvAbuse-test-280,0,0,0.0,0.0,not uncertain
ConvAbuse,blind,pros_cons,ConvAbuse-test-281,1,1,0.0,0.0,not uncertain
ConvAbuse,blind,pros_cons,ConvAbuse-test-282,1,1,0.2317710351293217,0.2222222222222222,not uncertain
ConvAbuse,blind,pros_cons,ConvAbuse-test-283,1,0,0.2445914045129794,0.0,somewhat uncertain
ConvAbuse,blind,pros_cons,ConvAbuse-test-284,0,0,0.2005004847951263,0.0,not uncertain
ConvAbuse,blind,pros_cons,ConvAbuse-test-285,0,0,0.0,0.0,not uncertain
ConvAbuse,blind,pros_cons,ConvAbuse-test-286,0,0,0.0,0.2222222222222222,not uncertain
ConvAbuse,blind,pros_cons,ConvAbuse-test-287,0,0,0.1057147385451971,0.0,not uncertain
ConvAbuse,blind,pros_cons,ConvAbuse-test-288,0,0,0.0,0.0,not uncertain
ConvAbuse,blind,pros_cons,ConvAbuse-test-289,1,0,0.0489118018673964,0.2222222222222222,not uncertain
ConvAbuse,blind,pros_cons,ConvAbuse-test-290,0,0,0.0,0.0,not uncertain
ConvAbuse,blind,pros_cons,ConvAbuse-test-291,0,0,0.0,0.0,not uncertain
ConvAbuse,blind,pros_cons,ConvAbuse-test-292,1,1,0.0723439185511769,0.25,highly uncertain
ConvAbuse,blind,pros_cons,ConvAbuse-test-293,0,0,0.0505279849241955,0.0,somewhat uncertain
ConvAbuse,blind,pros_cons,ConvAbuse-test-294,0,0,0.0,0.0,not uncertain
ConvAbuse,blind,pros_cons,ConvAbuse-test-295,0,1,0.1105002115297067,0.25,not uncertain
ConvAbuse,blind,pros_cons,ConvAbuse-test-296,0,0,0.0287557440544887,0.1875,not uncertain
ConvAbuse,blind,pros_cons,ConvAbuse-test-297,0,0,0.2259656696304357,0.0,not uncertain
ConvAbuse,blind,pros_cons,ConvAbuse-test-298,0,0,0.0,0.0,not uncertain
ConvAbuse,blind,pros_cons,ConvAbuse-test-299,0,0,0.0,0.0,not uncertain
ConvAbuse,blind,pros_cons,ConvAbuse-test-300,0,0,0.0,0.0,not uncertain
ConvAbuse,blind,pros_cons,ConvAbuse-test-301,1,1,0.0368814238125556,0.2222222222222222,not uncertain
ConvAbuse,blind,pros_cons,ConvAbuse-test-302,1,1,0.0,0.0,not uncertain
ConvAbuse,blind,pros_cons,ConvAbuse-test-303,1,1,0.0,0.0,not uncertain
ConvAbuse,blind,pros_cons,ConvAbuse-test-304,0,0,0.0,0.0,not uncertain
ConvAbuse,blind,pros_cons,ConvAbuse-test-305,0,0,0.0,0.0,not uncertain
ConvAbuse,blind,pros_cons,ConvAbuse-test-306,1,1,0.0,0.0,not uncertain
ConvAbuse,blind,pros_cons,ConvAbuse-test-307,1,1,0.0,0.0,not uncertain
ConvAbuse,blind,pros_cons,ConvAbuse-test-308,0,0,0.0,0.0,not uncertain
ConvAbuse,blind,pros_cons,ConvAbuse-test-309,0,0,0.0,0.2222222222222222,not uncertain
ConvAbuse,blind,pros_cons,ConvAbuse-test-310,0,0,0.0,0.0,not uncertain
ConvAbuse,blind,pros_cons,ConvAbuse-test-311,0,0,0.0,0.0,not uncertain
ConvAbuse,blind,pros_cons,ConvAbuse-test-312,0,0,0.0,0.0,not uncertain
ConvAbuse,blind,pros_cons,ConvAbuse-test-313,0,0,0.0,0.0,not uncertain
ConvAbuse,blind,pros_cons,ConvAbuse-test-314,1,1,0.0,0.2222222222222222,highly uncertain
ConvAbuse,blind,pros_cons,ConvAbuse-test-315,1,0,0.0229020719113281,0.2222222222222222,not uncertain
ConvAbuse,blind,pros_cons,ConvAbuse-test-316,0,0,0.1314670876017604,0.0,somewhat uncertain
ConvAbuse,blind,pros_cons,ConvAbuse-test-317,0,0,0.0,0.0,not uncertain
ConvAbuse,blind,pros_cons,ConvAbuse-test-318,0,0,0.0,0.0,not uncertain
ConvAbuse,blind,pros_cons,ConvAbuse-test-319,0,0,0.0,0.0,not uncertain
ConvAbuse,blind,pros_cons,ConvAbuse-test-320,0,0,0.0,0.0,not uncertain
ConvAbuse,blind,pros_cons,ConvAbuse-test-321,0,0,0.0,0.0,not uncertain
ConvAbuse,blind,pros_cons,ConvAbuse-test-322,0,0,0.0,0.0,not uncertain
ConvAbuse,blind,pros_cons,ConvAbuse-test-323,1,1,0.0,0.2222222222222222,not uncertain
ConvAbuse,blind,pros_cons,ConvAbuse-test-324,1,0,0.0,0.2222222222222222,somewhat uncertain
ConvAbuse,blind,pros_cons,ConvAbuse-test-325,1,0,0.2270712159119075,0.0,not uncertain
ConvAbuse,blind,pros_cons,ConvAbuse-test-326,1,1,0.0,0.0,not uncertain
ConvAbuse,blind,pros_cons,ConvAbuse-test-327,1,0,0.2252984437276871,0.2222222222222222,not uncertain
ConvAbuse,blind,pros_cons,ConvAbuse-test-328,0,0,0.0,0.0,not uncertain
ConvAbuse,blind,pros_cons,ConvAbuse-test-329,0,0,0.0,0.1599999999999999,not uncertain
ConvAbuse,blind,pros_cons,ConvAbuse-test-330,0,0,0.0,0.0,not uncertain
ConvAbuse,blind,pros_cons,ConvAbuse-test-331,1,0,0.0345241240218124,0.0,not uncertain
ConvAbuse,blind,pros_cons,ConvAbuse-test-332,0,0,0.0,0.0,not uncertain
ConvAbuse,blind,pros_cons,ConvAbuse-test-333,0,0,0.0,0.0,not uncertain
ConvAbuse,blind,pros_cons,ConvAbuse-test-334,0,0,0.0,0.0,not uncertain
ConvAbuse,blind,pros_cons,ConvAbuse-test-335,0,0,0.032278983052987,0.1875,not uncertain
ConvAbuse,blind,pros_cons,ConvAbuse-test-336,1,1,0.0,0.25,somewhat uncertain
ConvAbuse,blind,pros_cons,ConvAbuse-test-337,0,0,0.0,0.0,not uncertain
ConvAbuse,blind,pros_cons,ConvAbuse-test-338,1,1,0.0254586992490659,0.2222222222222222,not uncertain
ConvAbuse,blind,pros_cons,ConvAbuse-test-339,0,0,0.0,0.0,not uncertain
ConvAbuse,blind,pros_cons,ConvAbuse-test-340,0,0,0.0,0.2222222222222222,not uncertain
ConvAbuse,blind,pros_cons,ConvAbuse-test-341,0,0,0.0,0.0,not uncertain
ConvAbuse,blind,pros_cons,ConvAbuse-test-342,0,0,0.0,0.0,not uncertain
ConvAbuse,blind,pros_cons,ConvAbuse-test-343,0,0,0.0,0.0,not uncertain
ConvAbuse,blind,pros_cons,ConvAbuse-test-344,1,1,0.0,0.0,highly uncertain
ConvAbuse,blind,pros_cons,ConvAbuse-test-345,1,1,0.0,0.0,not uncertain
ConvAbuse,blind,pros_cons,ConvAbuse-test-346,0,0,0.0,0.0,not uncertain
ConvAbuse,blind,pros_cons,ConvAbuse-test-347,0,0,0.0,0.0,not uncertain
ConvAbuse,blind,pros_cons,ConvAbuse-test-348,0,0,0.0,0.0,not uncertain
ConvAbuse,blind,pros_cons,ConvAbuse-test-349,0,0,0.0,0.0,not uncertain
ConvAbuse,blind,pros_cons,ConvAbuse-test-350,1,0,0.1655073653573884,0.0,not uncertain
ConvAbuse,blind,pros_cons,ConvAbuse-test-351,1,1,0.0,0.0,not uncertain
ConvAbuse,blind,pros_cons,ConvAbuse-test-352,1,1,0.0,0.0,not uncertain
ConvAbuse,blind,pros_cons,ConvAbuse-test-353,0,0,0.0,0.0,not uncertain
ConvAbuse,blind,pros_cons,ConvAbuse-test-354,0,0,0.0,0.0,not uncertain
ConvAbuse,blind,pros_cons,ConvAbuse-test-355,0,0,0.0268300374956719,0.2222222222222222,not uncertain
ConvAbuse,blind,pros_cons,ConvAbuse-test-356,0,1,0.0,0.25,not uncertain
ConvAbuse,blind,pros_cons,ConvAbuse-test-357,1,0,0.2499418607651457,0.2222222222222222,not uncertain
ConvAbuse,blind,pros_cons,ConvAbuse-test-358,0,0,0.0,0.0,not uncertain
ConvAbuse,blind,pros_cons,ConvAbuse-test-359,0,0,0.0,0.0,not uncertain
ConvAbuse,blind,pros_cons,ConvAbuse-test-360,0,0,0.0,0.0,not uncertain
ConvAbuse,blind,pros_cons,ConvAbuse-test-361,1,0,0.2497940830038794,0.0,not uncertain
ConvAbuse,blind,pros_cons,ConvAbuse-test-362,0,0,0.0,0.0,not uncertain
ConvAbuse,blind,pros_cons,ConvAbuse-test-363,0,0,0.0,0.0,not uncertain
ConvAbuse,blind,pros_cons,ConvAbuse-test-364,1,1,0.0,0.0,not uncertain
ConvAbuse,blind,pros_cons,ConvAbuse-test-365,0,0,0.0,0.0,not uncertain
ConvAbuse,blind,pros_cons,ConvAbuse-test-366,0,0,0.2450097415185942,0.2222222222222222,not uncertain
ConvAbuse,blind,pros_cons,ConvAbuse-test-367,0,0,0.0,0.0,not uncertain
ConvAbuse,blind,pros_cons,ConvAbuse-test-368,0,0,0.0,0.0,not uncertain
ConvAbuse,blind,pros_cons,ConvAbuse-test-369,1,0,0.0266975905243349,0.0,not uncertain
ConvAbuse,blind,pros_cons,ConvAbuse-test-370,0,0,0.0,0.0,not uncertain
ConvAbuse,blind,pros_cons,ConvAbuse-test-371,0,0,0.0,0.0,not uncertain
ConvAbuse,blind,pros_cons,ConvAbuse-test-372,1,0,0.2396214236502914,0.0,not uncertain
ConvAbuse,blind,pros_cons,ConvAbuse-test-373,0,0,0.1091609568523153,0.0,not uncertain
ConvAbuse,blind,pros_cons,ConvAbuse-test-374,0,0,0.0,0.0,not uncertain
ConvAbuse,blind,pros_cons,ConvAbuse-test-375,0,0,0.099632446161181,0.0,not uncertain
ConvAbuse,blind,pros_cons,ConvAbuse-test-376,1,0,0.2149034616652006,0.0,highly uncertain
ConvAbuse,blind,pros_cons,ConvAbuse-test-377,1,1,0.0,0.0,not uncertain
ConvAbuse,blind,pros_cons,ConvAbuse-test-378,0,0,0.0,0.0,not uncertain
ConvAbuse,blind,pros_cons,ConvAbuse-test-379,0,0,0.0,0.0,not uncertain
ConvAbuse,blind,pros_cons,ConvAbuse-test-380,0,0,0.0,0.0,not uncertain
ConvAbuse,blind,pros_cons,ConvAbuse-test-381,1,1,0.0,0.2222222222222222,highly uncertain
ConvAbuse,blind,pros_cons,ConvAbuse-test-382,0,0,0.0,0.0,not uncertain
ConvAbuse,blind,pros_cons,ConvAbuse-test-383,0,0,0.0,0.0,not uncertain
ConvAbuse,blind,pros_cons,ConvAbuse-test-384,0,0,0.0,0.0,not uncertain
ConvAbuse,blind,pros_cons,ConvAbuse-test-385,1,1,0.0,0.0,somewhat uncertain
ConvAbuse,blind,pros_cons,ConvAbuse-test-386,0,0,0.0,0.0,not uncertain
ConvAbuse,blind,pros_cons,ConvAbuse-test-387,0,0,0.0,0.0,not uncertain
ConvAbuse,blind,pros_cons,ConvAbuse-test-388,0,0,0.0,0.0,not uncertain
ConvAbuse,blind,pros_cons,ConvAbuse-test-389,0,0,0.0,0.0,not uncertain
ConvAbuse,blind,pros_cons,ConvAbuse-test-390,1,1,0.0,0.0,not uncertain
ConvAbuse,blind,pros_cons,ConvAbuse-test-391,0,0,0.1373931604417897,0.0,not uncertain
ConvAbuse,blind,pros_cons,ConvAbuse-test-392,0,0,0.0,0.0,not uncertain
ConvAbuse,blind,pros_cons,ConvAbuse-test-393,1,1,0.0,0.0,somewhat uncertain
ConvAbuse,blind,pros_cons,ConvAbuse-test-394,0,1,0.0,0.25,not uncertain
ConvAbuse,blind,pros_cons,ConvAbuse-test-395,0,0,0.0,0.0,not uncertain
ConvAbuse,blind,pros_cons,ConvAbuse-test-396,1,1,0.0,0.16,not uncertain
ConvAbuse,blind,pros_cons,ConvAbuse-test-397,0,0,0.0,0.0,not uncertain
ConvAbuse,blind,pros_cons,ConvAbuse-test-398,0,0,0.0,0.0,not uncertain
ConvAbuse,blind,pros_cons,ConvAbuse-test-399,0,0,0.0,0.0,not uncertain
ConvAbuse,blind,pros_cons,ConvAbuse-test-400,0,0,0.0,0.0,not uncertain
ConvAbuse,blind,pros_cons,ConvAbuse-test-401,1,1,0.0,0.0,highly uncertain
ConvAbuse,blind,pros_cons,ConvAbuse-test-402,0,1,0.2476019133722451,0.0,not uncertain
ConvAbuse,blind,pros_cons,ConvAbuse-test-403,1,0,0.229322796470059,0.1599999999999999,not uncertain
ConvAbuse,blind,pros_cons,ConvAbuse-test-404,1,1,0.0733991678096591,0.2222222222222222,somewhat uncertain
ConvAbuse,blind,pros_cons,ConvAbuse-test-405,1,1,0.0,0.2222222222222222,not uncertain
ConvAbuse,blind,pros_cons,ConvAbuse-test-406,0,0,0.0,0.0,not uncertain
ConvAbuse,blind,pros_cons,ConvAbuse-test-407,1,0,0.0,0.2222222222222222,not uncertain
ConvAbuse,blind,pros_cons,ConvAbuse-test-408,0,0,0.0,0.0,not uncertain
ConvAbuse,blind,pros_cons,ConvAbuse-test-409,0,1,0.0,0.2222222222222222,not uncertain
ConvAbuse,blind,pros_cons,ConvAbuse-test-410,0,0,0.0,0.0,not uncertain
ConvAbuse,blind,pros_cons,ConvAbuse-test-411,0,0,0.042383233094861,0.0,not uncertain
ConvAbuse,blind,pros_cons,ConvAbuse-test-412,0,0,0.0,0.0,not uncertain
ConvAbuse,blind,pros_cons,ConvAbuse-test-413,1,0,0.2407002769137507,0.0,not uncertain
ConvAbuse,blind,pros_cons,ConvAbuse-test-414,0,0,0.0,0.0,not uncertain
ConvAbuse,blind,pros_cons,ConvAbuse-test-415,0,0,0.0,0.0,not uncertain
ConvAbuse,blind,pros_cons,ConvAbuse-test-416,0,0,0.0,0.0,not uncertain
ConvAbuse,blind,pros_cons,ConvAbuse-test-417,1,0,0.0,0.2222222222222222,not uncertain
ConvAbuse,blind,pros_cons,ConvAbuse-test-418,0,0,0.0,0.0,not uncertain
ConvAbuse,blind,pros_cons,ConvAbuse-test-419,0,0,0.0,0.0,not uncertain
ConvAbuse,blind,pros_cons,ConvAbuse-test-420,0,1,0.2441044857197147,0.2222222222222222,not uncertain
ConvAbuse,blind,pros_cons,ConvAbuse-test-421,1,0,0.0,0.2222222222222222,not uncertain
ConvAbuse,blind,pros_cons,ConvAbuse-test-422,0,0,0.0,0.0,not uncertain
ConvAbuse,blind,pros_cons,ConvAbuse-test-423,0,0,0.0,0.0,not uncertain
ConvAbuse,blind,pros_cons,ConvAbuse-test-424,0,0,0.0391413814925304,0.2222222222222222,not uncertain
ConvAbuse,blind,pros_cons,ConvAbuse-test-425,0,0,0.0,0.0,not uncertain
ConvAbuse,blind,pros_cons,ConvAbuse-test-426,1,0,0.1753130044403265,0.1599999999999999,not uncertain
ConvAbuse,blind,pros_cons,ConvAbuse-test-427,0,0,0.2331253139087543,0.1388888888888888,not uncertain
ConvAbuse,blind,pros_cons,ConvAbuse-test-428,0,1,0.0,0.25,not uncertain
ConvAbuse,blind,pros_cons,ConvAbuse-test-429,1,1,0.0,0.0,not uncertain
ConvAbuse,blind,pros_cons,ConvAbuse-test-430,0,0,0.0,0.0,not uncertain
ConvAbuse,blind,pros_cons,ConvAbuse-test-431,0,0,0.0,0.0,not uncertain
ConvAbuse,blind,pros_cons,ConvAbuse-test-432,0,0,0.0,0.0,not uncertain
ConvAbuse,blind,pros_cons,ConvAbuse-test-433,0,0,0.0,0.0,not uncertain
ConvAbuse,blind,pros_cons,ConvAbuse-test-434,0,0,0.0,0.0,not uncertain
ConvAbuse,blind,pros_cons,ConvAbuse-test-435,1,0,0.2498839676132363,0.0,not uncertain
ConvAbuse,blind,pros_cons,ConvAbuse-test-436,0,0,0.0,0.0,not uncertain
ConvAbuse,blind,pros_cons,ConvAbuse-test-437,0,0,0.0,0.0,not uncertain
ConvAbuse,blind,pros_cons,ConvAbuse-test-438,0,0,0.0,0.0,not uncertain
ConvAbuse,blind,pros_cons,ConvAbuse-test-439,1,0,0.0,0.2222222222222222,not uncertain
ConvAbuse,blind,pros_cons,ConvAbuse-test-440,0,0,0.0461080476585927,0.1875,not uncertain
ConvAbuse,blind,pros_cons,ConvAbuse-test-441,1,1,0.0,0.25,not uncertain
ConvAbuse,blind,pros_cons,ConvAbuse-test-442,0,0,0.0,0.0,not uncertain
ConvAbuse,blind,pros_cons,ConvAbuse-test-443,0,0,0.0,0.0,not uncertain
ConvAbuse,blind,pros_cons,ConvAbuse-test-444,0,0,0.0,0.0,not uncertain
ConvAbuse,blind,pros_cons,ConvAbuse-test-445,0,0,0.0,0.0,not uncertain
ConvAbuse,blind,pros_cons,ConvAbuse-test-446,0,0,0.0,0.0,not uncertain
ConvAbuse,blind,pros_cons,ConvAbuse-test-447,0,0,0.0,0.0,not uncertain
ConvAbuse,blind,pros_cons,ConvAbuse-test-448,0,0,0.035871460693349,0.0,not uncertain
ConvAbuse,blind,pros_cons,ConvAbuse-test-449,0,0,0.0,0.2222222222222222,not uncertain
ConvAbuse,blind,pros_cons,ConvAbuse-test-450,0,0,0.0,0.0,not uncertain
ConvAbuse,blind,pros_cons,ConvAbuse-test-451,1,1,0.1652720195758731,0.0,
ConvAbuse,blind,pros_cons,ConvAbuse-test-452,0,0,0.0,0.0,not uncertain
ConvAbuse,blind,pros_cons,ConvAbuse-test-453,0,0,0.0,0.0,not uncertain
ConvAbuse,blind,pros_cons,ConvAbuse-test-454,0,1,0.0,0.25,not uncertain
ConvAbuse,blind,pros_cons,ConvAbuse-test-455,1,1,0.0,0.0,somewhat uncertain
ConvAbuse,blind,pros_cons,ConvAbuse-test-456,1,1,0.0,0.0,not uncertain
ConvAbuse,blind,pros_cons,ConvAbuse-test-457,1,1,0.0,0.25,not uncertain
ConvAbuse,blind,pros_cons,ConvAbuse-test-458,1,1,0.0,0.0,not uncertain
ConvAbuse,blind,pros_cons,ConvAbuse-test-459,1,1,0.0,0.0,not uncertain
ConvAbuse,blind,pros_cons,ConvAbuse-test-460,1,0,0.0,0.2222222222222222,not uncertain
ConvAbuse,blind,pros_cons,ConvAbuse-test-461,1,1,0.0238087961001554,0.0,not uncertain
ConvAbuse,blind,pros_cons,ConvAbuse-test-462,0,0,0.0,0.0,not uncertain
ConvAbuse,blind,pros_cons,ConvAbuse-test-463,0,0,0.1507977299752174,0.0,not uncertain
ConvAbuse,blind,pros_cons,ConvAbuse-test-464,0,0,0.0,0.0,not uncertain
ConvAbuse,blind,pros_cons,ConvAbuse-test-465,0,0,0.0,0.0,not uncertain
ConvAbuse,blind,pros_cons,ConvAbuse-test-466,1,0,0.177010788362749,0.2222222222222222,not uncertain
ConvAbuse,blind,pros_cons,ConvAbuse-test-467,0,0,0.1455664123482599,0.0,not uncertain
ConvAbuse,blind,pros_cons,ConvAbuse-test-468,0,0,0.2332132198228605,0.0,not uncertain
ConvAbuse,blind,pros_cons,ConvAbuse-test-469,1,0,0.0,0.0,not uncertain
ConvAbuse,blind,pros_cons,ConvAbuse-test-470,0,0,0.0,0.0,not uncertain
ConvAbuse,blind,pros_cons,ConvAbuse-test-471,1,1,0.0,0.0,not uncertain
ConvAbuse,blind,pros_cons,ConvAbuse-test-472,0,0,0.0,0.0,not uncertain
ConvAbuse,blind,pros_cons,ConvAbuse-test-473,1,1,0.0,0.0,not uncertain
ConvAbuse,blind,pros_cons,ConvAbuse-test-474,0,0,0.0,0.0,not uncertain
ConvAbuse,blind,pros_cons,ConvAbuse-test-475,1,1,0.0,0.0,somewhat uncertain
ConvAbuse,blind,pros_cons,ConvAbuse-test-476,0,0,0.0,0.0,not uncertain
ConvAbuse,blind,pros_cons,ConvAbuse-test-477,0,0,0.0,0.0,not uncertain
ConvAbuse,blind,pros_cons,ConvAbuse-test-478,0,0,0.0,0.0,not uncertain
ConvAbuse,blind,pros_cons,ConvAbuse-test-479,0,0,0.0,0.0,not uncertain
ConvAbuse,blind,pros_cons,ConvAbuse-test-480,0,0,0.0,0.0,not uncertain
ConvAbuse,blind,pros_cons,ConvAbuse-test-481,0,0,0.0,0.0,not uncertain
ConvAbuse,blind,pros_cons,ConvAbuse-test-482,1,0,0.0,0.2222222222222222,not uncertain
ConvAbuse,blind,pros_cons,ConvAbuse-test-483,0,0,0.0,0.0,not uncertain
ConvAbuse,blind,pros_cons,ConvAbuse-test-484,1,0,0.0568774047979181,0.0,not uncertain
ConvAbuse,blind,pros_cons,ConvAbuse-test-485,0,0,0.0,0.0,not uncertain
ConvAbuse,blind,pros_cons,ConvAbuse-test-486,0,0,0.0,0.0,not uncertain
ConvAbuse,blind,pros_cons,ConvAbuse-test-487,1,0,0.1160231140163887,0.2222222222222222,not uncertain
ConvAbuse,blind,pros_cons,ConvAbuse-test-488,0,0,0.0,0.0,not uncertain
ConvAbuse,blind,pros_cons,ConvAbuse-test-489,0,0,0.0,0.0,not uncertain
ConvAbuse,blind,pros_cons,ConvAbuse-test-490,1,0,0.0216533088512126,0.0,not uncertain
ConvAbuse,blind,pros_cons,ConvAbuse-test-491,1,1,0.0,0.0,not uncertain
ConvAbuse,blind,pros_cons,ConvAbuse-test-492,1,0,0.0,0.2222222222222222,not uncertain
ConvAbuse,blind,pros_cons,ConvAbuse-test-493,1,1,0.0,0.0,not uncertain
ConvAbuse,blind,pros_cons,ConvAbuse-test-494,0,0,0.0,0.0,not uncertain
ConvAbuse,blind,pros_cons,ConvAbuse-test-495,0,0,0.0,0.0,not uncertain
ConvAbuse,blind,pros_cons,ConvAbuse-test-496,0,0,0.1116863633439463,0.0,not uncertain
ConvAbuse,blind,pros_cons,ConvAbuse-test-497,0,0,0.0,0.0,not uncertain
ConvAbuse,blind,pros_cons,ConvAbuse-test-498,1,1,0.0,0.0,highly uncertain
ConvAbuse,blind,pros_cons,ConvAbuse-test-499,0,0,0.0,0.0,not uncertain
ConvAbuse,blind,pros_cons,ConvAbuse-test-500,0,0,0.0209141752479291,0.2222222222222222,not uncertain
ConvAbuse,blind,pros_cons,ConvAbuse-test-501,0,0,0.0,0.0,not uncertain
ConvAbuse,blind,pros_cons,ConvAbuse-test-502,0,0,0.0,0.0,not uncertain
ConvAbuse,blind,pros_cons,ConvAbuse-test-503,0,0,0.0,0.0,not uncertain
ConvAbuse,blind,pros_cons,ConvAbuse-test-504,0,0,0.0,0.2222222222222222,not uncertain
ConvAbuse,blind,pros_cons,ConvAbuse-test-505,0,0,0.0,0.0,not uncertain
ConvAbuse,blind,pros_cons,ConvAbuse-test-506,0,0,0.0,0.0,not uncertain
ConvAbuse,blind,pros_cons,ConvAbuse-test-507,0,0,0.0,0.0,not uncertain
ConvAbuse,blind,pros_cons,ConvAbuse-test-508,1,0,0.0,0.0,highly uncertain
ConvAbuse,blind,pros_cons,ConvAbuse-test-509,0,0,0.0,0.1599999999999999,not uncertain
ConvAbuse,blind,pros_cons,ConvAbuse-test-510,0,0,0.0,0.0,not uncertain
ConvAbuse,blind,pros_cons,ConvAbuse-test-511,0,0,0.0351689310453464,0.0,not uncertain
ConvAbuse,blind,pros_cons,ConvAbuse-test-512,1,1,0.0,0.0,not uncertain
ConvAbuse,blind,pros_cons,ConvAbuse-test-513,0,0,0.0,0.0,not uncertain
ConvAbuse,blind,pros_cons,ConvAbuse-test-514,0,0,0.0,0.0,not uncertain
ConvAbuse,blind,pros_cons,ConvAbuse-test-515,0,0,0.0,0.0,not uncertain
ConvAbuse,blind,pros_cons,ConvAbuse-test-516,0,0,0.0,0.0,not uncertain
ConvAbuse,blind,pros_cons,ConvAbuse-test-517,1,0,0.066792188469433,0.0,somewhat uncertain
ConvAbuse,blind,pros_cons,ConvAbuse-test-518,0,0,0.0,0.0,not uncertain
ConvAbuse,blind,pros_cons,ConvAbuse-test-519,1,1,0.0380748223951932,0.0,not uncertain
ConvAbuse,blind,pros_cons,ConvAbuse-test-520,1,1,0.0,0.0,somewhat uncertain
ConvAbuse,blind,pros_cons,ConvAbuse-test-521,0,0,0.0,0.0,not uncertain
ConvAbuse,blind,pros_cons,ConvAbuse-test-522,0,0,0.0,0.0,not uncertain
ConvAbuse,blind,pros_cons,ConvAbuse-test-523,0,0,0.0,0.0,not uncertain
ConvAbuse,blind,pros_cons,ConvAbuse-test-524,0,0,0.0,0.0,not uncertain
ConvAbuse,blind,pros_cons,ConvAbuse-test-525,1,0,0.0344246072712439,0.0,not uncertain
ConvAbuse,blind,pros_cons,ConvAbuse-test-526,0,0,0.1904348683565861,0.0,not uncertain
ConvAbuse,blind,pros_cons,ConvAbuse-test-527,0,0,0.0,0.0,not uncertain
ConvAbuse,blind,pros_cons,ConvAbuse-test-528,0,0,0.0,0.0,not uncertain
ConvAbuse,blind,pros_cons,ConvAbuse-test-529,0,0,0.0,0.0,not uncertain
ConvAbuse,blind,pros_cons,ConvAbuse-test-530,1,1,0.0632295625535516,0.2222222222222222,not uncertain
ConvAbuse,blind,pros_cons,ConvAbuse-test-531,0,0,0.0,0.0,not uncertain
ConvAbuse,blind,pros_cons,ConvAbuse-test-532,0,0,0.0,0.0,not uncertain
ConvAbuse,blind,pros_cons,ConvAbuse-test-533,1,1,0.166093158870466,0.25,not uncertain
ConvAbuse,blind,pros_cons,ConvAbuse-test-534,1,1,0.0,0.0,not uncertain
ConvAbuse,blind,pros_cons,ConvAbuse-test-535,1,1,0.0,0.0,not uncertain
ConvAbuse,blind,pros_cons,ConvAbuse-test-536,0,0,0.0,0.0,not uncertain
ConvAbuse,blind,pros_cons,ConvAbuse-test-537,0,0,0.0,0.0,not uncertain
ConvAbuse,blind,pros_cons,ConvAbuse-test-538,1,1,0.0,0.0,not uncertain
ConvAbuse,blind,pros_cons,ConvAbuse-test-539,0,1,0.0,0.25,not uncertain
ConvAbuse,blind,pros_cons,ConvAbuse-test-540,0,0,0.0,0.0,not uncertain
ConvAbuse,blind,pros_cons,ConvAbuse-test-541,0,0,0.0,0.0,not uncertain
ConvAbuse,blind,pros_cons,ConvAbuse-test-542,0,0,0.0,0.0,not uncertain
ConvAbuse,blind,pros_cons,ConvAbuse-test-543,0,0,0.0,0.0,not uncertain
ConvAbuse,blind,pros_cons,ConvAbuse-test-544,0,0,0.0470457861878755,0.2222222222222222,not uncertain
ConvAbuse,blind,pros_cons,ConvAbuse-test-545,1,1,0.0,0.0,somewhat uncertain
ConvAbuse,blind,pros_cons,ConvAbuse-test-546,0,0,0.0,0.0,not uncertain
ConvAbuse,blind,pros_cons,ConvAbuse-test-547,0,1,0.0,0.25,not uncertain
ConvAbuse,blind,pros_cons,ConvAbuse-test-548,1,1,0.0,0.0,not uncertain
ConvAbuse,blind,pros_cons,ConvAbuse-test-549,1,0,0.0749869642213561,0.0,not uncertain
ConvAbuse,blind,pros_cons,ConvAbuse-test-550,0,0,0.0,0.0,not uncertain
ConvAbuse,blind,pros_cons,ConvAbuse-test-551,0,0,0.0,0.1875,not uncertain
ConvAbuse,blind,pros_cons,ConvAbuse-test-552,0,0,0.0,0.0,not uncertain
ConvAbuse,blind,pros_cons,ConvAbuse-test-553,0,0,0.0,0.0,not uncertain
ConvAbuse,blind,pros_cons,ConvAbuse-test-554,0,0,0.0,0.0,not uncertain
ConvAbuse,blind,pros_cons,ConvAbuse-test-555,0,0,0.0,0.0,
ConvAbuse,blind,pros_cons,ConvAbuse-test-556,1,1,0.2495868215773704,0.0,not uncertain
ConvAbuse,blind,pros_cons,ConvAbuse-test-557,0,0,0.0297607921835077,0.0,not uncertain
ConvAbuse,blind,pros_cons,ConvAbuse-test-558,0,0,0.0,0.0,not uncertain
ConvAbuse,blind,pros_cons,ConvAbuse-test-559,0,0,0.0,0.0,not uncertain
ConvAbuse,blind,pros_cons,ConvAbuse-test-560,0,0,0.0,0.0,not uncertain
ConvAbuse,blind,pros_cons,ConvAbuse-test-561,0,1,0.0,0.25,not uncertain
ConvAbuse,blind,pros_cons,ConvAbuse-test-562,0,0,0.0,0.0,not uncertain
ConvAbuse,blind,pros_cons,ConvAbuse-test-563,0,0,0.0,0.0,not uncertain
ConvAbuse,blind,pros_cons,ConvAbuse-test-564,0,0,0.0333612276670414,0.0,not uncertain
ConvAbuse,blind,pros_cons,ConvAbuse-test-565,0,0,0.0,0.0,not uncertain
ConvAbuse,blind,pros_cons,ConvAbuse-test-566,0,0,0.0,0.0,not uncertain
ConvAbuse,blind,pros_cons,ConvAbuse-test-567,0,0,0.0,0.2222222222222222,not uncertain
ConvAbuse,blind,pros_cons,ConvAbuse-test-568,0,0,0.0,0.0,not uncertain
ConvAbuse,blind,pros_cons,ConvAbuse-test-569,1,1,0.0,0.2222222222222222,not uncertain
ConvAbuse,blind,pros_cons,ConvAbuse-test-570,0,0,0.0,0.0,not uncertain
ConvAbuse,blind,pros_cons,ConvAbuse-test-571,1,1,0.0,0.25,somewhat uncertain
ConvAbuse,blind,pros_cons,ConvAbuse-test-572,0,1,0.0512481574331115,0.25,not uncertain
ConvAbuse,blind,pros_cons,ConvAbuse-test-573,0,0,0.0,0.0,not uncertain
ConvAbuse,blind,pros_cons,ConvAbuse-test-574,0,0,0.0,0.0,not uncertain
ConvAbuse,blind,pros_cons,ConvAbuse-test-575,0,0,0.0,0.0,not uncertain
ConvAbuse,blind,pros_cons,ConvAbuse-test-576,1,0,0.1538510688644014,0.0,not uncertain
ConvAbuse,blind,pros_cons,ConvAbuse-test-577,0,0,0.1504212965272275,0.0,not uncertain
ConvAbuse,blind,pros_cons,ConvAbuse-test-578,1,1,0.0,0.0,somewhat uncertain
ConvAbuse,blind,pros_cons,ConvAbuse-test-579,1,1,0.0,0.2222222222222222,not uncertain
ConvAbuse,blind,pros_cons,ConvAbuse-test-580,0,0,0.0,0.0,not uncertain
ConvAbuse,blind,pros_cons,ConvAbuse-test-581,0,0,0.0,0.0,not uncertain
ConvAbuse,blind,pros_cons,ConvAbuse-test-582,0,0,0.0647541696506114,0.2222222222222222,not uncertain
ConvAbuse,blind,pros_cons,ConvAbuse-test-583,0,0,0.0,0.0,not uncertain
ConvAbuse,blind,pros_cons,ConvAbuse-test-584,1,1,0.0,0.0,highly uncertain
ConvAbuse,blind,pros_cons,ConvAbuse-test-585,0,0,0.0,0.0,not uncertain
ConvAbuse,blind,pros_cons,ConvAbuse-test-586,0,0,0.0,0.0,not uncertain
ConvAbuse,blind,pros_cons,ConvAbuse-test-587,0,0,0.0,0.0,not uncertain
ConvAbuse,blind,pros_cons,ConvAbuse-test-588,0,0,0.0,0.0,not uncertain
ConvAbuse,blind,pros_cons,ConvAbuse-test-589,0,0,0.0,0.0,not uncertain
ConvAbuse,blind,pros_cons,ConvAbuse-test-590,0,0,0.0,0.0,not uncertain
ConvAbuse,blind,pros_cons,ConvAbuse-test-591,0,0,0.043951597536886,0.0,not uncertain
ConvAbuse,blind,pros_cons,ConvAbuse-test-592,0,0,0.0,0.0,not uncertain
ConvAbuse,blind,pros_cons,ConvAbuse-test-593,0,0,0.0,0.0,not uncertain
ConvAbuse,blind,pros_cons,ConvAbuse-test-594,0,0,0.0,0.0,not uncertain
ConvAbuse,blind,pros_cons,ConvAbuse-test-595,0,0,0.0,0.0,not uncertain
ConvAbuse,blind,pros_cons,ConvAbuse-test-596,1,0,0.2442353616456592,0.0,not uncertain
ConvAbuse,blind,pros_cons,ConvAbuse-test-597,0,0,0.0519805855260566,0.0,not uncertain
ConvAbuse,blind,pros_cons,ConvAbuse-test-598,0,0,0.0598769672778933,0.0,not uncertain
ConvAbuse,blind,pros_cons,ConvAbuse-test-599,1,1,0.0,0.2222222222222222,not uncertain
ConvAbuse,blind,pros_cons,ConvAbuse-test-600,0,0,0.0,0.0,not uncertain
ConvAbuse,blind,pros_cons,ConvAbuse-test-601,0,0,0.0,0.0,not uncertain
ConvAbuse,blind,pros_cons,ConvAbuse-test-602,1,0,0.0594828390446501,0.2222222222222222,not uncertain
ConvAbuse,blind,pros_cons,ConvAbuse-test-603,1,0,0.1444580041213422,0.0,not uncertain
ConvAbuse,blind,pros_cons,ConvAbuse-test-604,0,1,0.0358668132019825,0.1875,not uncertain
ConvAbuse,blind,pros_cons,ConvAbuse-test-605,0,0,0.0,0.0,not uncertain
ConvAbuse,blind,pros_cons,ConvAbuse-test-606,0,0,0.0,0.0,not uncertain
ConvAbuse,blind,pros_cons,ConvAbuse-test-607,1,1,0.0,0.2222222222222222,highly uncertain
ConvAbuse,blind,pros_cons,ConvAbuse-test-608,1,1,0.0,0.24,not uncertain
ConvAbuse,blind,pros_cons,ConvAbuse-test-609,1,1,0.0,0.0,somewhat uncertain
ConvAbuse,blind,pros_cons,ConvAbuse-test-610,0,0,0.0,0.0,not uncertain
ConvAbuse,blind,pros_cons,ConvAbuse-test-611,0,0,0.0,0.0,not uncertain
ConvAbuse,blind,pros_cons,ConvAbuse-test-612,0,0,0.0,0.0,not uncertain
ConvAbuse,blind,pros_cons,ConvAbuse-test-613,1,1,0.0,0.0,not uncertain
ConvAbuse,blind,pros_cons,ConvAbuse-test-614,0,0,0.0,0.0,not uncertain
ConvAbuse,blind,pros_cons,ConvAbuse-test-615,0,0,0.0,0.0,not uncertain
ConvAbuse,blind,pros_cons,ConvAbuse-test-616,1,1,0.0,0.0,highly uncertain
ConvAbuse,blind,pros_cons,ConvAbuse-test-617,1,1,0.0,0.0,highly uncertain
ConvAbuse,blind,pros_cons,ConvAbuse-test-618,0,0,0.2400421563734976,0.0,not uncertain
ConvAbuse,blind,pros_cons,ConvAbuse-test-619,0,0,0.0,0.0,not uncertain
ConvAbuse,blind,pros_cons,ConvAbuse-test-620,0,0,0.0,0.0,not uncertain
ConvAbuse,blind,pros_cons,ConvAbuse-test-621,0,0,0.0,0.0,not uncertain
ConvAbuse,blind,pros_cons,ConvAbuse-test-622,1,1,0.0,0.0,somewhat uncertain
ConvAbuse,blind,pros_cons,ConvAbuse-test-623,0,0,0.0,0.0,not uncertain
ConvAbuse,blind,pros_cons,ConvAbuse-test-624,0,0,0.0,0.0,not uncertain
ConvAbuse,blind,pros_cons,ConvAbuse-test-625,0,0,0.0,0.0,not uncertain
ConvAbuse,blind,pros_cons,ConvAbuse-test-626,0,0,0.0,0.0,not uncertain
ConvAbuse,blind,pros_cons,ConvAbuse-test-627,1,0,0.22195538729789,0.2222222222222222,not uncertain
ConvAbuse,blind,pros_cons,ConvAbuse-test-628,0,0,0.0385185795905986,0.0,not uncertain
ConvAbuse,blind,pros_cons,ConvAbuse-test-629,1,1,0.0,0.25,not uncertain
ConvAbuse,blind,pros_cons,ConvAbuse-test-630,0,0,0.0,0.2222222222222222,not uncertain
ConvAbuse,blind,pros_cons,ConvAbuse-test-631,0,0,0.0,0.0,not uncertain
ConvAbuse,blind,pros_cons,ConvAbuse-test-632,1,1,0.0,0.0,not uncertain
ConvAbuse,blind,pros_cons,ConvAbuse-test-633,1,1,0.0,0.2222222222222222,not uncertain
ConvAbuse,blind,pros_cons,ConvAbuse-test-634,0,0,0.0,0.0,not uncertain
ConvAbuse,blind,pros_cons,ConvAbuse-test-635,0,0,0.0,0.0,not uncertain
ConvAbuse,blind,pros_cons,ConvAbuse-test-636,0,0,0.0275687529170733,0.0,not uncertain
ConvAbuse,blind,pros_cons,ConvAbuse-test-637,0,0,0.0357063163690641,0.0,not uncertain
ConvAbuse,blind,pros_cons,ConvAbuse-test-638,0,0,0.0,0.0,not uncertain
ConvAbuse,blind,pros_cons,ConvAbuse-test-639,1,0,0.2435481560948993,0.0,not uncertain
ConvAbuse,blind,pros_cons,ConvAbuse-test-640,0,1,0.0,0.25,not uncertain
ConvAbuse,blind,pros_cons,ConvAbuse-test-641,0,0,0.0,0.0,not uncertain
ConvAbuse,blind,pros_cons,ConvAbuse-test-642,0,0,0.0,0.0,not uncertain
ConvAbuse,blind,pros_cons,ConvAbuse-test-643,0,1,0.0,0.25,not uncertain
ConvAbuse,blind,pros_cons,ConvAbuse-test-644,1,0,0.0,0.2222222222222222,somewhat uncertain
ConvAbuse,blind,pros_cons,ConvAbuse-test-645,1,1,0.0,0.0,not uncertain
ConvAbuse,blind,pros_cons,ConvAbuse-test-646,1,1,0.0,0.0,not uncertain
ConvAbuse,blind,pros_cons,ConvAbuse-test-647,1,1,0.0,0.0,highly uncertain
ConvAbuse,blind,pros_cons,ConvAbuse-test-648,0,0,0.0,0.0,not uncertain
ConvAbuse,blind,pros_cons,ConvAbuse-test-649,1,0,0.0,0.0,not uncertain
ConvAbuse,blind,pros_cons,ConvAbuse-test-650,0,0,0.0,0.0,not uncertain
ConvAbuse,blind,pros_cons,ConvAbuse-test-651,0,0,0.1026956639986583,0.2222222222222222,not uncertain
ConvAbuse,blind,pros_cons,ConvAbuse-test-652,1,0,0.2219993834537512,0.0,not uncertain
ConvAbuse,blind,pros_cons,ConvAbuse-test-653,0,0,0.0,0.0,not uncertain
ConvAbuse,blind,pros_cons,ConvAbuse-test-654,1,1,0.0,0.0,highly uncertain
ConvAbuse,blind,pros_cons,ConvAbuse-test-655,0,0,0.0373536427622177,0.0,not uncertain
ConvAbuse,blind,pros_cons,ConvAbuse-test-656,0,0,0.0,0.0,not uncertain
ConvAbuse,blind,pros_cons,ConvAbuse-test-657,0,0,0.0,0.0,not uncertain
ConvAbuse,blind,pros_cons,ConvAbuse-test-658,1,0,0.0394901377852816,0.0,not uncertain
ConvAbuse,blind,pros_cons,ConvAbuse-test-659,0,0,0.0,0.0,not uncertain
ConvAbuse,blind,pros_cons,ConvAbuse-test-660,0,0,0.0,0.0,not uncertain
ConvAbuse,blind,pros_cons,ConvAbuse-test-661,1,1,0.0580547237738504,0.0,not uncertain
ConvAbuse,blind,pros_cons,ConvAbuse-test-662,0,0,0.0,0.0,not uncertain
ConvAbuse,blind,pros_cons,ConvAbuse-test-663,1,1,0.1053989330556178,0.2222222222222222,not uncertain
ConvAbuse,blind,pros_cons,ConvAbuse-test-664,1,1,0.0,0.2222222222222222,not uncertain
ConvAbuse,blind,pros_cons,ConvAbuse-test-665,0,0,0.0,0.0,not uncertain
ConvAbuse,blind,pros_cons,ConvAbuse-test-666,0,0,0.0,0.0,not uncertain
ConvAbuse,blind,pros_cons,ConvAbuse-test-667,0,0,0.0,0.2222222222222222,not uncertain
ConvAbuse,blind,pros_cons,ConvAbuse-test-668,0,0,0.0,0.0,not uncertain
ConvAbuse,blind,pros_cons,ConvAbuse-test-669,0,0,0.0,0.0,not uncertain
ConvAbuse,blind,pros_cons,ConvAbuse-test-670,0,0,0.0,0.0,not uncertain
ConvAbuse,blind,pros_cons,ConvAbuse-test-671,1,0,0.2205857205818637,0.0,not uncertain
ConvAbuse,blind,pros_cons,ConvAbuse-test-672,0,0,0.2453566195835994,0.0,not uncertain
ConvAbuse,blind,pros_cons,ConvAbuse-test-673,1,1,0.0,0.2222222222222222,not uncertain
ConvAbuse,blind,pros_cons,ConvAbuse-test-674,0,0,0.0,0.0,not uncertain
ConvAbuse,blind,pros_cons,ConvAbuse-test-675,0,0,0.2112914427565185,0.0,not uncertain
ConvAbuse,blind,pros_cons,ConvAbuse-test-676,1,0,0.120872855162066,0.0,not uncertain
ConvAbuse,blind,pros_cons,ConvAbuse-test-677,0,0,0.0217529213696456,0.0,not uncertain
ConvAbuse,blind,pros_cons,ConvAbuse-test-678,1,1,0.0,0.25,highly uncertain
ConvAbuse,blind,pros_cons,ConvAbuse-test-679,0,0,0.0,0.1875,not uncertain
ConvAbuse,blind,pros_cons,ConvAbuse-test-680,0,0,0.0,0.0,not uncertain
ConvAbuse,blind,pros_cons,ConvAbuse-test-681,0,0,0.0,0.2222222222222222,not uncertain
ConvAbuse,blind,pros_cons,ConvAbuse-test-682,1,1,0.0,0.0,not uncertain
ConvAbuse,blind,pros_cons,ConvAbuse-test-683,0,0,0.0,0.0,not uncertain
ConvAbuse,blind,pros_cons,ConvAbuse-test-684,0,0,0.0,0.0,not uncertain
ConvAbuse,blind,pros_cons,ConvAbuse-test-685,0,0,0.0,0.0,not uncertain
ConvAbuse,blind,pros_cons,ConvAbuse-test-686,1,1,0.0,0.0,not uncertain
ConvAbuse,blind,pros_cons,ConvAbuse-test-687,0,0,0.0,0.0,not uncertain
ConvAbuse,blind,pros_cons,ConvAbuse-test-688,0,0,0.0,0.0,not uncertain
ConvAbuse,blind,pros_cons,ConvAbuse-test-689,0,0,0.0,0.0,not uncertain
ConvAbuse,blind,pros_cons,ConvAbuse-test-690,0,0,0.0,0.0,not uncertain
ConvAbuse,blind,pros_cons,ConvAbuse-test-691,0,0,0.0,0.1388888888888888,not uncertain
ConvAbuse,blind,pros_cons,ConvAbuse-test-692,0,0,0.0,0.0,not uncertain
ConvAbuse,blind,pros_cons,ConvAbuse-test-693,0,0,0.0,0.0,not uncertain
ConvAbuse,blind,pros_cons,ConvAbuse-test-694,0,0,0.0,0.0,not uncertain
ConvAbuse,blind,pros_cons,ConvAbuse-test-695,1,1,0.1672501618381033,0.2222222222222222,not uncertain
ConvAbuse,blind,pros_cons,ConvAbuse-test-696,0,0,0.2478593405804541,0.0,not uncertain
ConvAbuse,blind,pros_cons,ConvAbuse-test-697,0,0,0.0,0.0,not uncertain
ConvAbuse,blind,pros_cons,ConvAbuse-test-698,0,0,0.0,0.0,not uncertain
ConvAbuse,blind,pros_cons,ConvAbuse-test-699,0,0,0.0,0.0,not uncertain
ConvAbuse,blind,pros_cons,ConvAbuse-test-700,0,0,0.0,0.0,not uncertain
ConvAbuse,blind,pros_cons,ConvAbuse-test-701,1,1,0.0,0.0,not uncertain
ConvAbuse,blind,pros_cons,ConvAbuse-test-702,0,0,0.0401274496471171,0.0,not uncertain
ConvAbuse,blind,pros_cons,ConvAbuse-test-703,0,0,0.0,0.0,not uncertain
ConvAbuse,blind,pros_cons,ConvAbuse-test-704,1,1,0.0,0.0,not uncertain
ConvAbuse,blind,pros_cons,ConvAbuse-test-705,0,0,0.0,0.0,not uncertain
ConvAbuse,blind,pros_cons,ConvAbuse-test-706,0,0,0.0,0.0,not uncertain
ConvAbuse,blind,pros_cons,ConvAbuse-test-707,1,1,0.0,0.0,highly uncertain
ConvAbuse,blind,pros_cons,ConvAbuse-test-708,0,0,0.021902876336682,0.0,not uncertain
ConvAbuse,blind,pros_cons,ConvAbuse-test-709,1,0,0.1507248755797055,0.2222222222222222,not uncertain
ConvAbuse,blind,pros_cons,ConvAbuse-test-710,1,1,0.1700750934174598,0.25,not uncertain
ConvAbuse,blind,pros_cons,ConvAbuse-test-711,0,0,0.0,0.0,not uncertain
ConvAbuse,blind,pros_cons,ConvAbuse-test-712,0,0,0.0,0.0,not uncertain
ConvAbuse,blind,pros_cons,ConvAbuse-test-713,1,1,0.0,0.0,not uncertain
ConvAbuse,blind,pros_cons,ConvAbuse-test-714,1,1,0.0,0.2222222222222222,not uncertain
ConvAbuse,blind,pros_cons,ConvAbuse-test-715,1,0,0.0,0.2222222222222222,not uncertain
ConvAbuse,blind,pros_cons,ConvAbuse-test-716,0,0,0.0,0.0,not uncertain
ConvAbuse,blind,pros_cons,ConvAbuse-test-717,1,1,0.0696345366817104,0.0,not uncertain
ConvAbuse,blind,pros_cons,ConvAbuse-test-718,0,0,0.102843065531563,0.0,not uncertain
ConvAbuse,blind,pros_cons,ConvAbuse-test-719,0,0,0.0,0.0,not uncertain
ConvAbuse,blind,pros_cons,ConvAbuse-test-720,0,0,0.0,0.0,not uncertain
ConvAbuse,blind,pros_cons,ConvAbuse-test-721,1,1,0.0,0.0,not uncertain
ConvAbuse,blind,pros_cons,ConvAbuse-test-722,0,0,0.0,0.0,not uncertain
ConvAbuse,blind,pros_cons,ConvAbuse-test-723,0,0,0.0,0.0,not uncertain
ConvAbuse,blind,pros_cons,ConvAbuse-test-724,0,0,0.038130914094232,0.0,not uncertain
ConvAbuse,blind,pros_cons,ConvAbuse-test-725,0,0,0.2431676294588581,0.0,not uncertain
ConvAbuse,blind,pros_cons,ConvAbuse-test-726,1,1,0.0,0.1875,not uncertain
ConvAbuse,blind,pros_cons,ConvAbuse-test-727,0,0,0.0,0.0,not uncertain
ConvAbuse,blind,pros_cons,ConvAbuse-test-728,0,0,0.0,0.0,not uncertain
ConvAbuse,blind,pros_cons,ConvAbuse-test-729,0,0,0.0,0.0,not uncertain
ConvAbuse,blind,pros_cons,ConvAbuse-test-730,0,0,0.0,0.0,not uncertain
ConvAbuse,blind,pros_cons,ConvAbuse-test-731,0,0,0.0,0.0,not uncertain
ConvAbuse,blind,pros_cons,ConvAbuse-test-732,1,0,0.0317147876731234,0.0,not uncertain
ConvAbuse,blind,pros_cons,ConvAbuse-test-733,1,1,0.0,0.0,not uncertain
ConvAbuse,blind,pros_cons,ConvAbuse-test-734,0,0,0.0,0.0,not uncertain
ConvAbuse,blind,pros_cons,ConvAbuse-test-735,1,1,0.0,0.0,not uncertain
ConvAbuse,blind,pros_cons,ConvAbuse-test-736,0,0,0.0,0.0,not uncertain
ConvAbuse,blind,pros_cons,ConvAbuse-test-737,0,0,0.0517623040381709,0.0,not uncertain
ConvAbuse,blind,pros_cons,ConvAbuse-test-738,1,1,0.0,0.0,highly uncertain
ConvAbuse,blind,pros_cons,ConvAbuse-test-739,0,0,0.0,0.0,not uncertain
ConvAbuse,blind,pros_cons,ConvAbuse-test-740,0,0,0.0,0.0,not uncertain
ConvAbuse,blind,pros_cons,ConvAbuse-test-741,1,1,0.0,0.25,not uncertain
ConvAbuse,blind,pros_cons,ConvAbuse-test-742,1,1,0.0,0.0,highly uncertain
ConvAbuse,blind,pros_cons,ConvAbuse-test-743,0,0,0.0,0.0,not uncertain
ConvAbuse,blind,pros_cons,ConvAbuse-test-744,0,0,0.0959279847316903,0.24,not uncertain
ConvAbuse,blind,pros_cons,ConvAbuse-test-745,1,1,0.0,0.0,not uncertain
ConvAbuse,blind,pros_cons,ConvAbuse-test-746,0,0,0.0,0.0,not uncertain
ConvAbuse,blind,pros_cons,ConvAbuse-test-747,0,0,0.0,0.0,not uncertain
ConvAbuse,blind,pros_cons,ConvAbuse-test-748,0,1,0.0,0.25,not uncertain
ConvAbuse,blind,pros_cons,ConvAbuse-test-749,1,0,0.0568510650777585,0.2222222222222222,not uncertain
ConvAbuse,blind,pros_cons,ConvAbuse-test-750,0,0,0.0,0.0,not uncertain
ConvAbuse,blind,pros_cons,ConvAbuse-test-751,0,0,0.2097450498730748,0.1875,not uncertain
ConvAbuse,blind,pros_cons,ConvAbuse-test-752,0,0,0.0,0.0,not uncertain
ConvAbuse,blind,pros_cons,ConvAbuse-test-753,0,0,0.0,0.0,not uncertain
ConvAbuse,blind,pros_cons,ConvAbuse-test-754,0,0,0.0,0.0,not uncertain
ConvAbuse,blind,pros_cons,ConvAbuse-test-755,1,1,0.0,0.2222222222222222,highly uncertain
ConvAbuse,blind,pros_cons,ConvAbuse-test-756,0,0,0.0,0.0,not uncertain
ConvAbuse,blind,pros_cons,ConvAbuse-test-757,0,0,0.0,0.2222222222222222,not uncertain
ConvAbuse,blind,pros_cons,ConvAbuse-test-758,0,0,0.0,0.0,not uncertain
ConvAbuse,blind,pros_cons,ConvAbuse-test-759,1,1,0.0,0.0,highly uncertain
ConvAbuse,blind,pros_cons,ConvAbuse-test-760,0,0,0.0,0.0,not uncertain
ConvAbuse,blind,pros_cons,ConvAbuse-test-761,0,0,0.0,0.0,not uncertain
ConvAbuse,blind,pros_cons,ConvAbuse-test-762,1,0,0.0860517719092414,0.0,not uncertain
ConvAbuse,blind,pros_cons,ConvAbuse-test-763,0,0,0.0,0.0,not uncertain
ConvAbuse,blind,pros_cons,ConvAbuse-test-764,1,1,0.0,0.0,not uncertain
ConvAbuse,blind,pros_cons,ConvAbuse-test-765,1,1,0.0,0.2222222222222222,not uncertain
ConvAbuse,blind,pros_cons,ConvAbuse-test-766,0,0,0.0,0.0,not uncertain
ConvAbuse,blind,pros_cons,ConvAbuse-test-767,0,0,0.0,0.0,not uncertain
ConvAbuse,blind,pros_cons,ConvAbuse-test-768,0,0,0.0,0.0,not uncertain
ConvAbuse,blind,pros_cons,ConvAbuse-test-769,0,0,0.0230622284058988,0.0,not uncertain
ConvAbuse,blind,pros_cons,ConvAbuse-test-770,0,0,0.0,0.2222222222222222,not uncertain
ConvAbuse,blind,pros_cons,ConvAbuse-test-771,0,0,0.0,0.0,not uncertain
ConvAbuse,blind,pros_cons,ConvAbuse-test-772,1,1,0.0,0.2222222222222222,not uncertain
ConvAbuse,blind,pros_cons,ConvAbuse-test-773,0,0,0.0,0.0,not uncertain
ConvAbuse,blind,pros_cons,ConvAbuse-test-774,0,0,0.0,0.0,not uncertain
ConvAbuse,blind,pros_cons,ConvAbuse-test-775,1,1,0.0,0.2222222222222222,somewhat uncertain
ConvAbuse,blind,pros_cons,ConvAbuse-test-776,0,0,0.0,0.0,not uncertain
ConvAbuse,blind,pros_cons,ConvAbuse-test-777,0,0,0.0,0.0,not uncertain
ConvAbuse,blind,pros_cons,ConvAbuse-test-778,0,0,0.1110217976280795,0.0,not uncertain
ConvAbuse,blind,pros_cons,ConvAbuse-test-779,1,1,0.0,0.25,not uncertain
ConvAbuse,blind,pros_cons,ConvAbuse-test-780,1,1,0.0,0.0,not uncertain
ConvAbuse,blind,pros_cons,ConvAbuse-test-781,0,0,0.0,0.0,not uncertain
ConvAbuse,blind,pros_cons,ConvAbuse-test-782,0,0,0.0,0.0,not uncertain
ConvAbuse,blind,pros_cons,ConvAbuse-test-783,0,0,0.0,0.0,not uncertain
ConvAbuse,blind,pros_cons,ConvAbuse-test-784,0,0,0.0,0.0,not uncertain
ConvAbuse,blind,pros_cons,ConvAbuse-test-785,1,1,0.0,0.0,not uncertain
ConvAbuse,blind,pros_cons,ConvAbuse-test-786,0,0,0.0,0.0,not uncertain
ConvAbuse,blind,pros_cons,ConvAbuse-test-787,0,0,0.1775546320894857,0.2222222222222222,not uncertain
ConvAbuse,blind,pros_cons,ConvAbuse-test-788,1,1,0.0,0.0,not uncertain
ConvAbuse,blind,pros_cons,ConvAbuse-test-789,0,0,0.1176266941475735,0.0,not uncertain
ConvAbuse,blind,pros_cons,ConvAbuse-test-790,1,0,0.2040773234319343,0.2222222222222222,not uncertain
ConvAbuse,blind,pros_cons,ConvAbuse-test-791,0,0,0.0,0.0,not uncertain
ConvAbuse,blind,pros_cons,ConvAbuse-test-792,0,0,0.0,0.0,not uncertain
ConvAbuse,blind,pros_cons,ConvAbuse-test-793,0,0,0.0,0.0,not uncertain
ConvAbuse,blind,pros_cons,ConvAbuse-test-794,0,0,0.0,0.0,not uncertain
ConvAbuse,blind,pros_cons,ConvAbuse-test-795,0,0,0.0550591062689693,0.0,not uncertain
ConvAbuse,blind,pros_cons,ConvAbuse-test-796,0,0,0.0,0.0,not uncertain
ConvAbuse,blind,pros_cons,ConvAbuse-test-797,0,0,0.0,0.0,not uncertain
ConvAbuse,blind,pros_cons,ConvAbuse-test-798,0,0,0.0,0.0,not uncertain
ConvAbuse,blind,pros_cons,ConvAbuse-test-799,1,1,0.0,0.0,not uncertain
ConvAbuse,blind,pros_cons,ConvAbuse-test-800,0,0,0.0,0.0,not uncertain
ConvAbuse,blind,pros_cons,ConvAbuse-test-801,0,0,0.0,0.0,not uncertain
ConvAbuse,blind,pros_cons,ConvAbuse-test-802,0,0,0.0,0.0,not uncertain
ConvAbuse,blind,pros_cons,ConvAbuse-test-803,0,0,0.0,0.0,not uncertain
ConvAbuse,blind,pros_cons,ConvAbuse-test-804,1,1,0.0,0.0,highly uncertain
ConvAbuse,blind,pros_cons,ConvAbuse-test-805,0,0,0.0,0.0,not uncertain
ConvAbuse,blind,pros_cons,ConvAbuse-test-806,1,1,0.0,0.2222222222222222,not uncertain
ConvAbuse,blind,pros_cons,ConvAbuse-test-807,1,0,0.0,0.0,not uncertain
ConvAbuse,blind,pros_cons,ConvAbuse-test-808,0,0,0.0,0.0,not uncertain
ConvAbuse,blind,pros_cons,ConvAbuse-test-809,0,0,0.0,0.0,not uncertain
ConvAbuse,blind,pros_cons,ConvAbuse-test-810,1,0,0.2383191625453634,0.2222222222222222,not uncertain
ConvAbuse,blind,pros_cons,ConvAbuse-test-811,0,0,0.0,0.0,not uncertain
ConvAbuse,blind,pros_cons,ConvAbuse-test-812,0,0,0.0,0.0,not uncertain
ConvAbuse,blind,pros_cons,ConvAbuse-test-813,0,0,0.0,0.0,not uncertain
ConvAbuse,blind,pros_cons,ConvAbuse-test-814,0,0,0.0,0.0,not uncertain
ConvAbuse,blind,pros_cons,ConvAbuse-test-815,1,1,0.0,0.0,not uncertain
ConvAbuse,blind,pros_cons,ConvAbuse-test-816,0,0,0.0,0.0,not uncertain
ConvAbuse,blind,pros_cons,ConvAbuse-test-817,1,1,0.0,0.0,not uncertain
ConvAbuse,blind,pros_cons,ConvAbuse-test-818,0,0,0.0,0.0,not uncertain
ConvAbuse,blind,pros_cons,ConvAbuse-test-819,0,0,0.0,0.0,not uncertain
ConvAbuse,blind,pros_cons,ConvAbuse-test-820,1,1,0.0,0.0,highly uncertain
ConvAbuse,blind,pros_cons,ConvAbuse-test-821,0,0,0.0,0.0,not uncertain
ConvAbuse,blind,pros_cons,ConvAbuse-test-822,0,0,0.2341314080058561,0.0,not uncertain
ConvAbuse,blind,pros_cons,ConvAbuse-test-823,0,0,0.0,0.0,not uncertain
ConvAbuse,blind,pros_cons,ConvAbuse-test-824,0,0,0.0,0.0,not uncertain
ConvAbuse,blind,pros_cons,ConvAbuse-test-825,0,0,0.0,0.0,not uncertain
ConvAbuse,blind,pros_cons,ConvAbuse-test-826,0,0,0.0,0.0,not uncertain
ConvAbuse,blind,pros_cons,ConvAbuse-test-827,1,1,0.0,0.25,not uncertain
ConvAbuse,blind,pros_cons,ConvAbuse-test-828,0,0,0.0,0.0,not uncertain
ConvAbuse,blind,pros_cons,ConvAbuse-test-829,0,0,0.0,0.2222222222222222,not uncertain
ConvAbuse,blind,pros_cons,ConvAbuse-test-830,0,0,0.0,0.0,not uncertain
ConvAbuse,blind,pros_cons,ConvAbuse-test-831,0,0,0.0,0.0,not uncertain
ConvAbuse,blind,pros_cons,ConvAbuse-test-832,0,0,0.0,0.0,not uncertain
ConvAbuse,blind,pros_cons,ConvAbuse-test-833,0,0,0.0,0.0,not uncertain
ConvAbuse,blind,pros_cons,ConvAbuse-test-834,0,0,0.0,0.0,not uncertain
ConvAbuse,blind,pros_cons,ConvAbuse-test-835,0,0,0.0,0.0,not uncertain
ConvAbuse,blind,pros_cons,ConvAbuse-test-836,1,0,0.09067895958201,0.0,not uncertain
ConvAbuse,blind,pros_cons,ConvAbuse-test-837,0,0,0.0912186054760014,0.24,not uncertain
ConvAbuse,blind,pros_cons,ConvAbuse-test-838,1,1,0.0948779763317176,0.25,not uncertain
ConvAbuse,blind,pros_cons,ConvAbuse-test-839,0,1,0.0,0.25,not uncertain
ConvAbuse,blind,pros_cons,ConvAbuse-test-840,0,0,0.0,0.0,not uncertain
ConvAbuse,blind,GEPA,ConvAbuse-test-1,0,0,0.0,0.0,not uncertain
ConvAbuse,blind,GEPA,ConvAbuse-test-2,1,0,0.1784951339253118,0.1599999999999999,somewhat uncertain
ConvAbuse,blind,GEPA,ConvAbuse-test-3,0,0,0.0,0.0,not uncertain
ConvAbuse,blind,GEPA,ConvAbuse-test-4,0,1,0.1038409233418687,0.0,somewhat uncertain
ConvAbuse,blind,GEPA,ConvAbuse-test-5,0,0,0.0,0.0,not uncertain
ConvAbuse,blind,GEPA,ConvAbuse-test-6,0,0,0.0,0.0,not uncertain
ConvAbuse,blind,GEPA,ConvAbuse-test-7,0,0,0.0,0.0,not uncertain
ConvAbuse,blind,GEPA,ConvAbuse-test-8,0,0,0.0,0.0,not uncertain
ConvAbuse,blind,GEPA,ConvAbuse-test-9,0,0,0.0,0.0,not uncertain
ConvAbuse,blind,GEPA,ConvAbuse-test-10,0,0,0.0,0.1599999999999999,not uncertain
ConvAbuse,blind,GEPA,ConvAbuse-test-11,0,0,0.0,0.0,not uncertain
ConvAbuse,blind,GEPA,ConvAbuse-test-12,0,0,0.0,0.0,highly uncertain
ConvAbuse,blind,GEPA,ConvAbuse-test-13,0,0,0.0,0.0,not uncertain
ConvAbuse,blind,GEPA,ConvAbuse-test-14,0,0,0.0,0.0,not uncertain
ConvAbuse,blind,GEPA,ConvAbuse-test-15,0,0,0.0336322043637221,0.2222222222222222,not uncertain
ConvAbuse,blind,GEPA,ConvAbuse-test-16,0,0,0.0,0.0,not uncertain
ConvAbuse,blind,GEPA,ConvAbuse-test-17,0,0,0.0,0.0,not uncertain
ConvAbuse,blind,GEPA,ConvAbuse-test-18,0,0,0.0,0.1599999999999999,not uncertain
ConvAbuse,blind,GEPA,ConvAbuse-test-19,0,0,0.0,0.0,not uncertain
ConvAbuse,blind,GEPA,ConvAbuse-test-20,0,0,0.0,0.0,not uncertain
ConvAbuse,blind,GEPA,ConvAbuse-test-21,0,0,0.0,0.0,not uncertain
ConvAbuse,blind,GEPA,ConvAbuse-test-22,1,1,0.0,0.0,not uncertain
ConvAbuse,blind,GEPA,ConvAbuse-test-23,0,0,0.0,0.0,not uncertain
ConvAbuse,blind,GEPA,ConvAbuse-test-24,0,0,0.0,0.0,not uncertain
ConvAbuse,blind,GEPA,ConvAbuse-test-25,0,0,0.0,0.0,not uncertain
ConvAbuse,blind,GEPA,ConvAbuse-test-26,0,0,0.0,0.0,not uncertain
ConvAbuse,blind,GEPA,ConvAbuse-test-27,0,0,0.0,0.0,not uncertain
ConvAbuse,blind,GEPA,ConvAbuse-test-28,0,0,0.0,0.0,not uncertain
ConvAbuse,blind,GEPA,ConvAbuse-test-29,0,0,0.0,0.0,not uncertain
ConvAbuse,blind,GEPA,ConvAbuse-test-30,0,0,0.0,0.0,highly uncertain
ConvAbuse,blind,GEPA,ConvAbuse-test-31,0,0,0.0,0.0,not uncertain
ConvAbuse,blind,GEPA,ConvAbuse-test-32,0,0,0.0,0.0,not uncertain
ConvAbuse,blind,GEPA,ConvAbuse-test-33,0,0,0.0,0.0,not uncertain
ConvAbuse,blind,GEPA,ConvAbuse-test-34,0,0,0.0,0.0,not uncertain
ConvAbuse,blind,GEPA,ConvAbuse-test-35,0,0,0.0,0.1875,not uncertain
ConvAbuse,blind,GEPA,ConvAbuse-test-36,1,0,0.1123269528388451,0.0,not uncertain
ConvAbuse,blind,GEPA,ConvAbuse-test-37,0,0,0.0,0.0,not uncertain
ConvAbuse,blind,GEPA,ConvAbuse-test-38,0,0,0.0,0.2222222222222222,not uncertain
ConvAbuse,blind,GEPA,ConvAbuse-test-39,1,0,0.1390307597572984,0.2222222222222222,not uncertain
ConvAbuse,blind,GEPA,ConvAbuse-test-40,0,0,0.0,0.0,not uncertain
ConvAbuse,blind,GEPA,ConvAbuse-test-41,0,0,0.0,0.0,not uncertain
ConvAbuse,blind,GEPA,ConvAbuse-test-42,0,0,0.0,0.0,not uncertain
ConvAbuse,blind,GEPA,ConvAbuse-test-43,0,0,0.0,0.0,not uncertain
ConvAbuse,blind,GEPA,ConvAbuse-test-44,0,0,0.0,0.0,not uncertain
ConvAbuse,blind,GEPA,ConvAbuse-test-45,0,0,0.0,0.0,not uncertain
ConvAbuse,blind,GEPA,ConvAbuse-test-46,0,0,0.0,0.0,not uncertain
ConvAbuse,blind,GEPA,ConvAbuse-test-47,0,0,0.0,0.0,not uncertain
ConvAbuse,blind,GEPA,ConvAbuse-test-48,0,1,0.0,0.2222222222222222,not uncertain
ConvAbuse,blind,GEPA,ConvAbuse-test-49,0,0,0.0,0.0,not uncertain
ConvAbuse,blind,GEPA,ConvAbuse-test-50,1,0,0.1732264184895312,0.0,not uncertain
ConvAbuse,blind,GEPA,ConvAbuse-test-51,0,0,0.0,0.0,not uncertain
ConvAbuse,blind,GEPA,ConvAbuse-test-52,0,0,0.0,0.0,somewhat uncertain
ConvAbuse,blind,GEPA,ConvAbuse-test-53,0,0,0.0,0.0,not uncertain
ConvAbuse,blind,GEPA,ConvAbuse-test-54,0,1,0.1899498349180335,0.25,highly uncertain
ConvAbuse,blind,GEPA,ConvAbuse-test-55,0,0,0.0,0.0,highly uncertain
ConvAbuse,blind,GEPA,ConvAbuse-test-56,0,0,0.1508466525967849,0.0,not uncertain
ConvAbuse,blind,GEPA,ConvAbuse-test-57,0,0,0.0,0.0,not uncertain
ConvAbuse,blind,GEPA,ConvAbuse-test-58,0,0,0.0,0.0,not uncertain
ConvAbuse,blind,GEPA,ConvAbuse-test-59,0,1,0.0,0.25,not uncertain
ConvAbuse,blind,GEPA,ConvAbuse-test-60,0,0,0.0,0.0,not uncertain
ConvAbuse,blind,GEPA,ConvAbuse-test-61,0,0,0.2431111196382209,0.0,not uncertain
ConvAbuse,blind,GEPA,ConvAbuse-test-62,0,0,0.0,0.2222222222222222,highly uncertain
ConvAbuse,blind,GEPA,ConvAbuse-test-63,0,0,0.0,0.0,not uncertain
ConvAbuse,blind,GEPA,ConvAbuse-test-64,0,0,0.0,0.0,not uncertain
ConvAbuse,blind,GEPA,ConvAbuse-test-65,0,0,0.0,0.0,not uncertain
ConvAbuse,blind,GEPA,ConvAbuse-test-66,0,0,0.0,0.0,not uncertain
ConvAbuse,blind,GEPA,ConvAbuse-test-67,0,0,0.0,0.0,not uncertain
ConvAbuse,blind,GEPA,ConvAbuse-test-68,1,1,0.0,0.0,not uncertain
ConvAbuse,blind,GEPA,ConvAbuse-test-69,0,0,0.0,0.0,not uncertain
ConvAbuse,blind,GEPA,ConvAbuse-test-70,0,0,0.0,0.2222222222222222,not uncertain
ConvAbuse,blind,GEPA,ConvAbuse-test-71,0,0,0.0,0.0,not uncertain
ConvAbuse,blind,GEPA,ConvAbuse-test-72,0,0,0.0,0.0,not uncertain
ConvAbuse,blind,GEPA,ConvAbuse-test-73,1,1,0.0292166004162299,0.25,not uncertain
ConvAbuse,blind,GEPA,ConvAbuse-test-74,0,0,0.0,0.0,not uncertain
ConvAbuse,blind,GEPA,ConvAbuse-test-75,0,0,0.0,0.0,not uncertain
ConvAbuse,blind,GEPA,ConvAbuse-test-76,1,0,0.2319651737388495,0.0,
ConvAbuse,blind,GEPA,ConvAbuse-test-77,1,1,0.0,0.1875,not uncertain
ConvAbuse,blind,GEPA,ConvAbuse-test-78,0,0,0.0,0.0,not uncertain
ConvAbuse,blind,GEPA,ConvAbuse-test-79,1,1,0.0,0.24,not uncertain
ConvAbuse,blind,GEPA,ConvAbuse-test-80,0,1,0.2192579439821154,0.2222222222222222,somewhat uncertain
ConvAbuse,blind,GEPA,ConvAbuse-test-81,0,0,0.0,0.0,somewhat uncertain
ConvAbuse,blind,GEPA,ConvAbuse-test-82,0,0,0.0,0.0,not uncertain
ConvAbuse,blind,GEPA,ConvAbuse-test-83,1,1,0.0,0.0,not uncertain
ConvAbuse,blind,GEPA,ConvAbuse-test-84,1,1,0.0,0.0,not uncertain
ConvAbuse,blind,GEPA,ConvAbuse-test-85,0,0,0.0,0.0,not uncertain
ConvAbuse,blind,GEPA,ConvAbuse-test-86,0,0,0.0,0.0,not uncertain
ConvAbuse,blind,GEPA,ConvAbuse-test-87,1,0,0.0,0.0,not uncertain
ConvAbuse,blind,GEPA,ConvAbuse-test-88,0,0,0.0,0.0,not uncertain
ConvAbuse,blind,GEPA,ConvAbuse-test-89,0,0,0.0635422642946763,0.0,not uncertain
ConvAbuse,blind,GEPA,ConvAbuse-test-90,0,0,0.0,0.0,not uncertain
ConvAbuse,blind,GEPA,ConvAbuse-test-91,0,0,0.0,0.0,highly uncertain
ConvAbuse,blind,GEPA,ConvAbuse-test-92,0,0,0.0,0.0,not uncertain
ConvAbuse,blind,GEPA,ConvAbuse-test-93,0,0,0.0,0.0,not uncertain
ConvAbuse,blind,GEPA,ConvAbuse-test-94,1,0,0.0927579296800742,0.2222222222222222,somewhat uncertain
ConvAbuse,blind,GEPA,ConvAbuse-test-95,1,1,0.0,0.0,highly uncertain
ConvAbuse,blind,GEPA,ConvAbuse-test-96,0,0,0.0,0.0,not uncertain
ConvAbuse,blind,GEPA,ConvAbuse-test-97,0,0,0.0,0.0,not uncertain
ConvAbuse,blind,GEPA,ConvAbuse-test-98,0,0,0.0,0.2222222222222222,not uncertain
ConvAbuse,blind,GEPA,ConvAbuse-test-99,0,0,0.0,0.0,highly uncertain
ConvAbuse,blind,GEPA,ConvAbuse-test-100,0,0,0.0231097139386094,0.0,not uncertain
ConvAbuse,blind,GEPA,ConvAbuse-test-101,1,1,0.0,0.0,highly uncertain
ConvAbuse,blind,GEPA,ConvAbuse-test-102,0,0,0.0,0.0,not uncertain
ConvAbuse,blind,GEPA,ConvAbuse-test-103,0,1,0.1661867844358606,0.25,highly uncertain
ConvAbuse,blind,GEPA,ConvAbuse-test-104,0,1,0.2443720624375719,0.0,not uncertain
ConvAbuse,blind,GEPA,ConvAbuse-test-105,0,0,0.0,0.0,not uncertain
ConvAbuse,blind,GEPA,ConvAbuse-test-106,1,1,0.0,0.0,not uncertain
ConvAbuse,blind,GEPA,ConvAbuse-test-107,0,0,0.0,0.0,not uncertain
ConvAbuse,blind,GEPA,ConvAbuse-test-108,0,0,0.0,0.0,not uncertain
ConvAbuse,blind,GEPA,ConvAbuse-test-109,0,0,0.0,0.0,not uncertain
ConvAbuse,blind,GEPA,ConvAbuse-test-110,0,0,0.0501155850447664,0.2222222222222222,not uncertain
ConvAbuse,blind,GEPA,ConvAbuse-test-111,1,0,0.026016640003907,0.2222222222222222,highly uncertain
ConvAbuse,blind,GEPA,ConvAbuse-test-112,1,1,0.0,0.0,not uncertain
ConvAbuse,blind,GEPA,ConvAbuse-test-113,1,1,0.0,0.0,not uncertain
ConvAbuse,blind,GEPA,ConvAbuse-test-114,0,0,0.0,0.0,not uncertain
ConvAbuse,blind,GEPA,ConvAbuse-test-115,1,1,0.0,0.0,not uncertain
ConvAbuse,blind,GEPA,ConvAbuse-test-116,0,0,0.0,0.0,not uncertain
ConvAbuse,blind,GEPA,ConvAbuse-test-117,0,0,0.0,0.0,not uncertain
ConvAbuse,blind,GEPA,ConvAbuse-test-118,0,0,0.0,0.0,not uncertain
ConvAbuse,blind,GEPA,ConvAbuse-test-119,0,0,0.0,0.0,not uncertain
ConvAbuse,blind,GEPA,ConvAbuse-test-120,0,0,0.0270285772522865,0.2222222222222222,highly uncertain
ConvAbuse,blind,GEPA,ConvAbuse-test-121,0,0,0.0,0.0,not uncertain
ConvAbuse,blind,GEPA,ConvAbuse-test-122,1,0,0.1008188047833402,0.0,not uncertain
ConvAbuse,blind,GEPA,ConvAbuse-test-123,0,0,0.0983084326621214,0.2222222222222222,highly uncertain
ConvAbuse,blind,GEPA,ConvAbuse-test-124,1,1,0.0,0.0,not uncertain
ConvAbuse,blind,GEPA,ConvAbuse-test-125,1,1,0.0336440332502545,0.2222222222222222,not uncertain
ConvAbuse,blind,GEPA,ConvAbuse-test-126,1,1,0.0,0.0,not uncertain
ConvAbuse,blind,GEPA,ConvAbuse-test-127,0,0,0.0,0.0,not uncertain
ConvAbuse,blind,GEPA,ConvAbuse-test-128,0,0,0.0,0.0,not uncertain
ConvAbuse,blind,GEPA,ConvAbuse-test-129,0,0,0.0,0.0,not uncertain
ConvAbuse,blind,GEPA,ConvAbuse-test-130,0,1,0.0,0.25,highly uncertain
ConvAbuse,blind,GEPA,ConvAbuse-test-131,0,0,0.0547381005555893,0.0,not uncertain
ConvAbuse,blind,GEPA,ConvAbuse-test-132,0,0,0.0,0.0,not uncertain
ConvAbuse,blind,GEPA,ConvAbuse-test-133,0,0,0.0,0.0,not uncertain
ConvAbuse,blind,GEPA,ConvAbuse-test-134,1,1,0.0,0.0,not uncertain
ConvAbuse,blind,GEPA,ConvAbuse-test-135,0,0,0.0613455395112036,0.0,not uncertain
ConvAbuse,blind,GEPA,ConvAbuse-test-136,0,0,0.0565963532453835,0.2222222222222222,not uncertain
ConvAbuse,blind,GEPA,ConvAbuse-test-137,1,1,0.0,0.0,not uncertain
ConvAbuse,blind,GEPA,ConvAbuse-test-138,0,0,0.0,0.0,not uncertain
ConvAbuse,blind,GEPA,ConvAbuse-test-139,1,0,0.0,0.2222222222222222,not uncertain
ConvAbuse,blind,GEPA,ConvAbuse-test-140,0,0,0.0906024674148875,0.1875,not uncertain
ConvAbuse,blind,GEPA,ConvAbuse-test-141,1,0,0.225848271684105,0.0,highly uncertain
ConvAbuse,blind,GEPA,ConvAbuse-test-142,1,0,0.0,0.2222222222222222,not uncertain
ConvAbuse,blind,GEPA,ConvAbuse-test-143,0,0,0.0,0.0,not uncertain
ConvAbuse,blind,GEPA,ConvAbuse-test-144,0,0,0.0,0.0,not uncertain
ConvAbuse,blind,GEPA,ConvAbuse-test-145,0,0,0.0,0.0,not uncertain
ConvAbuse,blind,GEPA,ConvAbuse-test-146,0,0,0.0,0.0,not uncertain
ConvAbuse,blind,GEPA,ConvAbuse-test-147,1,1,0.0,0.0,not uncertain
ConvAbuse,blind,GEPA,ConvAbuse-test-148,1,0,0.0,0.2222222222222222,somewhat uncertain
ConvAbuse,blind,GEPA,ConvAbuse-test-149,0,0,0.0,0.0,not uncertain
ConvAbuse,blind,GEPA,ConvAbuse-test-150,0,0,0.0,0.0,not uncertain
ConvAbuse,blind,GEPA,ConvAbuse-test-151,0,0,0.0,0.0,not uncertain
ConvAbuse,blind,GEPA,ConvAbuse-test-152,1,0,0.0279989107429704,0.0,not uncertain
ConvAbuse,blind,GEPA,ConvAbuse-test-153,0,0,0.0,0.0,not uncertain
ConvAbuse,blind,GEPA,ConvAbuse-test-154,0,0,0.0,0.0,not uncertain
ConvAbuse,blind,GEPA,ConvAbuse-test-155,1,0,0.2498811295739664,0.1875,highly uncertain
ConvAbuse,blind,GEPA,ConvAbuse-test-156,1,1,0.0,0.0,not uncertain
ConvAbuse,blind,GEPA,ConvAbuse-test-157,1,0,0.164791252481819,0.0,not uncertain
ConvAbuse,blind,GEPA,ConvAbuse-test-158,1,1,0.0,0.2222222222222222,not uncertain
ConvAbuse,blind,GEPA,ConvAbuse-test-159,1,1,0.0,0.2222222222222222,not uncertain
ConvAbuse,blind,GEPA,ConvAbuse-test-160,1,0,0.0352020358739804,0.0,highly uncertain
ConvAbuse,blind,GEPA,ConvAbuse-test-161,0,0,0.0,0.0,not uncertain
ConvAbuse,blind,GEPA,ConvAbuse-test-162,0,0,0.0,0.0,somewhat uncertain
ConvAbuse,blind,GEPA,ConvAbuse-test-163,0,0,0.0,0.0,not uncertain
ConvAbuse,blind,GEPA,ConvAbuse-test-164,0,0,0.0,0.0,not uncertain
ConvAbuse,blind,GEPA,ConvAbuse-test-165,0,1,0.2311661907475396,0.1875,highly uncertain
ConvAbuse,blind,GEPA,ConvAbuse-test-166,0,0,0.0,0.0,not uncertain
ConvAbuse,blind,GEPA,ConvAbuse-test-167,0,0,0.0,0.0,not uncertain
ConvAbuse,blind,GEPA,ConvAbuse-test-168,0,0,0.0,0.0,not uncertain
ConvAbuse,blind,GEPA,ConvAbuse-test-169,0,0,0.0,0.2222222222222222,somewhat uncertain
ConvAbuse,blind,GEPA,ConvAbuse-test-170,0,0,0.0,0.0,not uncertain
ConvAbuse,blind,GEPA,ConvAbuse-test-171,0,0,0.0,0.0,not uncertain
ConvAbuse,blind,GEPA,ConvAbuse-test-172,1,1,0.0,0.0,not uncertain
ConvAbuse,blind,GEPA,ConvAbuse-test-173,0,0,0.0,0.0,not uncertain
ConvAbuse,blind,GEPA,ConvAbuse-test-174,0,0,0.0,0.0,highly uncertain
ConvAbuse,blind,GEPA,ConvAbuse-test-175,0,0,0.1575190047024531,0.0,not uncertain
ConvAbuse,blind,GEPA,ConvAbuse-test-176,0,0,0.0,0.0,not uncertain
ConvAbuse,blind,GEPA,ConvAbuse-test-177,0,0,0.0,0.0,not uncertain
ConvAbuse,blind,GEPA,ConvAbuse-test-178,0,0,0.0,0.0,somewhat uncertain
ConvAbuse,blind,GEPA,ConvAbuse-test-179,0,0,0.0,0.0,highly uncertain
ConvAbuse,blind,GEPA,ConvAbuse-test-180,1,1,0.0,0.0,not uncertain
ConvAbuse,blind,GEPA,ConvAbuse-test-181,0,0,0.0,0.0,not uncertain
ConvAbuse,blind,GEPA,ConvAbuse-test-182,0,0,0.0,0.0,not uncertain
ConvAbuse,blind,GEPA,ConvAbuse-test-183,1,1,0.0,0.2222222222222222,highly uncertain
ConvAbuse,blind,GEPA,ConvAbuse-test-184,1,0,0.0338906807927992,0.1599999999999999,
ConvAbuse,blind,GEPA,ConvAbuse-test-185,0,0,0.0,0.0,not uncertain
ConvAbuse,blind,GEPA,ConvAbuse-test-186,0,0,0.0,0.0,not uncertain
ConvAbuse,blind,GEPA,ConvAbuse-test-187,0,0,0.0,0.0,somewhat uncertain
ConvAbuse,blind,GEPA,ConvAbuse-test-188,0,0,0.0,0.0,not uncertain
ConvAbuse,blind,GEPA,ConvAbuse-test-189,0,0,0.0,0.0,not uncertain
ConvAbuse,blind,GEPA,ConvAbuse-test-190,0,0,0.0,0.0,not uncertain
ConvAbuse,blind,GEPA,ConvAbuse-test-191,1,1,0.0,0.0,not uncertain
ConvAbuse,blind,GEPA,ConvAbuse-test-192,0,0,0.0,0.0,not uncertain
ConvAbuse,blind,GEPA,ConvAbuse-test-193,0,0,0.0,0.0,not uncertain
ConvAbuse,blind,GEPA,ConvAbuse-test-194,0,0,0.0,0.0,not uncertain
ConvAbuse,blind,GEPA,ConvAbuse-test-195,0,0,0.0199226753290297,0.0,not uncertain
ConvAbuse,blind,GEPA,ConvAbuse-test-196,1,1,0.0,0.0,not uncertain
ConvAbuse,blind,GEPA,ConvAbuse-test-197,0,0,0.0,0.0,not uncertain
ConvAbuse,blind,GEPA,ConvAbuse-test-198,0,1,0.0,0.2222222222222222,not uncertain
ConvAbuse,blind,GEPA,ConvAbuse-test-199,0,0,0.0,0.0,not uncertain
ConvAbuse,blind,GEPA,ConvAbuse-test-200,0,0,0.0,0.0,not uncertain
ConvAbuse,blind,GEPA,ConvAbuse-test-201,0,0,0.0,0.0,not uncertain
ConvAbuse,blind,GEPA,ConvAbuse-test-202,0,0,0.0,0.0,highly uncertain
ConvAbuse,blind,GEPA,ConvAbuse-test-203,0,0,0.0,0.0,not uncertain
ConvAbuse,blind,GEPA,ConvAbuse-test-204,0,0,0.0,0.0,not uncertain
ConvAbuse,blind,GEPA,ConvAbuse-test-205,1,0,0.0942785662771276,0.0,not uncertain
ConvAbuse,blind,GEPA,ConvAbuse-test-206,0,0,0.0,0.0,not uncertain
ConvAbuse,blind,GEPA,ConvAbuse-test-207,0,0,0.0,0.0,not uncertain
ConvAbuse,blind,GEPA,ConvAbuse-test-208,0,0,0.0,0.0,not uncertain
ConvAbuse,blind,GEPA,ConvAbuse-test-209,0,0,0.0,0.0,not uncertain
ConvAbuse,blind,GEPA,ConvAbuse-test-210,0,0,0.0,0.1599999999999999,not uncertain
ConvAbuse,blind,GEPA,ConvAbuse-test-211,0,0,0.0343692818004789,0.0,somewhat uncertain
ConvAbuse,blind,GEPA,ConvAbuse-test-212,0,0,0.0,0.0,not uncertain
ConvAbuse,blind,GEPA,ConvAbuse-test-213,0,0,0.0,0.0,not uncertain
ConvAbuse,blind,GEPA,ConvAbuse-test-214,0,0,0.0,0.0,not uncertain
ConvAbuse,blind,GEPA,ConvAbuse-test-215,0,0,0.0,0.0,not uncertain
ConvAbuse,blind,GEPA,ConvAbuse-test-216,0,0,0.0,0.0,not uncertain
ConvAbuse,blind,GEPA,ConvAbuse-test-217,1,1,0.0,0.0,not uncertain
ConvAbuse,blind,GEPA,ConvAbuse-test-218,0,0,0.0,0.1875,not uncertain
ConvAbuse,blind,GEPA,ConvAbuse-test-219,1,1,0.0,0.0,not uncertain
ConvAbuse,blind,GEPA,ConvAbuse-test-220,1,1,0.0,0.0,not uncertain
ConvAbuse,blind,GEPA,ConvAbuse-test-221,0,0,0.0,0.0,not uncertain
ConvAbuse,blind,GEPA,ConvAbuse-test-222,0,0,0.0,0.0,not uncertain
ConvAbuse,blind,GEPA,ConvAbuse-test-223,0,0,0.0,0.0,not uncertain
ConvAbuse,blind,GEPA,ConvAbuse-test-224,0,0,0.0,0.0,not uncertain
ConvAbuse,blind,GEPA,ConvAbuse-test-225,1,1,0.0,0.25,not uncertain
ConvAbuse,blind,GEPA,ConvAbuse-test-226,0,0,0.0,0.0,not uncertain
ConvAbuse,blind,GEPA,ConvAbuse-test-227,1,0,0.1275597198971599,0.24,highly uncertain
ConvAbuse,blind,GEPA,ConvAbuse-test-228,0,0,0.0,0.0,not uncertain
ConvAbuse,blind,GEPA,ConvAbuse-test-229,0,0,0.0,0.0,not uncertain
ConvAbuse,blind,GEPA,ConvAbuse-test-230,1,1,0.1491276957956275,0.0,not uncertain
ConvAbuse,blind,GEPA,ConvAbuse-test-231,0,0,0.0,0.2222222222222222,highly uncertain
ConvAbuse,blind,GEPA,ConvAbuse-test-232,0,0,0.0,0.0,not uncertain
ConvAbuse,blind,GEPA,ConvAbuse-test-233,0,0,0.0352079749362173,0.0,highly uncertain
ConvAbuse,blind,GEPA,ConvAbuse-test-234,1,1,0.0,0.2222222222222222,somewhat uncertain
ConvAbuse,blind,GEPA,ConvAbuse-test-235,0,0,0.0,0.0,not uncertain
ConvAbuse,blind,GEPA,ConvAbuse-test-236,0,0,0.0,0.0,not uncertain
ConvAbuse,blind,GEPA,ConvAbuse-test-237,0,0,0.0,0.0,not uncertain
ConvAbuse,blind,GEPA,ConvAbuse-test-238,0,1,0.0374885648292178,0.2222222222222222,highly uncertain
ConvAbuse,blind,GEPA,ConvAbuse-test-239,0,1,0.0,0.25,highly uncertain
ConvAbuse,blind,GEPA,ConvAbuse-test-240,0,0,0.0,0.0,not uncertain
ConvAbuse,blind,GEPA,ConvAbuse-test-241,0,0,0.0,0.2222222222222222,somewhat uncertain
ConvAbuse,blind,GEPA,ConvAbuse-test-242,1,0,0.1057919355295146,0.0,not uncertain
ConvAbuse,blind,GEPA,ConvAbuse-test-243,0,0,0.0,0.0,not uncertain
ConvAbuse,blind,GEPA,ConvAbuse-test-244,0,0,0.0,0.0,not uncertain
ConvAbuse,blind,GEPA,ConvAbuse-test-245,0,0,0.0,0.0,somewhat uncertain
ConvAbuse,blind,GEPA,ConvAbuse-test-246,0,0,0.0,0.2222222222222222,not uncertain
ConvAbuse,blind,GEPA,ConvAbuse-test-247,0,0,0.0,0.0,not uncertain
ConvAbuse,blind,GEPA,ConvAbuse-test-248,1,1,0.0,0.0,somewhat uncertain
ConvAbuse,blind,GEPA,ConvAbuse-test-249,0,0,0.2367551669766814,0.0,not uncertain
ConvAbuse,blind,GEPA,ConvAbuse-test-250,0,0,0.0336196912006076,0.0,not uncertain
ConvAbuse,blind,GEPA,ConvAbuse-test-251,0,0,0.0,0.0,not uncertain
ConvAbuse,blind,GEPA,ConvAbuse-test-252,0,0,0.1530896837855654,0.0,not uncertain
ConvAbuse,blind,GEPA,ConvAbuse-test-253,0,0,0.0,0.0,not uncertain
ConvAbuse,blind,GEPA,ConvAbuse-test-254,0,0,0.0,0.0,not uncertain
ConvAbuse,blind,GEPA,ConvAbuse-test-255,0,0,0.0,0.0,not uncertain
ConvAbuse,blind,GEPA,ConvAbuse-test-256,1,1,0.0,0.2222222222222222,not uncertain
ConvAbuse,blind,GEPA,ConvAbuse-test-257,0,1,0.1368820451497993,0.0,not uncertain
ConvAbuse,blind,GEPA,ConvAbuse-test-258,0,0,0.0,0.0,not uncertain
ConvAbuse,blind,GEPA,ConvAbuse-test-259,0,1,0.2010041723723752,0.25,not uncertain
ConvAbuse,blind,GEPA,ConvAbuse-test-260,0,0,0.0,0.0,not uncertain
ConvAbuse,blind,GEPA,ConvAbuse-test-261,1,1,0.0,0.0,not uncertain
ConvAbuse,blind,GEPA,ConvAbuse-test-262,1,1,0.0,0.0,somewhat uncertain
ConvAbuse,blind,GEPA,ConvAbuse-test-263,0,0,0.0,0.0,not uncertain
ConvAbuse,blind,GEPA,ConvAbuse-test-264,1,1,0.0,0.0,not uncertain
ConvAbuse,blind,GEPA,ConvAbuse-test-265,1,1,0.0,0.0,not uncertain
ConvAbuse,blind,GEPA,ConvAbuse-test-266,0,0,0.0,0.1875,not uncertain
ConvAbuse,blind,GEPA,ConvAbuse-test-267,0,0,0.0,0.0,not uncertain
ConvAbuse,blind,GEPA,ConvAbuse-test-268,1,0,0.19960504946255,0.0,not uncertain
ConvAbuse,blind,GEPA,ConvAbuse-test-269,0,0,0.0,0.0,not uncertain
ConvAbuse,blind,GEPA,ConvAbuse-test-270,0,0,0.0,0.0,not uncertain
ConvAbuse,blind,GEPA,ConvAbuse-test-271,1,1,0.0,0.2222222222222222,not uncertain
ConvAbuse,blind,GEPA,ConvAbuse-test-272,0,0,0.0,0.0,not uncertain
ConvAbuse,blind,GEPA,ConvAbuse-test-273,0,0,0.0,0.2222222222222222,not uncertain
ConvAbuse,blind,GEPA,ConvAbuse-test-274,1,1,0.0,0.0,not uncertain
ConvAbuse,blind,GEPA,ConvAbuse-test-275,0,0,0.1287508055181418,0.0,not uncertain
ConvAbuse,blind,GEPA,ConvAbuse-test-276,0,0,0.0299198480662069,0.0,not uncertain
ConvAbuse,blind,GEPA,ConvAbuse-test-277,1,0,0.2091754542626745,0.0,highly uncertain
ConvAbuse,blind,GEPA,ConvAbuse-test-278,0,0,0.0313687263023086,0.1599999999999999,not uncertain
ConvAbuse,blind,GEPA,ConvAbuse-test-279,0,0,0.0,0.0,somewhat uncertain
ConvAbuse,blind,GEPA,ConvAbuse-test-280,0,0,0.0,0.0,not uncertain
ConvAbuse,blind,GEPA,ConvAbuse-test-281,1,1,0.0,0.0,not uncertain
ConvAbuse,blind,GEPA,ConvAbuse-test-282,1,1,0.2317710351293217,0.2222222222222222,somewhat uncertain
ConvAbuse,blind,GEPA,ConvAbuse-test-283,1,0,0.2445914045129794,0.0,not uncertain
ConvAbuse,blind,GEPA,ConvAbuse-test-284,0,0,0.2005004847951263,0.0,not uncertain
ConvAbuse,blind,GEPA,ConvAbuse-test-285,0,0,0.0,0.0,not uncertain
ConvAbuse,blind,GEPA,ConvAbuse-test-286,0,0,0.0,0.2222222222222222,not uncertain
ConvAbuse,blind,GEPA,ConvAbuse-test-287,0,0,0.1057147385451971,0.0,not uncertain
ConvAbuse,blind,GEPA,ConvAbuse-test-288,0,0,0.0,0.0,not uncertain
ConvAbuse,blind,GEPA,ConvAbuse-test-289,1,0,0.0489118018673964,0.2222222222222222,somewhat uncertain
ConvAbuse,blind,GEPA,ConvAbuse-test-290,0,0,0.0,0.0,not uncertain
ConvAbuse,blind,GEPA,ConvAbuse-test-291,0,0,0.0,0.0,not uncertain
ConvAbuse,blind,GEPA,ConvAbuse-test-292,1,1,0.0723439185511769,0.25,not uncertain
ConvAbuse,blind,GEPA,ConvAbuse-test-293,0,0,0.0505279849241955,0.0,not uncertain
ConvAbuse,blind,GEPA,ConvAbuse-test-294,0,0,0.0,0.0,not uncertain
ConvAbuse,blind,GEPA,ConvAbuse-test-295,0,1,0.1105002115297067,0.25,highly uncertain
ConvAbuse,blind,GEPA,ConvAbuse-test-296,0,0,0.0287557440544887,0.1875,not uncertain
ConvAbuse,blind,GEPA,ConvAbuse-test-297,0,0,0.2259656696304357,0.0,highly uncertain
ConvAbuse,blind,GEPA,ConvAbuse-test-298,0,0,0.0,0.0,not uncertain
ConvAbuse,blind,GEPA,ConvAbuse-test-299,0,0,0.0,0.0,not uncertain
ConvAbuse,blind,GEPA,ConvAbuse-test-300,0,0,0.0,0.0,not uncertain
ConvAbuse,blind,GEPA,ConvAbuse-test-301,1,1,0.0368814238125556,0.2222222222222222,somewhat uncertain
ConvAbuse,blind,GEPA,ConvAbuse-test-302,1,1,0.0,0.0,not uncertain
ConvAbuse,blind,GEPA,ConvAbuse-test-303,1,1,0.0,0.0,not uncertain
ConvAbuse,blind,GEPA,ConvAbuse-test-304,0,0,0.0,0.0,not uncertain
ConvAbuse,blind,GEPA,ConvAbuse-test-305,0,0,0.0,0.0,not uncertain
ConvAbuse,blind,GEPA,ConvAbuse-test-306,1,1,0.0,0.0,highly uncertain
ConvAbuse,blind,GEPA,ConvAbuse-test-307,1,1,0.0,0.0,not uncertain
ConvAbuse,blind,GEPA,ConvAbuse-test-308,0,0,0.0,0.0,not uncertain
ConvAbuse,blind,GEPA,ConvAbuse-test-309,0,0,0.0,0.2222222222222222,highly uncertain
ConvAbuse,blind,GEPA,ConvAbuse-test-310,0,0,0.0,0.0,not uncertain
ConvAbuse,blind,GEPA,ConvAbuse-test-311,0,0,0.0,0.0,not uncertain
ConvAbuse,blind,GEPA,ConvAbuse-test-312,0,0,0.0,0.0,not uncertain
ConvAbuse,blind,GEPA,ConvAbuse-test-313,0,0,0.0,0.0,not uncertain
ConvAbuse,blind,GEPA,ConvAbuse-test-314,1,1,0.0,0.2222222222222222,not uncertain
ConvAbuse,blind,GEPA,ConvAbuse-test-315,1,0,0.0229020719113281,0.2222222222222222,not uncertain
ConvAbuse,blind,GEPA,ConvAbuse-test-316,0,0,0.1314670876017604,0.0,not uncertain
ConvAbuse,blind,GEPA,ConvAbuse-test-317,0,0,0.0,0.0,not uncertain
ConvAbuse,blind,GEPA,ConvAbuse-test-318,0,0,0.0,0.0,not uncertain
ConvAbuse,blind,GEPA,ConvAbuse-test-319,0,0,0.0,0.0,not uncertain
ConvAbuse,blind,GEPA,ConvAbuse-test-320,0,0,0.0,0.0,not uncertain
ConvAbuse,blind,GEPA,ConvAbuse-test-321,0,0,0.0,0.0,not uncertain
ConvAbuse,blind,GEPA,ConvAbuse-test-322,0,0,0.0,0.0,not uncertain
ConvAbuse,blind,GEPA,ConvAbuse-test-323,1,1,0.0,0.2222222222222222,not uncertain
ConvAbuse,blind,GEPA,ConvAbuse-test-324,1,0,0.0,0.2222222222222222,somewhat uncertain
ConvAbuse,blind,GEPA,ConvAbuse-test-325,1,0,0.2270712159119075,0.0,not uncertain
ConvAbuse,blind,GEPA,ConvAbuse-test-326,1,1,0.0,0.0,not uncertain
ConvAbuse,blind,GEPA,ConvAbuse-test-327,1,0,0.2252984437276871,0.2222222222222222,highly uncertain
ConvAbuse,blind,GEPA,ConvAbuse-test-328,0,0,0.0,0.0,highly uncertain
ConvAbuse,blind,GEPA,ConvAbuse-test-329,0,0,0.0,0.1599999999999999,not uncertain
ConvAbuse,blind,GEPA,ConvAbuse-test-330,0,0,0.0,0.0,not uncertain
ConvAbuse,blind,GEPA,ConvAbuse-test-331,1,0,0.0345241240218124,0.0,not uncertain
ConvAbuse,blind,GEPA,ConvAbuse-test-332,0,0,0.0,0.0,not uncertain
ConvAbuse,blind,GEPA,ConvAbuse-test-333,0,0,0.0,0.0,not uncertain
ConvAbuse,blind,GEPA,ConvAbuse-test-334,0,0,0.0,0.0,not uncertain
ConvAbuse,blind,GEPA,ConvAbuse-test-335,0,0,0.032278983052987,0.1875,somewhat uncertain
ConvAbuse,blind,GEPA,ConvAbuse-test-336,1,1,0.0,0.25,not uncertain
ConvAbuse,blind,GEPA,ConvAbuse-test-337,0,0,0.0,0.0,not uncertain
ConvAbuse,blind,GEPA,ConvAbuse-test-338,1,1,0.0254586992490659,0.2222222222222222,not uncertain
ConvAbuse,blind,GEPA,ConvAbuse-test-339,0,0,0.0,0.0,not uncertain
ConvAbuse,blind,GEPA,ConvAbuse-test-340,0,0,0.0,0.2222222222222222,not uncertain
ConvAbuse,blind,GEPA,ConvAbuse-test-341,0,0,0.0,0.0,not uncertain
ConvAbuse,blind,GEPA,ConvAbuse-test-342,0,0,0.0,0.0,not uncertain
ConvAbuse,blind,GEPA,ConvAbuse-test-343,0,0,0.0,0.0,not uncertain
ConvAbuse,blind,GEPA,ConvAbuse-test-344,1,1,0.0,0.0,not uncertain
ConvAbuse,blind,GEPA,ConvAbuse-test-345,1,1,0.0,0.0,not uncertain
ConvAbuse,blind,GEPA,ConvAbuse-test-346,0,0,0.0,0.0,not uncertain
ConvAbuse,blind,GEPA,ConvAbuse-test-347,0,0,0.0,0.0,not uncertain
ConvAbuse,blind,GEPA,ConvAbuse-test-348,0,0,0.0,0.0,not uncertain
ConvAbuse,blind,GEPA,ConvAbuse-test-349,0,0,0.0,0.0,not uncertain
ConvAbuse,blind,GEPA,ConvAbuse-test-350,1,0,0.1655073653573884,0.0,not uncertain
ConvAbuse,blind,GEPA,ConvAbuse-test-351,1,1,0.0,0.0,highly uncertain
ConvAbuse,blind,GEPA,ConvAbuse-test-352,1,1,0.0,0.0,not uncertain
ConvAbuse,blind,GEPA,ConvAbuse-test-353,0,0,0.0,0.0,not uncertain
ConvAbuse,blind,GEPA,ConvAbuse-test-354,0,0,0.0,0.0,not uncertain
ConvAbuse,blind,GEPA,ConvAbuse-test-355,0,0,0.0268300374956719,0.2222222222222222,not uncertain
ConvAbuse,blind,GEPA,ConvAbuse-test-356,0,1,0.0,0.25,not uncertain
ConvAbuse,blind,GEPA,ConvAbuse-test-357,1,0,0.2499418607651457,0.2222222222222222,not uncertain
ConvAbuse,blind,GEPA,ConvAbuse-test-358,0,0,0.0,0.0,not uncertain
ConvAbuse,blind,GEPA,ConvAbuse-test-359,0,0,0.0,0.0,not uncertain
ConvAbuse,blind,GEPA,ConvAbuse-test-360,0,0,0.0,0.0,not uncertain
ConvAbuse,blind,GEPA,ConvAbuse-test-361,1,0,0.2497940830038794,0.0,highly uncertain
ConvAbuse,blind,GEPA,ConvAbuse-test-362,0,0,0.0,0.0,not uncertain
ConvAbuse,blind,GEPA,ConvAbuse-test-363,0,0,0.0,0.0,not uncertain
ConvAbuse,blind,GEPA,ConvAbuse-test-364,1,1,0.0,0.0,not uncertain
ConvAbuse,blind,GEPA,ConvAbuse-test-365,0,0,0.0,0.0,not uncertain
ConvAbuse,blind,GEPA,ConvAbuse-test-366,0,0,0.2450097415185942,0.2222222222222222,not uncertain
ConvAbuse,blind,GEPA,ConvAbuse-test-367,0,0,0.0,0.0,not uncertain
ConvAbuse,blind,GEPA,ConvAbuse-test-368,0,0,0.0,0.0,not uncertain
ConvAbuse,blind,GEPA,ConvAbuse-test-369,1,0,0.0266975905243349,0.0,not uncertain
ConvAbuse,blind,GEPA,ConvAbuse-test-370,0,0,0.0,0.0,not uncertain
ConvAbuse,blind,GEPA,ConvAbuse-test-371,0,0,0.0,0.0,not uncertain
ConvAbuse,blind,GEPA,ConvAbuse-test-372,1,0,0.2396214236502914,0.0,not uncertain
ConvAbuse,blind,GEPA,ConvAbuse-test-373,0,0,0.1091609568523153,0.0,not uncertain
ConvAbuse,blind,GEPA,ConvAbuse-test-374,0,0,0.0,0.0,not uncertain
ConvAbuse,blind,GEPA,ConvAbuse-test-375,0,0,0.099632446161181,0.0,not uncertain
ConvAbuse,blind,GEPA,ConvAbuse-test-376,1,0,0.2149034616652006,0.0,not uncertain
ConvAbuse,blind,GEPA,ConvAbuse-test-377,1,1,0.0,0.0,not uncertain
ConvAbuse,blind,GEPA,ConvAbuse-test-378,0,0,0.0,0.0,not uncertain
ConvAbuse,blind,GEPA,ConvAbuse-test-379,0,0,0.0,0.0,not uncertain
ConvAbuse,blind,GEPA,ConvAbuse-test-380,0,0,0.0,0.0,not uncertain
ConvAbuse,blind,GEPA,ConvAbuse-test-381,1,1,0.0,0.2222222222222222,not uncertain
ConvAbuse,blind,GEPA,ConvAbuse-test-382,0,0,0.0,0.0,not uncertain
ConvAbuse,blind,GEPA,ConvAbuse-test-383,0,0,0.0,0.0,not uncertain
ConvAbuse,blind,GEPA,ConvAbuse-test-384,0,0,0.0,0.0,not uncertain
ConvAbuse,blind,GEPA,ConvAbuse-test-385,1,1,0.0,0.0,not uncertain
ConvAbuse,blind,GEPA,ConvAbuse-test-386,0,0,0.0,0.0,highly uncertain
ConvAbuse,blind,GEPA,ConvAbuse-test-387,0,0,0.0,0.0,not uncertain
ConvAbuse,blind,GEPA,ConvAbuse-test-388,0,0,0.0,0.0,not uncertain
ConvAbuse,blind,GEPA,ConvAbuse-test-389,0,0,0.0,0.0,not uncertain
ConvAbuse,blind,GEPA,ConvAbuse-test-390,1,1,0.0,0.0,not uncertain
ConvAbuse,blind,GEPA,ConvAbuse-test-391,0,0,0.1373931604417897,0.0,not uncertain
ConvAbuse,blind,GEPA,ConvAbuse-test-392,0,0,0.0,0.0,not uncertain
ConvAbuse,blind,GEPA,ConvAbuse-test-393,1,1,0.0,0.0,somewhat uncertain
ConvAbuse,blind,GEPA,ConvAbuse-test-394,0,1,0.0,0.25,not uncertain
ConvAbuse,blind,GEPA,ConvAbuse-test-395,0,0,0.0,0.0,not uncertain
ConvAbuse,blind,GEPA,ConvAbuse-test-396,1,1,0.0,0.16,highly uncertain
ConvAbuse,blind,GEPA,ConvAbuse-test-397,0,0,0.0,0.0,not uncertain
ConvAbuse,blind,GEPA,ConvAbuse-test-398,0,0,0.0,0.0,not uncertain
ConvAbuse,blind,GEPA,ConvAbuse-test-399,0,0,0.0,0.0,not uncertain
ConvAbuse,blind,GEPA,ConvAbuse-test-400,0,0,0.0,0.0,not uncertain
ConvAbuse,blind,GEPA,ConvAbuse-test-401,1,1,0.0,0.0,not uncertain
ConvAbuse,blind,GEPA,ConvAbuse-test-402,0,1,0.2476019133722451,0.0,not uncertain
ConvAbuse,blind,GEPA,ConvAbuse-test-403,1,0,0.229322796470059,0.1599999999999999,highly uncertain
ConvAbuse,blind,GEPA,ConvAbuse-test-404,1,1,0.0733991678096591,0.2222222222222222,somewhat uncertain
ConvAbuse,blind,GEPA,ConvAbuse-test-405,1,1,0.0,0.2222222222222222,not uncertain
ConvAbuse,blind,GEPA,ConvAbuse-test-406,0,0,0.0,0.0,not uncertain
ConvAbuse,blind,GEPA,ConvAbuse-test-407,1,0,0.0,0.2222222222222222,not uncertain
ConvAbuse,blind,GEPA,ConvAbuse-test-408,0,0,0.0,0.0,not uncertain
ConvAbuse,blind,GEPA,ConvAbuse-test-409,0,1,0.0,0.2222222222222222,not uncertain
ConvAbuse,blind,GEPA,ConvAbuse-test-410,0,0,0.0,0.0,not uncertain
ConvAbuse,blind,GEPA,ConvAbuse-test-411,0,0,0.042383233094861,0.0,not uncertain
ConvAbuse,blind,GEPA,ConvAbuse-test-412,0,0,0.0,0.0,not uncertain
ConvAbuse,blind,GEPA,ConvAbuse-test-413,1,0,0.2407002769137507,0.0,not uncertain
ConvAbuse,blind,GEPA,ConvAbuse-test-414,0,0,0.0,0.0,not uncertain
ConvAbuse,blind,GEPA,ConvAbuse-test-415,0,0,0.0,0.0,not uncertain
ConvAbuse,blind,GEPA,ConvAbuse-test-416,0,0,0.0,0.0,not uncertain
ConvAbuse,blind,GEPA,ConvAbuse-test-417,1,0,0.0,0.2222222222222222,not uncertain
ConvAbuse,blind,GEPA,ConvAbuse-test-418,0,0,0.0,0.0,not uncertain
ConvAbuse,blind,GEPA,ConvAbuse-test-419,0,0,0.0,0.0,not uncertain
ConvAbuse,blind,GEPA,ConvAbuse-test-420,0,1,0.2441044857197147,0.2222222222222222,somewhat uncertain
ConvAbuse,blind,GEPA,ConvAbuse-test-421,1,0,0.0,0.2222222222222222,not uncertain
ConvAbuse,blind,GEPA,ConvAbuse-test-422,0,0,0.0,0.0,highly uncertain
ConvAbuse,blind,GEPA,ConvAbuse-test-423,0,0,0.0,0.0,highly uncertain
ConvAbuse,blind,GEPA,ConvAbuse-test-424,0,0,0.0391413814925304,0.2222222222222222,not uncertain
ConvAbuse,blind,GEPA,ConvAbuse-test-425,0,0,0.0,0.0,not uncertain
ConvAbuse,blind,GEPA,ConvAbuse-test-426,1,0,0.1753130044403265,0.1599999999999999,highly uncertain
ConvAbuse,blind,GEPA,ConvAbuse-test-427,0,0,0.2331253139087543,0.1388888888888888,not uncertain
ConvAbuse,blind,GEPA,ConvAbuse-test-428,0,1,0.0,0.25,somewhat uncertain
ConvAbuse,blind,GEPA,ConvAbuse-test-429,1,1,0.0,0.0,not uncertain
ConvAbuse,blind,GEPA,ConvAbuse-test-430,0,0,0.0,0.0,not uncertain
ConvAbuse,blind,GEPA,ConvAbuse-test-431,0,0,0.0,0.0,not uncertain
ConvAbuse,blind,GEPA,ConvAbuse-test-432,0,0,0.0,0.0,not uncertain
ConvAbuse,blind,GEPA,ConvAbuse-test-433,0,0,0.0,0.0,not uncertain
ConvAbuse,blind,GEPA,ConvAbuse-test-434,0,0,0.0,0.0,not uncertain
ConvAbuse,blind,GEPA,ConvAbuse-test-435,1,0,0.2498839676132363,0.0,not uncertain
ConvAbuse,blind,GEPA,ConvAbuse-test-436,0,0,0.0,0.0,not uncertain
ConvAbuse,blind,GEPA,ConvAbuse-test-437,0,0,0.0,0.0,not uncertain
ConvAbuse,blind,GEPA,ConvAbuse-test-438,0,0,0.0,0.0,not uncertain
ConvAbuse,blind,GEPA,ConvAbuse-test-439,1,0,0.0,0.2222222222222222,not uncertain
ConvAbuse,blind,GEPA,ConvAbuse-test-440,0,0,0.0461080476585927,0.1875,not uncertain
ConvAbuse,blind,GEPA,ConvAbuse-test-441,1,1,0.0,0.25,not uncertain
ConvAbuse,blind,GEPA,ConvAbuse-test-442,0,0,0.0,0.0,not uncertain
ConvAbuse,blind,GEPA,ConvAbuse-test-443,0,0,0.0,0.0,not uncertain
ConvAbuse,blind,GEPA,ConvAbuse-test-444,0,0,0.0,0.0,not uncertain
ConvAbuse,blind,GEPA,ConvAbuse-test-445,0,0,0.0,0.0,not uncertain
ConvAbuse,blind,GEPA,ConvAbuse-test-446,0,0,0.0,0.0,not uncertain
ConvAbuse,blind,GEPA,ConvAbuse-test-447,0,0,0.0,0.0,not uncertain
ConvAbuse,blind,GEPA,ConvAbuse-test-448,0,0,0.035871460693349,0.0,not uncertain
ConvAbuse,blind,GEPA,ConvAbuse-test-449,0,0,0.0,0.2222222222222222,not uncertain
ConvAbuse,blind,GEPA,ConvAbuse-test-450,0,0,0.0,0.0,not uncertain
ConvAbuse,blind,GEPA,ConvAbuse-test-451,1,1,0.1652720195758731,0.0,highly uncertain
ConvAbuse,blind,GEPA,ConvAbuse-test-452,0,0,0.0,0.0,not uncertain
ConvAbuse,blind,GEPA,ConvAbuse-test-453,0,0,0.0,0.0,not uncertain
ConvAbuse,blind,GEPA,ConvAbuse-test-454,0,1,0.0,0.25,not uncertain
ConvAbuse,blind,GEPA,ConvAbuse-test-455,1,1,0.0,0.0,not uncertain
ConvAbuse,blind,GEPA,ConvAbuse-test-456,1,1,0.0,0.0,not uncertain
ConvAbuse,blind,GEPA,ConvAbuse-test-457,1,1,0.0,0.25,not uncertain
ConvAbuse,blind,GEPA,ConvAbuse-test-458,1,1,0.0,0.0,not uncertain
ConvAbuse,blind,GEPA,ConvAbuse-test-459,1,1,0.0,0.0,somewhat uncertain
ConvAbuse,blind,GEPA,ConvAbuse-test-460,1,0,0.0,0.2222222222222222,somewhat uncertain
ConvAbuse,blind,GEPA,ConvAbuse-test-461,1,1,0.0238087961001554,0.0,somewhat uncertain
ConvAbuse,blind,GEPA,ConvAbuse-test-462,0,0,0.0,0.0,not uncertain
ConvAbuse,blind,GEPA,ConvAbuse-test-463,0,0,0.1507977299752174,0.0,highly uncertain
ConvAbuse,blind,GEPA,ConvAbuse-test-464,0,0,0.0,0.0,not uncertain
ConvAbuse,blind,GEPA,ConvAbuse-test-465,0,0,0.0,0.0,not uncertain
ConvAbuse,blind,GEPA,ConvAbuse-test-466,1,0,0.177010788362749,0.2222222222222222,somewhat uncertain
ConvAbuse,blind,GEPA,ConvAbuse-test-467,0,0,0.1455664123482599,0.0,not uncertain
ConvAbuse,blind,GEPA,ConvAbuse-test-468,0,0,0.2332132198228605,0.0,somewhat uncertain
ConvAbuse,blind,GEPA,ConvAbuse-test-469,1,0,0.0,0.0,highly uncertain
ConvAbuse,blind,GEPA,ConvAbuse-test-470,0,0,0.0,0.0,not uncertain
ConvAbuse,blind,GEPA,ConvAbuse-test-471,1,1,0.0,0.0,not uncertain
ConvAbuse,blind,GEPA,ConvAbuse-test-472,0,0,0.0,0.0,not uncertain
ConvAbuse,blind,GEPA,ConvAbuse-test-473,1,1,0.0,0.0,not uncertain
ConvAbuse,blind,GEPA,ConvAbuse-test-474,0,0,0.0,0.0,not uncertain
ConvAbuse,blind,GEPA,ConvAbuse-test-475,1,1,0.0,0.0,highly uncertain
ConvAbuse,blind,GEPA,ConvAbuse-test-476,0,0,0.0,0.0,highly uncertain
ConvAbuse,blind,GEPA,ConvAbuse-test-477,0,0,0.0,0.0,not uncertain
ConvAbuse,blind,GEPA,ConvAbuse-test-478,0,0,0.0,0.0,not uncertain
ConvAbuse,blind,GEPA,ConvAbuse-test-479,0,0,0.0,0.0,not uncertain
ConvAbuse,blind,GEPA,ConvAbuse-test-480,0,0,0.0,0.0,not uncertain
ConvAbuse,blind,GEPA,ConvAbuse-test-481,0,0,0.0,0.0,not uncertain
ConvAbuse,blind,GEPA,ConvAbuse-test-482,1,0,0.0,0.2222222222222222,somewhat uncertain
ConvAbuse,blind,GEPA,ConvAbuse-test-483,0,0,0.0,0.0,not uncertain
ConvAbuse,blind,GEPA,ConvAbuse-test-484,1,0,0.0568774047979181,0.0,highly uncertain
ConvAbuse,blind,GEPA,ConvAbuse-test-485,0,0,0.0,0.0,not uncertain
ConvAbuse,blind,GEPA,ConvAbuse-test-486,0,0,0.0,0.0,not uncertain
ConvAbuse,blind,GEPA,ConvAbuse-test-487,1,0,0.1160231140163887,0.2222222222222222,not uncertain
ConvAbuse,blind,GEPA,ConvAbuse-test-488,0,0,0.0,0.0,not uncertain
ConvAbuse,blind,GEPA,ConvAbuse-test-489,0,0,0.0,0.0,not uncertain
ConvAbuse,blind,GEPA,ConvAbuse-test-490,1,0,0.0216533088512126,0.0,not uncertain
ConvAbuse,blind,GEPA,ConvAbuse-test-491,1,1,0.0,0.0,not uncertain
ConvAbuse,blind,GEPA,ConvAbuse-test-492,1,0,0.0,0.2222222222222222,not uncertain
ConvAbuse,blind,GEPA,ConvAbuse-test-493,1,1,0.0,0.0,not uncertain
ConvAbuse,blind,GEPA,ConvAbuse-test-494,0,0,0.0,0.0,not uncertain
ConvAbuse,blind,GEPA,ConvAbuse-test-495,0,0,0.0,0.0,not uncertain
ConvAbuse,blind,GEPA,ConvAbuse-test-496,0,0,0.1116863633439463,0.0,not uncertain
ConvAbuse,blind,GEPA,ConvAbuse-test-497,0,0,0.0,0.0,not uncertain
ConvAbuse,blind,GEPA,ConvAbuse-test-498,1,1,0.0,0.0,not uncertain
ConvAbuse,blind,GEPA,ConvAbuse-test-499,0,0,0.0,0.0,not uncertain
ConvAbuse,blind,GEPA,ConvAbuse-test-500,0,0,0.0209141752479291,0.2222222222222222,not uncertain
ConvAbuse,blind,GEPA,ConvAbuse-test-501,0,0,0.0,0.0,not uncertain
ConvAbuse,blind,GEPA,ConvAbuse-test-502,0,0,0.0,0.0,not uncertain
ConvAbuse,blind,GEPA,ConvAbuse-test-503,0,0,0.0,0.0,not uncertain
ConvAbuse,blind,GEPA,ConvAbuse-test-504,0,0,0.0,0.2222222222222222,not uncertain
ConvAbuse,blind,GEPA,ConvAbuse-test-505,0,0,0.0,0.0,not uncertain
ConvAbuse,blind,GEPA,ConvAbuse-test-506,0,0,0.0,0.0,not uncertain
ConvAbuse,blind,GEPA,ConvAbuse-test-507,0,0,0.0,0.0,not uncertain
ConvAbuse,blind,GEPA,ConvAbuse-test-508,1,0,0.0,0.0,not uncertain
ConvAbuse,blind,GEPA,ConvAbuse-test-509,0,0,0.0,0.1599999999999999,not uncertain
ConvAbuse,blind,GEPA,ConvAbuse-test-510,0,0,0.0,0.0,not uncertain
ConvAbuse,blind,GEPA,ConvAbuse-test-511,0,0,0.0351689310453464,0.0,not uncertain
ConvAbuse,blind,GEPA,ConvAbuse-test-512,1,1,0.0,0.0,highly uncertain
ConvAbuse,blind,GEPA,ConvAbuse-test-513,0,0,0.0,0.0,not uncertain
ConvAbuse,blind,GEPA,ConvAbuse-test-514,0,0,0.0,0.0,not uncertain
ConvAbuse,blind,GEPA,ConvAbuse-test-515,0,0,0.0,0.0,not uncertain
ConvAbuse,blind,GEPA,ConvAbuse-test-516,0,0,0.0,0.0,not uncertain
ConvAbuse,blind,GEPA,ConvAbuse-test-517,1,0,0.066792188469433,0.0,somewhat uncertain
ConvAbuse,blind,GEPA,ConvAbuse-test-518,0,0,0.0,0.0,not uncertain
ConvAbuse,blind,GEPA,ConvAbuse-test-519,1,1,0.0380748223951932,0.0,not uncertain
ConvAbuse,blind,GEPA,ConvAbuse-test-520,1,1,0.0,0.0,not uncertain
ConvAbuse,blind,GEPA,ConvAbuse-test-521,0,0,0.0,0.0,not uncertain
ConvAbuse,blind,GEPA,ConvAbuse-test-522,0,0,0.0,0.0,not uncertain
ConvAbuse,blind,GEPA,ConvAbuse-test-523,0,0,0.0,0.0,not uncertain
ConvAbuse,blind,GEPA,ConvAbuse-test-524,0,0,0.0,0.0,highly uncertain
ConvAbuse,blind,GEPA,ConvAbuse-test-525,1,0,0.0344246072712439,0.0,somewhat uncertain
ConvAbuse,blind,GEPA,ConvAbuse-test-526,0,0,0.1904348683565861,0.0,not uncertain
ConvAbuse,blind,GEPA,ConvAbuse-test-527,0,0,0.0,0.0,not uncertain
ConvAbuse,blind,GEPA,ConvAbuse-test-528,0,0,0.0,0.0,highly uncertain
ConvAbuse,blind,GEPA,ConvAbuse-test-529,0,0,0.0,0.0,somewhat uncertain
ConvAbuse,blind,GEPA,ConvAbuse-test-530,1,1,0.0632295625535516,0.2222222222222222,somewhat uncertain
ConvAbuse,blind,GEPA,ConvAbuse-test-531,0,0,0.0,0.0,not uncertain
ConvAbuse,blind,GEPA,ConvAbuse-test-532,0,0,0.0,0.0,somewhat uncertain
ConvAbuse,blind,GEPA,ConvAbuse-test-533,1,1,0.166093158870466,0.25,not uncertain
ConvAbuse,blind,GEPA,ConvAbuse-test-534,1,1,0.0,0.0,not uncertain
ConvAbuse,blind,GEPA,ConvAbuse-test-535,1,1,0.0,0.0,not uncertain
ConvAbuse,blind,GEPA,ConvAbuse-test-536,0,0,0.0,0.0,not uncertain
ConvAbuse,blind,GEPA,ConvAbuse-test-537,0,0,0.0,0.0,not uncertain
ConvAbuse,blind,GEPA,ConvAbuse-test-538,1,1,0.0,0.0,not uncertain
ConvAbuse,blind,GEPA,ConvAbuse-test-539,0,1,0.0,0.25,not uncertain
ConvAbuse,blind,GEPA,ConvAbuse-test-540,0,0,0.0,0.0,not uncertain
ConvAbuse,blind,GEPA,ConvAbuse-test-541,0,0,0.0,0.0,not uncertain
ConvAbuse,blind,GEPA,ConvAbuse-test-542,0,0,0.0,0.0,not uncertain
ConvAbuse,blind,GEPA,ConvAbuse-test-543,0,0,0.0,0.0,not uncertain
ConvAbuse,blind,GEPA,ConvAbuse-test-544,0,0,0.0470457861878755,0.2222222222222222,somewhat uncertain
ConvAbuse,blind,GEPA,ConvAbuse-test-545,1,1,0.0,0.0,not uncertain
ConvAbuse,blind,GEPA,ConvAbuse-test-546,0,0,0.0,0.0,not uncertain
ConvAbuse,blind,GEPA,ConvAbuse-test-547,0,1,0.0,0.25,not uncertain
ConvAbuse,blind,GEPA,ConvAbuse-test-548,1,1,0.0,0.0,not uncertain
ConvAbuse,blind,GEPA,ConvAbuse-test-549,1,0,0.0749869642213561,0.0,not uncertain
ConvAbuse,blind,GEPA,ConvAbuse-test-550,0,0,0.0,0.0,not uncertain
ConvAbuse,blind,GEPA,ConvAbuse-test-551,0,0,0.0,0.1875,not uncertain
ConvAbuse,blind,GEPA,ConvAbuse-test-552,0,0,0.0,0.0,not uncertain
ConvAbuse,blind,GEPA,ConvAbuse-test-553,0,0,0.0,0.0,not uncertain
ConvAbuse,blind,GEPA,ConvAbuse-test-554,0,0,0.0,0.0,highly uncertain
ConvAbuse,blind,GEPA,ConvAbuse-test-555,0,0,0.0,0.0,not uncertain
ConvAbuse,blind,GEPA,ConvAbuse-test-556,1,1,0.2495868215773704,0.0,highly uncertain
ConvAbuse,blind,GEPA,ConvAbuse-test-557,0,0,0.0297607921835077,0.0,not uncertain
ConvAbuse,blind,GEPA,ConvAbuse-test-558,0,0,0.0,0.0,highly uncertain
ConvAbuse,blind,GEPA,ConvAbuse-test-559,0,0,0.0,0.0,not uncertain
ConvAbuse,blind,GEPA,ConvAbuse-test-560,0,0,0.0,0.0,highly uncertain
ConvAbuse,blind,GEPA,ConvAbuse-test-561,0,1,0.0,0.25,not uncertain
ConvAbuse,blind,GEPA,ConvAbuse-test-562,0,0,0.0,0.0,not uncertain
ConvAbuse,blind,GEPA,ConvAbuse-test-563,0,0,0.0,0.0,not uncertain
ConvAbuse,blind,GEPA,ConvAbuse-test-564,0,0,0.0333612276670414,0.0,not uncertain
ConvAbuse,blind,GEPA,ConvAbuse-test-565,0,0,0.0,0.0,not uncertain
ConvAbuse,blind,GEPA,ConvAbuse-test-566,0,0,0.0,0.0,not uncertain
ConvAbuse,blind,GEPA,ConvAbuse-test-567,0,0,0.0,0.2222222222222222,not uncertain
ConvAbuse,blind,GEPA,ConvAbuse-test-568,0,0,0.0,0.0,not uncertain
ConvAbuse,blind,GEPA,ConvAbuse-test-569,1,1,0.0,0.2222222222222222,not uncertain
ConvAbuse,blind,GEPA,ConvAbuse-test-570,0,0,0.0,0.0,not uncertain
ConvAbuse,blind,GEPA,ConvAbuse-test-571,1,1,0.0,0.25,not uncertain
ConvAbuse,blind,GEPA,ConvAbuse-test-572,0,1,0.0512481574331115,0.25,highly uncertain
ConvAbuse,blind,GEPA,ConvAbuse-test-573,0,0,0.0,0.0,not uncertain
ConvAbuse,blind,GEPA,ConvAbuse-test-574,0,0,0.0,0.0,not uncertain
ConvAbuse,blind,GEPA,ConvAbuse-test-575,0,0,0.0,0.0,not uncertain
ConvAbuse,blind,GEPA,ConvAbuse-test-576,1,0,0.1538510688644014,0.0,somewhat uncertain
ConvAbuse,blind,GEPA,ConvAbuse-test-577,0,0,0.1504212965272275,0.0,not uncertain
ConvAbuse,blind,GEPA,ConvAbuse-test-578,1,1,0.0,0.0,somewhat uncertain
ConvAbuse,blind,GEPA,ConvAbuse-test-579,1,1,0.0,0.2222222222222222,somewhat uncertain
ConvAbuse,blind,GEPA,ConvAbuse-test-580,0,0,0.0,0.0,highly uncertain
ConvAbuse,blind,GEPA,ConvAbuse-test-581,0,0,0.0,0.0,not uncertain
ConvAbuse,blind,GEPA,ConvAbuse-test-582,0,0,0.0647541696506114,0.2222222222222222,highly uncertain
ConvAbuse,blind,GEPA,ConvAbuse-test-583,0,0,0.0,0.0,not uncertain
ConvAbuse,blind,GEPA,ConvAbuse-test-584,1,1,0.0,0.0,not uncertain
ConvAbuse,blind,GEPA,ConvAbuse-test-585,0,0,0.0,0.0,somewhat uncertain
ConvAbuse,blind,GEPA,ConvAbuse-test-586,0,0,0.0,0.0,not uncertain
ConvAbuse,blind,GEPA,ConvAbuse-test-587,0,0,0.0,0.0,not uncertain
ConvAbuse,blind,GEPA,ConvAbuse-test-588,0,0,0.0,0.0,not uncertain
ConvAbuse,blind,GEPA,ConvAbuse-test-589,0,0,0.0,0.0,not uncertain
ConvAbuse,blind,GEPA,ConvAbuse-test-590,0,0,0.0,0.0,not uncertain
ConvAbuse,blind,GEPA,ConvAbuse-test-591,0,0,0.043951597536886,0.0,highly uncertain
ConvAbuse,blind,GEPA,ConvAbuse-test-592,0,0,0.0,0.0,not uncertain
ConvAbuse,blind,GEPA,ConvAbuse-test-593,0,0,0.0,0.0,not uncertain
ConvAbuse,blind,GEPA,ConvAbuse-test-594,0,0,0.0,0.0,not uncertain
ConvAbuse,blind,GEPA,ConvAbuse-test-595,0,0,0.0,0.0,not uncertain
ConvAbuse,blind,GEPA,ConvAbuse-test-596,1,0,0.2442353616456592,0.0,highly uncertain
ConvAbuse,blind,GEPA,ConvAbuse-test-597,0,0,0.0519805855260566,0.0,highly uncertain
ConvAbuse,blind,GEPA,ConvAbuse-test-598,0,0,0.0598769672778933,0.0,
ConvAbuse,blind,GEPA,ConvAbuse-test-599,1,1,0.0,0.2222222222222222,not uncertain
ConvAbuse,blind,GEPA,ConvAbuse-test-600,0,0,0.0,0.0,not uncertain
ConvAbuse,blind,GEPA,ConvAbuse-test-601,0,0,0.0,0.0,somewhat uncertain
ConvAbuse,blind,GEPA,ConvAbuse-test-602,1,0,0.0594828390446501,0.2222222222222222,not uncertain
ConvAbuse,blind,GEPA,ConvAbuse-test-603,1,0,0.1444580041213422,0.0,not uncertain
ConvAbuse,blind,GEPA,ConvAbuse-test-604,0,1,0.0358668132019825,0.1875,not uncertain
ConvAbuse,blind,GEPA,ConvAbuse-test-605,0,0,0.0,0.0,not uncertain
ConvAbuse,blind,GEPA,ConvAbuse-test-606,0,0,0.0,0.0,not uncertain
ConvAbuse,blind,GEPA,ConvAbuse-test-607,1,1,0.0,0.2222222222222222,not uncertain
ConvAbuse,blind,GEPA,ConvAbuse-test-608,1,1,0.0,0.24,somewhat uncertain
ConvAbuse,blind,GEPA,ConvAbuse-test-609,1,1,0.0,0.0,highly uncertain
ConvAbuse,blind,GEPA,ConvAbuse-test-610,0,0,0.0,0.0,not uncertain
ConvAbuse,blind,GEPA,ConvAbuse-test-611,0,0,0.0,0.0,not uncertain
ConvAbuse,blind,GEPA,ConvAbuse-test-612,0,0,0.0,0.0,not uncertain
ConvAbuse,blind,GEPA,ConvAbuse-test-613,1,1,0.0,0.0,not uncertain
ConvAbuse,blind,GEPA,ConvAbuse-test-614,0,0,0.0,0.0,not uncertain
ConvAbuse,blind,GEPA,ConvAbuse-test-615,0,0,0.0,0.0,not uncertain
ConvAbuse,blind,GEPA,ConvAbuse-test-616,1,1,0.0,0.0,not uncertain
ConvAbuse,blind,GEPA,ConvAbuse-test-617,1,1,0.0,0.0,not uncertain
ConvAbuse,blind,GEPA,ConvAbuse-test-618,0,0,0.2400421563734976,0.0,highly uncertain
ConvAbuse,blind,GEPA,ConvAbuse-test-619,0,0,0.0,0.0,not uncertain
ConvAbuse,blind,GEPA,ConvAbuse-test-620,0,0,0.0,0.0,not uncertain
ConvAbuse,blind,GEPA,ConvAbuse-test-621,0,0,0.0,0.0,not uncertain
ConvAbuse,blind,GEPA,ConvAbuse-test-622,1,1,0.0,0.0,not uncertain
ConvAbuse,blind,GEPA,ConvAbuse-test-623,0,0,0.0,0.0,not uncertain
ConvAbuse,blind,GEPA,ConvAbuse-test-624,0,0,0.0,0.0,highly uncertain
ConvAbuse,blind,GEPA,ConvAbuse-test-625,0,0,0.0,0.0,not uncertain
ConvAbuse,blind,GEPA,ConvAbuse-test-626,0,0,0.0,0.0,not uncertain
ConvAbuse,blind,GEPA,ConvAbuse-test-627,1,0,0.22195538729789,0.2222222222222222,not uncertain
ConvAbuse,blind,GEPA,ConvAbuse-test-628,0,0,0.0385185795905986,0.0,not uncertain
ConvAbuse,blind,GEPA,ConvAbuse-test-629,1,1,0.0,0.25,not uncertain
ConvAbuse,blind,GEPA,ConvAbuse-test-630,0,0,0.0,0.2222222222222222,not uncertain
ConvAbuse,blind,GEPA,ConvAbuse-test-631,0,0,0.0,0.0,not uncertain
ConvAbuse,blind,GEPA,ConvAbuse-test-632,1,1,0.0,0.0,not uncertain
ConvAbuse,blind,GEPA,ConvAbuse-test-633,1,1,0.0,0.2222222222222222,somewhat uncertain
ConvAbuse,blind,GEPA,ConvAbuse-test-634,0,0,0.0,0.0,not uncertain
ConvAbuse,blind,GEPA,ConvAbuse-test-635,0,0,0.0,0.0,somewhat uncertain
ConvAbuse,blind,GEPA,ConvAbuse-test-636,0,0,0.0275687529170733,0.0,not uncertain
ConvAbuse,blind,GEPA,ConvAbuse-test-637,0,0,0.0357063163690641,0.0,not uncertain
ConvAbuse,blind,GEPA,ConvAbuse-test-638,0,0,0.0,0.0,not uncertain
ConvAbuse,blind,GEPA,ConvAbuse-test-639,1,0,0.2435481560948993,0.0,not uncertain
ConvAbuse,blind,GEPA,ConvAbuse-test-640,0,1,0.0,0.25,not uncertain
ConvAbuse,blind,GEPA,ConvAbuse-test-641,0,0,0.0,0.0,not uncertain
ConvAbuse,blind,GEPA,ConvAbuse-test-642,0,0,0.0,0.0,not uncertain
ConvAbuse,blind,GEPA,ConvAbuse-test-643,0,1,0.0,0.25,not uncertain
ConvAbuse,blind,GEPA,ConvAbuse-test-644,1,0,0.0,0.2222222222222222,not uncertain
ConvAbuse,blind,GEPA,ConvAbuse-test-645,1,1,0.0,0.0,not uncertain
ConvAbuse,blind,GEPA,ConvAbuse-test-646,1,1,0.0,0.0,not uncertain
ConvAbuse,blind,GEPA,ConvAbuse-test-647,1,1,0.0,0.0,not uncertain
ConvAbuse,blind,GEPA,ConvAbuse-test-648,0,0,0.0,0.0,not uncertain
ConvAbuse,blind,GEPA,ConvAbuse-test-649,1,0,0.0,0.0,not uncertain
ConvAbuse,blind,GEPA,ConvAbuse-test-650,0,0,0.0,0.0,not uncertain
ConvAbuse,blind,GEPA,ConvAbuse-test-651,0,0,0.1026956639986583,0.2222222222222222,not uncertain
ConvAbuse,blind,GEPA,ConvAbuse-test-652,1,0,0.2219993834537512,0.0,highly uncertain
ConvAbuse,blind,GEPA,ConvAbuse-test-653,0,0,0.0,0.0,not uncertain
ConvAbuse,blind,GEPA,ConvAbuse-test-654,1,1,0.0,0.0,not uncertain
ConvAbuse,blind,GEPA,ConvAbuse-test-655,0,0,0.0373536427622177,0.0,not uncertain
ConvAbuse,blind,GEPA,ConvAbuse-test-656,0,0,0.0,0.0,somewhat uncertain
ConvAbuse,blind,GEPA,ConvAbuse-test-657,0,0,0.0,0.0,not uncertain
ConvAbuse,blind,GEPA,ConvAbuse-test-658,1,0,0.0394901377852816,0.0,not uncertain
ConvAbuse,blind,GEPA,ConvAbuse-test-659,0,0,0.0,0.0,not uncertain
ConvAbuse,blind,GEPA,ConvAbuse-test-660,0,0,0.0,0.0,not uncertain
ConvAbuse,blind,GEPA,ConvAbuse-test-661,1,1,0.0580547237738504,0.0,highly uncertain
ConvAbuse,blind,GEPA,ConvAbuse-test-662,0,0,0.0,0.0,not uncertain
ConvAbuse,blind,GEPA,ConvAbuse-test-663,1,1,0.1053989330556178,0.2222222222222222,highly uncertain
ConvAbuse,blind,GEPA,ConvAbuse-test-664,1,1,0.0,0.2222222222222222,somewhat uncertain
ConvAbuse,blind,GEPA,ConvAbuse-test-665,0,0,0.0,0.0,not uncertain
ConvAbuse,blind,GEPA,ConvAbuse-test-666,0,0,0.0,0.0,not uncertain
ConvAbuse,blind,GEPA,ConvAbuse-test-667,0,0,0.0,0.2222222222222222,not uncertain
ConvAbuse,blind,GEPA,ConvAbuse-test-668,0,0,0.0,0.0,somewhat uncertain
ConvAbuse,blind,GEPA,ConvAbuse-test-669,0,0,0.0,0.0,not uncertain
ConvAbuse,blind,GEPA,ConvAbuse-test-670,0,0,0.0,0.0,not uncertain
ConvAbuse,blind,GEPA,ConvAbuse-test-671,1,0,0.2205857205818637,0.0,not uncertain
ConvAbuse,blind,GEPA,ConvAbuse-test-672,0,0,0.2453566195835994,0.0,not uncertain
ConvAbuse,blind,GEPA,ConvAbuse-test-673,1,1,0.0,0.2222222222222222,not uncertain
ConvAbuse,blind,GEPA,ConvAbuse-test-674,0,0,0.0,0.0,not uncertain
ConvAbuse,blind,GEPA,ConvAbuse-test-675,0,0,0.2112914427565185,0.0,not uncertain
ConvAbuse,blind,GEPA,ConvAbuse-test-676,1,0,0.120872855162066,0.0,not uncertain
ConvAbuse,blind,GEPA,ConvAbuse-test-677,0,0,0.0217529213696456,0.0,not uncertain
ConvAbuse,blind,GEPA,ConvAbuse-test-678,1,1,0.0,0.25,not uncertain
ConvAbuse,blind,GEPA,ConvAbuse-test-679,0,0,0.0,0.1875,somewhat uncertain
ConvAbuse,blind,GEPA,ConvAbuse-test-680,0,0,0.0,0.0,not uncertain
ConvAbuse,blind,GEPA,ConvAbuse-test-681,0,0,0.0,0.2222222222222222,not uncertain
ConvAbuse,blind,GEPA,ConvAbuse-test-682,1,1,0.0,0.0,not uncertain
ConvAbuse,blind,GEPA,ConvAbuse-test-683,0,0,0.0,0.0,not uncertain
ConvAbuse,blind,GEPA,ConvAbuse-test-684,0,0,0.0,0.0,not uncertain
ConvAbuse,blind,GEPA,ConvAbuse-test-685,0,0,0.0,0.0,not uncertain
ConvAbuse,blind,GEPA,ConvAbuse-test-686,1,1,0.0,0.0,not uncertain
ConvAbuse,blind,GEPA,ConvAbuse-test-687,0,0,0.0,0.0,not uncertain
ConvAbuse,blind,GEPA,ConvAbuse-test-688,0,0,0.0,0.0,not uncertain
ConvAbuse,blind,GEPA,ConvAbuse-test-689,0,0,0.0,0.0,not uncertain
ConvAbuse,blind,GEPA,ConvAbuse-test-690,0,0,0.0,0.0,not uncertain
ConvAbuse,blind,GEPA,ConvAbuse-test-691,0,0,0.0,0.1388888888888888,not uncertain
ConvAbuse,blind,GEPA,ConvAbuse-test-692,0,0,0.0,0.0,highly uncertain
ConvAbuse,blind,GEPA,ConvAbuse-test-693,0,0,0.0,0.0,not uncertain
ConvAbuse,blind,GEPA,ConvAbuse-test-694,0,0,0.0,0.0,not uncertain
ConvAbuse,blind,GEPA,ConvAbuse-test-695,1,1,0.1672501618381033,0.2222222222222222,not uncertain
ConvAbuse,blind,GEPA,ConvAbuse-test-696,0,0,0.2478593405804541,0.0,not uncertain
ConvAbuse,blind,GEPA,ConvAbuse-test-697,0,0,0.0,0.0,not uncertain
ConvAbuse,blind,GEPA,ConvAbuse-test-698,0,0,0.0,0.0,not uncertain
ConvAbuse,blind,GEPA,ConvAbuse-test-699,0,0,0.0,0.0,not uncertain
ConvAbuse,blind,GEPA,ConvAbuse-test-700,0,0,0.0,0.0,somewhat uncertain
ConvAbuse,blind,GEPA,ConvAbuse-test-701,1,1,0.0,0.0,not uncertain
ConvAbuse,blind,GEPA,ConvAbuse-test-702,0,0,0.0401274496471171,0.0,somewhat uncertain
ConvAbuse,blind,GEPA,ConvAbuse-test-703,0,0,0.0,0.0,not uncertain
ConvAbuse,blind,GEPA,ConvAbuse-test-704,1,1,0.0,0.0,somewhat uncertain
ConvAbuse,blind,GEPA,ConvAbuse-test-705,0,0,0.0,0.0,not uncertain
ConvAbuse,blind,GEPA,ConvAbuse-test-706,0,0,0.0,0.0,not uncertain
ConvAbuse,blind,GEPA,ConvAbuse-test-707,1,1,0.0,0.0,not uncertain
ConvAbuse,blind,GEPA,ConvAbuse-test-708,0,0,0.021902876336682,0.0,not uncertain
ConvAbuse,blind,GEPA,ConvAbuse-test-709,1,0,0.1507248755797055,0.2222222222222222,somewhat uncertain
ConvAbuse,blind,GEPA,ConvAbuse-test-710,1,1,0.1700750934174598,0.25,not uncertain
ConvAbuse,blind,GEPA,ConvAbuse-test-711,0,0,0.0,0.0,not uncertain
ConvAbuse,blind,GEPA,ConvAbuse-test-712,0,0,0.0,0.0,not uncertain
ConvAbuse,blind,GEPA,ConvAbuse-test-713,1,1,0.0,0.0,highly uncertain
ConvAbuse,blind,GEPA,ConvAbuse-test-714,1,1,0.0,0.2222222222222222,not uncertain
ConvAbuse,blind,GEPA,ConvAbuse-test-715,1,0,0.0,0.2222222222222222,not uncertain
ConvAbuse,blind,GEPA,ConvAbuse-test-716,0,0,0.0,0.0,highly uncertain
ConvAbuse,blind,GEPA,ConvAbuse-test-717,1,1,0.0696345366817104,0.0,highly uncertain
ConvAbuse,blind,GEPA,ConvAbuse-test-718,0,0,0.102843065531563,0.0,not uncertain
ConvAbuse,blind,GEPA,ConvAbuse-test-719,0,0,0.0,0.0,not uncertain
ConvAbuse,blind,GEPA,ConvAbuse-test-720,0,0,0.0,0.0,not uncertain
ConvAbuse,blind,GEPA,ConvAbuse-test-721,1,1,0.0,0.0,not uncertain
ConvAbuse,blind,GEPA,ConvAbuse-test-722,0,0,0.0,0.0,not uncertain
ConvAbuse,blind,GEPA,ConvAbuse-test-723,0,0,0.0,0.0,not uncertain
ConvAbuse,blind,GEPA,ConvAbuse-test-724,0,0,0.038130914094232,0.0,not uncertain
ConvAbuse,blind,GEPA,ConvAbuse-test-725,0,0,0.2431676294588581,0.0,highly uncertain
ConvAbuse,blind,GEPA,ConvAbuse-test-726,1,1,0.0,0.1875,not uncertain
ConvAbuse,blind,GEPA,ConvAbuse-test-727,0,0,0.0,0.0,not uncertain
ConvAbuse,blind,GEPA,ConvAbuse-test-728,0,0,0.0,0.0,not uncertain
ConvAbuse,blind,GEPA,ConvAbuse-test-729,0,0,0.0,0.0,not uncertain
ConvAbuse,blind,GEPA,ConvAbuse-test-730,0,0,0.0,0.0,not uncertain
ConvAbuse,blind,GEPA,ConvAbuse-test-731,0,0,0.0,0.0,not uncertain
ConvAbuse,blind,GEPA,ConvAbuse-test-732,1,0,0.0317147876731234,0.0,not uncertain
ConvAbuse,blind,GEPA,ConvAbuse-test-733,1,1,0.0,0.0,not uncertain
ConvAbuse,blind,GEPA,ConvAbuse-test-734,0,0,0.0,0.0,not uncertain
ConvAbuse,blind,GEPA,ConvAbuse-test-735,1,1,0.0,0.0,not uncertain
ConvAbuse,blind,GEPA,ConvAbuse-test-736,0,0,0.0,0.0,not uncertain
ConvAbuse,blind,GEPA,ConvAbuse-test-737,0,0,0.0517623040381709,0.0,not uncertain
ConvAbuse,blind,GEPA,ConvAbuse-test-738,1,1,0.0,0.0,not uncertain
ConvAbuse,blind,GEPA,ConvAbuse-test-739,0,0,0.0,0.0,not uncertain
ConvAbuse,blind,GEPA,ConvAbuse-test-740,0,0,0.0,0.0,not uncertain
ConvAbuse,blind,GEPA,ConvAbuse-test-741,1,1,0.0,0.25,not uncertain
ConvAbuse,blind,GEPA,ConvAbuse-test-742,1,1,0.0,0.0,not uncertain
ConvAbuse,blind,GEPA,ConvAbuse-test-743,0,0,0.0,0.0,not uncertain
ConvAbuse,blind,GEPA,ConvAbuse-test-744,0,0,0.0959279847316903,0.24,not uncertain
ConvAbuse,blind,GEPA,ConvAbuse-test-745,1,1,0.0,0.0,not uncertain
ConvAbuse,blind,GEPA,ConvAbuse-test-746,0,0,0.0,0.0,not uncertain
ConvAbuse,blind,GEPA,ConvAbuse-test-747,0,0,0.0,0.0,highly uncertain
ConvAbuse,blind,GEPA,ConvAbuse-test-748,0,1,0.0,0.25,highly uncertain
ConvAbuse,blind,GEPA,ConvAbuse-test-749,1,0,0.0568510650777585,0.2222222222222222,somewhat uncertain
ConvAbuse,blind,GEPA,ConvAbuse-test-750,0,0,0.0,0.0,not uncertain
ConvAbuse,blind,GEPA,ConvAbuse-test-751,0,0,0.2097450498730748,0.1875,highly uncertain
ConvAbuse,blind,GEPA,ConvAbuse-test-752,0,0,0.0,0.0,not uncertain
ConvAbuse,blind,GEPA,ConvAbuse-test-753,0,0,0.0,0.0,not uncertain
ConvAbuse,blind,GEPA,ConvAbuse-test-754,0,0,0.0,0.0,not uncertain
ConvAbuse,blind,GEPA,ConvAbuse-test-755,1,1,0.0,0.2222222222222222,not uncertain
ConvAbuse,blind,GEPA,ConvAbuse-test-756,0,0,0.0,0.0,not uncertain
ConvAbuse,blind,GEPA,ConvAbuse-test-757,0,0,0.0,0.2222222222222222,not uncertain
ConvAbuse,blind,GEPA,ConvAbuse-test-758,0,0,0.0,0.0,highly uncertain
ConvAbuse,blind,GEPA,ConvAbuse-test-759,1,1,0.0,0.0,not uncertain
ConvAbuse,blind,GEPA,ConvAbuse-test-760,0,0,0.0,0.0,not uncertain
ConvAbuse,blind,GEPA,ConvAbuse-test-761,0,0,0.0,0.0,not uncertain
ConvAbuse,blind,GEPA,ConvAbuse-test-762,1,0,0.0860517719092414,0.0,not uncertain
ConvAbuse,blind,GEPA,ConvAbuse-test-763,0,0,0.0,0.0,not uncertain
ConvAbuse,blind,GEPA,ConvAbuse-test-764,1,1,0.0,0.0,somewhat uncertain
ConvAbuse,blind,GEPA,ConvAbuse-test-765,1,1,0.0,0.2222222222222222,not uncertain
ConvAbuse,blind,GEPA,ConvAbuse-test-766,0,0,0.0,0.0,not uncertain
ConvAbuse,blind,GEPA,ConvAbuse-test-767,0,0,0.0,0.0,not uncertain
ConvAbuse,blind,GEPA,ConvAbuse-test-768,0,0,0.0,0.0,not uncertain
ConvAbuse,blind,GEPA,ConvAbuse-test-769,0,0,0.0230622284058988,0.0,not uncertain
ConvAbuse,blind,GEPA,ConvAbuse-test-770,0,0,0.0,0.2222222222222222,not uncertain
ConvAbuse,blind,GEPA,ConvAbuse-test-771,0,0,0.0,0.0,not uncertain
ConvAbuse,blind,GEPA,ConvAbuse-test-772,1,1,0.0,0.2222222222222222,somewhat uncertain
ConvAbuse,blind,GEPA,ConvAbuse-test-773,0,0,0.0,0.0,not uncertain
ConvAbuse,blind,GEPA,ConvAbuse-test-774,0,0,0.0,0.0,not uncertain
ConvAbuse,blind,GEPA,ConvAbuse-test-775,1,1,0.0,0.2222222222222222,not uncertain
ConvAbuse,blind,GEPA,ConvAbuse-test-776,0,0,0.0,0.0,not uncertain
ConvAbuse,blind,GEPA,ConvAbuse-test-777,0,0,0.0,0.0,not uncertain
ConvAbuse,blind,GEPA,ConvAbuse-test-778,0,0,0.1110217976280795,0.0,not uncertain
ConvAbuse,blind,GEPA,ConvAbuse-test-779,1,1,0.0,0.25,not uncertain
ConvAbuse,blind,GEPA,ConvAbuse-test-780,1,1,0.0,0.0,somewhat uncertain
ConvAbuse,blind,GEPA,ConvAbuse-test-781,0,0,0.0,0.0,not uncertain
ConvAbuse,blind,GEPA,ConvAbuse-test-782,0,0,0.0,0.0,not uncertain
ConvAbuse,blind,GEPA,ConvAbuse-test-783,0,0,0.0,0.0,not uncertain
ConvAbuse,blind,GEPA,ConvAbuse-test-784,0,0,0.0,0.0,not uncertain
ConvAbuse,blind,GEPA,ConvAbuse-test-785,1,1,0.0,0.0,not uncertain
ConvAbuse,blind,GEPA,ConvAbuse-test-786,0,0,0.0,0.0,not uncertain
ConvAbuse,blind,GEPA,ConvAbuse-test-787,0,0,0.1775546320894857,0.2222222222222222,not uncertain
ConvAbuse,blind,GEPA,ConvAbuse-test-788,1,1,0.0,0.0,not uncertain
ConvAbuse,blind,GEPA,ConvAbuse-test-789,0,0,0.1176266941475735,0.0,not uncertain
ConvAbuse,blind,GEPA,ConvAbuse-test-790,1,0,0.2040773234319343,0.2222222222222222,somewhat uncertain
ConvAbuse,blind,GEPA,ConvAbuse-test-791,0,0,0.0,0.0,not uncertain
ConvAbuse,blind,GEPA,ConvAbuse-test-792,0,0,0.0,0.0,highly uncertain
ConvAbuse,blind,GEPA,ConvAbuse-test-793,0,0,0.0,0.0,not uncertain
ConvAbuse,blind,GEPA,ConvAbuse-test-794,0,0,0.0,0.0,not uncertain
ConvAbuse,blind,GEPA,ConvAbuse-test-795,0,0,0.0550591062689693,0.0,not uncertain
ConvAbuse,blind,GEPA,ConvAbuse-test-796,0,0,0.0,0.0,not uncertain
ConvAbuse,blind,GEPA,ConvAbuse-test-797,0,0,0.0,0.0,not uncertain
ConvAbuse,blind,GEPA,ConvAbuse-test-798,0,0,0.0,0.0,highly uncertain
ConvAbuse,blind,GEPA,ConvAbuse-test-799,1,1,0.0,0.0,highly uncertain
ConvAbuse,blind,GEPA,ConvAbuse-test-800,0,0,0.0,0.0,not uncertain
ConvAbuse,blind,GEPA,ConvAbuse-test-801,0,0,0.0,0.0,not uncertain
ConvAbuse,blind,GEPA,ConvAbuse-test-802,0,0,0.0,0.0,not uncertain
ConvAbuse,blind,GEPA,ConvAbuse-test-803,0,0,0.0,0.0,not uncertain
ConvAbuse,blind,GEPA,ConvAbuse-test-804,1,1,0.0,0.0,not uncertain
ConvAbuse,blind,GEPA,ConvAbuse-test-805,0,0,0.0,0.0,not uncertain
ConvAbuse,blind,GEPA,ConvAbuse-test-806,1,1,0.0,0.2222222222222222,highly uncertain
ConvAbuse,blind,GEPA,ConvAbuse-test-807,1,0,0.0,0.0,not uncertain
ConvAbuse,blind,GEPA,ConvAbuse-test-808,0,0,0.0,0.0,not uncertain
ConvAbuse,blind,GEPA,ConvAbuse-test-809,0,0,0.0,0.0,not uncertain
ConvAbuse,blind,GEPA,ConvAbuse-test-810,1,0,0.2383191625453634,0.2222222222222222,not uncertain
ConvAbuse,blind,GEPA,ConvAbuse-test-811,0,0,0.0,0.0,somewhat uncertain
ConvAbuse,blind,GEPA,ConvAbuse-test-812,0,0,0.0,0.0,not uncertain
ConvAbuse,blind,GEPA,ConvAbuse-test-813,0,0,0.0,0.0,not uncertain
ConvAbuse,blind,GEPA,ConvAbuse-test-814,0,0,0.0,0.0,not uncertain
ConvAbuse,blind,GEPA,ConvAbuse-test-815,1,1,0.0,0.0,somewhat uncertain
ConvAbuse,blind,GEPA,ConvAbuse-test-816,0,0,0.0,0.0,not uncertain
ConvAbuse,blind,GEPA,ConvAbuse-test-817,1,1,0.0,0.0,not uncertain
ConvAbuse,blind,GEPA,ConvAbuse-test-818,0,0,0.0,0.0,not uncertain
ConvAbuse,blind,GEPA,ConvAbuse-test-819,0,0,0.0,0.0,not uncertain
ConvAbuse,blind,GEPA,ConvAbuse-test-820,1,1,0.0,0.0,not uncertain
ConvAbuse,blind,GEPA,ConvAbuse-test-821,0,0,0.0,0.0,not uncertain
ConvAbuse,blind,GEPA,ConvAbuse-test-822,0,0,0.2341314080058561,0.0,not uncertain
ConvAbuse,blind,GEPA,ConvAbuse-test-823,0,0,0.0,0.0,not uncertain
ConvAbuse,blind,GEPA,ConvAbuse-test-824,0,0,0.0,0.0,highly uncertain
ConvAbuse,blind,GEPA,ConvAbuse-test-825,0,0,0.0,0.0,not uncertain
ConvAbuse,blind,GEPA,ConvAbuse-test-826,0,0,0.0,0.0,not uncertain
ConvAbuse,blind,GEPA,ConvAbuse-test-827,1,1,0.0,0.25,highly uncertain
ConvAbuse,blind,GEPA,ConvAbuse-test-828,0,0,0.0,0.0,not uncertain
ConvAbuse,blind,GEPA,ConvAbuse-test-829,0,0,0.0,0.2222222222222222,not uncertain
ConvAbuse,blind,GEPA,ConvAbuse-test-830,0,0,0.0,0.0,not uncertain
ConvAbuse,blind,GEPA,ConvAbuse-test-831,0,0,0.0,0.0,not uncertain
ConvAbuse,blind,GEPA,ConvAbuse-test-832,0,0,0.0,0.0,not uncertain
ConvAbuse,blind,GEPA,ConvAbuse-test-833,0,0,0.0,0.0,not uncertain
ConvAbuse,blind,GEPA,ConvAbuse-test-834,0,0,0.0,0.0,not uncertain
ConvAbuse,blind,GEPA,ConvAbuse-test-835,0,0,0.0,0.0,not uncertain
ConvAbuse,blind,GEPA,ConvAbuse-test-836,1,0,0.09067895958201,0.0,not uncertain
ConvAbuse,blind,GEPA,ConvAbuse-test-837,0,0,0.0912186054760014,0.24,not uncertain
ConvAbuse,blind,GEPA,ConvAbuse-test-838,1,1,0.0948779763317176,0.25,not uncertain
ConvAbuse,blind,GEPA,ConvAbuse-test-839,0,1,0.0,0.25,not uncertain
ConvAbuse,blind,GEPA,ConvAbuse-test-840,0,0,0.0,0.0,not uncertain
