benchmark,condition,method,item_id,llm1_label,consensus,g_m,u_m,hedge
AmbiStory,blind,single_hedge,AmbiStory-test-0,5,4,0.0,1.6,not uncertain
AmbiStory,blind,single_hedge,AmbiStory-test-1,1,2,0.65,1.2,not uncertain
AmbiStory,blind,single_hedge,AmbiStory-test-2,5,3,0.0,0.5599999999999999,not uncertain
AmbiStory,blind,single_hedge,AmbiStory-test-3,3,3,1.91,1.44,not uncertain
AmbiStory,blind,single_hedge,AmbiStory-test-4,5,3,0.0,1.84,not uncertain
AmbiStory,blind,single_hedge,AmbiStory-test-5,4,2,2.09,0.56,not uncertain
AmbiStory,blind,single_hedge,AmbiStory-test-6,1,3,2.31,0.96,not uncertain
AmbiStory,blind,single_hedge,AmbiStory-test-7,1,4,0.54,1.36,not uncertain
AmbiStory,blind,single_hedge,AmbiStory-test-8,1,1,0.8474999999999999,0.24,not uncertain
AmbiStory,blind,single_hedge,AmbiStory-test-9,1,4,0.9275,2.16,not uncertain
AmbiStory,blind,single_hedge,AmbiStory-test-10,4,1,1.5,0.24,not uncertain
AmbiStory,blind,single_hedge,AmbiStory-test-11,2,5,0.35,0.1599999999999999,somewhat uncertain
AmbiStory,blind,single_hedge,AmbiStory-test-12,5,4,0.0,0.5599999999999999,not uncertain
AmbiStory,blind,single_hedge,AmbiStory-test-13,1,3,0.24,2.64,not uncertain
AmbiStory,blind,single_hedge,AmbiStory-test-14,5,1,3.24,0.24,not uncertain
AmbiStory,blind,single_hedge,AmbiStory-test-15,5,4,0.0,2.56,not uncertain
AmbiStory,blind,single_hedge,AmbiStory-test-16,5,3,0.0,0.5599999999999999,not uncertain
AmbiStory,blind,single_hedge,AmbiStory-test-17,1,4,0.1275,0.64,not uncertain
AmbiStory,blind,single_hedge,AmbiStory-test-18,5,5,0.0,0.0,not uncertain
AmbiStory,blind,single_hedge,AmbiStory-test-19,5,3,0.0,2.64,not uncertain
AmbiStory,blind,single_hedge,AmbiStory-test-20,5,5,0.0,0.0,not uncertain
AmbiStory,blind,single_hedge,AmbiStory-test-21,5,3,0.1599999999999999,0.96,not uncertain
AmbiStory,blind,single_hedge,AmbiStory-test-22,5,5,0.0,0.1599999999999999,not uncertain
AmbiStory,blind,single_hedge,AmbiStory-test-23,5,4,0.0475,2.56,not uncertain
AmbiStory,blind,single_hedge,AmbiStory-test-24,5,5,0.0475,0.0,not uncertain
AmbiStory,blind,single_hedge,AmbiStory-test-25,1,2,0.0,1.2,not uncertain
AmbiStory,blind,single_hedge,AmbiStory-test-26,5,4,0.0,0.96,somewhat uncertain
AmbiStory,blind,single_hedge,AmbiStory-test-27,1,2,0.0,0.56,not uncertain
AmbiStory,blind,single_hedge,AmbiStory-test-28,5,4,0.0,0.6399999999999999,somewhat uncertain
AmbiStory,blind,single_hedge,AmbiStory-test-29,1,2,0.0,0.64,not uncertain
AmbiStory,blind,single_hedge,AmbiStory-test-30,5,2,0.1275,0.8,somewhat uncertain
AmbiStory,blind,single_hedge,AmbiStory-test-31,5,4,0.0,0.6399999999999999,not uncertain
AmbiStory,blind,single_hedge,AmbiStory-test-32,4,3,0.2274999999999999,2.24,somewhat uncertain
AmbiStory,blind,single_hedge,AmbiStory-test-33,5,4,0.0,0.1599999999999999,not uncertain
AmbiStory,blind,single_hedge,AmbiStory-test-34,5,3,0.0,0.96,somewhat uncertain
AmbiStory,blind,single_hedge,AmbiStory-test-35,5,4,0.0,0.96,not uncertain
AmbiStory,blind,single_hedge,AmbiStory-test-36,4,3,0.2274999999999999,0.24,not uncertain
AmbiStory,blind,single_hedge,AmbiStory-test-37,5,3,0.0,1.6,not uncertain
AmbiStory,blind,single_hedge,AmbiStory-test-38,4,2,2.1275,1.84,not uncertain
AmbiStory,blind,single_hedge,AmbiStory-test-39,5,4,0.0,1.44,not uncertain
AmbiStory,blind,single_hedge,AmbiStory-test-40,4,3,1.5275,1.84,somewhat uncertain
AmbiStory,blind,single_hedge,AmbiStory-test-41,5,4,0.0,1.36,not uncertain
AmbiStory,blind,single_hedge,AmbiStory-test-42,1,2,0.09,0.1599999999999999,not uncertain
AmbiStory,blind,single_hedge,AmbiStory-test-43,5,4,0.1875,0.4,not uncertain
AmbiStory,blind,single_hedge,AmbiStory-test-44,1,3,0.09,2.24,somewhat uncertain
AmbiStory,blind,single_hedge,AmbiStory-test-45,5,4,0.0,1.0400000000000005,not uncertain
AmbiStory,blind,single_hedge,AmbiStory-test-46,1,3,0.0475,0.96,not uncertain
AmbiStory,blind,single_hedge,AmbiStory-test-47,5,4,0.09,0.8,not uncertain
AmbiStory,blind,single_hedge,AmbiStory-test-48,5,4,0.0,2.1600000000000006,not uncertain
AmbiStory,blind,single_hedge,AmbiStory-test-49,4,2,0.5599999999999999,2.24,not uncertain
AmbiStory,blind,single_hedge,AmbiStory-test-50,3,2,1.2275,0.24,not uncertain
AmbiStory,blind,single_hedge,AmbiStory-test-51,5,4,0.0,1.36,somewhat uncertain
AmbiStory,blind,single_hedge,AmbiStory-test-52,3,2,0.71,2.16,not uncertain
AmbiStory,blind,single_hedge,AmbiStory-test-53,5,5,0.25,0.24,not uncertain
AmbiStory,blind,single_hedge,AmbiStory-test-54,5,3,0.24,1.04,somewhat uncertain
AmbiStory,blind,single_hedge,AmbiStory-test-55,4,3,0.1875,0.96,not uncertain
AmbiStory,blind,single_hedge,AmbiStory-test-56,4,2,0.24,0.64,not uncertain
AmbiStory,blind,single_hedge,AmbiStory-test-57,5,5,0.0,0.0,not uncertain
AmbiStory,blind,single_hedge,AmbiStory-test-58,5,2,0.1599999999999999,1.36,not uncertain
AmbiStory,blind,single_hedge,AmbiStory-test-59,5,5,0.0,0.24,not uncertain
AmbiStory,blind,single_hedge,AmbiStory-test-60,5,5,0.0,0.0,not uncertain
AmbiStory,blind,single_hedge,AmbiStory-test-61,1,1,0.0,0.0,not uncertain
AmbiStory,blind,single_hedge,AmbiStory-test-62,1,1,2.6275000000000004,0.0,not uncertain
AmbiStory,blind,single_hedge,AmbiStory-test-63,4,3,0.09,3.8400000000000007,not uncertain
AmbiStory,blind,single_hedge,AmbiStory-test-64,5,4,0.0,2.56,not uncertain
AmbiStory,blind,single_hedge,AmbiStory-test-65,1,2,0.16,1.36,not uncertain
AmbiStory,blind,single_hedge,AmbiStory-test-66,4,3,2.0275,2.16,not uncertain
AmbiStory,blind,single_hedge,AmbiStory-test-67,1,2,0.09,0.56,not uncertain
AmbiStory,blind,single_hedge,AmbiStory-test-68,1,1,0.0,0.16,not uncertain
AmbiStory,blind,single_hedge,AmbiStory-test-69,5,5,0.0,0.0,not uncertain
AmbiStory,blind,single_hedge,AmbiStory-test-70,1,2,0.0,1.36,not uncertain
AmbiStory,blind,single_hedge,AmbiStory-test-71,1,3,0.26,1.0400000000000005,not uncertain
AmbiStory,blind,single_hedge,AmbiStory-test-72,5,3,0.0,2.16,not uncertain
AmbiStory,blind,single_hedge,AmbiStory-test-73,1,3,0.55,2.0,not uncertain
AmbiStory,blind,single_hedge,AmbiStory-test-74,5,2,0.0,1.4400000000000002,not uncertain
AmbiStory,blind,single_hedge,AmbiStory-test-75,5,4,0.0,1.36,not uncertain
AmbiStory,blind,single_hedge,AmbiStory-test-76,5,3,3.6475,1.4400000000000002,not uncertain
AmbiStory,blind,single_hedge,AmbiStory-test-77,5,4,0.0,0.6399999999999999,not uncertain
AmbiStory,blind,single_hedge,AmbiStory-test-78,5,4,0.0,1.6,not uncertain
AmbiStory,blind,single_hedge,AmbiStory-test-79,4,2,0.1875,0.96,somewhat uncertain
AmbiStory,blind,single_hedge,AmbiStory-test-80,5,3,3.55,0.1599999999999999,not uncertain
AmbiStory,blind,single_hedge,AmbiStory-test-81,5,4,0.0,0.24,not uncertain
AmbiStory,blind,single_hedge,AmbiStory-test-82,1,2,1.9275,0.8,somewhat uncertain
AmbiStory,blind,single_hedge,AmbiStory-test-83,5,4,0.09,1.2,not uncertain
AmbiStory,blind,single_hedge,AmbiStory-test-84,1,2,0.16,0.8,not uncertain
AmbiStory,blind,single_hedge,AmbiStory-test-85,5,5,0.0475,0.6399999999999999,not uncertain
AmbiStory,blind,single_hedge,AmbiStory-test-86,5,2,3.4275,0.16,not uncertain
AmbiStory,blind,single_hedge,AmbiStory-test-87,5,4,0.0475,0.5599999999999999,not uncertain
AmbiStory,blind,single_hedge,AmbiStory-test-88,1,2,0.3399999999999999,0.4,not uncertain
AmbiStory,blind,single_hedge,AmbiStory-test-89,5,4,0.0475,0.5599999999999999,not uncertain
AmbiStory,blind,single_hedge,AmbiStory-test-90,5,3,0.1599999999999999,1.6,not uncertain
AmbiStory,blind,single_hedge,AmbiStory-test-91,1,3,0.3399999999999999,2.16,not uncertain
AmbiStory,blind,single_hedge,AmbiStory-test-92,4,2,0.2475,0.64,not uncertain
AmbiStory,blind,single_hedge,AmbiStory-test-93,1,4,0.4875,0.5599999999999999,not uncertain
AmbiStory,blind,single_hedge,AmbiStory-test-94,5,1,0.2475,0.16,somewhat uncertain
AmbiStory,blind,single_hedge,AmbiStory-test-95,4,4,1.31,0.96,not uncertain
AmbiStory,blind,single_hedge,AmbiStory-test-96,5,5,0.0,0.24,somewhat uncertain
AmbiStory,blind,single_hedge,AmbiStory-test-97,5,3,2.04,2.472222222222222,not uncertain
AmbiStory,blind,single_hedge,AmbiStory-test-98,5,4,0.0,0.5599999999999999,not uncertain
AmbiStory,blind,single_hedge,AmbiStory-test-99,5,3,3.4875,0.4,not uncertain
AmbiStory,blind,single_hedge,AmbiStory-test-100,5,3,0.0,1.36,not uncertain
AmbiStory,blind,single_hedge,AmbiStory-test-101,5,4,0.76,1.4400000000000002,not uncertain
AmbiStory,blind,single_hedge,AmbiStory-test-102,5,4,0.0,0.96,highly uncertain
AmbiStory,blind,single_hedge,AmbiStory-test-103,5,1,0.0,0.16,not uncertain
AmbiStory,blind,single_hedge,AmbiStory-test-104,1,2,0.9475,0.24,not uncertain
AmbiStory,blind,single_hedge,AmbiStory-test-105,5,5,0.0,0.1599999999999999,not uncertain
AmbiStory,blind,single_hedge,AmbiStory-test-106,5,3,0.0475,0.5599999999999999,not uncertain
AmbiStory,blind,single_hedge,AmbiStory-test-107,5,3,0.0,2.24,not uncertain
AmbiStory,blind,single_hedge,AmbiStory-test-108,5,5,0.0,0.1599999999999999,not uncertain
AmbiStory,blind,single_hedge,AmbiStory-test-109,1,1,0.76,0.0,not uncertain
AmbiStory,blind,single_hedge,AmbiStory-test-110,5,4,0.0,0.5599999999999999,not uncertain
AmbiStory,blind,single_hedge,AmbiStory-test-111,5,1,0.76,0.24,not uncertain
AmbiStory,blind,single_hedge,AmbiStory-test-112,5,4,0.0,1.36,not uncertain
AmbiStory,blind,single_hedge,AmbiStory-test-113,5,1,2.06,0.16,not uncertain
AmbiStory,blind,single_hedge,AmbiStory-test-114,5,5,0.0,0.0,not uncertain
AmbiStory,blind,single_hedge,AmbiStory-test-115,1,2,0.0,2.5600000000000005,not uncertain
AmbiStory,blind,single_hedge,AmbiStory-test-116,5,3,0.0,2.64,not uncertain
AmbiStory,blind,single_hedge,AmbiStory-test-117,5,3,0.0,3.2,not uncertain
AmbiStory,blind,single_hedge,AmbiStory-test-118,5,5,0.0,0.1599999999999999,not uncertain
AmbiStory,blind,single_hedge,AmbiStory-test-119,1,1,0.0,0.24,not uncertain
AmbiStory,blind,single_hedge,AmbiStory-test-120,5,4,0.0,0.4,not uncertain
AmbiStory,blind,single_hedge,AmbiStory-test-121,1,4,0.4475,0.5599999999999999,not uncertain
AmbiStory,blind,single_hedge,AmbiStory-test-122,5,4,0.0,0.64,not uncertain
AmbiStory,blind,single_hedge,AmbiStory-test-123,1,3,0.2475,0.5599999999999999,not uncertain
AmbiStory,blind,single_hedge,AmbiStory-test-124,5,3,0.0,1.8400000000000003,not uncertain
AmbiStory,blind,single_hedge,AmbiStory-test-125,4,3,0.91,1.8400000000000003,somewhat uncertain
AmbiStory,blind,single_hedge,AmbiStory-test-126,4,3,0.8275,0.888888888888889,not uncertain
AmbiStory,blind,single_hedge,AmbiStory-test-127,2,3,0.39,1.36,somewhat uncertain
AmbiStory,blind,single_hedge,AmbiStory-test-128,1,2,0.2274999999999999,0.64,not uncertain
AmbiStory,blind,single_hedge,AmbiStory-test-129,4,3,0.3275,2.56,not uncertain
AmbiStory,blind,single_hedge,AmbiStory-test-130,1,1,0.0,0.24,not uncertain
AmbiStory,blind,single_hedge,AmbiStory-test-131,2,3,0.44,2.16,not uncertain
AmbiStory,blind,single_hedge,AmbiStory-test-132,5,5,0.0,0.0,not uncertain
AmbiStory,blind,single_hedge,AmbiStory-test-133,1,1,0.0,0.24,not uncertain
AmbiStory,blind,single_hedge,AmbiStory-test-134,5,3,0.7875,1.84,not uncertain
AmbiStory,blind,single_hedge,AmbiStory-test-135,5,4,3.64,0.8,not uncertain
AmbiStory,blind,single_hedge,AmbiStory-test-136,5,3,0.0,2.64,not uncertain
AmbiStory,blind,single_hedge,AmbiStory-test-137,5,3,0.76,2.0,not uncertain
AmbiStory,blind,single_hedge,AmbiStory-test-138,5,5,0.0,0.24,not uncertain
AmbiStory,blind,single_hedge,AmbiStory-test-139,5,5,0.0,0.0,not uncertain
AmbiStory,blind,single_hedge,AmbiStory-test-140,5,5,0.0,0.0,not uncertain
AmbiStory,blind,single_hedge,AmbiStory-test-141,5,5,0.0,0.0,not uncertain
AmbiStory,blind,single_hedge,AmbiStory-test-142,5,4,0.0,1.36,not uncertain
AmbiStory,blind,single_hedge,AmbiStory-test-143,5,5,0.0,0.0,not uncertain
AmbiStory,blind,single_hedge,AmbiStory-test-144,1,1,0.26,0.24,not uncertain
AmbiStory,blind,single_hedge,AmbiStory-test-145,5,5,0.0,0.1599999999999999,not uncertain
AmbiStory,blind,single_hedge,AmbiStory-test-146,1,2,1.26,2.24,not uncertain
AmbiStory,blind,single_hedge,AmbiStory-test-147,5,5,0.0475,0.1599999999999999,not uncertain
AmbiStory,blind,single_hedge,AmbiStory-test-148,1,2,0.0,0.5599999999999999,not uncertain
AmbiStory,blind,single_hedge,AmbiStory-test-149,5,4,0.0,1.44,not uncertain
AmbiStory,blind,single_hedge,AmbiStory-test-150,5,3,0.0,2.8,not uncertain
AmbiStory,blind,single_hedge,AmbiStory-test-151,1,3,0.0475,2.8,not uncertain
AmbiStory,blind,single_hedge,AmbiStory-test-152,5,1,0.0475,0.6400000000000002,not uncertain
AmbiStory,blind,single_hedge,AmbiStory-test-153,1,4,2.9275,1.84,not uncertain
AmbiStory,blind,single_hedge,AmbiStory-test-154,5,4,0.0475,1.4400000000000002,not uncertain
AmbiStory,blind,single_hedge,AmbiStory-test-155,1,3,0.26,1.8400000000000003,not uncertain
AmbiStory,blind,single_hedge,AmbiStory-test-156,5,5,0.0475,0.0,not uncertain
AmbiStory,blind,single_hedge,AmbiStory-test-157,1,1,0.0,0.16,not uncertain
AmbiStory,blind,single_hedge,AmbiStory-test-158,5,3,1.9875,1.36,not uncertain
AmbiStory,blind,single_hedge,AmbiStory-test-159,5,3,0.0,0.96,not uncertain
AmbiStory,blind,single_hedge,AmbiStory-test-160,5,5,0.0,0.0,not uncertain
AmbiStory,blind,single_hedge,AmbiStory-test-161,1,2,0.0,0.9600000000000002,not uncertain
AmbiStory,blind,single_hedge,AmbiStory-test-162,5,2,0.0,0.64,not uncertain
AmbiStory,blind,single_hedge,AmbiStory-test-163,1,4,1.6275,0.5599999999999999,not uncertain
AmbiStory,blind,single_hedge,AmbiStory-test-164,5,2,0.09,0.64,not uncertain
AmbiStory,blind,single_hedge,AmbiStory-test-165,5,3,3.1275000000000004,1.84,not uncertain
AmbiStory,blind,single_hedge,AmbiStory-test-166,5,2,0.0475,0.24,not uncertain
AmbiStory,blind,single_hedge,AmbiStory-test-167,5,4,1.9875,0.6399999999999999,not uncertain
AmbiStory,blind,single_hedge,AmbiStory-test-168,5,5,0.09,0.1599999999999999,not uncertain
AmbiStory,blind,single_hedge,AmbiStory-test-169,1,1,0.0,0.0,not uncertain
AmbiStory,blind,single_hedge,AmbiStory-test-170,5,5,0.0,0.0,not uncertain
AmbiStory,blind,single_hedge,AmbiStory-test-171,1,1,0.0,0.0,not uncertain
AmbiStory,blind,single_hedge,AmbiStory-test-172,5,5,0.09,0.24,not uncertain
AmbiStory,blind,single_hedge,AmbiStory-test-173,1,1,0.0,0.0,not uncertain
AmbiStory,blind,single_hedge,AmbiStory-test-174,5,5,0.1599999999999999,0.6399999999999999,somewhat uncertain
AmbiStory,blind,single_hedge,AmbiStory-test-175,4,2,0.2,0.8,not uncertain
AmbiStory,blind,single_hedge,AmbiStory-test-176,1,1,0.0,0.24,not uncertain
AmbiStory,blind,single_hedge,AmbiStory-test-177,4,4,0.2475,2.1600000000000006,not uncertain
AmbiStory,blind,single_hedge,AmbiStory-test-178,1,2,3.21,1.04,not uncertain
AmbiStory,blind,single_hedge,AmbiStory-test-179,4,4,1.09,0.5599999999999999,somewhat uncertain
AmbiStory,blind,single_hedge,AmbiStory-test-180,5,4,0.0,0.6399999999999999,not uncertain
AmbiStory,blind,single_hedge,AmbiStory-test-181,4,3,1.4475,0.64,somewhat uncertain
AmbiStory,blind,single_hedge,AmbiStory-test-182,1,2,0.0,0.64,highly uncertain
AmbiStory,blind,single_hedge,AmbiStory-test-183,5,3,0.1875,1.84,somewhat uncertain
AmbiStory,blind,single_hedge,AmbiStory-test-184,4,3,0.34,0.0,not uncertain
AmbiStory,blind,single_hedge,AmbiStory-test-185,4,3,0.1875,1.2,not uncertain
AmbiStory,blind,single_hedge,AmbiStory-test-186,1,3,3.4,1.84,not uncertain
AmbiStory,blind,single_hedge,AmbiStory-test-187,1,2,0.0475,0.56,somewhat uncertain
AmbiStory,blind,single_hedge,AmbiStory-test-188,1,1,0.09,0.16,not uncertain
AmbiStory,blind,single_hedge,AmbiStory-test-189,5,4,0.0,0.64,not uncertain
AmbiStory,blind,single_hedge,AmbiStory-test-190,1,2,2.5275,0.56,not uncertain
AmbiStory,blind,single_hedge,AmbiStory-test-191,2,3,0.74,1.04,not uncertain
AmbiStory,blind,single_hedge,AmbiStory-test-192,5,5,0.0475,0.1599999999999999,not uncertain
AmbiStory,blind,single_hedge,AmbiStory-test-193,2,1,0.1275,0.16,not uncertain
AmbiStory,blind,single_hedge,AmbiStory-test-194,5,3,0.0475,0.64,not uncertain
AmbiStory,blind,single_hedge,AmbiStory-test-195,4,3,0.9475,1.84,not uncertain
AmbiStory,blind,single_hedge,AmbiStory-test-196,4,4,0.09,0.5599999999999999,not uncertain
AmbiStory,blind,single_hedge,AmbiStory-test-197,2,2,0.2475,0.64,not uncertain
AmbiStory,blind,single_hedge,AmbiStory-test-198,5,5,0.0475,0.24,not uncertain
AmbiStory,blind,single_hedge,AmbiStory-test-199,5,1,0.24,0.64,not uncertain
AmbiStory,blind,single_hedge,AmbiStory-test-200,5,4,0.1275,0.4,somewhat uncertain
AmbiStory,blind,single_hedge,AmbiStory-test-201,2,2,1.3,1.2,somewhat uncertain
AmbiStory,blind,single_hedge,AmbiStory-test-202,4,5,0.1875,0.1599999999999999,not uncertain
AmbiStory,blind,single_hedge,AmbiStory-test-203,3,2,0.74,0.64,not uncertain
AmbiStory,blind,single_hedge,AmbiStory-test-204,5,5,0.2274999999999999,0.24,not uncertain
AmbiStory,blind,single_hedge,AmbiStory-test-205,1,2,0.0475,0.16,not uncertain
AmbiStory,blind,single_hedge,AmbiStory-test-206,4,4,2.7475,0.24,not uncertain
AmbiStory,blind,single_hedge,AmbiStory-test-207,4,3,1.5475,1.6,not uncertain
AmbiStory,blind,single_hedge,AmbiStory-test-208,5,4,1.16,0.8,somewhat uncertain
AmbiStory,blind,single_hedge,AmbiStory-test-209,5,2,2.4475,0.24,not uncertain
AmbiStory,blind,single_hedge,AmbiStory-test-210,1,3,1.01,0.5599999999999999,not uncertain
AmbiStory,blind,single_hedge,AmbiStory-test-211,5,2,0.2274999999999999,0.56,not uncertain
AmbiStory,blind,single_hedge,AmbiStory-test-212,1,3,2.0275,0.4,somewhat uncertain
AmbiStory,blind,single_hedge,AmbiStory-test-213,4,3,0.31,3.3600000000000003,not uncertain
AmbiStory,blind,single_hedge,AmbiStory-test-214,1,3,0.0475,1.04,not uncertain
AmbiStory,blind,single_hedge,AmbiStory-test-215,5,2,0.24,2.24,not uncertain
AmbiStory,blind,single_hedge,AmbiStory-test-216,5,4,0.1599999999999999,0.24,not uncertain
AmbiStory,blind,single_hedge,AmbiStory-test-217,5,1,0.0475,0.6400000000000002,not uncertain
AmbiStory,blind,single_hedge,AmbiStory-test-218,1,3,0.1275,0.96,somewhat uncertain
AmbiStory,blind,single_hedge,AmbiStory-test-219,1,3,2.29,3.3599999999999994,somewhat uncertain
AmbiStory,blind,single_hedge,AmbiStory-test-220,3,3,0.5475,1.805555555555556,not uncertain
AmbiStory,blind,single_hedge,AmbiStory-test-221,5,3,0.0,1.36,not uncertain
AmbiStory,blind,single_hedge,AmbiStory-test-222,5,5,0.0,0.24,not uncertain
AmbiStory,blind,single_hedge,AmbiStory-test-223,3,3,1.34,2.64,somewhat uncertain
AmbiStory,blind,single_hedge,AmbiStory-test-224,2,3,0.2475,1.36,not uncertain
AmbiStory,blind,single_hedge,AmbiStory-test-225,5,4,0.0,0.6399999999999999,not uncertain
AmbiStory,blind,single_hedge,AmbiStory-test-226,3,3,0.5275000000000001,1.2,not uncertain
AmbiStory,blind,single_hedge,AmbiStory-test-227,5,3,0.0,0.5599999999999999,not uncertain
AmbiStory,blind,single_hedge,AmbiStory-test-228,4,2,0.31,1.4400000000000002,not uncertain
AmbiStory,blind,single_hedge,AmbiStory-test-229,4,3,0.2475,1.04,not uncertain
AmbiStory,blind,single_hedge,AmbiStory-test-230,4,2,0.2875,0.24,not uncertain
AmbiStory,blind,single_hedge,AmbiStory-test-231,5,4,0.1275,1.0400000000000005,somewhat uncertain
AmbiStory,blind,single_hedge,AmbiStory-test-232,1,2,1.49,0.5599999999999999,not uncertain
AmbiStory,blind,single_hedge,AmbiStory-test-233,4,4,0.3475,1.36,not uncertain
AmbiStory,blind,single_hedge,AmbiStory-test-234,5,5,0.0,0.0,not uncertain
AmbiStory,blind,single_hedge,AmbiStory-test-235,4,4,0.25,1.36,not uncertain
AmbiStory,blind,single_hedge,AmbiStory-test-236,3,3,1.7475,1.8400000000000003,somewhat uncertain
AmbiStory,blind,single_hedge,AmbiStory-test-237,5,4,0.0,0.24,not uncertain
AmbiStory,blind,single_hedge,AmbiStory-test-238,5,4,0.0,0.96,not uncertain
AmbiStory,blind,single_hedge,AmbiStory-test-239,5,4,0.2475,0.24,not uncertain
AmbiStory,blind,single_hedge,AmbiStory-test-240,1,2,1.2475,0.56,not uncertain
AmbiStory,blind,single_hedge,AmbiStory-test-241,5,5,0.0,0.1599999999999999,not uncertain
AmbiStory,blind,single_hedge,AmbiStory-test-242,1,1,0.0,0.24,not uncertain
AmbiStory,blind,single_hedge,AmbiStory-test-243,5,5,0.0,0.1599999999999999,not uncertain
AmbiStory,blind,single_hedge,AmbiStory-test-244,1,2,0.16,2.24,not uncertain
AmbiStory,blind,single_hedge,AmbiStory-test-245,5,4,0.0,0.6399999999999999,not uncertain
AmbiStory,blind,single_hedge,AmbiStory-test-246,5,5,0.0,0.1599999999999999,not uncertain
AmbiStory,blind,single_hedge,AmbiStory-test-247,1,1,0.0,0.64,not uncertain
AmbiStory,blind,single_hedge,AmbiStory-test-248,1,5,0.36,0.1599999999999999,somewhat uncertain
AmbiStory,blind,single_hedge,AmbiStory-test-249,1,2,0.0,0.64,not uncertain
AmbiStory,blind,single_hedge,AmbiStory-test-250,5,5,0.0,0.24,not uncertain
AmbiStory,blind,single_hedge,AmbiStory-test-251,1,1,0.0,0.16,not uncertain
AmbiStory,blind,single_hedge,AmbiStory-test-252,5,4,0.0,0.6399999999999999,not uncertain
AmbiStory,blind,single_hedge,AmbiStory-test-253,3,3,0.5599999999999999,1.2,not uncertain
AmbiStory,blind,single_hedge,AmbiStory-test-254,5,4,0.0,0.6399999999999999,not uncertain
AmbiStory,blind,single_hedge,AmbiStory-test-255,1,2,0.3399999999999999,2.24,not uncertain
AmbiStory,blind,single_hedge,AmbiStory-test-256,5,4,0.0,0.5599999999999999,not uncertain
AmbiStory,blind,single_hedge,AmbiStory-test-257,5,2,0.09,1.36,not uncertain
AmbiStory,blind,single_hedge,AmbiStory-test-258,1,3,0.21,1.44,not uncertain
AmbiStory,blind,single_hedge,AmbiStory-test-259,5,5,0.0,0.0,not uncertain
AmbiStory,blind,single_hedge,AmbiStory-test-260,2,2,0.29,0.64,not uncertain
AmbiStory,blind,single_hedge,AmbiStory-test-261,5,5,0.0,0.0,not uncertain
AmbiStory,blind,single_hedge,AmbiStory-test-262,2,4,0.21,1.44,not uncertain
AmbiStory,blind,single_hedge,AmbiStory-test-263,5,4,0.0,1.36,not uncertain
AmbiStory,blind,single_hedge,AmbiStory-test-264,5,3,0.0475,3.2,not uncertain
AmbiStory,blind,single_hedge,AmbiStory-test-265,5,3,0.0,2.56,not uncertain
AmbiStory,blind,single_hedge,AmbiStory-test-266,5,1,0.0,0.16,not uncertain
AmbiStory,blind,single_hedge,AmbiStory-test-267,5,4,0.0,1.6,not uncertain
AmbiStory,blind,single_hedge,AmbiStory-test-268,5,3,0.0,2.56,not uncertain
AmbiStory,blind,single_hedge,AmbiStory-test-269,5,4,0.0,3.04,not uncertain
AmbiStory,blind,single_hedge,AmbiStory-test-270,5,5,0.0,0.24,not uncertain
AmbiStory,blind,single_hedge,AmbiStory-test-271,5,2,0.21,0.64,somewhat uncertain
AmbiStory,blind,single_hedge,AmbiStory-test-272,3,2,2.0,0.8,highly uncertain
AmbiStory,blind,single_hedge,AmbiStory-test-273,5,4,0.0,2.4,not uncertain
AmbiStory,blind,single_hedge,AmbiStory-test-274,5,4,0.0,1.36,not uncertain
AmbiStory,blind,single_hedge,AmbiStory-test-275,5,3,0.0475,1.36,somewhat uncertain
AmbiStory,blind,single_hedge,AmbiStory-test-276,1,2,0.0,0.64,not uncertain
AmbiStory,blind,single_hedge,AmbiStory-test-277,5,5,0.0,0.6399999999999999,not uncertain
AmbiStory,blind,single_hedge,AmbiStory-test-278,1,2,0.0475,0.64,not uncertain
AmbiStory,blind,single_hedge,AmbiStory-test-279,5,5,0.0,0.0,not uncertain
AmbiStory,blind,single_hedge,AmbiStory-test-280,1,2,0.0,0.5599999999999999,not uncertain
AmbiStory,blind,single_hedge,AmbiStory-test-281,5,4,0.0,0.64,not uncertain
AmbiStory,blind,single_hedge,AmbiStory-test-282,5,3,0.0,1.04,not uncertain
AmbiStory,blind,single_hedge,AmbiStory-test-283,5,4,0.0,2.56,not uncertain
AmbiStory,blind,single_hedge,AmbiStory-test-284,5,4,0.0,0.5599999999999999,not uncertain
AmbiStory,blind,single_hedge,AmbiStory-test-285,5,4,0.0,2.4,not uncertain
AmbiStory,blind,single_hedge,AmbiStory-test-286,5,3,0.0,0.64,not uncertain
AmbiStory,blind,single_hedge,AmbiStory-test-287,5,4,0.0,0.64,not uncertain
AmbiStory,blind,single_hedge,AmbiStory-test-288,5,4,0.0475,0.96,not uncertain
AmbiStory,blind,single_hedge,AmbiStory-test-289,5,4,0.0475,0.5599999999999999,not uncertain
AmbiStory,blind,single_hedge,AmbiStory-test-290,5,3,0.09,2.8,not uncertain
AmbiStory,blind,single_hedge,AmbiStory-test-291,5,4,0.09,0.8,not uncertain
AmbiStory,blind,single_hedge,AmbiStory-test-292,5,4,0.1599999999999999,0.6399999999999999,not uncertain
AmbiStory,blind,single_hedge,AmbiStory-test-293,5,4,0.1275,2.16,not uncertain
AmbiStory,blind,single_hedge,AmbiStory-test-294,1,3,0.1275,1.7600000000000002,not uncertain
AmbiStory,blind,single_hedge,AmbiStory-test-295,5,2,0.09,0.64,not uncertain
AmbiStory,blind,single_hedge,AmbiStory-test-296,2,3,0.25,1.2,not uncertain
AmbiStory,blind,single_hedge,AmbiStory-test-297,5,5,0.0,0.24,not uncertain
AmbiStory,blind,single_hedge,AmbiStory-test-298,1,2,0.0475,0.56,not uncertain
AmbiStory,blind,single_hedge,AmbiStory-test-299,5,4,0.0,1.8400000000000003,not uncertain
AmbiStory,blind,single_hedge,AmbiStory-test-300,1,2,0.2274999999999999,1.36,not uncertain
AmbiStory,blind,single_hedge,AmbiStory-test-301,1,1,0.09,0.16,not uncertain
AmbiStory,blind,single_hedge,AmbiStory-test-302,4,3,1.3275,0.64,not uncertain
AmbiStory,blind,single_hedge,AmbiStory-test-303,5,2,0.0,1.3600000000000003,not uncertain
AmbiStory,blind,single_hedge,AmbiStory-test-304,5,4,0.1275,1.4400000000000002,not uncertain
AmbiStory,blind,single_hedge,AmbiStory-test-305,2,2,1.09,0.56,not uncertain
AmbiStory,blind,single_hedge,AmbiStory-test-306,4,5,0.1875,0.0,not uncertain
AmbiStory,blind,single_hedge,AmbiStory-test-307,4,1,0.4599999999999999,0.24,somewhat uncertain
AmbiStory,blind,single_hedge,AmbiStory-test-308,4,4,0.54,2.56,not uncertain
AmbiStory,blind,single_hedge,AmbiStory-test-309,4,2,1.9275,0.9600000000000002,not uncertain
AmbiStory,blind,single_hedge,AmbiStory-test-310,4,4,0.31,0.64,not uncertain
AmbiStory,blind,single_hedge,AmbiStory-test-311,4,3,0.0475,2.16,not uncertain
AmbiStory,blind,single_hedge,AmbiStory-test-312,5,4,0.25,0.24,somewhat uncertain
AmbiStory,blind,single_hedge,AmbiStory-test-313,5,3,1.44,3.8400000000000007,not uncertain
AmbiStory,blind,single_hedge,AmbiStory-test-314,4,4,0.2274999999999999,1.36,not uncertain
AmbiStory,blind,single_hedge,AmbiStory-test-315,5,3,2.76,0.96,not uncertain
AmbiStory,blind,single_hedge,AmbiStory-test-316,4,3,0.64,1.8400000000000003,somewhat uncertain
AmbiStory,blind,single_hedge,AmbiStory-test-317,1,4,0.8100000000000002,1.8400000000000003,not uncertain
AmbiStory,blind,single_hedge,AmbiStory-test-318,5,5,0.0,0.1599999999999999,not uncertain
AmbiStory,blind,single_hedge,AmbiStory-test-319,1,1,0.0,0.16,not uncertain
AmbiStory,blind,single_hedge,AmbiStory-test-320,5,5,0.0,0.1599999999999999,not uncertain
AmbiStory,blind,single_hedge,AmbiStory-test-321,1,1,0.0,0.0,not uncertain
AmbiStory,blind,single_hedge,AmbiStory-test-322,5,5,0.0,0.24,not uncertain
AmbiStory,blind,single_hedge,AmbiStory-test-323,1,1,0.09,0.16,not uncertain
AmbiStory,blind,single_hedge,AmbiStory-test-324,5,5,0.0,0.0,not uncertain
AmbiStory,blind,single_hedge,AmbiStory-test-325,1,1,0.0,0.0,not uncertain
AmbiStory,blind,single_hedge,AmbiStory-test-326,5,5,0.0,0.1599999999999999,not uncertain
AmbiStory,blind,single_hedge,AmbiStory-test-327,1,2,0.16,0.9600000000000002,not uncertain
AmbiStory,blind,single_hedge,AmbiStory-test-328,5,5,0.0,0.0,not uncertain
AmbiStory,blind,single_hedge,AmbiStory-test-329,1,2,0.0,2.1388888888888897,not uncertain
AmbiStory,blind,single_hedge,AmbiStory-test-330,4,4,2.2275,0.5599999999999999,not uncertain
AmbiStory,blind,single_hedge,AmbiStory-test-331,5,3,0.0,2.56,not uncertain
AmbiStory,blind,single_hedge,AmbiStory-test-332,1,1,0.0,0.0,not uncertain
AmbiStory,blind,single_hedge,AmbiStory-test-333,5,5,0.0,0.1599999999999999,not uncertain
AmbiStory,blind,single_hedge,AmbiStory-test-334,1,1,0.16,0.16,not uncertain
AmbiStory,blind,single_hedge,AmbiStory-test-335,5,4,0.0,1.2,not uncertain
AmbiStory,blind,single_hedge,AmbiStory-test-336,5,5,0.0,0.1599999999999999,not uncertain
AmbiStory,blind,single_hedge,AmbiStory-test-337,1,1,0.0,0.0,not uncertain
AmbiStory,blind,single_hedge,AmbiStory-test-338,4,2,0.09,0.24,not uncertain
AmbiStory,blind,single_hedge,AmbiStory-test-339,5,4,0.0,0.5599999999999999,not uncertain
AmbiStory,blind,single_hedge,AmbiStory-test-340,5,5,0.0,0.24,not uncertain
AmbiStory,blind,single_hedge,AmbiStory-test-341,1,2,0.09,0.5599999999999999,not uncertain
AmbiStory,blind,single_hedge,AmbiStory-test-342,5,5,0.0,0.0,not uncertain
AmbiStory,blind,single_hedge,AmbiStory-test-343,1,1,0.09,0.0,not uncertain
AmbiStory,blind,single_hedge,AmbiStory-test-344,5,5,0.0,0.1599999999999999,not uncertain
AmbiStory,blind,single_hedge,AmbiStory-test-345,1,3,0.54,0.64,somewhat uncertain
AmbiStory,blind,single_hedge,AmbiStory-test-346,5,4,0.0,2.56,not uncertain
AmbiStory,blind,single_hedge,AmbiStory-test-347,1,2,0.09,0.25,not uncertain
AmbiStory,blind,single_hedge,AmbiStory-test-348,5,4,0.0,2.560000000000001,not uncertain
AmbiStory,blind,single_hedge,AmbiStory-test-349,2,2,0.19,2.560000000000001,not uncertain
AmbiStory,blind,single_hedge,AmbiStory-test-350,1,2,0.74,2.16,not uncertain
AmbiStory,blind,single_hedge,AmbiStory-test-351,4,2,0.1875,1.04,not uncertain
AmbiStory,blind,single_hedge,AmbiStory-test-352,1,2,0.1275,0.56,somewhat uncertain
AmbiStory,blind,single_hedge,AmbiStory-test-353,1,1,1.14,0.16,not uncertain
AmbiStory,blind,single_hedge,AmbiStory-test-354,5,5,0.0,0.0,not uncertain
AmbiStory,blind,single_hedge,AmbiStory-test-355,1,1,0.0,0.0,not uncertain
AmbiStory,blind,single_hedge,AmbiStory-test-356,5,5,0.0,0.0,not uncertain
AmbiStory,blind,single_hedge,AmbiStory-test-357,1,1,0.0,0.0,not uncertain
AmbiStory,blind,single_hedge,AmbiStory-test-358,5,5,0.0,0.0,not uncertain
AmbiStory,blind,single_hedge,AmbiStory-test-359,1,2,0.0,0.56,not uncertain
AmbiStory,blind,single_hedge,AmbiStory-test-360,5,5,0.0,0.1599999999999999,not uncertain
AmbiStory,blind,single_hedge,AmbiStory-test-361,1,1,0.0,0.24,not uncertain
AmbiStory,blind,single_hedge,AmbiStory-test-362,5,4,0.0,2.56,not uncertain
AmbiStory,blind,single_hedge,AmbiStory-test-363,1,1,0.0,0.0,not uncertain
AmbiStory,blind,single_hedge,AmbiStory-test-364,5,2,0.0,0.96,not uncertain
AmbiStory,blind,single_hedge,AmbiStory-test-365,1,3,0.19,1.6,not uncertain
AmbiStory,blind,single_hedge,AmbiStory-test-366,5,3,0.0,1.4400000000000002,not uncertain
AmbiStory,blind,single_hedge,AmbiStory-test-367,4,2,0.1475,0.16,not uncertain
AmbiStory,blind,single_hedge,AmbiStory-test-368,5,2,2.1275000000000004,0.5599999999999999,not uncertain
AmbiStory,blind,single_hedge,AmbiStory-test-369,5,4,0.0,2.24,not uncertain
AmbiStory,blind,single_hedge,AmbiStory-test-370,1,2,0.3875,0.56,not uncertain
AmbiStory,blind,single_hedge,AmbiStory-test-371,4,2,0.4875,2.24,not uncertain
AmbiStory,blind,single_hedge,AmbiStory-test-372,5,4,0.0,0.64,somewhat uncertain
AmbiStory,blind,single_hedge,AmbiStory-test-373,1,2,0.0,0.56,not uncertain
AmbiStory,blind,single_hedge,AmbiStory-test-374,5,5,0.0,0.24,not uncertain
AmbiStory,blind,single_hedge,AmbiStory-test-375,1,1,0.0,0.0,not uncertain
AmbiStory,blind,single_hedge,AmbiStory-test-376,5,5,0.9275,0.24,somewhat uncertain
AmbiStory,blind,single_hedge,AmbiStory-test-377,2,2,0.1875,0.56,not uncertain
AmbiStory,blind,single_hedge,AmbiStory-test-378,5,4,0.0,2.56,not uncertain
AmbiStory,blind,single_hedge,AmbiStory-test-379,1,1,0.0475,0.64,not uncertain
AmbiStory,blind,single_hedge,AmbiStory-test-380,5,1,0.0475,0.0,not uncertain
AmbiStory,blind,single_hedge,AmbiStory-test-381,5,5,0.0,0.24,not uncertain
AmbiStory,blind,single_hedge,AmbiStory-test-382,5,3,0.0,2.56,not uncertain
AmbiStory,blind,single_hedge,AmbiStory-test-383,5,4,0.0,0.24,not uncertain
AmbiStory,blind,single_hedge,AmbiStory-test-384,5,5,0.0,0.0,not uncertain
AmbiStory,blind,single_hedge,AmbiStory-test-385,1,1,0.0,0.16,not uncertain
AmbiStory,blind,single_hedge,AmbiStory-test-386,5,3,0.0,2.16,not uncertain
AmbiStory,blind,single_hedge,AmbiStory-test-387,1,2,0.0,1.36,not uncertain
AmbiStory,blind,single_hedge,AmbiStory-test-388,5,4,0.0,0.96,not uncertain
AmbiStory,blind,single_hedge,AmbiStory-test-389,1,2,0.0,1.6,not uncertain
AmbiStory,blind,single_hedge,AmbiStory-test-390,5,5,0.0,0.1599999999999999,not uncertain
AmbiStory,blind,single_hedge,AmbiStory-test-391,1,1,0.0,0.16,not uncertain
AmbiStory,blind,single_hedge,AmbiStory-test-392,5,4,1.44,0.64,not uncertain
AmbiStory,blind,single_hedge,AmbiStory-test-393,5,3,0.0,1.36,somewhat uncertain
AmbiStory,blind,single_hedge,AmbiStory-test-394,5,4,0.0,2.24,not uncertain
AmbiStory,blind,single_hedge,AmbiStory-test-395,1,2,0.0,0.8,not uncertain
AmbiStory,blind,single_hedge,AmbiStory-test-396,5,5,0.0,0.0,not uncertain
AmbiStory,blind,single_hedge,AmbiStory-test-397,1,1,0.0,0.24,not uncertain
AmbiStory,blind,single_hedge,AmbiStory-test-398,5,4,0.0,0.5599999999999999,not uncertain
AmbiStory,blind,single_hedge,AmbiStory-test-399,5,3,0.0,0.1599999999999999,somewhat uncertain
AmbiStory,blind,single_hedge,AmbiStory-test-400,5,5,0.0,0.1599999999999999,not uncertain
AmbiStory,blind,single_hedge,AmbiStory-test-401,5,1,0.76,0.24,not uncertain
AmbiStory,blind,single_hedge,AmbiStory-test-402,5,4,2.0275000000000003,0.5599999999999999,not uncertain
AmbiStory,blind,single_hedge,AmbiStory-test-403,5,2,0.0,0.4,not uncertain
AmbiStory,blind,single_hedge,AmbiStory-test-404,4,4,1.2475,0.5599999999999999,not uncertain
AmbiStory,blind,single_hedge,AmbiStory-test-405,5,2,0.0,0.4,not uncertain
AmbiStory,blind,single_hedge,AmbiStory-test-406,4,4,2.6475,0.24,not uncertain
AmbiStory,blind,single_hedge,AmbiStory-test-407,5,2,0.0,1.36,not uncertain
AmbiStory,blind,single_hedge,AmbiStory-test-408,5,4,0.0,1.44,not uncertain
AmbiStory,blind,single_hedge,AmbiStory-test-409,1,1,0.0,0.0,not uncertain
AmbiStory,blind,single_hedge,AmbiStory-test-410,5,4,0.0,1.36,not uncertain
AmbiStory,blind,single_hedge,AmbiStory-test-411,5,2,0.0,1.04,not uncertain
AmbiStory,blind,single_hedge,AmbiStory-test-412,5,4,0.0,0.96,not uncertain
AmbiStory,blind,single_hedge,AmbiStory-test-413,1,1,0.0,0.64,not uncertain
AmbiStory,blind,single_hedge,AmbiStory-test-414,5,5,0.0,0.0,not uncertain
AmbiStory,blind,single_hedge,AmbiStory-test-415,1,1,0.0,0.24,not uncertain
AmbiStory,blind,single_hedge,AmbiStory-test-416,5,5,0.0475,0.1599999999999999,not uncertain
AmbiStory,blind,single_hedge,AmbiStory-test-417,1,2,0.2274999999999999,0.64,not uncertain
AmbiStory,blind,single_hedge,AmbiStory-test-418,5,5,0.0,0.1599999999999999,not uncertain
AmbiStory,blind,single_hedge,AmbiStory-test-419,1,2,0.0475,2.24,not uncertain
AmbiStory,blind,single_hedge,AmbiStory-test-420,5,3,0.09,2.2222222222222228,not uncertain
AmbiStory,blind,single_hedge,AmbiStory-test-421,1,3,0.0,1.4400000000000002,somewhat uncertain
AmbiStory,blind,single_hedge,AmbiStory-test-422,5,3,0.0,2.24,not uncertain
AmbiStory,blind,single_hedge,AmbiStory-test-423,1,3,0.0,2.0,not uncertain
AmbiStory,blind,single_hedge,AmbiStory-test-424,5,3,0.0,0.4,somewhat uncertain
AmbiStory,blind,single_hedge,AmbiStory-test-425,1,3,0.0,1.04,somewhat uncertain
AmbiStory,blind,single_hedge,AmbiStory-test-426,5,3,0.0475,0.64,not uncertain
AmbiStory,blind,single_hedge,AmbiStory-test-427,5,3,0.25,1.36,not uncertain
AmbiStory,blind,single_hedge,AmbiStory-test-428,5,4,0.0,0.6399999999999999,not uncertain
AmbiStory,blind,single_hedge,AmbiStory-test-429,5,2,1.1475000000000002,0.4,not uncertain
AmbiStory,blind,single_hedge,AmbiStory-test-430,5,4,0.0,1.6,not uncertain
AmbiStory,blind,single_hedge,AmbiStory-test-431,5,2,0.2274999999999999,0.16,not uncertain
AmbiStory,blind,single_hedge,AmbiStory-test-432,5,4,0.0475,1.44,somewhat uncertain
AmbiStory,blind,single_hedge,AmbiStory-test-433,1,1,0.0475,0.24,not uncertain
AmbiStory,blind,single_hedge,AmbiStory-test-434,5,5,0.0,0.24,not uncertain
AmbiStory,blind,single_hedge,AmbiStory-test-435,1,1,0.0,0.64,not uncertain
AmbiStory,blind,single_hedge,AmbiStory-test-436,5,4,0.0,1.36,not uncertain
AmbiStory,blind,single_hedge,AmbiStory-test-437,1,1,0.0,0.0,not uncertain
AmbiStory,blind,single_hedge,AmbiStory-test-438,5,5,0.0,0.1599999999999999,not uncertain
AmbiStory,blind,single_hedge,AmbiStory-test-439,1,2,2.11,2.24,not uncertain
AmbiStory,blind,single_hedge,AmbiStory-test-440,4,3,0.1875,1.36,not uncertain
AmbiStory,blind,single_hedge,AmbiStory-test-441,5,3,2.4475,1.84,not uncertain
AmbiStory,blind,single_hedge,AmbiStory-test-442,4,4,0.3,0.5599999999999999,highly uncertain
AmbiStory,blind,single_hedge,AmbiStory-test-443,1,3,1.5275,2.64,not uncertain
AmbiStory,blind,single_hedge,AmbiStory-test-444,5,4,0.0,1.36,not uncertain
AmbiStory,blind,single_hedge,AmbiStory-test-445,5,2,3.0475000000000003,1.36,not uncertain
AmbiStory,blind,single_hedge,AmbiStory-test-446,5,3,0.0,1.36,not uncertain
AmbiStory,blind,single_hedge,AmbiStory-test-447,5,4,3.06,1.36,not uncertain
AmbiStory,blind,single_hedge,AmbiStory-test-448,5,4,0.7875,0.24,not uncertain
AmbiStory,blind,single_hedge,AmbiStory-test-449,5,2,3.7275,0.8,not uncertain
AmbiStory,blind,single_hedge,AmbiStory-test-450,5,4,0.2475,0.5599999999999999,not uncertain
AmbiStory,blind,single_hedge,AmbiStory-test-451,1,2,0.0,0.9600000000000002,not uncertain
AmbiStory,blind,single_hedge,AmbiStory-test-452,5,2,0.25,0.24,not uncertain
AmbiStory,blind,single_hedge,AmbiStory-test-453,5,5,0.0,0.1599999999999999,not uncertain
AmbiStory,blind,single_hedge,AmbiStory-test-454,5,3,0.1599999999999999,2.24,not uncertain
AmbiStory,blind,single_hedge,AmbiStory-test-455,1,3,0.0,0.64,not uncertain
AmbiStory,blind,single_hedge,AmbiStory-test-456,4,4,0.3275,1.36,somewhat uncertain
AmbiStory,blind,single_hedge,AmbiStory-test-457,1,3,0.0,1.04,not uncertain
AmbiStory,blind,single_hedge,AmbiStory-test-458,5,3,2.9400000000000004,1.36,not uncertain
AmbiStory,blind,single_hedge,AmbiStory-test-459,5,4,0.76,0.4,not uncertain
AmbiStory,blind,single_hedge,AmbiStory-test-460,3,3,1.41,1.7600000000000002,not uncertain
AmbiStory,blind,single_hedge,AmbiStory-test-461,1,3,0.0475,1.5555555555555556,not uncertain
AmbiStory,blind,single_hedge,AmbiStory-test-462,5,2,0.2475,3.04,not uncertain
AmbiStory,blind,single_hedge,AmbiStory-test-463,5,5,0.0,0.0,not uncertain
AmbiStory,blind,single_hedge,AmbiStory-test-464,4,2,0.21,0.8,not uncertain
AmbiStory,blind,single_hedge,AmbiStory-test-465,5,5,0.0,0.6399999999999999,not uncertain
AmbiStory,blind,single_hedge,AmbiStory-test-466,4,3,0.25,0.8,not uncertain
AmbiStory,blind,single_hedge,AmbiStory-test-467,5,3,0.0475,1.84,not uncertain
AmbiStory,blind,single_hedge,AmbiStory-test-468,5,5,0.0,0.1599999999999999,not uncertain
AmbiStory,blind,single_hedge,AmbiStory-test-469,5,5,0.0,0.1599999999999999,not uncertain
AmbiStory,blind,single_hedge,AmbiStory-test-470,5,5,0.0,0.6399999999999999,not uncertain
AmbiStory,blind,single_hedge,AmbiStory-test-471,5,4,0.0,1.36,not uncertain
AmbiStory,blind,single_hedge,AmbiStory-test-472,5,4,0.0,1.0400000000000005,not uncertain
AmbiStory,blind,single_hedge,AmbiStory-test-473,5,4,0.0,1.44,not uncertain
AmbiStory,blind,single_hedge,AmbiStory-test-474,5,5,0.0,0.0,not uncertain
AmbiStory,blind,single_hedge,AmbiStory-test-475,4,3,0.9275,2.64,somewhat uncertain
AmbiStory,blind,single_hedge,AmbiStory-test-476,5,4,0.0,0.64,not uncertain
AmbiStory,blind,single_hedge,AmbiStory-test-477,4,3,0.24,2.16,not uncertain
AmbiStory,blind,single_hedge,AmbiStory-test-478,5,4,0.0,0.5599999999999999,not uncertain
AmbiStory,blind,single_hedge,AmbiStory-test-479,4,3,0.3275,2.0,not uncertain
AmbiStory,blind,single_hedge,AmbiStory-test-480,5,5,0.1275,0.0,not uncertain
AmbiStory,blind,single_hedge,AmbiStory-test-481,1,2,0.0,0.64,not uncertain
AmbiStory,blind,single_hedge,AmbiStory-test-482,3,2,0.7474999999999999,2.1600000000000006,not uncertain
AmbiStory,blind,single_hedge,AmbiStory-test-483,5,4,0.0,0.5599999999999999,not uncertain
AmbiStory,blind,single_hedge,AmbiStory-test-484,4,4,0.21,1.36,not uncertain
AmbiStory,blind,single_hedge,AmbiStory-test-485,2,3,0.4474999999999999,1.84,not uncertain
AmbiStory,blind,single_hedge,AmbiStory-test-486,1,2,0.09,0.64,not uncertain
AmbiStory,blind,single_hedge,AmbiStory-test-487,5,4,0.0,0.8,not uncertain
AmbiStory,blind,single_hedge,AmbiStory-test-488,1,1,0.0475,0.0,not uncertain
AmbiStory,blind,single_hedge,AmbiStory-test-489,5,5,0.0,0.0,not uncertain
AmbiStory,blind,single_hedge,AmbiStory-test-490,1,1,0.0,0.24,not uncertain
AmbiStory,blind,single_hedge,AmbiStory-test-491,5,5,0.0,0.1599999999999999,not uncertain
AmbiStory,blind,single_hedge,AmbiStory-test-492,5,5,0.0,0.0,not uncertain
AmbiStory,blind,single_hedge,AmbiStory-test-493,1,3,0.45,2.64,somewhat uncertain
AmbiStory,blind,single_hedge,AmbiStory-test-494,5,4,0.0,2.56,not uncertain
AmbiStory,blind,single_hedge,AmbiStory-test-495,1,3,1.26,1.7600000000000002,not uncertain
AmbiStory,blind,single_hedge,AmbiStory-test-496,5,4,0.0,1.36,not uncertain
AmbiStory,blind,single_hedge,AmbiStory-test-497,1,2,0.21,0.56,not uncertain
AmbiStory,blind,single_hedge,AmbiStory-test-498,1,4,0.4275,0.5599999999999999,not uncertain
AmbiStory,blind,single_hedge,AmbiStory-test-499,5,2,0.0,1.2,not uncertain
AmbiStory,blind,single_hedge,AmbiStory-test-500,1,1,0.09,0.24,not uncertain
AmbiStory,blind,single_hedge,AmbiStory-test-501,5,4,0.0,0.96,not uncertain
AmbiStory,blind,single_hedge,AmbiStory-test-502,1,3,0.0,1.0400000000000005,not uncertain
AmbiStory,blind,single_hedge,AmbiStory-test-503,5,3,0.0,1.8400000000000003,somewhat uncertain
AmbiStory,blind,single_hedge,AmbiStory-test-504,5,5,0.0,0.6399999999999999,not uncertain
AmbiStory,blind,single_hedge,AmbiStory-test-505,1,1,0.0,0.0,not uncertain
AmbiStory,blind,single_hedge,AmbiStory-test-506,3,3,0.35,1.0400000000000005,not uncertain
AmbiStory,blind,single_hedge,AmbiStory-test-507,5,3,0.0,1.6,not uncertain
AmbiStory,blind,single_hedge,AmbiStory-test-508,5,3,0.0,1.36,not uncertain
AmbiStory,blind,single_hedge,AmbiStory-test-509,5,2,1.4475,2.2222222222222223,somewhat uncertain
AmbiStory,blind,single_hedge,AmbiStory-test-510,5,3,0.8474999999999999,1.36,not uncertain
AmbiStory,blind,single_hedge,AmbiStory-test-511,5,2,0.2274999999999999,0.96,not uncertain
AmbiStory,blind,single_hedge,AmbiStory-test-512,1,2,0.8475000000000001,1.8400000000000003,not uncertain
AmbiStory,blind,single_hedge,AmbiStory-test-513,5,4,0.0,0.6399999999999999,not uncertain
AmbiStory,blind,single_hedge,AmbiStory-test-514,4,3,2.3400000000000003,0.64,somewhat uncertain
AmbiStory,blind,single_hedge,AmbiStory-test-515,5,4,0.0,0.5599999999999999,not uncertain
AmbiStory,blind,single_hedge,AmbiStory-test-516,5,4,0.0475,1.44,not uncertain
AmbiStory,blind,single_hedge,AmbiStory-test-517,1,2,0.41,1.36,not uncertain
AmbiStory,blind,single_hedge,AmbiStory-test-518,1,2,0.0,2.4,not uncertain
AmbiStory,blind,single_hedge,AmbiStory-test-519,5,5,0.0,0.0,not uncertain
AmbiStory,blind,single_hedge,AmbiStory-test-520,1,2,0.0,0.56,not uncertain
AmbiStory,blind,single_hedge,AmbiStory-test-521,1,3,0.75,1.84,not uncertain
AmbiStory,blind,single_hedge,AmbiStory-test-522,2,2,0.9275,1.36,not uncertain
AmbiStory,blind,single_hedge,AmbiStory-test-523,5,5,0.0,0.24,not uncertain
AmbiStory,blind,single_hedge,AmbiStory-test-524,1,2,0.0,1.4400000000000002,not uncertain
AmbiStory,blind,single_hedge,AmbiStory-test-525,5,5,0.0,0.1599999999999999,not uncertain
AmbiStory,blind,single_hedge,AmbiStory-test-526,2,1,0.2274999999999999,0.16,not uncertain
AmbiStory,blind,single_hedge,AmbiStory-test-527,5,4,0.0,0.64,not uncertain
AmbiStory,blind,single_hedge,AmbiStory-test-528,4,3,0.21,0.8,not uncertain
AmbiStory,blind,single_hedge,AmbiStory-test-529,5,4,0.8275,0.1599999999999999,not uncertain
AmbiStory,blind,single_hedge,AmbiStory-test-530,1,1,0.21,0.24,not uncertain
AmbiStory,blind,single_hedge,AmbiStory-test-531,5,5,0.0,0.24,not uncertain
AmbiStory,blind,single_hedge,AmbiStory-test-532,4,3,0.55,0.24,not uncertain
AmbiStory,blind,single_hedge,AmbiStory-test-533,5,3,0.0,0.0,not uncertain
AmbiStory,blind,single_hedge,AmbiStory-test-534,5,5,0.0475,0.1599999999999999,not uncertain
AmbiStory,blind,single_hedge,AmbiStory-test-535,5,5,0.0475,0.1599999999999999,not uncertain
AmbiStory,blind,single_hedge,AmbiStory-test-536,4,5,0.24,0.24,not uncertain
AmbiStory,blind,single_hedge,AmbiStory-test-537,5,5,0.0,0.0,not uncertain
AmbiStory,blind,single_hedge,AmbiStory-test-538,5,5,0.0475,0.0,not uncertain
AmbiStory,blind,single_hedge,AmbiStory-test-539,5,5,0.0,0.0,not uncertain
AmbiStory,blind,single_hedge,AmbiStory-test-540,1,3,1.4875,1.7600000000000002,not uncertain
AmbiStory,blind,single_hedge,AmbiStory-test-541,5,4,0.0,2.16,somewhat uncertain
AmbiStory,blind,single_hedge,AmbiStory-test-542,1,3,0.0,1.84,not uncertain
AmbiStory,blind,single_hedge,AmbiStory-test-543,5,5,0.0,0.0,not uncertain
AmbiStory,blind,single_hedge,AmbiStory-test-544,1,4,0.4599999999999999,1.44,not uncertain
AmbiStory,blind,single_hedge,AmbiStory-test-545,5,5,0.0,0.0,not uncertain
AmbiStory,blind,single_hedge,AmbiStory-test-546,4,3,0.2475,1.36,not uncertain
AmbiStory,blind,single_hedge,AmbiStory-test-547,4,3,1.9275,0.96,somewhat uncertain
AmbiStory,blind,single_hedge,AmbiStory-test-548,1,2,0.0,0.64,not uncertain
AmbiStory,blind,single_hedge,AmbiStory-test-549,5,4,0.0,0.8,not uncertain
AmbiStory,blind,single_hedge,AmbiStory-test-550,1,2,0.09,0.56,not uncertain
AmbiStory,blind,single_hedge,AmbiStory-test-551,5,4,0.0,0.5599999999999999,not uncertain
AmbiStory,blind,single_hedge,AmbiStory-test-552,1,1,0.0,0.0,not uncertain
AmbiStory,blind,single_hedge,AmbiStory-test-553,5,3,0.0,1.04,not uncertain
AmbiStory,blind,single_hedge,AmbiStory-test-554,1,2,0.0,1.8400000000000003,not uncertain
AmbiStory,blind,single_hedge,AmbiStory-test-555,5,3,0.0,0.96,somewhat uncertain
AmbiStory,blind,single_hedge,AmbiStory-test-556,1,1,0.0,0.24,not uncertain
AmbiStory,blind,single_hedge,AmbiStory-test-557,5,4,0.0,2.24,not uncertain
AmbiStory,blind,single_hedge,AmbiStory-test-558,5,5,0.0,0.0,not uncertain
AmbiStory,blind,single_hedge,AmbiStory-test-559,2,2,1.0275,2.4,not uncertain
AmbiStory,blind,single_hedge,AmbiStory-test-560,1,1,0.0,0.16,not uncertain
AmbiStory,blind,single_hedge,AmbiStory-test-561,5,4,0.0,0.64,not uncertain
AmbiStory,blind,single_hedge,AmbiStory-test-562,1,2,0.1275,0.5599999999999999,not uncertain
AmbiStory,blind,single_hedge,AmbiStory-test-563,5,4,0.0,0.24,not uncertain
AmbiStory,blind,single_hedge,AmbiStory-test-564,5,4,0.0,1.0400000000000005,not uncertain
AmbiStory,blind,single_hedge,AmbiStory-test-565,5,4,0.7275,0.5599999999999999,not uncertain
AmbiStory,blind,single_hedge,AmbiStory-test-566,5,3,0.0475,0.5599999999999999,not uncertain
AmbiStory,blind,single_hedge,AmbiStory-test-567,5,4,0.0,2.16,not uncertain
AmbiStory,blind,single_hedge,AmbiStory-test-568,4,3,0.25,1.04,not uncertain
AmbiStory,blind,single_hedge,AmbiStory-test-569,5,4,0.0,0.96,not uncertain
AmbiStory,blind,single_hedge,AmbiStory-test-570,5,5,0.09,0.24,not uncertain
AmbiStory,blind,single_hedge,AmbiStory-test-571,1,1,0.6275000000000001,0.16,not uncertain
AmbiStory,blind,single_hedge,AmbiStory-test-572,4,3,0.3875,0.64,somewhat uncertain
AmbiStory,blind,single_hedge,AmbiStory-test-573,5,4,0.3475,3.04,not uncertain
AmbiStory,blind,single_hedge,AmbiStory-test-574,5,4,0.0475,2.16,not uncertain
AmbiStory,blind,single_hedge,AmbiStory-test-575,4,2,1.2475,0.5555555555555555,not uncertain
AmbiStory,blind,single_hedge,AmbiStory-test-576,5,5,0.7875,0.1599999999999999,somewhat uncertain
AmbiStory,blind,single_hedge,AmbiStory-test-577,5,4,0.76,1.2,somewhat uncertain
AmbiStory,blind,single_hedge,AmbiStory-test-578,1,1,0.0,0.24,not uncertain
AmbiStory,blind,single_hedge,AmbiStory-test-579,5,5,0.0,0.0,not uncertain
AmbiStory,blind,single_hedge,AmbiStory-test-580,5,1,2.8275,0.24,not uncertain
AmbiStory,blind,single_hedge,AmbiStory-test-581,5,5,0.0,0.1599999999999999,not uncertain
AmbiStory,blind,single_hedge,AmbiStory-test-582,5,3,0.0,0.4,not uncertain
AmbiStory,blind,single_hedge,AmbiStory-test-583,1,2,0.25,1.4400000000000002,not uncertain
AmbiStory,blind,single_hedge,AmbiStory-test-584,4,2,0.25,0.8,not uncertain
AmbiStory,blind,single_hedge,AmbiStory-test-585,5,3,0.1875,0.96,not uncertain
AmbiStory,blind,single_hedge,AmbiStory-test-586,5,3,0.0,1.2,not uncertain
AmbiStory,blind,single_hedge,AmbiStory-test-587,2,2,0.25,0.64,not uncertain
AmbiStory,blind,single_hedge,AmbiStory-test-588,1,2,2.31,0.5599999999999999,somewhat uncertain
AmbiStory,blind,single_hedge,AmbiStory-test-589,5,4,0.09,1.36,not uncertain
AmbiStory,blind,single_hedge,AmbiStory-test-590,1,4,0.16,1.84,not uncertain
AmbiStory,blind,single_hedge,AmbiStory-test-591,5,5,0.0,0.24,not uncertain
AmbiStory,blind,single_hedge,AmbiStory-test-592,4,3,2.46,2.56,not uncertain
AmbiStory,blind,single_hedge,AmbiStory-test-593,5,5,0.0,0.1599999999999999,not uncertain
AmbiStory,blind,single_hedge,AmbiStory-test-594,1,2,0.1275,0.64,not uncertain
AmbiStory,blind,single_hedge,AmbiStory-test-595,4,4,0.24,2.4,not uncertain
AmbiStory,blind,single_hedge,AmbiStory-test-596,1,1,0.2274999999999999,0.24,not uncertain
AmbiStory,blind,single_hedge,AmbiStory-test-597,5,3,0.0,2.0,not uncertain
AmbiStory,blind,single_hedge,AmbiStory-test-598,1,2,0.0,0.24,not uncertain
AmbiStory,blind,single_hedge,AmbiStory-test-599,4,5,0.2274999999999999,0.6399999999999999,not uncertain
AmbiStory,blind,single_hedge,AmbiStory-test-600,5,5,0.0,0.1599999999999999,not uncertain
AmbiStory,blind,single_hedge,AmbiStory-test-601,1,2,0.0,0.56,not uncertain
AmbiStory,blind,single_hedge,AmbiStory-test-602,5,5,0.8099999999999999,0.0,not uncertain
AmbiStory,blind,single_hedge,AmbiStory-test-603,1,3,1.1475000000000002,2.2222222222222223,not uncertain
AmbiStory,blind,single_hedge,AmbiStory-test-604,5,4,0.0,0.24,not uncertain
AmbiStory,blind,single_hedge,AmbiStory-test-605,1,2,0.0,0.24,not uncertain
AmbiStory,blind,single_hedge,AmbiStory-test-606,1,3,3.0475000000000003,2.56,not uncertain
AmbiStory,blind,single_hedge,AmbiStory-test-607,5,3,0.0,1.8400000000000003,highly uncertain
AmbiStory,blind,single_hedge,AmbiStory-test-608,1,1,0.0,0.0,not uncertain
AmbiStory,blind,single_hedge,AmbiStory-test-609,5,5,0.0,0.1599999999999999,not uncertain
AmbiStory,blind,single_hedge,AmbiStory-test-610,1,1,0.0,0.24,not uncertain
AmbiStory,blind,single_hedge,AmbiStory-test-611,5,4,0.0,1.36,not uncertain
AmbiStory,blind,single_hedge,AmbiStory-test-612,5,5,0.0475,0.0,somewhat uncertain
AmbiStory,blind,single_hedge,AmbiStory-test-613,4,2,0.5900000000000001,2.16,somewhat uncertain
AmbiStory,blind,single_hedge,AmbiStory-test-614,1,1,0.0,0.0,not uncertain
AmbiStory,blind,single_hedge,AmbiStory-test-615,5,5,0.0,0.24,not uncertain
AmbiStory,blind,single_hedge,AmbiStory-test-616,1,2,0.0,0.64,not uncertain
AmbiStory,blind,single_hedge,AmbiStory-test-617,5,5,0.0,0.24,not uncertain
AmbiStory,blind,single_hedge,AmbiStory-test-618,5,4,0.09,2.24,somewhat uncertain
AmbiStory,blind,single_hedge,AmbiStory-test-619,5,3,0.0,3.3599999999999994,highly uncertain
AmbiStory,blind,single_hedge,AmbiStory-test-620,1,2,0.0,0.24,not uncertain
AmbiStory,blind,single_hedge,AmbiStory-test-621,5,5,0.0,0.24,not uncertain
AmbiStory,blind,single_hedge,AmbiStory-test-622,1,2,0.0,1.04,not uncertain
AmbiStory,blind,single_hedge,AmbiStory-test-623,5,5,0.0,0.0,not uncertain
AmbiStory,blind,single_hedge,AmbiStory-test-624,1,1,0.2274999999999999,0.64,not uncertain
AmbiStory,blind,single_hedge,AmbiStory-test-625,5,3,0.0,2.56,not uncertain
AmbiStory,blind,single_hedge,AmbiStory-test-626,1,2,0.0,2.24,not uncertain
AmbiStory,blind,single_hedge,AmbiStory-test-627,5,4,0.0,0.24,not uncertain
AmbiStory,blind,single_hedge,AmbiStory-test-628,1,3,0.09,0.64,not uncertain
AmbiStory,blind,single_hedge,AmbiStory-test-629,5,5,0.0,0.24,not uncertain
AmbiStory,blind,single_hedge,AmbiStory-test-630,5,5,0.0,0.0,not uncertain
AmbiStory,blind,single_hedge,AmbiStory-test-631,1,1,0.0,0.24,not uncertain
AmbiStory,blind,single_hedge,AmbiStory-test-632,5,5,0.0,0.0,not uncertain
AmbiStory,blind,single_hedge,AmbiStory-test-633,1,1,0.0,0.0,not uncertain
AmbiStory,blind,single_hedge,AmbiStory-test-634,5,5,0.4275,0.0,not uncertain
AmbiStory,blind,single_hedge,AmbiStory-test-635,1,2,0.0,0.24,not uncertain
AmbiStory,blind,single_hedge,AmbiStory-test-636,5,4,0.0,0.5599999999999999,not uncertain
AmbiStory,blind,single_hedge,AmbiStory-test-637,1,2,1.44,1.2,not uncertain
AmbiStory,blind,single_hedge,AmbiStory-test-638,5,3,0.0,1.84,not uncertain
AmbiStory,blind,single_hedge,AmbiStory-test-639,5,3,0.0,2.64,somewhat uncertain
AmbiStory,blind,single_hedge,AmbiStory-test-640,5,3,0.0,1.4400000000000002,not uncertain
AmbiStory,blind,single_hedge,AmbiStory-test-641,5,2,0.7875,2.1600000000000006,not uncertain
AmbiStory,blind,single_hedge,AmbiStory-test-642,5,5,0.0,0.0,not uncertain
AmbiStory,blind,single_hedge,AmbiStory-test-643,1,2,0.0,0.64,not uncertain
AmbiStory,blind,single_hedge,AmbiStory-test-644,5,5,0.0,0.24,not uncertain
AmbiStory,blind,single_hedge,AmbiStory-test-645,1,1,0.0,0.6400000000000002,not uncertain
AmbiStory,blind,single_hedge,AmbiStory-test-646,5,5,0.0,0.0,not uncertain
AmbiStory,blind,single_hedge,AmbiStory-test-647,1,1,0.0,0.16,not uncertain
AmbiStory,blind,single_hedge,AmbiStory-test-648,1,2,0.16,0.96,not uncertain
AmbiStory,blind,single_hedge,AmbiStory-test-649,5,4,0.0,1.6,not uncertain
AmbiStory,blind,single_hedge,AmbiStory-test-650,1,1,0.16,0.16,not uncertain
AmbiStory,blind,single_hedge,AmbiStory-test-651,5,5,0.0,0.0,not uncertain
AmbiStory,blind,single_hedge,AmbiStory-test-652,1,3,0.0,1.6,not uncertain
AmbiStory,blind,single_hedge,AmbiStory-test-653,5,5,0.0,0.24,not uncertain
AmbiStory,blind,single_hedge,AmbiStory-test-654,5,5,0.0,0.24,not uncertain
AmbiStory,blind,single_hedge,AmbiStory-test-655,1,2,0.0,0.64,not uncertain
AmbiStory,blind,single_hedge,AmbiStory-test-656,5,3,0.0,1.6,not uncertain
AmbiStory,blind,single_hedge,AmbiStory-test-657,4,3,1.3475,2.64,not uncertain
AmbiStory,blind,single_hedge,AmbiStory-test-658,5,4,0.0,1.36,not uncertain
AmbiStory,blind,single_hedge,AmbiStory-test-659,1,4,0.0,0.5599999999999999,not uncertain
AmbiStory,blind,single_hedge,AmbiStory-test-660,5,5,0.0475,0.0,not uncertain
AmbiStory,blind,single_hedge,AmbiStory-test-661,1,2,0.31,0.56,not uncertain
AmbiStory,blind,single_hedge,AmbiStory-test-662,5,4,0.1275,1.2,somewhat uncertain
AmbiStory,blind,single_hedge,AmbiStory-test-663,1,4,0.54,1.6,not uncertain
AmbiStory,blind,single_hedge,AmbiStory-test-664,5,4,0.7875,0.8,not uncertain
AmbiStory,blind,single_hedge,AmbiStory-test-665,1,3,0.2274999999999999,0.4,not uncertain
AmbiStory,blind,single_hedge,AmbiStory-test-666,5,5,0.0,0.6399999999999999,not uncertain
AmbiStory,blind,single_hedge,AmbiStory-test-667,1,2,0.0475,2.16,not uncertain
AmbiStory,blind,single_hedge,AmbiStory-test-668,5,4,0.0,0.64,not uncertain
AmbiStory,blind,single_hedge,AmbiStory-test-669,5,2,0.0,1.8400000000000003,not uncertain
AmbiStory,blind,single_hedge,AmbiStory-test-670,5,5,0.0,0.1599999999999999,not uncertain
AmbiStory,blind,single_hedge,AmbiStory-test-671,1,1,0.2475,0.0,not uncertain
AmbiStory,blind,single_hedge,AmbiStory-test-672,5,5,0.0,0.6399999999999999,not uncertain
AmbiStory,blind,single_hedge,AmbiStory-test-673,5,4,0.0,2.4,not uncertain
AmbiStory,blind,single_hedge,AmbiStory-test-674,5,5,0.0475,0.1599999999999999,not uncertain
AmbiStory,blind,single_hedge,AmbiStory-test-675,5,5,0.0,0.1599999999999999,not uncertain
AmbiStory,blind,single_hedge,AmbiStory-test-676,5,5,0.0,0.1599999999999999,not uncertain
AmbiStory,blind,single_hedge,AmbiStory-test-677,5,5,0.0,0.0,not uncertain
AmbiStory,blind,single_hedge,AmbiStory-test-678,5,3,0.0,1.4400000000000002,not uncertain
AmbiStory,blind,single_hedge,AmbiStory-test-679,5,3,0.1275,1.36,not uncertain
AmbiStory,blind,single_hedge,AmbiStory-test-680,5,1,0.8400000000000001,0.2222222222222222,not uncertain
AmbiStory,blind,single_hedge,AmbiStory-test-681,5,3,0.0,3.8400000000000007,not uncertain
AmbiStory,blind,single_hedge,AmbiStory-test-682,5,3,0.0,0.96,not uncertain
AmbiStory,blind,single_hedge,AmbiStory-test-683,5,3,0.0,0.1599999999999999,not uncertain
AmbiStory,blind,single_hedge,AmbiStory-test-684,1,2,1.25,1.2,not uncertain
AmbiStory,blind,single_hedge,AmbiStory-test-685,5,4,0.0,0.96,not uncertain
AmbiStory,blind,single_hedge,AmbiStory-test-686,1,4,2.5475000000000003,0.24,not uncertain
AmbiStory,blind,single_hedge,AmbiStory-test-687,5,3,0.0,1.84,not uncertain
AmbiStory,blind,single_hedge,AmbiStory-test-688,1,2,1.4275,1.0400000000000005,not uncertain
AmbiStory,blind,single_hedge,AmbiStory-test-689,5,3,0.0,1.0400000000000005,not uncertain
AmbiStory,blind,single_hedge,AmbiStory-test-690,5,3,0.0475,0.8,not uncertain
AmbiStory,blind,single_hedge,AmbiStory-test-691,5,4,0.1275,0.96,not uncertain
AmbiStory,blind,single_hedge,AmbiStory-test-692,1,2,0.6475000000000001,0.64,not uncertain
AmbiStory,blind,single_hedge,AmbiStory-test-693,5,5,0.0,0.0,not uncertain
AmbiStory,blind,single_hedge,AmbiStory-test-694,1,3,2.39,1.36,not uncertain
AmbiStory,blind,single_hedge,AmbiStory-test-695,5,3,0.76,2.24,not uncertain
AmbiStory,blind,single_hedge,AmbiStory-test-696,4,1,1.6275,0.24,not uncertain
AmbiStory,blind,single_hedge,AmbiStory-test-697,5,2,0.0,0.4,not uncertain
AmbiStory,blind,single_hedge,AmbiStory-test-698,4,3,2.3275,1.7600000000000002,not uncertain
AmbiStory,blind,single_hedge,AmbiStory-test-699,5,4,0.0,1.6,not uncertain
AmbiStory,blind,single_hedge,AmbiStory-test-700,1,3,0.6275000000000001,2.56,not uncertain
AmbiStory,blind,single_hedge,AmbiStory-test-701,5,2,0.0,0.56,not uncertain
AmbiStory,blind,single_hedge,AmbiStory-test-702,2,2,1.6275,0.64,not uncertain
AmbiStory,blind,single_hedge,AmbiStory-test-703,5,2,2.2275,1.8400000000000003,not uncertain
AmbiStory,blind,single_hedge,AmbiStory-test-704,5,4,0.21,1.36,not uncertain
AmbiStory,blind,single_hedge,AmbiStory-test-705,5,4,0.09,0.8,not uncertain
AmbiStory,blind,single_hedge,AmbiStory-test-706,3,3,1.0275,1.04,not uncertain
AmbiStory,blind,single_hedge,AmbiStory-test-707,5,3,0.0475,1.84,somewhat uncertain
AmbiStory,blind,single_hedge,AmbiStory-test-708,5,4,0.0,1.36,not uncertain
AmbiStory,blind,single_hedge,AmbiStory-test-709,1,2,0.0,2.1600000000000006,not uncertain
AmbiStory,blind,single_hedge,AmbiStory-test-710,5,2,1.99,0.24,highly uncertain
AmbiStory,blind,single_hedge,AmbiStory-test-711,1,4,0.0475,1.36,not uncertain
AmbiStory,blind,single_hedge,AmbiStory-test-712,5,3,0.0,1.2,not uncertain
AmbiStory,blind,single_hedge,AmbiStory-test-713,1,3,0.0,1.04,not uncertain
AmbiStory,blind,single_hedge,AmbiStory-test-714,5,4,0.09,0.5599999999999999,not uncertain
AmbiStory,blind,single_hedge,AmbiStory-test-715,5,3,0.0,1.84,not uncertain
AmbiStory,blind,single_hedge,AmbiStory-test-716,1,3,1.61,2.56,somewhat uncertain
AmbiStory,blind,single_hedge,AmbiStory-test-717,5,3,0.7875,2.56,not uncertain
AmbiStory,blind,single_hedge,AmbiStory-test-718,1,3,0.94,1.6,somewhat uncertain
AmbiStory,blind,single_hedge,AmbiStory-test-719,5,2,0.0475,0.96,not uncertain
AmbiStory,blind,single_hedge,AmbiStory-test-720,5,4,0.2475,1.04,somewhat uncertain
AmbiStory,blind,single_hedge,AmbiStory-test-721,5,3,0.0,1.2,not uncertain
AmbiStory,blind,single_hedge,AmbiStory-test-722,4,5,0.2274999999999999,0.24,not uncertain
AmbiStory,blind,single_hedge,AmbiStory-test-723,5,3,0.0,1.84,not uncertain
AmbiStory,blind,single_hedge,AmbiStory-test-724,5,4,0.2475,2.16,not uncertain
AmbiStory,blind,single_hedge,AmbiStory-test-725,5,3,0.0,1.7600000000000002,not uncertain
AmbiStory,blind,single_hedge,AmbiStory-test-726,5,5,0.0475,0.0,not uncertain
AmbiStory,blind,single_hedge,AmbiStory-test-727,2,2,0.0475,2.16,not uncertain
AmbiStory,blind,single_hedge,AmbiStory-test-728,1,2,0.1275,1.8400000000000003,not uncertain
AmbiStory,blind,single_hedge,AmbiStory-test-729,5,4,0.0,1.0400000000000005,not uncertain
AmbiStory,blind,single_hedge,AmbiStory-test-730,4,4,0.24,0.5599999999999999,not uncertain
AmbiStory,blind,single_hedge,AmbiStory-test-731,4,2,0.86,0.9600000000000002,not uncertain
AmbiStory,blind,single_hedge,AmbiStory-test-732,5,4,0.0,1.36,not uncertain
AmbiStory,blind,single_hedge,AmbiStory-test-733,2,2,0.3475,0.96,not uncertain
AmbiStory,blind,single_hedge,AmbiStory-test-734,5,3,1.21,2.64,not uncertain
AmbiStory,blind,single_hedge,AmbiStory-test-735,5,4,0.1275,1.84,not uncertain
AmbiStory,blind,single_hedge,AmbiStory-test-736,5,3,0.09,2.0,not uncertain
AmbiStory,blind,single_hedge,AmbiStory-test-737,1,4,0.7474999999999999,0.1599999999999999,not uncertain
AmbiStory,blind,single_hedge,AmbiStory-test-738,5,5,0.0,0.0,not uncertain
AmbiStory,blind,single_hedge,AmbiStory-test-739,1,1,0.09,0.16,not uncertain
AmbiStory,blind,single_hedge,AmbiStory-test-740,1,2,3.49,0.64,not uncertain
AmbiStory,blind,single_hedge,AmbiStory-test-741,5,5,0.0,0.0,not uncertain
AmbiStory,blind,single_hedge,AmbiStory-test-742,5,4,0.0,0.8,not uncertain
AmbiStory,blind,single_hedge,AmbiStory-test-743,4,2,2.8275,0.4,not uncertain
AmbiStory,blind,single_hedge,AmbiStory-test-744,5,5,0.0,0.0,not uncertain
AmbiStory,blind,single_hedge,AmbiStory-test-745,1,1,0.0,0.16,not uncertain
AmbiStory,blind,single_hedge,AmbiStory-test-746,5,5,0.0,0.0,not uncertain
AmbiStory,blind,single_hedge,AmbiStory-test-747,1,1,0.0,0.0,not uncertain
AmbiStory,blind,single_hedge,AmbiStory-test-748,5,5,0.0,0.24,highly uncertain
AmbiStory,blind,single_hedge,AmbiStory-test-749,1,1,0.0,0.16,not uncertain
AmbiStory,blind,single_hedge,AmbiStory-test-750,1,2,0.0,0.96,not uncertain
AmbiStory,blind,single_hedge,AmbiStory-test-751,5,4,0.0,0.96,not uncertain
AmbiStory,blind,single_hedge,AmbiStory-test-752,1,1,0.0,0.0,not uncertain
AmbiStory,blind,single_hedge,AmbiStory-test-753,5,5,0.0,0.0,not uncertain
AmbiStory,blind,single_hedge,AmbiStory-test-754,1,2,0.0,1.2,not uncertain
AmbiStory,blind,single_hedge,AmbiStory-test-755,5,4,0.0,0.6399999999999999,not uncertain
AmbiStory,blind,single_hedge,AmbiStory-test-756,5,5,0.0,0.24,not uncertain
AmbiStory,blind,single_hedge,AmbiStory-test-757,1,1,0.0,0.16,not uncertain
AmbiStory,blind,single_hedge,AmbiStory-test-758,1,1,0.4475,0.24,not uncertain
AmbiStory,blind,single_hedge,AmbiStory-test-759,5,5,0.0,0.24,not uncertain
AmbiStory,blind,single_hedge,AmbiStory-test-760,5,2,0.1275,0.4,not uncertain
AmbiStory,blind,single_hedge,AmbiStory-test-761,2,4,0.45,0.5599999999999999,not uncertain
AmbiStory,blind,single_hedge,AmbiStory-test-762,5,4,0.0,1.36,somewhat uncertain
AmbiStory,blind,single_hedge,AmbiStory-test-763,1,1,0.0,0.24,not uncertain
AmbiStory,blind,single_hedge,AmbiStory-test-764,5,4,0.0,1.36,not uncertain
AmbiStory,blind,single_hedge,AmbiStory-test-765,1,1,0.0,0.16,not uncertain
AmbiStory,blind,single_hedge,AmbiStory-test-766,5,4,0.0,0.8,somewhat uncertain
AmbiStory,blind,single_hedge,AmbiStory-test-767,1,1,0.0,0.24,not uncertain
AmbiStory,blind,single_hedge,AmbiStory-test-768,5,3,0.0475,2.0,not uncertain
AmbiStory,blind,single_hedge,AmbiStory-test-769,1,2,0.0,0.64,not uncertain
AmbiStory,blind,single_hedge,AmbiStory-test-770,1,3,0.3875,0.64,not uncertain
AmbiStory,blind,single_hedge,AmbiStory-test-771,5,5,0.0,0.6399999999999999,not uncertain
AmbiStory,blind,single_hedge,AmbiStory-test-772,5,3,0.09,0.5599999999999999,not uncertain
AmbiStory,blind,single_hedge,AmbiStory-test-773,1,4,0.91,0.64,not uncertain
AmbiStory,blind,single_hedge,AmbiStory-test-774,4,3,1.1275,1.36,not uncertain
AmbiStory,blind,single_hedge,AmbiStory-test-775,5,2,0.0,1.4400000000000002,not uncertain
AmbiStory,blind,single_hedge,AmbiStory-test-776,5,2,1.36,1.2,somewhat uncertain
AmbiStory,blind,single_hedge,AmbiStory-test-777,1,2,0.0,1.36,not uncertain
AmbiStory,blind,single_hedge,AmbiStory-test-778,1,3,2.46,2.8,not uncertain
AmbiStory,blind,single_hedge,AmbiStory-test-779,1,2,0.0,0.64,not uncertain
AmbiStory,blind,single_hedge,AmbiStory-test-780,5,5,0.0475,0.1599999999999999,not uncertain
AmbiStory,blind,single_hedge,AmbiStory-test-781,1,1,0.09,0.16,somewhat uncertain
AmbiStory,blind,single_hedge,AmbiStory-test-782,1,3,0.0,0.64,not uncertain
AmbiStory,blind,single_hedge,AmbiStory-test-783,5,5,0.2274999999999999,0.0,not uncertain
AmbiStory,blind,single_hedge,AmbiStory-test-784,1,4,1.61,1.04,not uncertain
AmbiStory,blind,single_hedge,AmbiStory-test-785,4,3,0.9275,0.64,somewhat uncertain
AmbiStory,blind,single_hedge,AmbiStory-test-786,5,4,0.1275,1.36,not uncertain
AmbiStory,blind,single_hedge,AmbiStory-test-787,4,4,2.19,2.16,not uncertain
AmbiStory,blind,single_hedge,AmbiStory-test-788,1,2,0.6475,2.5600000000000005,not uncertain
AmbiStory,blind,single_hedge,AmbiStory-test-789,5,4,0.1275,0.5599999999999999,somewhat uncertain
AmbiStory,blind,single_hedge,AmbiStory-test-790,1,1,1.8,0.16,not uncertain
AmbiStory,blind,single_hedge,AmbiStory-test-791,5,5,0.1275,0.1599999999999999,not uncertain
AmbiStory,blind,single_hedge,AmbiStory-test-792,1,3,2.5275000000000003,2.56,not uncertain
AmbiStory,blind,single_hedge,AmbiStory-test-793,4,3,0.2274999999999999,2.472222222222222,not uncertain
AmbiStory,blind,single_hedge,AmbiStory-test-794,4,2,1.45,0.24,not uncertain
AmbiStory,blind,single_hedge,AmbiStory-test-795,5,4,0.0475,1.0400000000000005,not uncertain
AmbiStory,blind,single_hedge,AmbiStory-test-796,5,2,0.8099999999999999,2.24,not uncertain
AmbiStory,blind,single_hedge,AmbiStory-test-797,5,5,0.09,0.1599999999999999,not uncertain
AmbiStory,blind,single_hedge,AmbiStory-test-798,5,2,0.0,0.56,somewhat uncertain
AmbiStory,blind,single_hedge,AmbiStory-test-799,1,4,1.45,0.4,not uncertain
AmbiStory,blind,single_hedge,AmbiStory-test-800,5,2,0.0,0.56,not uncertain
AmbiStory,blind,single_hedge,AmbiStory-test-801,5,3,0.09,1.44,not uncertain
AmbiStory,blind,single_hedge,AmbiStory-test-802,5,2,0.0,0.96,not uncertain
AmbiStory,blind,single_hedge,AmbiStory-test-803,5,3,0.09,1.0400000000000005,not uncertain
AmbiStory,blind,single_hedge,AmbiStory-test-804,1,1,3.49,0.16,not uncertain
AmbiStory,blind,single_hedge,AmbiStory-test-805,5,4,0.0,0.5599999999999999,somewhat uncertain
AmbiStory,blind,single_hedge,AmbiStory-test-806,1,2,0.76,0.24,not uncertain
AmbiStory,blind,single_hedge,AmbiStory-test-807,5,4,0.0,1.36,not uncertain
AmbiStory,blind,single_hedge,AmbiStory-test-808,1,2,0.0475,0.24,not uncertain
AmbiStory,blind,single_hedge,AmbiStory-test-809,5,4,0.0,0.8,not uncertain
AmbiStory,blind,single_hedge,AmbiStory-test-810,5,5,0.0,0.1599999999999999,not uncertain
AmbiStory,blind,single_hedge,AmbiStory-test-811,5,2,0.0,2.5600000000000005,not uncertain
AmbiStory,blind,single_hedge,AmbiStory-test-812,1,2,0.0,0.56,somewhat uncertain
AmbiStory,blind,single_hedge,AmbiStory-test-813,5,4,2.6900000000000004,1.44,not uncertain
AmbiStory,blind,single_hedge,AmbiStory-test-814,1,1,0.0,0.24,not uncertain
AmbiStory,blind,single_hedge,AmbiStory-test-815,5,5,2.3275,0.1599999999999999,not uncertain
AmbiStory,blind,single_hedge,AmbiStory-test-816,5,5,0.0,0.6399999999999999,not uncertain
AmbiStory,blind,single_hedge,AmbiStory-test-817,5,3,0.0,1.7600000000000002,not uncertain
AmbiStory,blind,single_hedge,AmbiStory-test-818,1,3,0.0,2.16,not uncertain
AmbiStory,blind,single_hedge,AmbiStory-test-819,5,4,0.0,1.84,not uncertain
AmbiStory,blind,single_hedge,AmbiStory-test-820,1,3,1.7475,1.84,not uncertain
AmbiStory,blind,single_hedge,AmbiStory-test-821,5,4,0.0,0.96,somewhat uncertain
AmbiStory,blind,single_hedge,AmbiStory-test-822,1,2,0.0,0.64,not uncertain
AmbiStory,blind,single_hedge,AmbiStory-test-823,5,5,0.0,0.6399999999999999,not uncertain
AmbiStory,blind,single_hedge,AmbiStory-test-824,1,2,0.0475,0.64,not uncertain
AmbiStory,blind,single_hedge,AmbiStory-test-825,5,5,0.0,0.1599999999999999,not uncertain
AmbiStory,blind,single_hedge,AmbiStory-test-826,1,2,0.21,0.24,not uncertain
AmbiStory,blind,single_hedge,AmbiStory-test-827,5,4,0.0,2.16,not uncertain
AmbiStory,blind,single_hedge,AmbiStory-test-828,5,4,0.0,1.6,not uncertain
AmbiStory,blind,single_hedge,AmbiStory-test-829,5,4,0.0,2.560000000000001,not uncertain
AmbiStory,blind,single_hedge,AmbiStory-test-830,5,4,0.1875,0.96,not uncertain
AmbiStory,blind,single_hedge,AmbiStory-test-831,5,3,0.0,2.64,not uncertain
AmbiStory,blind,single_hedge,AmbiStory-test-832,4,3,2.4275,1.04,not uncertain
AmbiStory,blind,single_hedge,AmbiStory-test-833,5,4,0.0,0.4,not uncertain
AmbiStory,blind,single_hedge,AmbiStory-test-834,4,2,1.36,0.4,not uncertain
AmbiStory,blind,single_hedge,AmbiStory-test-835,4,4,0.21,1.36,not uncertain
AmbiStory,blind,single_hedge,AmbiStory-test-836,1,3,0.21,2.16,not uncertain
AmbiStory,blind,single_hedge,AmbiStory-test-837,5,5,0.0475,0.1599999999999999,not uncertain
AmbiStory,blind,single_hedge,AmbiStory-test-838,5,3,0.7875,2.64,not uncertain
AmbiStory,blind,single_hedge,AmbiStory-test-839,5,5,0.0,0.1599999999999999,not uncertain
AmbiStory,blind,single_hedge,AmbiStory-test-840,4,3,0.71,1.44,not uncertain
AmbiStory,blind,single_hedge,AmbiStory-test-841,5,4,0.1275,0.64,not uncertain
AmbiStory,blind,single_hedge,AmbiStory-test-842,1,2,0.0,0.16,not uncertain
AmbiStory,blind,single_hedge,AmbiStory-test-843,5,4,0.1275,0.64,somewhat uncertain
AmbiStory,blind,single_hedge,AmbiStory-test-844,1,2,0.0,0.56,not uncertain
AmbiStory,blind,single_hedge,AmbiStory-test-845,5,3,0.1599999999999999,1.6,not uncertain
AmbiStory,blind,single_hedge,AmbiStory-test-846,5,4,0.31,0.4,not uncertain
AmbiStory,blind,single_hedge,AmbiStory-test-847,1,2,0.8100000000000002,0.6400000000000002,not uncertain
AmbiStory,blind,single_hedge,AmbiStory-test-848,1,1,0.0,0.16,not uncertain
AmbiStory,blind,single_hedge,AmbiStory-test-849,5,5,0.0475,0.24,not uncertain
AmbiStory,blind,single_hedge,AmbiStory-test-850,1,2,0.91,1.2,not uncertain
AmbiStory,blind,single_hedge,AmbiStory-test-851,5,4,0.8400000000000001,0.4,not uncertain
AmbiStory,blind,single_hedge,AmbiStory-test-852,4,3,1.7900000000000005,1.0400000000000005,not uncertain
AmbiStory,blind,single_hedge,AmbiStory-test-853,1,2,2.05,0.4,not uncertain
AmbiStory,blind,single_hedge,AmbiStory-test-854,4,2,0.5475,1.84,not uncertain
AmbiStory,blind,single_hedge,AmbiStory-test-855,4,3,0.6475,2.56,not uncertain
AmbiStory,blind,single_hedge,AmbiStory-test-856,4,3,0.19,1.04,not uncertain
AmbiStory,blind,single_hedge,AmbiStory-test-857,5,2,0.1599999999999999,1.36,not uncertain
AmbiStory,blind,single_hedge,AmbiStory-test-858,5,4,2.5475,1.44,not uncertain
AmbiStory,blind,single_hedge,AmbiStory-test-859,4,1,0.1875,0.64,not uncertain
AmbiStory,blind,single_hedge,AmbiStory-test-860,1,3,1.2475,0.64,not uncertain
AmbiStory,blind,single_hedge,AmbiStory-test-861,4,1,1.16,0.24,somewhat uncertain
AmbiStory,blind,single_hedge,AmbiStory-test-862,1,3,2.1475,2.8,not uncertain
AmbiStory,blind,single_hedge,AmbiStory-test-863,5,2,1.7100000000000002,1.8400000000000003,not uncertain
AmbiStory,blind,single_hedge,AmbiStory-test-864,1,1,0.16,0.24,not uncertain
AmbiStory,blind,single_hedge,AmbiStory-test-865,4,5,0.21,0.0,not uncertain
AmbiStory,blind,single_hedge,AmbiStory-test-866,1,1,0.1275,0.16,not uncertain
AmbiStory,blind,single_hedge,AmbiStory-test-867,5,5,0.25,0.24,not uncertain
AmbiStory,blind,single_hedge,AmbiStory-test-868,1,1,0.0475,0.16,not uncertain
AmbiStory,blind,single_hedge,AmbiStory-test-869,5,5,0.1875,0.24,not uncertain
AmbiStory,blind,single_hedge,AmbiStory-test-870,5,5,0.0,0.6399999999999999,not uncertain
AmbiStory,blind,single_hedge,AmbiStory-test-871,1,1,0.0,0.16,not uncertain
AmbiStory,blind,single_hedge,AmbiStory-test-872,5,3,0.0,0.1599999999999999,not uncertain
AmbiStory,blind,single_hedge,AmbiStory-test-873,1,1,0.0,0.0,not uncertain
AmbiStory,blind,single_hedge,AmbiStory-test-874,5,5,0.0,0.1599999999999999,not uncertain
AmbiStory,blind,single_hedge,AmbiStory-test-875,1,1,0.0,0.0,not uncertain
AmbiStory,blind,single_hedge,AmbiStory-test-876,2,4,0.99,0.4,not uncertain
AmbiStory,blind,single_hedge,AmbiStory-test-877,1,2,0.16,1.8400000000000003,not uncertain
AmbiStory,blind,single_hedge,AmbiStory-test-878,4,3,2.0275000000000003,2.16,not uncertain
AmbiStory,blind,single_hedge,AmbiStory-test-879,2,2,0.3275,1.44,not uncertain
AmbiStory,blind,single_hedge,AmbiStory-test-880,1,4,0.4875,0.96,not uncertain
AmbiStory,blind,single_hedge,AmbiStory-test-881,1,2,0.0475,1.84,not uncertain
AmbiStory,blind,single_hedge,AmbiStory-test-882,4,4,2.45,1.44,not uncertain
AmbiStory,blind,single_hedge,AmbiStory-test-883,1,2,0.0,3.04,not uncertain
AmbiStory,blind,single_hedge,AmbiStory-test-884,5,5,0.1275,0.1599999999999999,somewhat uncertain
AmbiStory,blind,single_hedge,AmbiStory-test-885,1,1,0.0,0.16,not uncertain
AmbiStory,blind,single_hedge,AmbiStory-test-886,4,5,1.8400000000000003,0.6399999999999999,not uncertain
AmbiStory,blind,single_hedge,AmbiStory-test-887,1,2,1.7875,0.56,not uncertain
AmbiStory,blind,single_hedge,AmbiStory-test-888,5,5,0.0,0.0,not uncertain
AmbiStory,blind,single_hedge,AmbiStory-test-889,1,2,1.5275,0.64,not uncertain
AmbiStory,blind,single_hedge,AmbiStory-test-890,4,3,0.7275,0.96,not uncertain
AmbiStory,blind,single_hedge,AmbiStory-test-891,4,3,0.24,0.24,not uncertain
AmbiStory,blind,single_hedge,AmbiStory-test-892,5,4,0.0475,0.8,not uncertain
AmbiStory,blind,single_hedge,AmbiStory-test-893,1,3,1.2475,1.36,not uncertain
AmbiStory,blind,single_hedge,AmbiStory-test-894,5,3,0.0475,0.5599999999999999,not uncertain
AmbiStory,blind,single_hedge,AmbiStory-test-895,3,2,1.0475,0.8,not uncertain
AmbiStory,blind,single_hedge,AmbiStory-test-896,4,2,0.51,0.56,not uncertain
AmbiStory,blind,single_hedge,AmbiStory-test-897,3,4,1.2475,1.0400000000000005,not uncertain
AmbiStory,blind,single_hedge,AmbiStory-test-898,5,2,0.1275,0.64,not uncertain
AmbiStory,blind,single_hedge,AmbiStory-test-899,4,3,1.4600000000000002,0.96,not uncertain
AmbiStory,blind,single_hedge,AmbiStory-test-900,1,2,0.1875,0.5599999999999999,not uncertain
AmbiStory,blind,single_hedge,AmbiStory-test-901,4,5,0.2274999999999999,0.1599999999999999,not uncertain
AmbiStory,blind,single_hedge,AmbiStory-test-902,1,2,0.0,0.56,not uncertain
AmbiStory,blind,single_hedge,AmbiStory-test-903,5,5,0.0,0.1599999999999999,not uncertain
AmbiStory,blind,single_hedge,AmbiStory-test-904,1,2,0.0,1.2,not uncertain
AmbiStory,blind,single_hedge,AmbiStory-test-905,5,4,0.2274999999999999,0.0,not uncertain
AmbiStory,blind,single_hedge,AmbiStory-test-906,5,5,0.0,0.6399999999999999,not uncertain
AmbiStory,blind,single_hedge,AmbiStory-test-907,2,1,0.39,0.16,not uncertain
AmbiStory,blind,single_hedge,AmbiStory-test-908,5,3,0.0475,0.5599999999999999,not uncertain
AmbiStory,blind,single_hedge,AmbiStory-test-909,4,3,0.0475,1.6,not uncertain
AmbiStory,blind,single_hedge,AmbiStory-test-910,5,3,0.0,0.8,not uncertain
AmbiStory,blind,single_hedge,AmbiStory-test-911,1,2,0.0475,0.8,not uncertain
AmbiStory,blind,single_hedge,AmbiStory-test-912,5,3,0.0,0.96,not uncertain
AmbiStory,blind,single_hedge,AmbiStory-test-913,5,3,0.8400000000000001,2.64,not uncertain
AmbiStory,blind,single_hedge,AmbiStory-test-914,1,2,0.0,2.4,not uncertain
AmbiStory,blind,single_hedge,AmbiStory-test-915,5,4,0.0,0.64,not uncertain
AmbiStory,blind,single_hedge,AmbiStory-test-916,1,3,0.0,2.0,not uncertain
AmbiStory,blind,single_hedge,AmbiStory-test-917,5,5,0.0,0.1599999999999999,not uncertain
AmbiStory,blind,single_hedge,AmbiStory-test-918,5,4,0.0,1.36,not uncertain
AmbiStory,blind,single_hedge,AmbiStory-test-919,5,2,0.0,0.4,somewhat uncertain
AmbiStory,blind,single_hedge,AmbiStory-test-920,5,5,0.0,0.6399999999999999,not uncertain
AmbiStory,blind,single_hedge,AmbiStory-test-921,1,2,2.74,0.64,not uncertain
AmbiStory,blind,single_hedge,AmbiStory-test-922,5,4,0.0,0.96,not uncertain
AmbiStory,blind,single_hedge,AmbiStory-test-923,5,3,0.0,0.4,not uncertain
AmbiStory,blind,single_hedge,AmbiStory-test-924,5,1,0.0,0.0,not uncertain
AmbiStory,blind,single_hedge,AmbiStory-test-925,2,4,1.01,1.2,not uncertain
AmbiStory,blind,single_hedge,AmbiStory-test-926,5,1,0.0,0.16,not uncertain
AmbiStory,blind,single_hedge,AmbiStory-test-927,1,3,1.4875,2.222222222222222,not uncertain
AmbiStory,blind,single_hedge,AmbiStory-test-928,5,2,0.0475,1.36,somewhat uncertain
AmbiStory,blind,single_hedge,AmbiStory-test-929,2,4,1.3,0.96,not uncertain
AmbiStory,blind,topk_wrong,AmbiStory-test-0,5,4,0.0,1.6,not uncertain
AmbiStory,blind,topk_wrong,AmbiStory-test-1,1,2,0.65,1.2,not uncertain
AmbiStory,blind,topk_wrong,AmbiStory-test-2,5,3,0.0,0.5599999999999999,not uncertain
AmbiStory,blind,topk_wrong,AmbiStory-test-3,3,3,1.91,1.44,not uncertain
AmbiStory,blind,topk_wrong,AmbiStory-test-4,5,3,0.0,1.84,not uncertain
AmbiStory,blind,topk_wrong,AmbiStory-test-5,4,2,2.09,0.56,not uncertain
AmbiStory,blind,topk_wrong,AmbiStory-test-6,1,3,2.31,0.96,not uncertain
AmbiStory,blind,topk_wrong,AmbiStory-test-7,1,4,0.54,1.36,not uncertain
AmbiStory,blind,topk_wrong,AmbiStory-test-8,1,1,0.8474999999999999,0.24,highly uncertain
AmbiStory,blind,topk_wrong,AmbiStory-test-9,1,4,0.9275,2.16,not uncertain
AmbiStory,blind,topk_wrong,AmbiStory-test-10,4,1,1.5,0.24,not uncertain
AmbiStory,blind,topk_wrong,AmbiStory-test-11,2,5,0.35,0.1599999999999999,somewhat uncertain
AmbiStory,blind,topk_wrong,AmbiStory-test-12,5,4,0.0,0.5599999999999999,somewhat uncertain
AmbiStory,blind,topk_wrong,AmbiStory-test-13,1,3,0.24,2.64,somewhat uncertain
AmbiStory,blind,topk_wrong,AmbiStory-test-14,5,1,3.24,0.24,not uncertain
AmbiStory,blind,topk_wrong,AmbiStory-test-15,5,4,0.0,2.56,not uncertain
AmbiStory,blind,topk_wrong,AmbiStory-test-16,5,3,0.0,0.5599999999999999,not uncertain
AmbiStory,blind,topk_wrong,AmbiStory-test-17,1,4,0.1275,0.64,somewhat uncertain
AmbiStory,blind,topk_wrong,AmbiStory-test-18,5,5,0.0,0.0,not uncertain
AmbiStory,blind,topk_wrong,AmbiStory-test-19,5,3,0.0,2.64,somewhat uncertain
AmbiStory,blind,topk_wrong,AmbiStory-test-20,5,5,0.0,0.0,not uncertain
AmbiStory,blind,topk_wrong,AmbiStory-test-21,5,3,0.1599999999999999,0.96,somewhat uncertain
AmbiStory,blind,topk_wrong,AmbiStory-test-22,5,5,0.0,0.1599999999999999,not uncertain
AmbiStory,blind,topk_wrong,AmbiStory-test-23,5,4,0.0475,2.56,not uncertain
AmbiStory,blind,topk_wrong,AmbiStory-test-24,5,5,0.0475,0.0,somewhat uncertain
AmbiStory,blind,topk_wrong,AmbiStory-test-25,1,2,0.0,1.2,somewhat uncertain
AmbiStory,blind,topk_wrong,AmbiStory-test-26,5,4,0.0,0.96,not uncertain
AmbiStory,blind,topk_wrong,AmbiStory-test-27,1,2,0.0,0.56,highly uncertain
AmbiStory,blind,topk_wrong,AmbiStory-test-28,5,4,0.0,0.6399999999999999,somewhat uncertain
AmbiStory,blind,topk_wrong,AmbiStory-test-29,1,2,0.0,0.64,not uncertain
AmbiStory,blind,topk_wrong,AmbiStory-test-30,5,2,0.1275,0.8,not uncertain
AmbiStory,blind,topk_wrong,AmbiStory-test-31,5,4,0.0,0.6399999999999999,not uncertain
AmbiStory,blind,topk_wrong,AmbiStory-test-32,4,3,0.2274999999999999,2.24,not uncertain
AmbiStory,blind,topk_wrong,AmbiStory-test-33,5,4,0.0,0.1599999999999999,not uncertain
AmbiStory,blind,topk_wrong,AmbiStory-test-34,5,3,0.0,0.96,not uncertain
AmbiStory,blind,topk_wrong,AmbiStory-test-35,5,4,0.0,0.96,not uncertain
AmbiStory,blind,topk_wrong,AmbiStory-test-36,4,3,0.2274999999999999,0.24,somewhat uncertain
AmbiStory,blind,topk_wrong,AmbiStory-test-37,5,3,0.0,1.6,somewhat uncertain
AmbiStory,blind,topk_wrong,AmbiStory-test-38,4,2,2.1275,1.84,somewhat uncertain
AmbiStory,blind,topk_wrong,AmbiStory-test-39,5,4,0.0,1.44,somewhat uncertain
AmbiStory,blind,topk_wrong,AmbiStory-test-40,4,3,1.5275,1.84,somewhat uncertain
AmbiStory,blind,topk_wrong,AmbiStory-test-41,5,4,0.0,1.36,somewhat uncertain
AmbiStory,blind,topk_wrong,AmbiStory-test-42,1,2,0.09,0.1599999999999999,somewhat uncertain
AmbiStory,blind,topk_wrong,AmbiStory-test-43,5,4,0.1875,0.4,somewhat uncertain
AmbiStory,blind,topk_wrong,AmbiStory-test-44,1,3,0.09,2.24,somewhat uncertain
AmbiStory,blind,topk_wrong,AmbiStory-test-45,5,4,0.0,1.0400000000000005,somewhat uncertain
AmbiStory,blind,topk_wrong,AmbiStory-test-46,1,3,0.0475,0.96,somewhat uncertain
AmbiStory,blind,topk_wrong,AmbiStory-test-47,5,4,0.09,0.8,somewhat uncertain
AmbiStory,blind,topk_wrong,AmbiStory-test-48,5,4,0.0,2.1600000000000006,somewhat uncertain
AmbiStory,blind,topk_wrong,AmbiStory-test-49,4,2,0.5599999999999999,2.24,somewhat uncertain
AmbiStory,blind,topk_wrong,AmbiStory-test-50,3,2,1.2275,0.24,highly uncertain
AmbiStory,blind,topk_wrong,AmbiStory-test-51,5,4,0.0,1.36,somewhat uncertain
AmbiStory,blind,topk_wrong,AmbiStory-test-52,3,2,0.71,2.16,highly uncertain
AmbiStory,blind,topk_wrong,AmbiStory-test-53,5,5,0.25,0.24,somewhat uncertain
AmbiStory,blind,topk_wrong,AmbiStory-test-54,5,3,0.24,1.04,somewhat uncertain
AmbiStory,blind,topk_wrong,AmbiStory-test-55,4,3,0.1875,0.96,somewhat uncertain
AmbiStory,blind,topk_wrong,AmbiStory-test-56,4,2,0.24,0.64,somewhat uncertain
AmbiStory,blind,topk_wrong,AmbiStory-test-57,5,5,0.0,0.0,somewhat uncertain
AmbiStory,blind,topk_wrong,AmbiStory-test-58,5,2,0.1599999999999999,1.36,somewhat uncertain
AmbiStory,blind,topk_wrong,AmbiStory-test-59,5,5,0.0,0.24,somewhat uncertain
AmbiStory,blind,topk_wrong,AmbiStory-test-60,5,5,0.0,0.0,not uncertain
AmbiStory,blind,topk_wrong,AmbiStory-test-61,1,1,0.0,0.0,not uncertain
AmbiStory,blind,topk_wrong,AmbiStory-test-62,1,1,2.6275000000000004,0.0,highly uncertain
AmbiStory,blind,topk_wrong,AmbiStory-test-63,4,3,0.09,3.8400000000000007,somewhat uncertain
AmbiStory,blind,topk_wrong,AmbiStory-test-64,5,4,0.0,2.56,not uncertain
AmbiStory,blind,topk_wrong,AmbiStory-test-65,1,2,0.16,1.36,not uncertain
AmbiStory,blind,topk_wrong,AmbiStory-test-66,4,3,2.0275,2.16,somewhat uncertain
AmbiStory,blind,topk_wrong,AmbiStory-test-67,1,2,0.09,0.56,highly uncertain
AmbiStory,blind,topk_wrong,AmbiStory-test-68,1,1,0.0,0.16,not uncertain
AmbiStory,blind,topk_wrong,AmbiStory-test-69,5,5,0.0,0.0,highly uncertain
AmbiStory,blind,topk_wrong,AmbiStory-test-70,1,2,0.0,1.36,somewhat uncertain
AmbiStory,blind,topk_wrong,AmbiStory-test-71,1,3,0.26,1.0400000000000005,somewhat uncertain
AmbiStory,blind,topk_wrong,AmbiStory-test-72,5,3,0.0,2.16,somewhat uncertain
AmbiStory,blind,topk_wrong,AmbiStory-test-73,1,3,0.55,2.0,highly uncertain
AmbiStory,blind,topk_wrong,AmbiStory-test-74,5,2,0.0,1.4400000000000002,highly uncertain
AmbiStory,blind,topk_wrong,AmbiStory-test-75,5,4,0.0,1.36,somewhat uncertain
AmbiStory,blind,topk_wrong,AmbiStory-test-76,5,3,3.6475,1.4400000000000002,somewhat uncertain
AmbiStory,blind,topk_wrong,AmbiStory-test-77,5,4,0.0,0.6399999999999999,somewhat uncertain
AmbiStory,blind,topk_wrong,AmbiStory-test-78,5,4,0.0,1.6,somewhat uncertain
AmbiStory,blind,topk_wrong,AmbiStory-test-79,4,2,0.1875,0.96,somewhat uncertain
AmbiStory,blind,topk_wrong,AmbiStory-test-80,5,3,3.55,0.1599999999999999,somewhat uncertain
AmbiStory,blind,topk_wrong,AmbiStory-test-81,5,4,0.0,0.24,somewhat uncertain
AmbiStory,blind,topk_wrong,AmbiStory-test-82,1,2,1.9275,0.8,not uncertain
AmbiStory,blind,topk_wrong,AmbiStory-test-83,5,4,0.09,1.2,somewhat uncertain
AmbiStory,blind,topk_wrong,AmbiStory-test-84,1,2,0.16,0.8,somewhat uncertain
AmbiStory,blind,topk_wrong,AmbiStory-test-85,5,5,0.0475,0.6399999999999999,somewhat uncertain
AmbiStory,blind,topk_wrong,AmbiStory-test-86,5,2,3.4275,0.16,somewhat uncertain
AmbiStory,blind,topk_wrong,AmbiStory-test-87,5,4,0.0475,0.5599999999999999,somewhat uncertain
AmbiStory,blind,topk_wrong,AmbiStory-test-88,1,2,0.3399999999999999,0.4,somewhat uncertain
AmbiStory,blind,topk_wrong,AmbiStory-test-89,5,4,0.0475,0.5599999999999999,not uncertain
AmbiStory,blind,topk_wrong,AmbiStory-test-90,5,3,0.1599999999999999,1.6,highly uncertain
AmbiStory,blind,topk_wrong,AmbiStory-test-91,1,3,0.3399999999999999,2.16,highly uncertain
AmbiStory,blind,topk_wrong,AmbiStory-test-92,4,2,0.2475,0.64,somewhat uncertain
AmbiStory,blind,topk_wrong,AmbiStory-test-93,1,4,0.4875,0.5599999999999999,highly uncertain
AmbiStory,blind,topk_wrong,AmbiStory-test-94,5,1,0.2475,0.16,somewhat uncertain
AmbiStory,blind,topk_wrong,AmbiStory-test-95,4,4,1.31,0.96,highly uncertain
AmbiStory,blind,topk_wrong,AmbiStory-test-96,5,5,0.0,0.24,not uncertain
AmbiStory,blind,topk_wrong,AmbiStory-test-97,5,3,2.04,2.472222222222222,not uncertain
AmbiStory,blind,topk_wrong,AmbiStory-test-98,5,4,0.0,0.5599999999999999,not uncertain
AmbiStory,blind,topk_wrong,AmbiStory-test-99,5,3,3.4875,0.4,not uncertain
AmbiStory,blind,topk_wrong,AmbiStory-test-100,5,3,0.0,1.36,not uncertain
AmbiStory,blind,topk_wrong,AmbiStory-test-101,5,4,0.76,1.4400000000000002,not uncertain
AmbiStory,blind,topk_wrong,AmbiStory-test-102,5,4,0.0,0.96,highly uncertain
AmbiStory,blind,topk_wrong,AmbiStory-test-103,5,1,0.0,0.16,highly uncertain
AmbiStory,blind,topk_wrong,AmbiStory-test-104,1,2,0.9475,0.24,not uncertain
AmbiStory,blind,topk_wrong,AmbiStory-test-105,5,5,0.0,0.1599999999999999,not uncertain
AmbiStory,blind,topk_wrong,AmbiStory-test-106,5,3,0.0475,0.5599999999999999,highly uncertain
AmbiStory,blind,topk_wrong,AmbiStory-test-107,5,3,0.0,2.24,not uncertain
AmbiStory,blind,topk_wrong,AmbiStory-test-108,5,5,0.0,0.1599999999999999,not uncertain
AmbiStory,blind,topk_wrong,AmbiStory-test-109,1,1,0.76,0.0,not uncertain
AmbiStory,blind,topk_wrong,AmbiStory-test-110,5,4,0.0,0.5599999999999999,not uncertain
AmbiStory,blind,topk_wrong,AmbiStory-test-111,5,1,0.76,0.24,highly uncertain
AmbiStory,blind,topk_wrong,AmbiStory-test-112,5,4,0.0,1.36,not uncertain
AmbiStory,blind,topk_wrong,AmbiStory-test-113,5,1,2.06,0.16,not uncertain
AmbiStory,blind,topk_wrong,AmbiStory-test-114,5,5,0.0,0.0,somewhat uncertain
AmbiStory,blind,topk_wrong,AmbiStory-test-115,1,2,0.0,2.5600000000000005,highly uncertain
AmbiStory,blind,topk_wrong,AmbiStory-test-116,5,3,0.0,2.64,not uncertain
AmbiStory,blind,topk_wrong,AmbiStory-test-117,5,3,0.0,3.2,highly uncertain
AmbiStory,blind,topk_wrong,AmbiStory-test-118,5,5,0.0,0.1599999999999999,somewhat uncertain
AmbiStory,blind,topk_wrong,AmbiStory-test-119,1,1,0.0,0.24,
AmbiStory,blind,topk_wrong,AmbiStory-test-120,5,4,0.0,0.4,not uncertain
AmbiStory,blind,topk_wrong,AmbiStory-test-121,1,4,0.4475,0.5599999999999999,not uncertain
AmbiStory,blind,topk_wrong,AmbiStory-test-122,5,4,0.0,0.64,somewhat uncertain
AmbiStory,blind,topk_wrong,AmbiStory-test-123,1,3,0.2475,0.5599999999999999,somewhat uncertain
AmbiStory,blind,topk_wrong,AmbiStory-test-124,5,3,0.0,1.8400000000000003,somewhat uncertain
AmbiStory,blind,topk_wrong,AmbiStory-test-125,4,3,0.91,1.8400000000000003,somewhat uncertain
AmbiStory,blind,topk_wrong,AmbiStory-test-126,4,3,0.8275,0.888888888888889,somewhat uncertain
AmbiStory,blind,topk_wrong,AmbiStory-test-127,2,3,0.39,1.36,somewhat uncertain
AmbiStory,blind,topk_wrong,AmbiStory-test-128,1,2,0.2274999999999999,0.64,not uncertain
AmbiStory,blind,topk_wrong,AmbiStory-test-129,4,3,0.3275,2.56,not uncertain
AmbiStory,blind,topk_wrong,AmbiStory-test-130,1,1,0.0,0.24,not uncertain
AmbiStory,blind,topk_wrong,AmbiStory-test-131,2,3,0.44,2.16,not uncertain
AmbiStory,blind,topk_wrong,AmbiStory-test-132,5,5,0.0,0.0,highly uncertain
AmbiStory,blind,topk_wrong,AmbiStory-test-133,1,1,0.0,0.24,somewhat uncertain
AmbiStory,blind,topk_wrong,AmbiStory-test-134,5,3,0.7875,1.84,highly uncertain
AmbiStory,blind,topk_wrong,AmbiStory-test-135,5,4,3.64,0.8,not uncertain
AmbiStory,blind,topk_wrong,AmbiStory-test-136,5,3,0.0,2.64,highly uncertain
AmbiStory,blind,topk_wrong,AmbiStory-test-137,5,3,0.76,2.0,not uncertain
AmbiStory,blind,topk_wrong,AmbiStory-test-138,5,5,0.0,0.24,somewhat uncertain
AmbiStory,blind,topk_wrong,AmbiStory-test-139,5,5,0.0,0.0,not uncertain
AmbiStory,blind,topk_wrong,AmbiStory-test-140,5,5,0.0,0.0,not uncertain
AmbiStory,blind,topk_wrong,AmbiStory-test-141,5,5,0.0,0.0,not uncertain
AmbiStory,blind,topk_wrong,AmbiStory-test-142,5,4,0.0,1.36,not uncertain
AmbiStory,blind,topk_wrong,AmbiStory-test-143,5,5,0.0,0.0,not uncertain
AmbiStory,blind,topk_wrong,AmbiStory-test-144,1,1,0.26,0.24,highly uncertain
AmbiStory,blind,topk_wrong,AmbiStory-test-145,5,5,0.0,0.1599999999999999,not uncertain
AmbiStory,blind,topk_wrong,AmbiStory-test-146,1,2,1.26,2.24,somewhat uncertain
AmbiStory,blind,topk_wrong,AmbiStory-test-147,5,5,0.0475,0.1599999999999999,not uncertain
AmbiStory,blind,topk_wrong,AmbiStory-test-148,1,2,0.0,0.5599999999999999,not uncertain
AmbiStory,blind,topk_wrong,AmbiStory-test-149,5,4,0.0,1.44,not uncertain
AmbiStory,blind,topk_wrong,AmbiStory-test-150,5,3,0.0,2.8,somewhat uncertain
AmbiStory,blind,topk_wrong,AmbiStory-test-151,1,3,0.0475,2.8,highly uncertain
AmbiStory,blind,topk_wrong,AmbiStory-test-152,5,1,0.0475,0.6400000000000002,somewhat uncertain
AmbiStory,blind,topk_wrong,AmbiStory-test-153,1,4,2.9275,1.84,highly uncertain
AmbiStory,blind,topk_wrong,AmbiStory-test-154,5,4,0.0475,1.4400000000000002,somewhat uncertain
AmbiStory,blind,topk_wrong,AmbiStory-test-155,1,3,0.26,1.8400000000000003,somewhat uncertain
AmbiStory,blind,topk_wrong,AmbiStory-test-156,5,5,0.0475,0.0,somewhat uncertain
AmbiStory,blind,topk_wrong,AmbiStory-test-157,1,1,0.0,0.16,not uncertain
AmbiStory,blind,topk_wrong,AmbiStory-test-158,5,3,1.9875,1.36,somewhat uncertain
AmbiStory,blind,topk_wrong,AmbiStory-test-159,5,3,0.0,0.96,not uncertain
AmbiStory,blind,topk_wrong,AmbiStory-test-160,5,5,0.0,0.0,somewhat uncertain
AmbiStory,blind,topk_wrong,AmbiStory-test-161,1,2,0.0,0.9600000000000002,somewhat uncertain
AmbiStory,blind,topk_wrong,AmbiStory-test-162,5,2,0.0,0.64,somewhat uncertain
AmbiStory,blind,topk_wrong,AmbiStory-test-163,1,4,1.6275,0.5599999999999999,highly uncertain
AmbiStory,blind,topk_wrong,AmbiStory-test-164,5,2,0.09,0.64,somewhat uncertain
AmbiStory,blind,topk_wrong,AmbiStory-test-165,5,3,3.1275000000000004,1.84,somewhat uncertain
AmbiStory,blind,topk_wrong,AmbiStory-test-166,5,2,0.0475,0.24,not uncertain
AmbiStory,blind,topk_wrong,AmbiStory-test-167,5,4,1.9875,0.6399999999999999,highly uncertain
AmbiStory,blind,topk_wrong,AmbiStory-test-168,5,5,0.09,0.1599999999999999,somewhat uncertain
AmbiStory,blind,topk_wrong,AmbiStory-test-169,1,1,0.0,0.0,not uncertain
AmbiStory,blind,topk_wrong,AmbiStory-test-170,5,5,0.0,0.0,somewhat uncertain
AmbiStory,blind,topk_wrong,AmbiStory-test-171,1,1,0.0,0.0,highly uncertain
AmbiStory,blind,topk_wrong,AmbiStory-test-172,5,5,0.09,0.24,somewhat uncertain
AmbiStory,blind,topk_wrong,AmbiStory-test-173,1,1,0.0,0.0,not uncertain
AmbiStory,blind,topk_wrong,AmbiStory-test-174,5,5,0.1599999999999999,0.6399999999999999,somewhat uncertain
AmbiStory,blind,topk_wrong,AmbiStory-test-175,4,2,0.2,0.8,somewhat uncertain
AmbiStory,blind,topk_wrong,AmbiStory-test-176,1,1,0.0,0.24,highly uncertain
AmbiStory,blind,topk_wrong,AmbiStory-test-177,4,4,0.2475,2.1600000000000006,not uncertain
AmbiStory,blind,topk_wrong,AmbiStory-test-178,1,2,3.21,1.04,highly uncertain
AmbiStory,blind,topk_wrong,AmbiStory-test-179,4,4,1.09,0.5599999999999999,not uncertain
AmbiStory,blind,topk_wrong,AmbiStory-test-180,5,4,0.0,0.6399999999999999,not uncertain
AmbiStory,blind,topk_wrong,AmbiStory-test-181,4,3,1.4475,0.64,highly uncertain
AmbiStory,blind,topk_wrong,AmbiStory-test-182,1,2,0.0,0.64,somewhat uncertain
AmbiStory,blind,topk_wrong,AmbiStory-test-183,5,3,0.1875,1.84,highly uncertain
AmbiStory,blind,topk_wrong,AmbiStory-test-184,4,3,0.34,0.0,somewhat uncertain
AmbiStory,blind,topk_wrong,AmbiStory-test-185,4,3,0.1875,1.2,somewhat uncertain
AmbiStory,blind,topk_wrong,AmbiStory-test-186,1,3,3.4,1.84,somewhat uncertain
AmbiStory,blind,topk_wrong,AmbiStory-test-187,1,2,0.0475,0.56,not uncertain
AmbiStory,blind,topk_wrong,AmbiStory-test-188,1,1,0.09,0.16,highly uncertain
AmbiStory,blind,topk_wrong,AmbiStory-test-189,5,4,0.0,0.64,highly uncertain
AmbiStory,blind,topk_wrong,AmbiStory-test-190,1,2,2.5275,0.56,somewhat uncertain
AmbiStory,blind,topk_wrong,AmbiStory-test-191,2,3,0.74,1.04,not uncertain
AmbiStory,blind,topk_wrong,AmbiStory-test-192,5,5,0.0475,0.1599999999999999,not uncertain
AmbiStory,blind,topk_wrong,AmbiStory-test-193,2,1,0.1275,0.16,highly uncertain
AmbiStory,blind,topk_wrong,AmbiStory-test-194,5,3,0.0475,0.64,somewhat uncertain
AmbiStory,blind,topk_wrong,AmbiStory-test-195,4,3,0.9475,1.84,highly uncertain
AmbiStory,blind,topk_wrong,AmbiStory-test-196,4,4,0.09,0.5599999999999999,not uncertain
AmbiStory,blind,topk_wrong,AmbiStory-test-197,2,2,0.2475,0.64,highly uncertain
AmbiStory,blind,topk_wrong,AmbiStory-test-198,5,5,0.0475,0.24,somewhat uncertain
AmbiStory,blind,topk_wrong,AmbiStory-test-199,5,1,0.24,0.64,somewhat uncertain
AmbiStory,blind,topk_wrong,AmbiStory-test-200,5,4,0.1275,0.4,somewhat uncertain
AmbiStory,blind,topk_wrong,AmbiStory-test-201,2,2,1.3,1.2,somewhat uncertain
AmbiStory,blind,topk_wrong,AmbiStory-test-202,4,5,0.1875,0.1599999999999999,somewhat uncertain
AmbiStory,blind,topk_wrong,AmbiStory-test-203,3,2,0.74,0.64,highly uncertain
AmbiStory,blind,topk_wrong,AmbiStory-test-204,5,5,0.2274999999999999,0.24,somewhat uncertain
AmbiStory,blind,topk_wrong,AmbiStory-test-205,1,2,0.0475,0.16,somewhat uncertain
AmbiStory,blind,topk_wrong,AmbiStory-test-206,4,4,2.7475,0.24,somewhat uncertain
AmbiStory,blind,topk_wrong,AmbiStory-test-207,4,3,1.5475,1.6,somewhat uncertain
AmbiStory,blind,topk_wrong,AmbiStory-test-208,5,4,1.16,0.8,somewhat uncertain
AmbiStory,blind,topk_wrong,AmbiStory-test-209,5,2,2.4475,0.24,somewhat uncertain
AmbiStory,blind,topk_wrong,AmbiStory-test-210,1,3,1.01,0.5599999999999999,highly uncertain
AmbiStory,blind,topk_wrong,AmbiStory-test-211,5,2,0.2274999999999999,0.56,somewhat uncertain
AmbiStory,blind,topk_wrong,AmbiStory-test-212,1,3,2.0275,0.4,somewhat uncertain
AmbiStory,blind,topk_wrong,AmbiStory-test-213,4,3,0.31,3.3600000000000003,somewhat uncertain
AmbiStory,blind,topk_wrong,AmbiStory-test-214,1,3,0.0475,1.04,highly uncertain
AmbiStory,blind,topk_wrong,AmbiStory-test-215,5,2,0.24,2.24,somewhat uncertain
AmbiStory,blind,topk_wrong,AmbiStory-test-216,5,4,0.1599999999999999,0.24,somewhat uncertain
AmbiStory,blind,topk_wrong,AmbiStory-test-217,5,1,0.0475,0.6400000000000002,somewhat uncertain
AmbiStory,blind,topk_wrong,AmbiStory-test-218,1,3,0.1275,0.96,not uncertain
AmbiStory,blind,topk_wrong,AmbiStory-test-219,1,3,2.29,3.3599999999999994,somewhat uncertain
AmbiStory,blind,topk_wrong,AmbiStory-test-220,3,3,0.5475,1.805555555555556,somewhat uncertain
AmbiStory,blind,topk_wrong,AmbiStory-test-221,5,3,0.0,1.36,somewhat uncertain
AmbiStory,blind,topk_wrong,AmbiStory-test-222,5,5,0.0,0.24,not uncertain
AmbiStory,blind,topk_wrong,AmbiStory-test-223,3,3,1.34,2.64,not uncertain
AmbiStory,blind,topk_wrong,AmbiStory-test-224,2,3,0.2475,1.36,somewhat uncertain
AmbiStory,blind,topk_wrong,AmbiStory-test-225,5,4,0.0,0.6399999999999999,somewhat uncertain
AmbiStory,blind,topk_wrong,AmbiStory-test-226,3,3,0.5275000000000001,1.2,somewhat uncertain
AmbiStory,blind,topk_wrong,AmbiStory-test-227,5,3,0.0,0.5599999999999999,somewhat uncertain
AmbiStory,blind,topk_wrong,AmbiStory-test-228,4,2,0.31,1.4400000000000002,not uncertain
AmbiStory,blind,topk_wrong,AmbiStory-test-229,4,3,0.2475,1.04,not uncertain
AmbiStory,blind,topk_wrong,AmbiStory-test-230,4,2,0.2875,0.24,somewhat uncertain
AmbiStory,blind,topk_wrong,AmbiStory-test-231,5,4,0.1275,1.0400000000000005,not uncertain
AmbiStory,blind,topk_wrong,AmbiStory-test-232,1,2,1.49,0.5599999999999999,not uncertain
AmbiStory,blind,topk_wrong,AmbiStory-test-233,4,4,0.3475,1.36,not uncertain
AmbiStory,blind,topk_wrong,AmbiStory-test-234,5,5,0.0,0.0,somewhat uncertain
AmbiStory,blind,topk_wrong,AmbiStory-test-235,4,4,0.25,1.36,somewhat uncertain
AmbiStory,blind,topk_wrong,AmbiStory-test-236,3,3,1.7475,1.8400000000000003,somewhat uncertain
AmbiStory,blind,topk_wrong,AmbiStory-test-237,5,4,0.0,0.24,somewhat uncertain
AmbiStory,blind,topk_wrong,AmbiStory-test-238,5,4,0.0,0.96,somewhat uncertain
AmbiStory,blind,topk_wrong,AmbiStory-test-239,5,4,0.2475,0.24,somewhat uncertain
AmbiStory,blind,topk_wrong,AmbiStory-test-240,1,2,1.2475,0.56,somewhat uncertain
AmbiStory,blind,topk_wrong,AmbiStory-test-241,5,5,0.0,0.1599999999999999,not uncertain
AmbiStory,blind,topk_wrong,AmbiStory-test-242,1,1,0.0,0.24,not uncertain
AmbiStory,blind,topk_wrong,AmbiStory-test-243,5,5,0.0,0.1599999999999999,not uncertain
AmbiStory,blind,topk_wrong,AmbiStory-test-244,1,2,0.16,2.24,somewhat uncertain
AmbiStory,blind,topk_wrong,AmbiStory-test-245,5,4,0.0,0.6399999999999999,not uncertain
AmbiStory,blind,topk_wrong,AmbiStory-test-246,5,5,0.0,0.1599999999999999,not uncertain
AmbiStory,blind,topk_wrong,AmbiStory-test-247,1,1,0.0,0.64,not uncertain
AmbiStory,blind,topk_wrong,AmbiStory-test-248,1,5,0.36,0.1599999999999999,not uncertain
AmbiStory,blind,topk_wrong,AmbiStory-test-249,1,2,0.0,0.64,somewhat uncertain
AmbiStory,blind,topk_wrong,AmbiStory-test-250,5,5,0.0,0.24,not uncertain
AmbiStory,blind,topk_wrong,AmbiStory-test-251,1,1,0.0,0.16,not uncertain
AmbiStory,blind,topk_wrong,AmbiStory-test-252,5,4,0.0,0.6399999999999999,somewhat uncertain
AmbiStory,blind,topk_wrong,AmbiStory-test-253,3,3,0.5599999999999999,1.2,somewhat uncertain
AmbiStory,blind,topk_wrong,AmbiStory-test-254,5,4,0.0,0.6399999999999999,somewhat uncertain
AmbiStory,blind,topk_wrong,AmbiStory-test-255,1,2,0.3399999999999999,2.24,somewhat uncertain
AmbiStory,blind,topk_wrong,AmbiStory-test-256,5,4,0.0,0.5599999999999999,somewhat uncertain
AmbiStory,blind,topk_wrong,AmbiStory-test-257,5,2,0.09,1.36,somewhat uncertain
AmbiStory,blind,topk_wrong,AmbiStory-test-258,1,3,0.21,1.44,highly uncertain
AmbiStory,blind,topk_wrong,AmbiStory-test-259,5,5,0.0,0.0,not uncertain
AmbiStory,blind,topk_wrong,AmbiStory-test-260,2,2,0.29,0.64,highly uncertain
AmbiStory,blind,topk_wrong,AmbiStory-test-261,5,5,0.0,0.0,somewhat uncertain
AmbiStory,blind,topk_wrong,AmbiStory-test-262,2,4,0.21,1.44,highly uncertain
AmbiStory,blind,topk_wrong,AmbiStory-test-263,5,4,0.0,1.36,not uncertain
AmbiStory,blind,topk_wrong,AmbiStory-test-264,5,3,0.0475,3.2,somewhat uncertain
AmbiStory,blind,topk_wrong,AmbiStory-test-265,5,3,0.0,2.56,somewhat uncertain
AmbiStory,blind,topk_wrong,AmbiStory-test-266,5,1,0.0,0.16,highly uncertain
AmbiStory,blind,topk_wrong,AmbiStory-test-267,5,4,0.0,1.6,not uncertain
AmbiStory,blind,topk_wrong,AmbiStory-test-268,5,3,0.0,2.56,highly uncertain
AmbiStory,blind,topk_wrong,AmbiStory-test-269,5,4,0.0,3.04,somewhat uncertain
AmbiStory,blind,topk_wrong,AmbiStory-test-270,5,5,0.0,0.24,somewhat uncertain
AmbiStory,blind,topk_wrong,AmbiStory-test-271,5,2,0.21,0.64,somewhat uncertain
AmbiStory,blind,topk_wrong,AmbiStory-test-272,3,2,2.0,0.8,highly uncertain
AmbiStory,blind,topk_wrong,AmbiStory-test-273,5,4,0.0,2.4,highly uncertain
AmbiStory,blind,topk_wrong,AmbiStory-test-274,5,4,0.0,1.36,somewhat uncertain
AmbiStory,blind,topk_wrong,AmbiStory-test-275,5,3,0.0475,1.36,somewhat uncertain
AmbiStory,blind,topk_wrong,AmbiStory-test-276,1,2,0.0,0.64,somewhat uncertain
AmbiStory,blind,topk_wrong,AmbiStory-test-277,5,5,0.0,0.6399999999999999,not uncertain
AmbiStory,blind,topk_wrong,AmbiStory-test-278,1,2,0.0475,0.64,not uncertain
AmbiStory,blind,topk_wrong,AmbiStory-test-279,5,5,0.0,0.0,not uncertain
AmbiStory,blind,topk_wrong,AmbiStory-test-280,1,2,0.0,0.5599999999999999,not uncertain
AmbiStory,blind,topk_wrong,AmbiStory-test-281,5,4,0.0,0.64,not uncertain
AmbiStory,blind,topk_wrong,AmbiStory-test-282,5,3,0.0,1.04,somewhat uncertain
AmbiStory,blind,topk_wrong,AmbiStory-test-283,5,4,0.0,2.56,not uncertain
AmbiStory,blind,topk_wrong,AmbiStory-test-284,5,4,0.0,0.5599999999999999,not uncertain
AmbiStory,blind,topk_wrong,AmbiStory-test-285,5,4,0.0,2.4,not uncertain
AmbiStory,blind,topk_wrong,AmbiStory-test-286,5,3,0.0,0.64,not uncertain
AmbiStory,blind,topk_wrong,AmbiStory-test-287,5,4,0.0,0.64,not uncertain
AmbiStory,blind,topk_wrong,AmbiStory-test-288,5,4,0.0475,0.96,not uncertain
AmbiStory,blind,topk_wrong,AmbiStory-test-289,5,4,0.0475,0.5599999999999999,not uncertain
AmbiStory,blind,topk_wrong,AmbiStory-test-290,5,3,0.09,2.8,not uncertain
AmbiStory,blind,topk_wrong,AmbiStory-test-291,5,4,0.09,0.8,not uncertain
AmbiStory,blind,topk_wrong,AmbiStory-test-292,5,4,0.1599999999999999,0.6399999999999999,somewhat uncertain
AmbiStory,blind,topk_wrong,AmbiStory-test-293,5,4,0.1275,2.16,somewhat uncertain
AmbiStory,blind,topk_wrong,AmbiStory-test-294,1,3,0.1275,1.7600000000000002,somewhat uncertain
AmbiStory,blind,topk_wrong,AmbiStory-test-295,5,2,0.09,0.64,somewhat uncertain
AmbiStory,blind,topk_wrong,AmbiStory-test-296,2,3,0.25,1.2,not uncertain
AmbiStory,blind,topk_wrong,AmbiStory-test-297,5,5,0.0,0.24,not uncertain
AmbiStory,blind,topk_wrong,AmbiStory-test-298,1,2,0.0475,0.56,not uncertain
AmbiStory,blind,topk_wrong,AmbiStory-test-299,5,4,0.0,1.8400000000000003,not uncertain
AmbiStory,blind,topk_wrong,AmbiStory-test-300,1,2,0.2274999999999999,1.36,highly uncertain
AmbiStory,blind,topk_wrong,AmbiStory-test-301,1,1,0.09,0.16,somewhat uncertain
AmbiStory,blind,topk_wrong,AmbiStory-test-302,4,3,1.3275,0.64,somewhat uncertain
AmbiStory,blind,topk_wrong,AmbiStory-test-303,5,2,0.0,1.3600000000000003,somewhat uncertain
AmbiStory,blind,topk_wrong,AmbiStory-test-304,5,4,0.1275,1.4400000000000002,somewhat uncertain
AmbiStory,blind,topk_wrong,AmbiStory-test-305,2,2,1.09,0.56,somewhat uncertain
AmbiStory,blind,topk_wrong,AmbiStory-test-306,4,5,0.1875,0.0,somewhat uncertain
AmbiStory,blind,topk_wrong,AmbiStory-test-307,4,1,0.4599999999999999,0.24,not uncertain
AmbiStory,blind,topk_wrong,AmbiStory-test-308,4,4,0.54,2.56,somewhat uncertain
AmbiStory,blind,topk_wrong,AmbiStory-test-309,4,2,1.9275,0.9600000000000002,somewhat uncertain
AmbiStory,blind,topk_wrong,AmbiStory-test-310,4,4,0.31,0.64,somewhat uncertain
AmbiStory,blind,topk_wrong,AmbiStory-test-311,4,3,0.0475,2.16,somewhat uncertain
AmbiStory,blind,topk_wrong,AmbiStory-test-312,5,4,0.25,0.24,somewhat uncertain
AmbiStory,blind,topk_wrong,AmbiStory-test-313,5,3,1.44,3.8400000000000007,somewhat uncertain
AmbiStory,blind,topk_wrong,AmbiStory-test-314,4,4,0.2274999999999999,1.36,not uncertain
AmbiStory,blind,topk_wrong,AmbiStory-test-315,5,3,2.76,0.96,somewhat uncertain
AmbiStory,blind,topk_wrong,AmbiStory-test-316,4,3,0.64,1.8400000000000003,somewhat uncertain
AmbiStory,blind,topk_wrong,AmbiStory-test-317,1,4,0.8100000000000002,1.8400000000000003,somewhat uncertain
AmbiStory,blind,topk_wrong,AmbiStory-test-318,5,5,0.0,0.1599999999999999,not uncertain
AmbiStory,blind,topk_wrong,AmbiStory-test-319,1,1,0.0,0.16,not uncertain
AmbiStory,blind,topk_wrong,AmbiStory-test-320,5,5,0.0,0.1599999999999999,not uncertain
AmbiStory,blind,topk_wrong,AmbiStory-test-321,1,1,0.0,0.0,not uncertain
AmbiStory,blind,topk_wrong,AmbiStory-test-322,5,5,0.0,0.24,not uncertain
AmbiStory,blind,topk_wrong,AmbiStory-test-323,1,1,0.09,0.16,highly uncertain
AmbiStory,blind,topk_wrong,AmbiStory-test-324,5,5,0.0,0.0,not uncertain
AmbiStory,blind,topk_wrong,AmbiStory-test-325,1,1,0.0,0.0,not uncertain
AmbiStory,blind,topk_wrong,AmbiStory-test-326,5,5,0.0,0.1599999999999999,not uncertain
AmbiStory,blind,topk_wrong,AmbiStory-test-327,1,2,0.16,0.9600000000000002,somewhat uncertain
AmbiStory,blind,topk_wrong,AmbiStory-test-328,5,5,0.0,0.0,not uncertain
AmbiStory,blind,topk_wrong,AmbiStory-test-329,1,2,0.0,2.1388888888888897,somewhat uncertain
AmbiStory,blind,topk_wrong,AmbiStory-test-330,4,4,2.2275,0.5599999999999999,somewhat uncertain
AmbiStory,blind,topk_wrong,AmbiStory-test-331,5,3,0.0,2.56,somewhat uncertain
AmbiStory,blind,topk_wrong,AmbiStory-test-332,1,1,0.0,0.0,not uncertain
AmbiStory,blind,topk_wrong,AmbiStory-test-333,5,5,0.0,0.1599999999999999,somewhat uncertain
AmbiStory,blind,topk_wrong,AmbiStory-test-334,1,1,0.16,0.16,somewhat uncertain
AmbiStory,blind,topk_wrong,AmbiStory-test-335,5,4,0.0,1.2,somewhat uncertain
AmbiStory,blind,topk_wrong,AmbiStory-test-336,5,5,0.0,0.1599999999999999,not uncertain
AmbiStory,blind,topk_wrong,AmbiStory-test-337,1,1,0.0,0.0,not uncertain
AmbiStory,blind,topk_wrong,AmbiStory-test-338,4,2,0.09,0.24,somewhat uncertain
AmbiStory,blind,topk_wrong,AmbiStory-test-339,5,4,0.0,0.5599999999999999,somewhat uncertain
AmbiStory,blind,topk_wrong,AmbiStory-test-340,5,5,0.0,0.24,somewhat uncertain
AmbiStory,blind,topk_wrong,AmbiStory-test-341,1,2,0.09,0.5599999999999999,not uncertain
AmbiStory,blind,topk_wrong,AmbiStory-test-342,5,5,0.0,0.0,not uncertain
AmbiStory,blind,topk_wrong,AmbiStory-test-343,1,1,0.09,0.0,not uncertain
AmbiStory,blind,topk_wrong,AmbiStory-test-344,5,5,0.0,0.1599999999999999,not uncertain
AmbiStory,blind,topk_wrong,AmbiStory-test-345,1,3,0.54,0.64,somewhat uncertain
AmbiStory,blind,topk_wrong,AmbiStory-test-346,5,4,0.0,2.56,not uncertain
AmbiStory,blind,topk_wrong,AmbiStory-test-347,1,2,0.09,0.25,not uncertain
AmbiStory,blind,topk_wrong,AmbiStory-test-348,5,4,0.0,2.560000000000001,somewhat uncertain
AmbiStory,blind,topk_wrong,AmbiStory-test-349,2,2,0.19,2.560000000000001,highly uncertain
AmbiStory,blind,topk_wrong,AmbiStory-test-350,1,2,0.74,2.16,somewhat uncertain
AmbiStory,blind,topk_wrong,AmbiStory-test-351,4,2,0.1875,1.04,somewhat uncertain
AmbiStory,blind,topk_wrong,AmbiStory-test-352,1,2,0.1275,0.56,somewhat uncertain
AmbiStory,blind,topk_wrong,AmbiStory-test-353,1,1,1.14,0.16,somewhat uncertain
AmbiStory,blind,topk_wrong,AmbiStory-test-354,5,5,0.0,0.0,not uncertain
AmbiStory,blind,topk_wrong,AmbiStory-test-355,1,1,0.0,0.0,highly uncertain
AmbiStory,blind,topk_wrong,AmbiStory-test-356,5,5,0.0,0.0,not uncertain
AmbiStory,blind,topk_wrong,AmbiStory-test-357,1,1,0.0,0.0,not uncertain
AmbiStory,blind,topk_wrong,AmbiStory-test-358,5,5,0.0,0.0,not uncertain
AmbiStory,blind,topk_wrong,AmbiStory-test-359,1,2,0.0,0.56,not uncertain
AmbiStory,blind,topk_wrong,AmbiStory-test-360,5,5,0.0,0.1599999999999999,not uncertain
AmbiStory,blind,topk_wrong,AmbiStory-test-361,1,1,0.0,0.24,highly uncertain
AmbiStory,blind,topk_wrong,AmbiStory-test-362,5,4,0.0,2.56,not uncertain
AmbiStory,blind,topk_wrong,AmbiStory-test-363,1,1,0.0,0.0,highly uncertain
AmbiStory,blind,topk_wrong,AmbiStory-test-364,5,2,0.0,0.96,not uncertain
AmbiStory,blind,topk_wrong,AmbiStory-test-365,1,3,0.19,1.6,highly uncertain
AmbiStory,blind,topk_wrong,AmbiStory-test-366,5,3,0.0,1.4400000000000002,somewhat uncertain
AmbiStory,blind,topk_wrong,AmbiStory-test-367,4,2,0.1475,0.16,somewhat uncertain
AmbiStory,blind,topk_wrong,AmbiStory-test-368,5,2,2.1275000000000004,0.5599999999999999,somewhat uncertain
AmbiStory,blind,topk_wrong,AmbiStory-test-369,5,4,0.0,2.24,somewhat uncertain
AmbiStory,blind,topk_wrong,AmbiStory-test-370,1,2,0.3875,0.56,somewhat uncertain
AmbiStory,blind,topk_wrong,AmbiStory-test-371,4,2,0.4875,2.24,somewhat uncertain
AmbiStory,blind,topk_wrong,AmbiStory-test-372,5,4,0.0,0.64,not uncertain
AmbiStory,blind,topk_wrong,AmbiStory-test-373,1,2,0.0,0.56,somewhat uncertain
AmbiStory,blind,topk_wrong,AmbiStory-test-374,5,5,0.0,0.24,somewhat uncertain
AmbiStory,blind,topk_wrong,AmbiStory-test-375,1,1,0.0,0.0,somewhat uncertain
AmbiStory,blind,topk_wrong,AmbiStory-test-376,5,5,0.9275,0.24,somewhat uncertain
AmbiStory,blind,topk_wrong,AmbiStory-test-377,2,2,0.1875,0.56,not uncertain
AmbiStory,blind,topk_wrong,AmbiStory-test-378,5,4,0.0,2.56,somewhat uncertain
AmbiStory,blind,topk_wrong,AmbiStory-test-379,1,1,0.0475,0.64,highly uncertain
AmbiStory,blind,topk_wrong,AmbiStory-test-380,5,1,0.0475,0.0,somewhat uncertain
AmbiStory,blind,topk_wrong,AmbiStory-test-381,5,5,0.0,0.24,highly uncertain
AmbiStory,blind,topk_wrong,AmbiStory-test-382,5,3,0.0,2.56,somewhat uncertain
AmbiStory,blind,topk_wrong,AmbiStory-test-383,5,4,0.0,0.24,highly uncertain
AmbiStory,blind,topk_wrong,AmbiStory-test-384,5,5,0.0,0.0,somewhat uncertain
AmbiStory,blind,topk_wrong,AmbiStory-test-385,1,1,0.0,0.16,not uncertain
AmbiStory,blind,topk_wrong,AmbiStory-test-386,5,3,0.0,2.16,somewhat uncertain
AmbiStory,blind,topk_wrong,AmbiStory-test-387,1,2,0.0,1.36,highly uncertain
AmbiStory,blind,topk_wrong,AmbiStory-test-388,5,4,0.0,0.96,not uncertain
AmbiStory,blind,topk_wrong,AmbiStory-test-389,1,2,0.0,1.6,not uncertain
AmbiStory,blind,topk_wrong,AmbiStory-test-390,5,5,0.0,0.1599999999999999,not uncertain
AmbiStory,blind,topk_wrong,AmbiStory-test-391,1,1,0.0,0.16,highly uncertain
AmbiStory,blind,topk_wrong,AmbiStory-test-392,5,4,1.44,0.64,somewhat uncertain
AmbiStory,blind,topk_wrong,AmbiStory-test-393,5,3,0.0,1.36,somewhat uncertain
AmbiStory,blind,topk_wrong,AmbiStory-test-394,5,4,0.0,2.24,not uncertain
AmbiStory,blind,topk_wrong,AmbiStory-test-395,1,2,0.0,0.8,highly uncertain
AmbiStory,blind,topk_wrong,AmbiStory-test-396,5,5,0.0,0.0,not uncertain
AmbiStory,blind,topk_wrong,AmbiStory-test-397,1,1,0.0,0.24,not uncertain
AmbiStory,blind,topk_wrong,AmbiStory-test-398,5,4,0.0,0.5599999999999999,not uncertain
AmbiStory,blind,topk_wrong,AmbiStory-test-399,5,3,0.0,0.1599999999999999,somewhat uncertain
AmbiStory,blind,topk_wrong,AmbiStory-test-400,5,5,0.0,0.1599999999999999,not uncertain
AmbiStory,blind,topk_wrong,AmbiStory-test-401,5,1,0.76,0.24,somewhat uncertain
AmbiStory,blind,topk_wrong,AmbiStory-test-402,5,4,2.0275000000000003,0.5599999999999999,somewhat uncertain
AmbiStory,blind,topk_wrong,AmbiStory-test-403,5,2,0.0,0.4,somewhat uncertain
AmbiStory,blind,topk_wrong,AmbiStory-test-404,4,4,1.2475,0.5599999999999999,somewhat uncertain
AmbiStory,blind,topk_wrong,AmbiStory-test-405,5,2,0.0,0.4,somewhat uncertain
AmbiStory,blind,topk_wrong,AmbiStory-test-406,4,4,2.6475,0.24,somewhat uncertain
AmbiStory,blind,topk_wrong,AmbiStory-test-407,5,2,0.0,1.36,somewhat uncertain
AmbiStory,blind,topk_wrong,AmbiStory-test-408,5,4,0.0,1.44,not uncertain
AmbiStory,blind,topk_wrong,AmbiStory-test-409,1,1,0.0,0.0,highly uncertain
AmbiStory,blind,topk_wrong,AmbiStory-test-410,5,4,0.0,1.36,not uncertain
AmbiStory,blind,topk_wrong,AmbiStory-test-411,5,2,0.0,1.04,somewhat uncertain
AmbiStory,blind,topk_wrong,AmbiStory-test-412,5,4,0.0,0.96,somewhat uncertain
AmbiStory,blind,topk_wrong,AmbiStory-test-413,1,1,0.0,0.64,not uncertain
AmbiStory,blind,topk_wrong,AmbiStory-test-414,5,5,0.0,0.0,not uncertain
AmbiStory,blind,topk_wrong,AmbiStory-test-415,1,1,0.0,0.24,not uncertain
AmbiStory,blind,topk_wrong,AmbiStory-test-416,5,5,0.0475,0.1599999999999999,somewhat uncertain
AmbiStory,blind,topk_wrong,AmbiStory-test-417,1,2,0.2274999999999999,0.64,not uncertain
AmbiStory,blind,topk_wrong,AmbiStory-test-418,5,5,0.0,0.1599999999999999,not uncertain
AmbiStory,blind,topk_wrong,AmbiStory-test-419,1,2,0.0475,2.24,not uncertain
AmbiStory,blind,topk_wrong,AmbiStory-test-420,5,3,0.09,2.2222222222222228,somewhat uncertain
AmbiStory,blind,topk_wrong,AmbiStory-test-421,1,3,0.0,1.4400000000000002,somewhat uncertain
AmbiStory,blind,topk_wrong,AmbiStory-test-422,5,3,0.0,2.24,somewhat uncertain
AmbiStory,blind,topk_wrong,AmbiStory-test-423,1,3,0.0,2.0,highly uncertain
AmbiStory,blind,topk_wrong,AmbiStory-test-424,5,3,0.0,0.4,somewhat uncertain
AmbiStory,blind,topk_wrong,AmbiStory-test-425,1,3,0.0,1.04,somewhat uncertain
AmbiStory,blind,topk_wrong,AmbiStory-test-426,5,3,0.0475,0.64,somewhat uncertain
AmbiStory,blind,topk_wrong,AmbiStory-test-427,5,3,0.25,1.36,not uncertain
AmbiStory,blind,topk_wrong,AmbiStory-test-428,5,4,0.0,0.6399999999999999,somewhat uncertain
AmbiStory,blind,topk_wrong,AmbiStory-test-429,5,2,1.1475000000000002,0.4,somewhat uncertain
AmbiStory,blind,topk_wrong,AmbiStory-test-430,5,4,0.0,1.6,somewhat uncertain
AmbiStory,blind,topk_wrong,AmbiStory-test-431,5,2,0.2274999999999999,0.16,somewhat uncertain
AmbiStory,blind,topk_wrong,AmbiStory-test-432,5,4,0.0475,1.44,somewhat uncertain
AmbiStory,blind,topk_wrong,AmbiStory-test-433,1,1,0.0475,0.24,somewhat uncertain
AmbiStory,blind,topk_wrong,AmbiStory-test-434,5,5,0.0,0.24,somewhat uncertain
AmbiStory,blind,topk_wrong,AmbiStory-test-435,1,1,0.0,0.64,somewhat uncertain
AmbiStory,blind,topk_wrong,AmbiStory-test-436,5,4,0.0,1.36,somewhat uncertain
AmbiStory,blind,topk_wrong,AmbiStory-test-437,1,1,0.0,0.0,somewhat uncertain
AmbiStory,blind,topk_wrong,AmbiStory-test-438,5,5,0.0,0.1599999999999999,somewhat uncertain
AmbiStory,blind,topk_wrong,AmbiStory-test-439,1,2,2.11,2.24,somewhat uncertain
AmbiStory,blind,topk_wrong,AmbiStory-test-440,4,3,0.1875,1.36,somewhat uncertain
AmbiStory,blind,topk_wrong,AmbiStory-test-441,5,3,2.4475,1.84,somewhat uncertain
AmbiStory,blind,topk_wrong,AmbiStory-test-442,4,4,0.3,0.5599999999999999,somewhat uncertain
AmbiStory,blind,topk_wrong,AmbiStory-test-443,1,3,1.5275,2.64,somewhat uncertain
AmbiStory,blind,topk_wrong,AmbiStory-test-444,5,4,0.0,1.36,somewhat uncertain
AmbiStory,blind,topk_wrong,AmbiStory-test-445,5,2,3.0475000000000003,1.36,not uncertain
AmbiStory,blind,topk_wrong,AmbiStory-test-446,5,3,0.0,1.36,somewhat uncertain
AmbiStory,blind,topk_wrong,AmbiStory-test-447,5,4,3.06,1.36,somewhat uncertain
AmbiStory,blind,topk_wrong,AmbiStory-test-448,5,4,0.7875,0.24,somewhat uncertain
AmbiStory,blind,topk_wrong,AmbiStory-test-449,5,2,3.7275,0.8,not uncertain
AmbiStory,blind,topk_wrong,AmbiStory-test-450,5,4,0.2475,0.5599999999999999,somewhat uncertain
AmbiStory,blind,topk_wrong,AmbiStory-test-451,1,2,0.0,0.9600000000000002,highly uncertain
AmbiStory,blind,topk_wrong,AmbiStory-test-452,5,2,0.25,0.24,somewhat uncertain
AmbiStory,blind,topk_wrong,AmbiStory-test-453,5,5,0.0,0.1599999999999999,somewhat uncertain
AmbiStory,blind,topk_wrong,AmbiStory-test-454,5,3,0.1599999999999999,2.24,somewhat uncertain
AmbiStory,blind,topk_wrong,AmbiStory-test-455,1,3,0.0,0.64,somewhat uncertain
AmbiStory,blind,topk_wrong,AmbiStory-test-456,4,4,0.3275,1.36,somewhat uncertain
AmbiStory,blind,topk_wrong,AmbiStory-test-457,1,3,0.0,1.04,somewhat uncertain
AmbiStory,blind,topk_wrong,AmbiStory-test-458,5,3,2.9400000000000004,1.36,somewhat uncertain
AmbiStory,blind,topk_wrong,AmbiStory-test-459,5,4,0.76,0.4,somewhat uncertain
AmbiStory,blind,topk_wrong,AmbiStory-test-460,3,3,1.41,1.7600000000000002,highly uncertain
AmbiStory,blind,topk_wrong,AmbiStory-test-461,1,3,0.0475,1.5555555555555556,somewhat uncertain
AmbiStory,blind,topk_wrong,AmbiStory-test-462,5,2,0.2475,3.04,not uncertain
AmbiStory,blind,topk_wrong,AmbiStory-test-463,5,5,0.0,0.0,somewhat uncertain
AmbiStory,blind,topk_wrong,AmbiStory-test-464,4,2,0.21,0.8,somewhat uncertain
AmbiStory,blind,topk_wrong,AmbiStory-test-465,5,5,0.0,0.6399999999999999,somewhat uncertain
AmbiStory,blind,topk_wrong,AmbiStory-test-466,4,3,0.25,0.8,somewhat uncertain
AmbiStory,blind,topk_wrong,AmbiStory-test-467,5,3,0.0475,1.84,somewhat uncertain
AmbiStory,blind,topk_wrong,AmbiStory-test-468,5,5,0.0,0.1599999999999999,somewhat uncertain
AmbiStory,blind,topk_wrong,AmbiStory-test-469,5,5,0.0,0.1599999999999999,not uncertain
AmbiStory,blind,topk_wrong,AmbiStory-test-470,5,5,0.0,0.6399999999999999,somewhat uncertain
AmbiStory,blind,topk_wrong,AmbiStory-test-471,5,4,0.0,1.36,not uncertain
AmbiStory,blind,topk_wrong,AmbiStory-test-472,5,4,0.0,1.0400000000000005,somewhat uncertain
AmbiStory,blind,topk_wrong,AmbiStory-test-473,5,4,0.0,1.44,not uncertain
AmbiStory,blind,topk_wrong,AmbiStory-test-474,5,5,0.0,0.0,not uncertain
AmbiStory,blind,topk_wrong,AmbiStory-test-475,4,3,0.9275,2.64,highly uncertain
AmbiStory,blind,topk_wrong,AmbiStory-test-476,5,4,0.0,0.64,somewhat uncertain
AmbiStory,blind,topk_wrong,AmbiStory-test-477,4,3,0.24,2.16,somewhat uncertain
AmbiStory,blind,topk_wrong,AmbiStory-test-478,5,4,0.0,0.5599999999999999,somewhat uncertain
AmbiStory,blind,topk_wrong,AmbiStory-test-479,4,3,0.3275,2.0,somewhat uncertain
AmbiStory,blind,topk_wrong,AmbiStory-test-480,5,5,0.1275,0.0,somewhat uncertain
AmbiStory,blind,topk_wrong,AmbiStory-test-481,1,2,0.0,0.64,highly uncertain
AmbiStory,blind,topk_wrong,AmbiStory-test-482,3,2,0.7474999999999999,2.1600000000000006,somewhat uncertain
AmbiStory,blind,topk_wrong,AmbiStory-test-483,5,4,0.0,0.5599999999999999,somewhat uncertain
AmbiStory,blind,topk_wrong,AmbiStory-test-484,4,4,0.21,1.36,somewhat uncertain
AmbiStory,blind,topk_wrong,AmbiStory-test-485,2,3,0.4474999999999999,1.84,somewhat uncertain
AmbiStory,blind,topk_wrong,AmbiStory-test-486,1,2,0.09,0.64,highly uncertain
AmbiStory,blind,topk_wrong,AmbiStory-test-487,5,4,0.0,0.8,not uncertain
AmbiStory,blind,topk_wrong,AmbiStory-test-488,1,1,0.0475,0.0,highly uncertain
AmbiStory,blind,topk_wrong,AmbiStory-test-489,5,5,0.0,0.0,not uncertain
AmbiStory,blind,topk_wrong,AmbiStory-test-490,1,1,0.0,0.24,highly uncertain
AmbiStory,blind,topk_wrong,AmbiStory-test-491,5,5,0.0,0.1599999999999999,somewhat uncertain
AmbiStory,blind,topk_wrong,AmbiStory-test-492,5,5,0.0,0.0,somewhat uncertain
AmbiStory,blind,topk_wrong,AmbiStory-test-493,1,3,0.45,2.64,somewhat uncertain
AmbiStory,blind,topk_wrong,AmbiStory-test-494,5,4,0.0,2.56,somewhat uncertain
AmbiStory,blind,topk_wrong,AmbiStory-test-495,1,3,1.26,1.7600000000000002,somewhat uncertain
AmbiStory,blind,topk_wrong,AmbiStory-test-496,5,4,0.0,1.36,somewhat uncertain
AmbiStory,blind,topk_wrong,AmbiStory-test-497,1,2,0.21,0.56,somewhat uncertain
AmbiStory,blind,topk_wrong,AmbiStory-test-498,1,4,0.4275,0.5599999999999999,highly uncertain
AmbiStory,blind,topk_wrong,AmbiStory-test-499,5,2,0.0,1.2,somewhat uncertain
AmbiStory,blind,topk_wrong,AmbiStory-test-500,1,1,0.09,0.24,highly uncertain
AmbiStory,blind,topk_wrong,AmbiStory-test-501,5,4,0.0,0.96,not uncertain
AmbiStory,blind,topk_wrong,AmbiStory-test-502,1,3,0.0,1.0400000000000005,highly uncertain
AmbiStory,blind,topk_wrong,AmbiStory-test-503,5,3,0.0,1.8400000000000003,not uncertain
AmbiStory,blind,topk_wrong,AmbiStory-test-504,5,5,0.0,0.6399999999999999,not uncertain
AmbiStory,blind,topk_wrong,AmbiStory-test-505,1,1,0.0,0.0,not uncertain
AmbiStory,blind,topk_wrong,AmbiStory-test-506,3,3,0.35,1.0400000000000005,highly uncertain
AmbiStory,blind,topk_wrong,AmbiStory-test-507,5,3,0.0,1.6,highly uncertain
AmbiStory,blind,topk_wrong,AmbiStory-test-508,5,3,0.0,1.36,somewhat uncertain
AmbiStory,blind,topk_wrong,AmbiStory-test-509,5,2,1.4475,2.2222222222222223,not uncertain
AmbiStory,blind,topk_wrong,AmbiStory-test-510,5,3,0.8474999999999999,1.36,somewhat uncertain
AmbiStory,blind,topk_wrong,AmbiStory-test-511,5,2,0.2274999999999999,0.96,somewhat uncertain
AmbiStory,blind,topk_wrong,AmbiStory-test-512,1,2,0.8475000000000001,1.8400000000000003,not uncertain
AmbiStory,blind,topk_wrong,AmbiStory-test-513,5,4,0.0,0.6399999999999999,not uncertain
AmbiStory,blind,topk_wrong,AmbiStory-test-514,4,3,2.3400000000000003,0.64,somewhat uncertain
AmbiStory,blind,topk_wrong,AmbiStory-test-515,5,4,0.0,0.5599999999999999,not uncertain
AmbiStory,blind,topk_wrong,AmbiStory-test-516,5,4,0.0475,1.44,not uncertain
AmbiStory,blind,topk_wrong,AmbiStory-test-517,1,2,0.41,1.36,highly uncertain
AmbiStory,blind,topk_wrong,AmbiStory-test-518,1,2,0.0,2.4,not uncertain
AmbiStory,blind,topk_wrong,AmbiStory-test-519,5,5,0.0,0.0,somewhat uncertain
AmbiStory,blind,topk_wrong,AmbiStory-test-520,1,2,0.0,0.56,not uncertain
AmbiStory,blind,topk_wrong,AmbiStory-test-521,1,3,0.75,1.84,highly uncertain
AmbiStory,blind,topk_wrong,AmbiStory-test-522,2,2,0.9275,1.36,somewhat uncertain
AmbiStory,blind,topk_wrong,AmbiStory-test-523,5,5,0.0,0.24,somewhat uncertain
AmbiStory,blind,topk_wrong,AmbiStory-test-524,1,2,0.0,1.4400000000000002,not uncertain
AmbiStory,blind,topk_wrong,AmbiStory-test-525,5,5,0.0,0.1599999999999999,somewhat uncertain
AmbiStory,blind,topk_wrong,AmbiStory-test-526,2,1,0.2274999999999999,0.16,not uncertain
AmbiStory,blind,topk_wrong,AmbiStory-test-527,5,4,0.0,0.64,not uncertain
AmbiStory,blind,topk_wrong,AmbiStory-test-528,4,3,0.21,0.8,not uncertain
AmbiStory,blind,topk_wrong,AmbiStory-test-529,5,4,0.8275,0.1599999999999999,highly uncertain
AmbiStory,blind,topk_wrong,AmbiStory-test-530,1,1,0.21,0.24,not uncertain
AmbiStory,blind,topk_wrong,AmbiStory-test-531,5,5,0.0,0.24,not uncertain
AmbiStory,blind,topk_wrong,AmbiStory-test-532,4,3,0.55,0.24,somewhat uncertain
AmbiStory,blind,topk_wrong,AmbiStory-test-533,5,3,0.0,0.0,somewhat uncertain
AmbiStory,blind,topk_wrong,AmbiStory-test-534,5,5,0.0475,0.1599999999999999,somewhat uncertain
AmbiStory,blind,topk_wrong,AmbiStory-test-535,5,5,0.0475,0.1599999999999999,somewhat uncertain
AmbiStory,blind,topk_wrong,AmbiStory-test-536,4,5,0.24,0.24,somewhat uncertain
AmbiStory,blind,topk_wrong,AmbiStory-test-537,5,5,0.0,0.0,somewhat uncertain
AmbiStory,blind,topk_wrong,AmbiStory-test-538,5,5,0.0475,0.0,somewhat uncertain
AmbiStory,blind,topk_wrong,AmbiStory-test-539,5,5,0.0,0.0,somewhat uncertain
AmbiStory,blind,topk_wrong,AmbiStory-test-540,1,3,1.4875,1.7600000000000002,highly uncertain
AmbiStory,blind,topk_wrong,AmbiStory-test-541,5,4,0.0,2.16,somewhat uncertain
AmbiStory,blind,topk_wrong,AmbiStory-test-542,1,3,0.0,1.84,somewhat uncertain
AmbiStory,blind,topk_wrong,AmbiStory-test-543,5,5,0.0,0.0,not uncertain
AmbiStory,blind,topk_wrong,AmbiStory-test-544,1,4,0.4599999999999999,1.44,somewhat uncertain
AmbiStory,blind,topk_wrong,AmbiStory-test-545,5,5,0.0,0.0,not uncertain
AmbiStory,blind,topk_wrong,AmbiStory-test-546,4,3,0.2475,1.36,somewhat uncertain
AmbiStory,blind,topk_wrong,AmbiStory-test-547,4,3,1.9275,0.96,somewhat uncertain
AmbiStory,blind,topk_wrong,AmbiStory-test-548,1,2,0.0,0.64,not uncertain
AmbiStory,blind,topk_wrong,AmbiStory-test-549,5,4,0.0,0.8,somewhat uncertain
AmbiStory,blind,topk_wrong,AmbiStory-test-550,1,2,0.09,0.56,not uncertain
AmbiStory,blind,topk_wrong,AmbiStory-test-551,5,4,0.0,0.5599999999999999,somewhat uncertain
AmbiStory,blind,topk_wrong,AmbiStory-test-552,1,1,0.0,0.0,not uncertain
AmbiStory,blind,topk_wrong,AmbiStory-test-553,5,3,0.0,1.04,not uncertain
AmbiStory,blind,topk_wrong,AmbiStory-test-554,1,2,0.0,1.8400000000000003,not uncertain
AmbiStory,blind,topk_wrong,AmbiStory-test-555,5,3,0.0,0.96,somewhat uncertain
AmbiStory,blind,topk_wrong,AmbiStory-test-556,1,1,0.0,0.24,not uncertain
AmbiStory,blind,topk_wrong,AmbiStory-test-557,5,4,0.0,2.24,not uncertain
AmbiStory,blind,topk_wrong,AmbiStory-test-558,5,5,0.0,0.0,somewhat uncertain
AmbiStory,blind,topk_wrong,AmbiStory-test-559,2,2,1.0275,2.4,somewhat uncertain
AmbiStory,blind,topk_wrong,AmbiStory-test-560,1,1,0.0,0.16,somewhat uncertain
AmbiStory,blind,topk_wrong,AmbiStory-test-561,5,4,0.0,0.64,somewhat uncertain
AmbiStory,blind,topk_wrong,AmbiStory-test-562,1,2,0.1275,0.5599999999999999,not uncertain
AmbiStory,blind,topk_wrong,AmbiStory-test-563,5,4,0.0,0.24,somewhat uncertain
AmbiStory,blind,topk_wrong,AmbiStory-test-564,5,4,0.0,1.0400000000000005,not uncertain
AmbiStory,blind,topk_wrong,AmbiStory-test-565,5,4,0.7275,0.5599999999999999,highly uncertain
AmbiStory,blind,topk_wrong,AmbiStory-test-566,5,3,0.0475,0.5599999999999999,somewhat uncertain
AmbiStory,blind,topk_wrong,AmbiStory-test-567,5,4,0.0,2.16,somewhat uncertain
AmbiStory,blind,topk_wrong,AmbiStory-test-568,4,3,0.25,1.04,somewhat uncertain
AmbiStory,blind,topk_wrong,AmbiStory-test-569,5,4,0.0,0.96,somewhat uncertain
AmbiStory,blind,topk_wrong,AmbiStory-test-570,5,5,0.09,0.24,somewhat uncertain
AmbiStory,blind,topk_wrong,AmbiStory-test-571,1,1,0.6275000000000001,0.16,not uncertain
AmbiStory,blind,topk_wrong,AmbiStory-test-572,4,3,0.3875,0.64,somewhat uncertain
AmbiStory,blind,topk_wrong,AmbiStory-test-573,5,4,0.3475,3.04,highly uncertain
AmbiStory,blind,topk_wrong,AmbiStory-test-574,5,4,0.0475,2.16,somewhat uncertain
AmbiStory,blind,topk_wrong,AmbiStory-test-575,4,2,1.2475,0.5555555555555555,highly uncertain
AmbiStory,blind,topk_wrong,AmbiStory-test-576,5,5,0.7875,0.1599999999999999,not uncertain
AmbiStory,blind,topk_wrong,AmbiStory-test-577,5,4,0.76,1.2,highly uncertain
AmbiStory,blind,topk_wrong,AmbiStory-test-578,1,1,0.0,0.24,somewhat uncertain
AmbiStory,blind,topk_wrong,AmbiStory-test-579,5,5,0.0,0.0,somewhat uncertain
AmbiStory,blind,topk_wrong,AmbiStory-test-580,5,1,2.8275,0.24,somewhat uncertain
AmbiStory,blind,topk_wrong,AmbiStory-test-581,5,5,0.0,0.1599999999999999,somewhat uncertain
AmbiStory,blind,topk_wrong,AmbiStory-test-582,5,3,0.0,0.4,somewhat uncertain
AmbiStory,blind,topk_wrong,AmbiStory-test-583,1,2,0.25,1.4400000000000002,highly uncertain
AmbiStory,blind,topk_wrong,AmbiStory-test-584,4,2,0.25,0.8,somewhat uncertain
AmbiStory,blind,topk_wrong,AmbiStory-test-585,5,3,0.1875,0.96,somewhat uncertain
AmbiStory,blind,topk_wrong,AmbiStory-test-586,5,3,0.0,1.2,not uncertain
AmbiStory,blind,topk_wrong,AmbiStory-test-587,2,2,0.25,0.64,not uncertain
AmbiStory,blind,topk_wrong,AmbiStory-test-588,1,2,2.31,0.5599999999999999,somewhat uncertain
AmbiStory,blind,topk_wrong,AmbiStory-test-589,5,4,0.09,1.36,not uncertain
AmbiStory,blind,topk_wrong,AmbiStory-test-590,1,4,0.16,1.84,somewhat uncertain
AmbiStory,blind,topk_wrong,AmbiStory-test-591,5,5,0.0,0.24,somewhat uncertain
AmbiStory,blind,topk_wrong,AmbiStory-test-592,4,3,2.46,2.56,not uncertain
AmbiStory,blind,topk_wrong,AmbiStory-test-593,5,5,0.0,0.1599999999999999,not uncertain
AmbiStory,blind,topk_wrong,AmbiStory-test-594,1,2,0.1275,0.64,highly uncertain
AmbiStory,blind,topk_wrong,AmbiStory-test-595,4,4,0.24,2.4,somewhat uncertain
AmbiStory,blind,topk_wrong,AmbiStory-test-596,1,1,0.2274999999999999,0.24,somewhat uncertain
AmbiStory,blind,topk_wrong,AmbiStory-test-597,5,3,0.0,2.0,somewhat uncertain
AmbiStory,blind,topk_wrong,AmbiStory-test-598,1,2,0.0,0.24,highly uncertain
AmbiStory,blind,topk_wrong,AmbiStory-test-599,4,5,0.2274999999999999,0.6399999999999999,somewhat uncertain
AmbiStory,blind,topk_wrong,AmbiStory-test-600,5,5,0.0,0.1599999999999999,not uncertain
AmbiStory,blind,topk_wrong,AmbiStory-test-601,1,2,0.0,0.56,highly uncertain
AmbiStory,blind,topk_wrong,AmbiStory-test-602,5,5,0.8099999999999999,0.0,not uncertain
AmbiStory,blind,topk_wrong,AmbiStory-test-603,1,3,1.1475000000000002,2.2222222222222223,somewhat uncertain
AmbiStory,blind,topk_wrong,AmbiStory-test-604,5,4,0.0,0.24,somewhat uncertain
AmbiStory,blind,topk_wrong,AmbiStory-test-605,1,2,0.0,0.24,highly uncertain
AmbiStory,blind,topk_wrong,AmbiStory-test-606,1,3,3.0475000000000003,2.56,highly uncertain
AmbiStory,blind,topk_wrong,AmbiStory-test-607,5,3,0.0,1.8400000000000003,highly uncertain
AmbiStory,blind,topk_wrong,AmbiStory-test-608,1,1,0.0,0.0,not uncertain
AmbiStory,blind,topk_wrong,AmbiStory-test-609,5,5,0.0,0.1599999999999999,not uncertain
AmbiStory,blind,topk_wrong,AmbiStory-test-610,1,1,0.0,0.24,not uncertain
AmbiStory,blind,topk_wrong,AmbiStory-test-611,5,4,0.0,1.36,not uncertain
AmbiStory,blind,topk_wrong,AmbiStory-test-612,5,5,0.0475,0.0,highly uncertain
AmbiStory,blind,topk_wrong,AmbiStory-test-613,4,2,0.5900000000000001,2.16,somewhat uncertain
AmbiStory,blind,topk_wrong,AmbiStory-test-614,1,1,0.0,0.0,highly uncertain
AmbiStory,blind,topk_wrong,AmbiStory-test-615,5,5,0.0,0.24,not uncertain
AmbiStory,blind,topk_wrong,AmbiStory-test-616,1,2,0.0,0.64,not uncertain
AmbiStory,blind,topk_wrong,AmbiStory-test-617,5,5,0.0,0.24,somewhat uncertain
AmbiStory,blind,topk_wrong,AmbiStory-test-618,5,4,0.09,2.24,somewhat uncertain
AmbiStory,blind,topk_wrong,AmbiStory-test-619,5,3,0.0,3.3599999999999994,highly uncertain
AmbiStory,blind,topk_wrong,AmbiStory-test-620,1,2,0.0,0.24,not uncertain
AmbiStory,blind,topk_wrong,AmbiStory-test-621,5,5,0.0,0.24,not uncertain
AmbiStory,blind,topk_wrong,AmbiStory-test-622,1,2,0.0,1.04,highly uncertain
AmbiStory,blind,topk_wrong,AmbiStory-test-623,5,5,0.0,0.0,not uncertain
AmbiStory,blind,topk_wrong,AmbiStory-test-624,1,1,0.2274999999999999,0.64,highly uncertain
AmbiStory,blind,topk_wrong,AmbiStory-test-625,5,3,0.0,2.56,somewhat uncertain
AmbiStory,blind,topk_wrong,AmbiStory-test-626,1,2,0.0,2.24,somewhat uncertain
AmbiStory,blind,topk_wrong,AmbiStory-test-627,5,4,0.0,0.24,not uncertain
AmbiStory,blind,topk_wrong,AmbiStory-test-628,1,3,0.09,0.64,highly uncertain
AmbiStory,blind,topk_wrong,AmbiStory-test-629,5,5,0.0,0.24,not uncertain
AmbiStory,blind,topk_wrong,AmbiStory-test-630,5,5,0.0,0.0,not uncertain
AmbiStory,blind,topk_wrong,AmbiStory-test-631,1,1,0.0,0.24,not uncertain
AmbiStory,blind,topk_wrong,AmbiStory-test-632,5,5,0.0,0.0,not uncertain
AmbiStory,blind,topk_wrong,AmbiStory-test-633,1,1,0.0,0.0,highly uncertain
AmbiStory,blind,topk_wrong,AmbiStory-test-634,5,5,0.4275,0.0,somewhat uncertain
AmbiStory,blind,topk_wrong,AmbiStory-test-635,1,2,0.0,0.24,not uncertain
AmbiStory,blind,topk_wrong,AmbiStory-test-636,5,4,0.0,0.5599999999999999,highly uncertain
AmbiStory,blind,topk_wrong,AmbiStory-test-637,1,2,1.44,1.2,not uncertain
AmbiStory,blind,topk_wrong,AmbiStory-test-638,5,3,0.0,1.84,highly uncertain
AmbiStory,blind,topk_wrong,AmbiStory-test-639,5,3,0.0,2.64,somewhat uncertain
AmbiStory,blind,topk_wrong,AmbiStory-test-640,5,3,0.0,1.4400000000000002,highly uncertain
AmbiStory,blind,topk_wrong,AmbiStory-test-641,5,2,0.7875,2.1600000000000006,highly uncertain
AmbiStory,blind,topk_wrong,AmbiStory-test-642,5,5,0.0,0.0,not uncertain
AmbiStory,blind,topk_wrong,AmbiStory-test-643,1,2,0.0,0.64,not uncertain
AmbiStory,blind,topk_wrong,AmbiStory-test-644,5,5,0.0,0.24,somewhat uncertain
AmbiStory,blind,topk_wrong,AmbiStory-test-645,1,1,0.0,0.6400000000000002,somewhat uncertain
AmbiStory,blind,topk_wrong,AmbiStory-test-646,5,5,0.0,0.0,somewhat uncertain
AmbiStory,blind,topk_wrong,AmbiStory-test-647,1,1,0.0,0.16,somewhat uncertain
AmbiStory,blind,topk_wrong,AmbiStory-test-648,1,2,0.16,0.96,somewhat uncertain
AmbiStory,blind,topk_wrong,AmbiStory-test-649,5,4,0.0,1.6,somewhat uncertain
AmbiStory,blind,topk_wrong,AmbiStory-test-650,1,1,0.16,0.16,somewhat uncertain
AmbiStory,blind,topk_wrong,AmbiStory-test-651,5,5,0.0,0.0,somewhat uncertain
AmbiStory,blind,topk_wrong,AmbiStory-test-652,1,3,0.0,1.6,not uncertain
AmbiStory,blind,topk_wrong,AmbiStory-test-653,5,5,0.0,0.24,not uncertain
AmbiStory,blind,topk_wrong,AmbiStory-test-654,5,5,0.0,0.24,not uncertain
AmbiStory,blind,topk_wrong,AmbiStory-test-655,1,2,0.0,0.64,somewhat uncertain
AmbiStory,blind,topk_wrong,AmbiStory-test-656,5,3,0.0,1.6,somewhat uncertain
AmbiStory,blind,topk_wrong,AmbiStory-test-657,4,3,1.3475,2.64,highly uncertain
AmbiStory,blind,topk_wrong,AmbiStory-test-658,5,4,0.0,1.36,not uncertain
AmbiStory,blind,topk_wrong,AmbiStory-test-659,1,4,0.0,0.5599999999999999,highly uncertain
AmbiStory,blind,topk_wrong,AmbiStory-test-660,5,5,0.0475,0.0,not uncertain
AmbiStory,blind,topk_wrong,AmbiStory-test-661,1,2,0.31,0.56,not uncertain
AmbiStory,blind,topk_wrong,AmbiStory-test-662,5,4,0.1275,1.2,somewhat uncertain
AmbiStory,blind,topk_wrong,AmbiStory-test-663,1,4,0.54,1.6,not uncertain
AmbiStory,blind,topk_wrong,AmbiStory-test-664,5,4,0.7875,0.8,not uncertain
AmbiStory,blind,topk_wrong,AmbiStory-test-665,1,3,0.2274999999999999,0.4,not uncertain
AmbiStory,blind,topk_wrong,AmbiStory-test-666,5,5,0.0,0.6399999999999999,not uncertain
AmbiStory,blind,topk_wrong,AmbiStory-test-667,1,2,0.0475,2.16,not uncertain
AmbiStory,blind,topk_wrong,AmbiStory-test-668,5,4,0.0,0.64,not uncertain
AmbiStory,blind,topk_wrong,AmbiStory-test-669,5,2,0.0,1.8400000000000003,not uncertain
AmbiStory,blind,topk_wrong,AmbiStory-test-670,5,5,0.0,0.1599999999999999,not uncertain
AmbiStory,blind,topk_wrong,AmbiStory-test-671,1,1,0.2475,0.0,not uncertain
AmbiStory,blind,topk_wrong,AmbiStory-test-672,5,5,0.0,0.6399999999999999,somewhat uncertain
AmbiStory,blind,topk_wrong,AmbiStory-test-673,5,4,0.0,2.4,somewhat uncertain
AmbiStory,blind,topk_wrong,AmbiStory-test-674,5,5,0.0475,0.1599999999999999,somewhat uncertain
AmbiStory,blind,topk_wrong,AmbiStory-test-675,5,5,0.0,0.1599999999999999,not uncertain
AmbiStory,blind,topk_wrong,AmbiStory-test-676,5,5,0.0,0.1599999999999999,not uncertain
AmbiStory,blind,topk_wrong,AmbiStory-test-677,5,5,0.0,0.0,not uncertain
AmbiStory,blind,topk_wrong,AmbiStory-test-678,5,3,0.0,1.4400000000000002,somewhat uncertain
AmbiStory,blind,topk_wrong,AmbiStory-test-679,5,3,0.1275,1.36,not uncertain
AmbiStory,blind,topk_wrong,AmbiStory-test-680,5,1,0.8400000000000001,0.2222222222222222,somewhat uncertain
AmbiStory,blind,topk_wrong,AmbiStory-test-681,5,3,0.0,3.8400000000000007,somewhat uncertain
AmbiStory,blind,topk_wrong,AmbiStory-test-682,5,3,0.0,0.96,not uncertain
AmbiStory,blind,topk_wrong,AmbiStory-test-683,5,3,0.0,0.1599999999999999,somewhat uncertain
AmbiStory,blind,topk_wrong,AmbiStory-test-684,1,2,1.25,1.2,not uncertain
AmbiStory,blind,topk_wrong,AmbiStory-test-685,5,4,0.0,0.96,not uncertain
AmbiStory,blind,topk_wrong,AmbiStory-test-686,1,4,2.5475000000000003,0.24,not uncertain
AmbiStory,blind,topk_wrong,AmbiStory-test-687,5,3,0.0,1.84,somewhat uncertain
AmbiStory,blind,topk_wrong,AmbiStory-test-688,1,2,1.4275,1.0400000000000005,highly uncertain
AmbiStory,blind,topk_wrong,AmbiStory-test-689,5,3,0.0,1.0400000000000005,not uncertain
AmbiStory,blind,topk_wrong,AmbiStory-test-690,5,3,0.0475,0.8,somewhat uncertain
AmbiStory,blind,topk_wrong,AmbiStory-test-691,5,4,0.1275,0.96,highly uncertain
AmbiStory,blind,topk_wrong,AmbiStory-test-692,1,2,0.6475000000000001,0.64,highly uncertain
AmbiStory,blind,topk_wrong,AmbiStory-test-693,5,5,0.0,0.0,somewhat uncertain
AmbiStory,blind,topk_wrong,AmbiStory-test-694,1,3,2.39,1.36,somewhat uncertain
AmbiStory,blind,topk_wrong,AmbiStory-test-695,5,3,0.76,2.24,somewhat uncertain
AmbiStory,blind,topk_wrong,AmbiStory-test-696,4,1,1.6275,0.24,somewhat uncertain
AmbiStory,blind,topk_wrong,AmbiStory-test-697,5,2,0.0,0.4,somewhat uncertain
AmbiStory,blind,topk_wrong,AmbiStory-test-698,4,3,2.3275,1.7600000000000002,somewhat uncertain
AmbiStory,blind,topk_wrong,AmbiStory-test-699,5,4,0.0,1.6,somewhat uncertain
AmbiStory,blind,topk_wrong,AmbiStory-test-700,1,3,0.6275000000000001,2.56,not uncertain
AmbiStory,blind,topk_wrong,AmbiStory-test-701,5,2,0.0,0.56,somewhat uncertain
AmbiStory,blind,topk_wrong,AmbiStory-test-702,2,2,1.6275,0.64,somewhat uncertain
AmbiStory,blind,topk_wrong,AmbiStory-test-703,5,2,2.2275,1.8400000000000003,somewhat uncertain
AmbiStory,blind,topk_wrong,AmbiStory-test-704,5,4,0.21,1.36,somewhat uncertain
AmbiStory,blind,topk_wrong,AmbiStory-test-705,5,4,0.09,0.8,somewhat uncertain
AmbiStory,blind,topk_wrong,AmbiStory-test-706,3,3,1.0275,1.04,highly uncertain
AmbiStory,blind,topk_wrong,AmbiStory-test-707,5,3,0.0475,1.84,somewhat uncertain
AmbiStory,blind,topk_wrong,AmbiStory-test-708,5,4,0.0,1.36,somewhat uncertain
AmbiStory,blind,topk_wrong,AmbiStory-test-709,1,2,0.0,2.1600000000000006,not uncertain
AmbiStory,blind,topk_wrong,AmbiStory-test-710,5,2,1.99,0.24,highly uncertain
AmbiStory,blind,topk_wrong,AmbiStory-test-711,1,4,0.0475,1.36,somewhat uncertain
AmbiStory,blind,topk_wrong,AmbiStory-test-712,5,3,0.0,1.2,somewhat uncertain
AmbiStory,blind,topk_wrong,AmbiStory-test-713,1,3,0.0,1.04,highly uncertain
AmbiStory,blind,topk_wrong,AmbiStory-test-714,5,4,0.09,0.5599999999999999,not uncertain
AmbiStory,blind,topk_wrong,AmbiStory-test-715,5,3,0.0,1.84,somewhat uncertain
AmbiStory,blind,topk_wrong,AmbiStory-test-716,1,3,1.61,2.56,not uncertain
AmbiStory,blind,topk_wrong,AmbiStory-test-717,5,3,0.7875,2.56,somewhat uncertain
AmbiStory,blind,topk_wrong,AmbiStory-test-718,1,3,0.94,1.6,somewhat uncertain
AmbiStory,blind,topk_wrong,AmbiStory-test-719,5,2,0.0475,0.96,somewhat uncertain
AmbiStory,blind,topk_wrong,AmbiStory-test-720,5,4,0.2475,1.04,not uncertain
AmbiStory,blind,topk_wrong,AmbiStory-test-721,5,3,0.0,1.2,somewhat uncertain
AmbiStory,blind,topk_wrong,AmbiStory-test-722,4,5,0.2274999999999999,0.24,somewhat uncertain
AmbiStory,blind,topk_wrong,AmbiStory-test-723,5,3,0.0,1.84,somewhat uncertain
AmbiStory,blind,topk_wrong,AmbiStory-test-724,5,4,0.2475,2.16,somewhat uncertain
AmbiStory,blind,topk_wrong,AmbiStory-test-725,5,3,0.0,1.7600000000000002,somewhat uncertain
AmbiStory,blind,topk_wrong,AmbiStory-test-726,5,5,0.0475,0.0,somewhat uncertain
AmbiStory,blind,topk_wrong,AmbiStory-test-727,2,2,0.0475,2.16,highly uncertain
AmbiStory,blind,topk_wrong,AmbiStory-test-728,1,2,0.1275,1.8400000000000003,highly uncertain
AmbiStory,blind,topk_wrong,AmbiStory-test-729,5,4,0.0,1.0400000000000005,highly uncertain
AmbiStory,blind,topk_wrong,AmbiStory-test-730,4,4,0.24,0.5599999999999999,somewhat uncertain
AmbiStory,blind,topk_wrong,AmbiStory-test-731,4,2,0.86,0.9600000000000002,highly uncertain
AmbiStory,blind,topk_wrong,AmbiStory-test-732,5,4,0.0,1.36,somewhat uncertain
AmbiStory,blind,topk_wrong,AmbiStory-test-733,2,2,0.3475,0.96,somewhat uncertain
AmbiStory,blind,topk_wrong,AmbiStory-test-734,5,3,1.21,2.64,somewhat uncertain
AmbiStory,blind,topk_wrong,AmbiStory-test-735,5,4,0.1275,1.84,somewhat uncertain
AmbiStory,blind,topk_wrong,AmbiStory-test-736,5,3,0.09,2.0,somewhat uncertain
AmbiStory,blind,topk_wrong,AmbiStory-test-737,1,4,0.7474999999999999,0.1599999999999999,somewhat uncertain
AmbiStory,blind,topk_wrong,AmbiStory-test-738,5,5,0.0,0.0,somewhat uncertain
AmbiStory,blind,topk_wrong,AmbiStory-test-739,1,1,0.09,0.16,not uncertain
AmbiStory,blind,topk_wrong,AmbiStory-test-740,1,2,3.49,0.64,highly uncertain
AmbiStory,blind,topk_wrong,AmbiStory-test-741,5,5,0.0,0.0,highly uncertain
AmbiStory,blind,topk_wrong,AmbiStory-test-742,5,4,0.0,0.8,somewhat uncertain
AmbiStory,blind,topk_wrong,AmbiStory-test-743,4,2,2.8275,0.4,somewhat uncertain
AmbiStory,blind,topk_wrong,AmbiStory-test-744,5,5,0.0,0.0,not uncertain
AmbiStory,blind,topk_wrong,AmbiStory-test-745,1,1,0.0,0.16,highly uncertain
AmbiStory,blind,topk_wrong,AmbiStory-test-746,5,5,0.0,0.0,not uncertain
AmbiStory,blind,topk_wrong,AmbiStory-test-747,1,1,0.0,0.0,not uncertain
AmbiStory,blind,topk_wrong,AmbiStory-test-748,5,5,0.0,0.24,not uncertain
AmbiStory,blind,topk_wrong,AmbiStory-test-749,1,1,0.0,0.16,not uncertain
AmbiStory,blind,topk_wrong,AmbiStory-test-750,1,2,0.0,0.96,highly uncertain
AmbiStory,blind,topk_wrong,AmbiStory-test-751,5,4,0.0,0.96,somewhat uncertain
AmbiStory,blind,topk_wrong,AmbiStory-test-752,1,1,0.0,0.0,not uncertain
AmbiStory,blind,topk_wrong,AmbiStory-test-753,5,5,0.0,0.0,not uncertain
AmbiStory,blind,topk_wrong,AmbiStory-test-754,1,2,0.0,1.2,highly uncertain
AmbiStory,blind,topk_wrong,AmbiStory-test-755,5,4,0.0,0.6399999999999999,somewhat uncertain
AmbiStory,blind,topk_wrong,AmbiStory-test-756,5,5,0.0,0.24,not uncertain
AmbiStory,blind,topk_wrong,AmbiStory-test-757,1,1,0.0,0.16,not uncertain
AmbiStory,blind,topk_wrong,AmbiStory-test-758,1,1,0.4475,0.24,highly uncertain
AmbiStory,blind,topk_wrong,AmbiStory-test-759,5,5,0.0,0.24,somewhat uncertain
AmbiStory,blind,topk_wrong,AmbiStory-test-760,5,2,0.1275,0.4,somewhat uncertain
AmbiStory,blind,topk_wrong,AmbiStory-test-761,2,4,0.45,0.5599999999999999,somewhat uncertain
AmbiStory,blind,topk_wrong,AmbiStory-test-762,5,4,0.0,1.36,not uncertain
AmbiStory,blind,topk_wrong,AmbiStory-test-763,1,1,0.0,0.24,highly uncertain
AmbiStory,blind,topk_wrong,AmbiStory-test-764,5,4,0.0,1.36,somewhat uncertain
AmbiStory,blind,topk_wrong,AmbiStory-test-765,1,1,0.0,0.16,not uncertain
AmbiStory,blind,topk_wrong,AmbiStory-test-766,5,4,0.0,0.8,not uncertain
AmbiStory,blind,topk_wrong,AmbiStory-test-767,1,1,0.0,0.24,somewhat uncertain
AmbiStory,blind,topk_wrong,AmbiStory-test-768,5,3,0.0475,2.0,not uncertain
AmbiStory,blind,topk_wrong,AmbiStory-test-769,1,2,0.0,0.64,not uncertain
AmbiStory,blind,topk_wrong,AmbiStory-test-770,1,3,0.3875,0.64,somewhat uncertain
AmbiStory,blind,topk_wrong,AmbiStory-test-771,5,5,0.0,0.6399999999999999,somewhat uncertain
AmbiStory,blind,topk_wrong,AmbiStory-test-772,5,3,0.09,0.5599999999999999,somewhat uncertain
AmbiStory,blind,topk_wrong,AmbiStory-test-773,1,4,0.91,0.64,somewhat uncertain
AmbiStory,blind,topk_wrong,AmbiStory-test-774,4,3,1.1275,1.36,somewhat uncertain
AmbiStory,blind,topk_wrong,AmbiStory-test-775,5,2,0.0,1.4400000000000002,somewhat uncertain
AmbiStory,blind,topk_wrong,AmbiStory-test-776,5,2,1.36,1.2,somewhat uncertain
AmbiStory,blind,topk_wrong,AmbiStory-test-777,1,2,0.0,1.36,highly uncertain
AmbiStory,blind,topk_wrong,AmbiStory-test-778,1,3,2.46,2.8,not uncertain
AmbiStory,blind,topk_wrong,AmbiStory-test-779,1,2,0.0,0.64,not uncertain
AmbiStory,blind,topk_wrong,AmbiStory-test-780,5,5,0.0475,0.1599999999999999,somewhat uncertain
AmbiStory,blind,topk_wrong,AmbiStory-test-781,1,1,0.09,0.16,somewhat uncertain
AmbiStory,blind,topk_wrong,AmbiStory-test-782,1,3,0.0,0.64,highly uncertain
AmbiStory,blind,topk_wrong,AmbiStory-test-783,5,5,0.2274999999999999,0.0,somewhat uncertain
AmbiStory,blind,topk_wrong,AmbiStory-test-784,1,4,1.61,1.04,highly uncertain
AmbiStory,blind,topk_wrong,AmbiStory-test-785,4,3,0.9275,0.64,somewhat uncertain
AmbiStory,blind,topk_wrong,AmbiStory-test-786,5,4,0.1275,1.36,somewhat uncertain
AmbiStory,blind,topk_wrong,AmbiStory-test-787,4,4,2.19,2.16,highly uncertain
AmbiStory,blind,topk_wrong,AmbiStory-test-788,1,2,0.6475,2.5600000000000005,somewhat uncertain
AmbiStory,blind,topk_wrong,AmbiStory-test-789,5,4,0.1275,0.5599999999999999,somewhat uncertain
AmbiStory,blind,topk_wrong,AmbiStory-test-790,1,1,1.8,0.16,somewhat uncertain
AmbiStory,blind,topk_wrong,AmbiStory-test-791,5,5,0.1275,0.1599999999999999,somewhat uncertain
AmbiStory,blind,topk_wrong,AmbiStory-test-792,1,3,2.5275000000000003,2.56,highly uncertain
AmbiStory,blind,topk_wrong,AmbiStory-test-793,4,3,0.2274999999999999,2.472222222222222,highly uncertain
AmbiStory,blind,topk_wrong,AmbiStory-test-794,4,2,1.45,0.24,somewhat uncertain
AmbiStory,blind,topk_wrong,AmbiStory-test-795,5,4,0.0475,1.0400000000000005,somewhat uncertain
AmbiStory,blind,topk_wrong,AmbiStory-test-796,5,2,0.8099999999999999,2.24,somewhat uncertain
AmbiStory,blind,topk_wrong,AmbiStory-test-797,5,5,0.09,0.1599999999999999,somewhat uncertain
AmbiStory,blind,topk_wrong,AmbiStory-test-798,5,2,0.0,0.56,somewhat uncertain
AmbiStory,blind,topk_wrong,AmbiStory-test-799,1,4,1.45,0.4,highly uncertain
AmbiStory,blind,topk_wrong,AmbiStory-test-800,5,2,0.0,0.56,somewhat uncertain
AmbiStory,blind,topk_wrong,AmbiStory-test-801,5,3,0.09,1.44,somewhat uncertain
AmbiStory,blind,topk_wrong,AmbiStory-test-802,5,2,0.0,0.96,somewhat uncertain
AmbiStory,blind,topk_wrong,AmbiStory-test-803,5,3,0.09,1.0400000000000005,highly uncertain
AmbiStory,blind,topk_wrong,AmbiStory-test-804,1,1,3.49,0.16,somewhat uncertain
AmbiStory,blind,topk_wrong,AmbiStory-test-805,5,4,0.0,0.5599999999999999,somewhat uncertain
AmbiStory,blind,topk_wrong,AmbiStory-test-806,1,2,0.76,0.24,somewhat uncertain
AmbiStory,blind,topk_wrong,AmbiStory-test-807,5,4,0.0,1.36,somewhat uncertain
AmbiStory,blind,topk_wrong,AmbiStory-test-808,1,2,0.0475,0.24,highly uncertain
AmbiStory,blind,topk_wrong,AmbiStory-test-809,5,4,0.0,0.8,not uncertain
AmbiStory,blind,topk_wrong,AmbiStory-test-810,5,5,0.0,0.1599999999999999,somewhat uncertain
AmbiStory,blind,topk_wrong,AmbiStory-test-811,5,2,0.0,2.5600000000000005,somewhat uncertain
AmbiStory,blind,topk_wrong,AmbiStory-test-812,1,2,0.0,0.56,highly uncertain
AmbiStory,blind,topk_wrong,AmbiStory-test-813,5,4,2.6900000000000004,1.44,somewhat uncertain
AmbiStory,blind,topk_wrong,AmbiStory-test-814,1,1,0.0,0.24,somewhat uncertain
AmbiStory,blind,topk_wrong,AmbiStory-test-815,5,5,2.3275,0.1599999999999999,somewhat uncertain
AmbiStory,blind,topk_wrong,AmbiStory-test-816,5,5,0.0,0.6399999999999999,somewhat uncertain
AmbiStory,blind,topk_wrong,AmbiStory-test-817,5,3,0.0,1.7600000000000002,somewhat uncertain
AmbiStory,blind,topk_wrong,AmbiStory-test-818,1,3,0.0,2.16,not uncertain
AmbiStory,blind,topk_wrong,AmbiStory-test-819,5,4,0.0,1.84,not uncertain
AmbiStory,blind,topk_wrong,AmbiStory-test-820,1,3,1.7475,1.84,highly uncertain
AmbiStory,blind,topk_wrong,AmbiStory-test-821,5,4,0.0,0.96,not uncertain
AmbiStory,blind,topk_wrong,AmbiStory-test-822,1,2,0.0,0.64,somewhat uncertain
AmbiStory,blind,topk_wrong,AmbiStory-test-823,5,5,0.0,0.6399999999999999,somewhat uncertain
AmbiStory,blind,topk_wrong,AmbiStory-test-824,1,2,0.0475,0.64,highly uncertain
AmbiStory,blind,topk_wrong,AmbiStory-test-825,5,5,0.0,0.1599999999999999,somewhat uncertain
AmbiStory,blind,topk_wrong,AmbiStory-test-826,1,2,0.21,0.24,somewhat uncertain
AmbiStory,blind,topk_wrong,AmbiStory-test-827,5,4,0.0,2.16,somewhat uncertain
AmbiStory,blind,topk_wrong,AmbiStory-test-828,5,4,0.0,1.6,somewhat uncertain
AmbiStory,blind,topk_wrong,AmbiStory-test-829,5,4,0.0,2.560000000000001,somewhat uncertain
AmbiStory,blind,topk_wrong,AmbiStory-test-830,5,4,0.1875,0.96,somewhat uncertain
AmbiStory,blind,topk_wrong,AmbiStory-test-831,5,3,0.0,2.64,somewhat uncertain
AmbiStory,blind,topk_wrong,AmbiStory-test-832,4,3,2.4275,1.04,somewhat uncertain
AmbiStory,blind,topk_wrong,AmbiStory-test-833,5,4,0.0,0.4,somewhat uncertain
AmbiStory,blind,topk_wrong,AmbiStory-test-834,4,2,1.36,0.4,somewhat uncertain
AmbiStory,blind,topk_wrong,AmbiStory-test-835,4,4,0.21,1.36,somewhat uncertain
AmbiStory,blind,topk_wrong,AmbiStory-test-836,1,3,0.21,2.16,somewhat uncertain
AmbiStory,blind,topk_wrong,AmbiStory-test-837,5,5,0.0475,0.1599999999999999,somewhat uncertain
AmbiStory,blind,topk_wrong,AmbiStory-test-838,5,3,0.7875,2.64,somewhat uncertain
AmbiStory,blind,topk_wrong,AmbiStory-test-839,5,5,0.0,0.1599999999999999,somewhat uncertain
AmbiStory,blind,topk_wrong,AmbiStory-test-840,4,3,0.71,1.44,somewhat uncertain
AmbiStory,blind,topk_wrong,AmbiStory-test-841,5,4,0.1275,0.64,highly uncertain
AmbiStory,blind,topk_wrong,AmbiStory-test-842,1,2,0.0,0.16,somewhat uncertain
AmbiStory,blind,topk_wrong,AmbiStory-test-843,5,4,0.1275,0.64,somewhat uncertain
AmbiStory,blind,topk_wrong,AmbiStory-test-844,1,2,0.0,0.56,somewhat uncertain
AmbiStory,blind,topk_wrong,AmbiStory-test-845,5,3,0.1599999999999999,1.6,somewhat uncertain
AmbiStory,blind,topk_wrong,AmbiStory-test-846,5,4,0.31,0.4,not uncertain
AmbiStory,blind,topk_wrong,AmbiStory-test-847,1,2,0.8100000000000002,0.6400000000000002,somewhat uncertain
AmbiStory,blind,topk_wrong,AmbiStory-test-848,1,1,0.0,0.16,not uncertain
AmbiStory,blind,topk_wrong,AmbiStory-test-849,5,5,0.0475,0.24,somewhat uncertain
AmbiStory,blind,topk_wrong,AmbiStory-test-850,1,2,0.91,1.2,somewhat uncertain
AmbiStory,blind,topk_wrong,AmbiStory-test-851,5,4,0.8400000000000001,0.4,somewhat uncertain
AmbiStory,blind,topk_wrong,AmbiStory-test-852,4,3,1.7900000000000005,1.0400000000000005,somewhat uncertain
AmbiStory,blind,topk_wrong,AmbiStory-test-853,1,2,2.05,0.4,somewhat uncertain
AmbiStory,blind,topk_wrong,AmbiStory-test-854,4,2,0.5475,1.84,somewhat uncertain
AmbiStory,blind,topk_wrong,AmbiStory-test-855,4,3,0.6475,2.56,somewhat uncertain
AmbiStory,blind,topk_wrong,AmbiStory-test-856,4,3,0.19,1.04,not uncertain
AmbiStory,blind,topk_wrong,AmbiStory-test-857,5,2,0.1599999999999999,1.36,not uncertain
AmbiStory,blind,topk_wrong,AmbiStory-test-858,5,4,2.5475,1.44,somewhat uncertain
AmbiStory,blind,topk_wrong,AmbiStory-test-859,4,1,0.1875,0.64,highly uncertain
AmbiStory,blind,topk_wrong,AmbiStory-test-860,1,3,1.2475,0.64,highly uncertain
AmbiStory,blind,topk_wrong,AmbiStory-test-861,4,1,1.16,0.24,somewhat uncertain
AmbiStory,blind,topk_wrong,AmbiStory-test-862,1,3,2.1475,2.8,highly uncertain
AmbiStory,blind,topk_wrong,AmbiStory-test-863,5,2,1.7100000000000002,1.8400000000000003,somewhat uncertain
AmbiStory,blind,topk_wrong,AmbiStory-test-864,1,1,0.16,0.24,not uncertain
AmbiStory,blind,topk_wrong,AmbiStory-test-865,4,5,0.21,0.0,not uncertain
AmbiStory,blind,topk_wrong,AmbiStory-test-866,1,1,0.1275,0.16,somewhat uncertain
AmbiStory,blind,topk_wrong,AmbiStory-test-867,5,5,0.25,0.24,somewhat uncertain
AmbiStory,blind,topk_wrong,AmbiStory-test-868,1,1,0.0475,0.16,somewhat uncertain
AmbiStory,blind,topk_wrong,AmbiStory-test-869,5,5,0.1875,0.24,somewhat uncertain
AmbiStory,blind,topk_wrong,AmbiStory-test-870,5,5,0.0,0.6399999999999999,not uncertain
AmbiStory,blind,topk_wrong,AmbiStory-test-871,1,1,0.0,0.16,not uncertain
AmbiStory,blind,topk_wrong,AmbiStory-test-872,5,3,0.0,0.1599999999999999,not uncertain
AmbiStory,blind,topk_wrong,AmbiStory-test-873,1,1,0.0,0.0,not uncertain
AmbiStory,blind,topk_wrong,AmbiStory-test-874,5,5,0.0,0.1599999999999999,somewhat uncertain
AmbiStory,blind,topk_wrong,AmbiStory-test-875,1,1,0.0,0.0,highly uncertain
AmbiStory,blind,topk_wrong,AmbiStory-test-876,2,4,0.99,0.4,not uncertain
AmbiStory,blind,topk_wrong,AmbiStory-test-877,1,2,0.16,1.8400000000000003,not uncertain
AmbiStory,blind,topk_wrong,AmbiStory-test-878,4,3,2.0275000000000003,2.16,not uncertain
AmbiStory,blind,topk_wrong,AmbiStory-test-879,2,2,0.3275,1.44,not uncertain
AmbiStory,blind,topk_wrong,AmbiStory-test-880,1,4,0.4875,0.96,not uncertain
AmbiStory,blind,topk_wrong,AmbiStory-test-881,1,2,0.0475,1.84,highly uncertain
AmbiStory,blind,topk_wrong,AmbiStory-test-882,4,4,2.45,1.44,not uncertain
AmbiStory,blind,topk_wrong,AmbiStory-test-883,1,2,0.0,3.04,somewhat uncertain
AmbiStory,blind,topk_wrong,AmbiStory-test-884,5,5,0.1275,0.1599999999999999,somewhat uncertain
AmbiStory,blind,topk_wrong,AmbiStory-test-885,1,1,0.0,0.16,highly uncertain
AmbiStory,blind,topk_wrong,AmbiStory-test-886,4,5,1.8400000000000003,0.6399999999999999,somewhat uncertain
AmbiStory,blind,topk_wrong,AmbiStory-test-887,1,2,1.7875,0.56,highly uncertain
AmbiStory,blind,topk_wrong,AmbiStory-test-888,5,5,0.0,0.0,not uncertain
AmbiStory,blind,topk_wrong,AmbiStory-test-889,1,2,1.5275,0.64,not uncertain
AmbiStory,blind,topk_wrong,AmbiStory-test-890,4,3,0.7275,0.96,somewhat uncertain
AmbiStory,blind,topk_wrong,AmbiStory-test-891,4,3,0.24,0.24,highly uncertain
AmbiStory,blind,topk_wrong,AmbiStory-test-892,5,4,0.0475,0.8,somewhat uncertain
AmbiStory,blind,topk_wrong,AmbiStory-test-893,1,3,1.2475,1.36,highly uncertain
AmbiStory,blind,topk_wrong,AmbiStory-test-894,5,3,0.0475,0.5599999999999999,somewhat uncertain
AmbiStory,blind,topk_wrong,AmbiStory-test-895,3,2,1.0475,0.8,highly uncertain
AmbiStory,blind,topk_wrong,AmbiStory-test-896,4,2,0.51,0.56,highly uncertain
AmbiStory,blind,topk_wrong,AmbiStory-test-897,3,4,1.2475,1.0400000000000005,not uncertain
AmbiStory,blind,topk_wrong,AmbiStory-test-898,5,2,0.1275,0.64,somewhat uncertain
AmbiStory,blind,topk_wrong,AmbiStory-test-899,4,3,1.4600000000000002,0.96,highly uncertain
AmbiStory,blind,topk_wrong,AmbiStory-test-900,1,2,0.1875,0.5599999999999999,somewhat uncertain
AmbiStory,blind,topk_wrong,AmbiStory-test-901,4,5,0.2274999999999999,0.1599999999999999,somewhat uncertain
AmbiStory,blind,topk_wrong,AmbiStory-test-902,1,2,0.0,0.56,somewhat uncertain
AmbiStory,blind,topk_wrong,AmbiStory-test-903,5,5,0.0,0.1599999999999999,somewhat uncertain
AmbiStory,blind,topk_wrong,AmbiStory-test-904,1,2,0.0,1.2,somewhat uncertain
AmbiStory,blind,topk_wrong,AmbiStory-test-905,5,4,0.2274999999999999,0.0,somewhat uncertain
AmbiStory,blind,topk_wrong,AmbiStory-test-906,5,5,0.0,0.6399999999999999,not uncertain
AmbiStory,blind,topk_wrong,AmbiStory-test-907,2,1,0.39,0.16,highly uncertain
AmbiStory,blind,topk_wrong,AmbiStory-test-908,5,3,0.0475,0.5599999999999999,somewhat uncertain
AmbiStory,blind,topk_wrong,AmbiStory-test-909,4,3,0.0475,1.6,somewhat uncertain
AmbiStory,blind,topk_wrong,AmbiStory-test-910,5,3,0.0,0.8,somewhat uncertain
AmbiStory,blind,topk_wrong,AmbiStory-test-911,1,2,0.0475,0.8,highly uncertain
AmbiStory,blind,topk_wrong,AmbiStory-test-912,5,3,0.0,0.96,highly uncertain
AmbiStory,blind,topk_wrong,AmbiStory-test-913,5,3,0.8400000000000001,2.64,highly uncertain
AmbiStory,blind,topk_wrong,AmbiStory-test-914,1,2,0.0,2.4,not uncertain
AmbiStory,blind,topk_wrong,AmbiStory-test-915,5,4,0.0,0.64,not uncertain
AmbiStory,blind,topk_wrong,AmbiStory-test-916,1,3,0.0,2.0,highly uncertain
AmbiStory,blind,topk_wrong,AmbiStory-test-917,5,5,0.0,0.1599999999999999,somewhat uncertain
AmbiStory,blind,topk_wrong,AmbiStory-test-918,5,4,0.0,1.36,somewhat uncertain
AmbiStory,blind,topk_wrong,AmbiStory-test-919,5,2,0.0,0.4,not uncertain
AmbiStory,blind,topk_wrong,AmbiStory-test-920,5,5,0.0,0.6399999999999999,somewhat uncertain
AmbiStory,blind,topk_wrong,AmbiStory-test-921,1,2,2.74,0.64,somewhat uncertain
AmbiStory,blind,topk_wrong,AmbiStory-test-922,5,4,0.0,0.96,not uncertain
AmbiStory,blind,topk_wrong,AmbiStory-test-923,5,3,0.0,0.4,not uncertain
AmbiStory,blind,topk_wrong,AmbiStory-test-924,5,1,0.0,0.0,somewhat uncertain
AmbiStory,blind,topk_wrong,AmbiStory-test-925,2,4,1.01,1.2,not uncertain
AmbiStory,blind,topk_wrong,AmbiStory-test-926,5,1,0.0,0.16,somewhat uncertain
AmbiStory,blind,topk_wrong,AmbiStory-test-927,1,3,1.4875,2.222222222222222,somewhat uncertain
AmbiStory,blind,topk_wrong,AmbiStory-test-928,5,2,0.0475,1.36,somewhat uncertain
AmbiStory,blind,topk_wrong,AmbiStory-test-929,2,4,1.3,0.96,not uncertain
AmbiStory,blind,pros_cons,AmbiStory-test-0,5,4,0.0,1.6,not uncertain
AmbiStory,blind,pros_cons,AmbiStory-test-1,1,2,0.65,1.2,not uncertain
AmbiStory,blind,pros_cons,AmbiStory-test-2,5,3,0.0,0.5599999999999999,not uncertain
AmbiStory,blind,pros_cons,AmbiStory-test-3,3,3,1.91,1.44,not uncertain
AmbiStory,blind,pros_cons,AmbiStory-test-4,5,3,0.0,1.84,not uncertain
AmbiStory,blind,pros_cons,AmbiStory-test-5,4,2,2.09,0.56,not uncertain
AmbiStory,blind,pros_cons,AmbiStory-test-6,1,3,2.31,0.96,somewhat uncertain
AmbiStory,blind,pros_cons,AmbiStory-test-7,1,4,0.54,1.36,highly uncertain
AmbiStory,blind,pros_cons,AmbiStory-test-8,1,1,0.8474999999999999,0.24,not uncertain
AmbiStory,blind,pros_cons,AmbiStory-test-9,1,4,0.9275,2.16,somewhat uncertain
AmbiStory,blind,pros_cons,AmbiStory-test-10,4,1,1.5,0.24,somewhat uncertain
AmbiStory,blind,pros_cons,AmbiStory-test-11,2,5,0.35,0.1599999999999999,somewhat uncertain
AmbiStory,blind,pros_cons,AmbiStory-test-12,5,4,0.0,0.5599999999999999,not uncertain
AmbiStory,blind,pros_cons,AmbiStory-test-13,1,3,0.24,2.64,not uncertain
AmbiStory,blind,pros_cons,AmbiStory-test-14,5,1,3.24,0.24,not uncertain
AmbiStory,blind,pros_cons,AmbiStory-test-15,5,4,0.0,2.56,highly uncertain
AmbiStory,blind,pros_cons,AmbiStory-test-16,5,3,0.0,0.5599999999999999,not uncertain
AmbiStory,blind,pros_cons,AmbiStory-test-17,1,4,0.1275,0.64,not uncertain
AmbiStory,blind,pros_cons,AmbiStory-test-18,5,5,0.0,0.0,not uncertain
AmbiStory,blind,pros_cons,AmbiStory-test-19,5,3,0.0,2.64,somewhat uncertain
AmbiStory,blind,pros_cons,AmbiStory-test-20,5,5,0.0,0.0,highly uncertain
AmbiStory,blind,pros_cons,AmbiStory-test-21,5,3,0.1599999999999999,0.96,not uncertain
AmbiStory,blind,pros_cons,AmbiStory-test-22,5,5,0.0,0.1599999999999999,not uncertain
AmbiStory,blind,pros_cons,AmbiStory-test-23,5,4,0.0475,2.56,highly uncertain
AmbiStory,blind,pros_cons,AmbiStory-test-24,5,5,0.0475,0.0,not uncertain
AmbiStory,blind,pros_cons,AmbiStory-test-25,1,2,0.0,1.2,not uncertain
AmbiStory,blind,pros_cons,AmbiStory-test-26,5,4,0.0,0.96,somewhat uncertain
AmbiStory,blind,pros_cons,AmbiStory-test-27,1,2,0.0,0.56,not uncertain
AmbiStory,blind,pros_cons,AmbiStory-test-28,5,4,0.0,0.6399999999999999,somewhat uncertain
AmbiStory,blind,pros_cons,AmbiStory-test-29,1,2,0.0,0.64,not uncertain
AmbiStory,blind,pros_cons,AmbiStory-test-30,5,2,0.1275,0.8,highly uncertain
AmbiStory,blind,pros_cons,AmbiStory-test-31,5,4,0.0,0.6399999999999999,not uncertain
AmbiStory,blind,pros_cons,AmbiStory-test-32,4,3,0.2274999999999999,2.24,highly uncertain
AmbiStory,blind,pros_cons,AmbiStory-test-33,5,4,0.0,0.1599999999999999,not uncertain
AmbiStory,blind,pros_cons,AmbiStory-test-34,5,3,0.0,0.96,somewhat uncertain
AmbiStory,blind,pros_cons,AmbiStory-test-35,5,4,0.0,0.96,not uncertain
AmbiStory,blind,pros_cons,AmbiStory-test-36,4,3,0.2274999999999999,0.24,highly uncertain
AmbiStory,blind,pros_cons,AmbiStory-test-37,5,3,0.0,1.6,not uncertain
AmbiStory,blind,pros_cons,AmbiStory-test-38,4,2,2.1275,1.84,somewhat uncertain
AmbiStory,blind,pros_cons,AmbiStory-test-39,5,4,0.0,1.44,somewhat uncertain
AmbiStory,blind,pros_cons,AmbiStory-test-40,4,3,1.5275,1.84,not uncertain
AmbiStory,blind,pros_cons,AmbiStory-test-41,5,4,0.0,1.36,not uncertain
AmbiStory,blind,pros_cons,AmbiStory-test-42,1,2,0.09,0.1599999999999999,highly uncertain
AmbiStory,blind,pros_cons,AmbiStory-test-43,5,4,0.1875,0.4,highly uncertain
AmbiStory,blind,pros_cons,AmbiStory-test-44,1,3,0.09,2.24,highly uncertain
AmbiStory,blind,pros_cons,AmbiStory-test-45,5,4,0.0,1.0400000000000005,highly uncertain
AmbiStory,blind,pros_cons,AmbiStory-test-46,1,3,0.0475,0.96,not uncertain
AmbiStory,blind,pros_cons,AmbiStory-test-47,5,4,0.09,0.8,highly uncertain
AmbiStory,blind,pros_cons,AmbiStory-test-48,5,4,0.0,2.1600000000000006,not uncertain
AmbiStory,blind,pros_cons,AmbiStory-test-49,4,2,0.5599999999999999,2.24,somewhat uncertain
AmbiStory,blind,pros_cons,AmbiStory-test-50,3,2,1.2275,0.24,somewhat uncertain
AmbiStory,blind,pros_cons,AmbiStory-test-51,5,4,0.0,1.36,highly uncertain
AmbiStory,blind,pros_cons,AmbiStory-test-52,3,2,0.71,2.16,not uncertain
AmbiStory,blind,pros_cons,AmbiStory-test-53,5,5,0.25,0.24,not uncertain
AmbiStory,blind,pros_cons,AmbiStory-test-54,5,3,0.24,1.04,somewhat uncertain
AmbiStory,blind,pros_cons,AmbiStory-test-55,4,3,0.1875,0.96,not uncertain
AmbiStory,blind,pros_cons,AmbiStory-test-56,4,2,0.24,0.64,not uncertain
AmbiStory,blind,pros_cons,AmbiStory-test-57,5,5,0.0,0.0,not uncertain
AmbiStory,blind,pros_cons,AmbiStory-test-58,5,2,0.1599999999999999,1.36,not uncertain
AmbiStory,blind,pros_cons,AmbiStory-test-59,5,5,0.0,0.24,somewhat uncertain
AmbiStory,blind,pros_cons,AmbiStory-test-60,5,5,0.0,0.0,not uncertain
AmbiStory,blind,pros_cons,AmbiStory-test-61,1,1,0.0,0.0,not uncertain
AmbiStory,blind,pros_cons,AmbiStory-test-62,1,1,2.6275000000000004,0.0,not uncertain
AmbiStory,blind,pros_cons,AmbiStory-test-63,4,3,0.09,3.8400000000000007,highly uncertain
AmbiStory,blind,pros_cons,AmbiStory-test-64,5,4,0.0,2.56,not uncertain
AmbiStory,blind,pros_cons,AmbiStory-test-65,1,2,0.16,1.36,not uncertain
AmbiStory,blind,pros_cons,AmbiStory-test-66,4,3,2.0275,2.16,somewhat uncertain
AmbiStory,blind,pros_cons,AmbiStory-test-67,1,2,0.09,0.56,not uncertain
AmbiStory,blind,pros_cons,AmbiStory-test-68,1,1,0.0,0.16,not uncertain
AmbiStory,blind,pros_cons,AmbiStory-test-69,5,5,0.0,0.0,not uncertain
AmbiStory,blind,pros_cons,AmbiStory-test-70,1,2,0.0,1.36,not uncertain
AmbiStory,blind,pros_cons,AmbiStory-test-71,1,3,0.26,1.0400000000000005,not uncertain
AmbiStory,blind,pros_cons,AmbiStory-test-72,5,3,0.0,2.16,not uncertain
AmbiStory,blind,pros_cons,AmbiStory-test-73,1,3,0.55,2.0,somewhat uncertain
AmbiStory,blind,pros_cons,AmbiStory-test-74,5,2,0.0,1.4400000000000002,somewhat uncertain
AmbiStory,blind,pros_cons,AmbiStory-test-75,5,4,0.0,1.36,not uncertain
AmbiStory,blind,pros_cons,AmbiStory-test-76,5,3,3.6475,1.4400000000000002,not uncertain
AmbiStory,blind,pros_cons,AmbiStory-test-77,5,4,0.0,0.6399999999999999,not uncertain
AmbiStory,blind,pros_cons,AmbiStory-test-78,5,4,0.0,1.6,highly uncertain
AmbiStory,blind,pros_cons,AmbiStory-test-79,4,2,0.1875,0.96,not uncertain
AmbiStory,blind,pros_cons,AmbiStory-test-80,5,3,3.55,0.1599999999999999,not uncertain
AmbiStory,blind,pros_cons,AmbiStory-test-81,5,4,0.0,0.24,somewhat uncertain
AmbiStory,blind,pros_cons,AmbiStory-test-82,1,2,1.9275,0.8,highly uncertain
AmbiStory,blind,pros_cons,AmbiStory-test-83,5,4,0.09,1.2,highly uncertain
AmbiStory,blind,pros_cons,AmbiStory-test-84,1,2,0.16,0.8,not uncertain
AmbiStory,blind,pros_cons,AmbiStory-test-85,5,5,0.0475,0.6399999999999999,not uncertain
AmbiStory,blind,pros_cons,AmbiStory-test-86,5,2,3.4275,0.16,not uncertain
AmbiStory,blind,pros_cons,AmbiStory-test-87,5,4,0.0475,0.5599999999999999,highly uncertain
AmbiStory,blind,pros_cons,AmbiStory-test-88,1,2,0.3399999999999999,0.4,somewhat uncertain
AmbiStory,blind,pros_cons,AmbiStory-test-89,5,4,0.0475,0.5599999999999999,not uncertain
AmbiStory,blind,pros_cons,AmbiStory-test-90,5,3,0.1599999999999999,1.6,highly uncertain
AmbiStory,blind,pros_cons,AmbiStory-test-91,1,3,0.3399999999999999,2.16,not uncertain
AmbiStory,blind,pros_cons,AmbiStory-test-92,4,2,0.2475,0.64,somewhat uncertain
AmbiStory,blind,pros_cons,AmbiStory-test-93,1,4,0.4875,0.5599999999999999,somewhat uncertain
AmbiStory,blind,pros_cons,AmbiStory-test-94,5,1,0.2475,0.16,somewhat uncertain
AmbiStory,blind,pros_cons,AmbiStory-test-95,4,4,1.31,0.96,somewhat uncertain
AmbiStory,blind,pros_cons,AmbiStory-test-96,5,5,0.0,0.24,highly uncertain
AmbiStory,blind,pros_cons,AmbiStory-test-97,5,3,2.04,2.472222222222222,highly uncertain
AmbiStory,blind,pros_cons,AmbiStory-test-98,5,4,0.0,0.5599999999999999,not uncertain
AmbiStory,blind,pros_cons,AmbiStory-test-99,5,3,3.4875,0.4,not uncertain
AmbiStory,blind,pros_cons,AmbiStory-test-100,5,3,0.0,1.36,highly uncertain
AmbiStory,blind,pros_cons,AmbiStory-test-101,5,4,0.76,1.4400000000000002,not uncertain
AmbiStory,blind,pros_cons,AmbiStory-test-102,5,4,0.0,0.96,somewhat uncertain
AmbiStory,blind,pros_cons,AmbiStory-test-103,5,1,0.0,0.16,not uncertain
AmbiStory,blind,pros_cons,AmbiStory-test-104,1,2,0.9475,0.24,not uncertain
AmbiStory,blind,pros_cons,AmbiStory-test-105,5,5,0.0,0.1599999999999999,not uncertain
AmbiStory,blind,pros_cons,AmbiStory-test-106,5,3,0.0475,0.5599999999999999,not uncertain
AmbiStory,blind,pros_cons,AmbiStory-test-107,5,3,0.0,2.24,not uncertain
AmbiStory,blind,pros_cons,AmbiStory-test-108,5,5,0.0,0.1599999999999999,not uncertain
AmbiStory,blind,pros_cons,AmbiStory-test-109,1,1,0.76,0.0,
AmbiStory,blind,pros_cons,AmbiStory-test-110,5,4,0.0,0.5599999999999999,not uncertain
AmbiStory,blind,pros_cons,AmbiStory-test-111,5,1,0.76,0.24,not uncertain
AmbiStory,blind,pros_cons,AmbiStory-test-112,5,4,0.0,1.36,not uncertain
AmbiStory,blind,pros_cons,AmbiStory-test-113,5,1,2.06,0.16,not uncertain
AmbiStory,blind,pros_cons,AmbiStory-test-114,5,5,0.0,0.0,not uncertain
AmbiStory,blind,pros_cons,AmbiStory-test-115,1,2,0.0,2.5600000000000005,not uncertain
AmbiStory,blind,pros_cons,AmbiStory-test-116,5,3,0.0,2.64,not uncertain
AmbiStory,blind,pros_cons,AmbiStory-test-117,5,3,0.0,3.2,not uncertain
AmbiStory,blind,pros_cons,AmbiStory-test-118,5,5,0.0,0.1599999999999999,not uncertain
AmbiStory,blind,pros_cons,AmbiStory-test-119,1,1,0.0,0.24,not uncertain
AmbiStory,blind,pros_cons,AmbiStory-test-120,5,4,0.0,0.4,not uncertain
AmbiStory,blind,pros_cons,AmbiStory-test-121,1,4,0.4475,0.5599999999999999,not uncertain
AmbiStory,blind,pros_cons,AmbiStory-test-122,5,4,0.0,0.64,not uncertain
AmbiStory,blind,pros_cons,AmbiStory-test-123,1,3,0.2475,0.5599999999999999,somewhat uncertain
AmbiStory,blind,pros_cons,AmbiStory-test-124,5,3,0.0,1.8400000000000003,not uncertain
AmbiStory,blind,pros_cons,AmbiStory-test-125,4,3,0.91,1.8400000000000003,not uncertain
AmbiStory,blind,pros_cons,AmbiStory-test-126,4,3,0.8275,0.888888888888889,somewhat uncertain
AmbiStory,blind,pros_cons,AmbiStory-test-127,2,3,0.39,1.36,not uncertain
AmbiStory,blind,pros_cons,AmbiStory-test-128,1,2,0.2274999999999999,0.64,not uncertain
AmbiStory,blind,pros_cons,AmbiStory-test-129,4,3,0.3275,2.56,highly uncertain
AmbiStory,blind,pros_cons,AmbiStory-test-130,1,1,0.0,0.24,not uncertain
AmbiStory,blind,pros_cons,AmbiStory-test-131,2,3,0.44,2.16,highly uncertain
AmbiStory,blind,pros_cons,AmbiStory-test-132,5,5,0.0,0.0,highly uncertain
AmbiStory,blind,pros_cons,AmbiStory-test-133,1,1,0.0,0.24,somewhat uncertain
AmbiStory,blind,pros_cons,AmbiStory-test-134,5,3,0.7875,1.84,somewhat uncertain
AmbiStory,blind,pros_cons,AmbiStory-test-135,5,4,3.64,0.8,highly uncertain
AmbiStory,blind,pros_cons,AmbiStory-test-136,5,3,0.0,2.64,not uncertain
AmbiStory,blind,pros_cons,AmbiStory-test-137,5,3,0.76,2.0,highly uncertain
AmbiStory,blind,pros_cons,AmbiStory-test-138,5,5,0.0,0.24,not uncertain
AmbiStory,blind,pros_cons,AmbiStory-test-139,5,5,0.0,0.0,not uncertain
AmbiStory,blind,pros_cons,AmbiStory-test-140,5,5,0.0,0.0,not uncertain
AmbiStory,blind,pros_cons,AmbiStory-test-141,5,5,0.0,0.0,not uncertain
AmbiStory,blind,pros_cons,AmbiStory-test-142,5,4,0.0,1.36,not uncertain
AmbiStory,blind,pros_cons,AmbiStory-test-143,5,5,0.0,0.0,not uncertain
AmbiStory,blind,pros_cons,AmbiStory-test-144,1,1,0.26,0.24,not uncertain
AmbiStory,blind,pros_cons,AmbiStory-test-145,5,5,0.0,0.1599999999999999,highly uncertain
AmbiStory,blind,pros_cons,AmbiStory-test-146,1,2,1.26,2.24,somewhat uncertain
AmbiStory,blind,pros_cons,AmbiStory-test-147,5,5,0.0475,0.1599999999999999,highly uncertain
AmbiStory,blind,pros_cons,AmbiStory-test-148,1,2,0.0,0.5599999999999999,somewhat uncertain
AmbiStory,blind,pros_cons,AmbiStory-test-149,5,4,0.0,1.44,highly uncertain
AmbiStory,blind,pros_cons,AmbiStory-test-150,5,3,0.0,2.8,highly uncertain
AmbiStory,blind,pros_cons,AmbiStory-test-151,1,3,0.0475,2.8,not uncertain
AmbiStory,blind,pros_cons,AmbiStory-test-152,5,1,0.0475,0.6400000000000002,not uncertain
AmbiStory,blind,pros_cons,AmbiStory-test-153,1,4,2.9275,1.84,not uncertain
AmbiStory,blind,pros_cons,AmbiStory-test-154,5,4,0.0475,1.4400000000000002,highly uncertain
AmbiStory,blind,pros_cons,AmbiStory-test-155,1,3,0.26,1.8400000000000003,not uncertain
AmbiStory,blind,pros_cons,AmbiStory-test-156,5,5,0.0475,0.0,not uncertain
AmbiStory,blind,pros_cons,AmbiStory-test-157,1,1,0.0,0.16,not uncertain
AmbiStory,blind,pros_cons,AmbiStory-test-158,5,3,1.9875,1.36,not uncertain
AmbiStory,blind,pros_cons,AmbiStory-test-159,5,3,0.0,0.96,not uncertain
AmbiStory,blind,pros_cons,AmbiStory-test-160,5,5,0.0,0.0,not uncertain
AmbiStory,blind,pros_cons,AmbiStory-test-161,1,2,0.0,0.9600000000000002,not uncertain
AmbiStory,blind,pros_cons,AmbiStory-test-162,5,2,0.0,0.64,not uncertain
AmbiStory,blind,pros_cons,AmbiStory-test-163,1,4,1.6275,0.5599999999999999,not uncertain
AmbiStory,blind,pros_cons,AmbiStory-test-164,5,2,0.09,0.64,somewhat uncertain
AmbiStory,blind,pros_cons,AmbiStory-test-165,5,3,3.1275000000000004,1.84,not uncertain
AmbiStory,blind,pros_cons,AmbiStory-test-166,5,2,0.0475,0.24,highly uncertain
AmbiStory,blind,pros_cons,AmbiStory-test-167,5,4,1.9875,0.6399999999999999,not uncertain
AmbiStory,blind,pros_cons,AmbiStory-test-168,5,5,0.09,0.1599999999999999,highly uncertain
AmbiStory,blind,pros_cons,AmbiStory-test-169,1,1,0.0,0.0,not uncertain
AmbiStory,blind,pros_cons,AmbiStory-test-170,5,5,0.0,0.0,not uncertain
AmbiStory,blind,pros_cons,AmbiStory-test-171,1,1,0.0,0.0,not uncertain
AmbiStory,blind,pros_cons,AmbiStory-test-172,5,5,0.09,0.24,highly uncertain
AmbiStory,blind,pros_cons,AmbiStory-test-173,1,1,0.0,0.0,not uncertain
AmbiStory,blind,pros_cons,AmbiStory-test-174,5,5,0.1599999999999999,0.6399999999999999,somewhat uncertain
AmbiStory,blind,pros_cons,AmbiStory-test-175,4,2,0.2,0.8,somewhat uncertain
AmbiStory,blind,pros_cons,AmbiStory-test-176,1,1,0.0,0.24,not uncertain
AmbiStory,blind,pros_cons,AmbiStory-test-177,4,4,0.2475,2.1600000000000006,not uncertain
AmbiStory,blind,pros_cons,AmbiStory-test-178,1,2,3.21,1.04,not uncertain
AmbiStory,blind,pros_cons,AmbiStory-test-179,4,4,1.09,0.5599999999999999,somewhat uncertain
AmbiStory,blind,pros_cons,AmbiStory-test-180,5,4,0.0,0.6399999999999999,not uncertain
AmbiStory,blind,pros_cons,AmbiStory-test-181,4,3,1.4475,0.64,not uncertain
AmbiStory,blind,pros_cons,AmbiStory-test-182,1,2,0.0,0.64,not uncertain
AmbiStory,blind,pros_cons,AmbiStory-test-183,5,3,0.1875,1.84,somewhat uncertain
AmbiStory,blind,pros_cons,AmbiStory-test-184,4,3,0.34,0.0,highly uncertain
AmbiStory,blind,pros_cons,AmbiStory-test-185,4,3,0.1875,1.2,not uncertain
AmbiStory,blind,pros_cons,AmbiStory-test-186,1,3,3.4,1.84,somewhat uncertain
AmbiStory,blind,pros_cons,AmbiStory-test-187,1,2,0.0475,0.56,not uncertain
AmbiStory,blind,pros_cons,AmbiStory-test-188,1,1,0.09,0.16,not uncertain
AmbiStory,blind,pros_cons,AmbiStory-test-189,5,4,0.0,0.64,highly uncertain
AmbiStory,blind,pros_cons,AmbiStory-test-190,1,2,2.5275,0.56,somewhat uncertain
AmbiStory,blind,pros_cons,AmbiStory-test-191,2,3,0.74,1.04,not uncertain
AmbiStory,blind,pros_cons,AmbiStory-test-192,5,5,0.0475,0.1599999999999999,not uncertain
AmbiStory,blind,pros_cons,AmbiStory-test-193,2,1,0.1275,0.16,not uncertain
AmbiStory,blind,pros_cons,AmbiStory-test-194,5,3,0.0475,0.64,not uncertain
AmbiStory,blind,pros_cons,AmbiStory-test-195,4,3,0.9475,1.84,not uncertain
AmbiStory,blind,pros_cons,AmbiStory-test-196,4,4,0.09,0.5599999999999999,not uncertain
AmbiStory,blind,pros_cons,AmbiStory-test-197,2,2,0.2475,0.64,somewhat uncertain
AmbiStory,blind,pros_cons,AmbiStory-test-198,5,5,0.0475,0.24,not uncertain
AmbiStory,blind,pros_cons,AmbiStory-test-199,5,1,0.24,0.64,highly uncertain
AmbiStory,blind,pros_cons,AmbiStory-test-200,5,4,0.1275,0.4,not uncertain
AmbiStory,blind,pros_cons,AmbiStory-test-201,2,2,1.3,1.2,not uncertain
AmbiStory,blind,pros_cons,AmbiStory-test-202,4,5,0.1875,0.1599999999999999,highly uncertain
AmbiStory,blind,pros_cons,AmbiStory-test-203,3,2,0.74,0.64,highly uncertain
AmbiStory,blind,pros_cons,AmbiStory-test-204,5,5,0.2274999999999999,0.24,somewhat uncertain
AmbiStory,blind,pros_cons,AmbiStory-test-205,1,2,0.0475,0.16,not uncertain
AmbiStory,blind,pros_cons,AmbiStory-test-206,4,4,2.7475,0.24,somewhat uncertain
AmbiStory,blind,pros_cons,AmbiStory-test-207,4,3,1.5475,1.6,highly uncertain
AmbiStory,blind,pros_cons,AmbiStory-test-208,5,4,1.16,0.8,somewhat uncertain
AmbiStory,blind,pros_cons,AmbiStory-test-209,5,2,2.4475,0.24,somewhat uncertain
AmbiStory,blind,pros_cons,AmbiStory-test-210,1,3,1.01,0.5599999999999999,somewhat uncertain
AmbiStory,blind,pros_cons,AmbiStory-test-211,5,2,0.2274999999999999,0.56,not uncertain
AmbiStory,blind,pros_cons,AmbiStory-test-212,1,3,2.0275,0.4,somewhat uncertain
AmbiStory,blind,pros_cons,AmbiStory-test-213,4,3,0.31,3.3600000000000003,not uncertain
AmbiStory,blind,pros_cons,AmbiStory-test-214,1,3,0.0475,1.04,not uncertain
AmbiStory,blind,pros_cons,AmbiStory-test-215,5,2,0.24,2.24,highly uncertain
AmbiStory,blind,pros_cons,AmbiStory-test-216,5,4,0.1599999999999999,0.24,not uncertain
AmbiStory,blind,pros_cons,AmbiStory-test-217,5,1,0.0475,0.6400000000000002,somewhat uncertain
AmbiStory,blind,pros_cons,AmbiStory-test-218,1,3,0.1275,0.96,somewhat uncertain
AmbiStory,blind,pros_cons,AmbiStory-test-219,1,3,2.29,3.3599999999999994,somewhat uncertain
AmbiStory,blind,pros_cons,AmbiStory-test-220,3,3,0.5475,1.805555555555556,not uncertain
AmbiStory,blind,pros_cons,AmbiStory-test-221,5,3,0.0,1.36,not uncertain
AmbiStory,blind,pros_cons,AmbiStory-test-222,5,5,0.0,0.24,not uncertain
AmbiStory,blind,pros_cons,AmbiStory-test-223,3,3,1.34,2.64,somewhat uncertain
AmbiStory,blind,pros_cons,AmbiStory-test-224,2,3,0.2475,1.36,somewhat uncertain
AmbiStory,blind,pros_cons,AmbiStory-test-225,5,4,0.0,0.6399999999999999,not uncertain
AmbiStory,blind,pros_cons,AmbiStory-test-226,3,3,0.5275000000000001,1.2,highly uncertain
AmbiStory,blind,pros_cons,AmbiStory-test-227,5,3,0.0,0.5599999999999999,somewhat uncertain
AmbiStory,blind,pros_cons,AmbiStory-test-228,4,2,0.31,1.4400000000000002,not uncertain
AmbiStory,blind,pros_cons,AmbiStory-test-229,4,3,0.2475,1.04,not uncertain
AmbiStory,blind,pros_cons,AmbiStory-test-230,4,2,0.2875,0.24,not uncertain
AmbiStory,blind,pros_cons,AmbiStory-test-231,5,4,0.1275,1.0400000000000005,not uncertain
AmbiStory,blind,pros_cons,AmbiStory-test-232,1,2,1.49,0.5599999999999999,not uncertain
AmbiStory,blind,pros_cons,AmbiStory-test-233,4,4,0.3475,1.36,highly uncertain
AmbiStory,blind,pros_cons,AmbiStory-test-234,5,5,0.0,0.0,not uncertain
AmbiStory,blind,pros_cons,AmbiStory-test-235,4,4,0.25,1.36,not uncertain
AmbiStory,blind,pros_cons,AmbiStory-test-236,3,3,1.7475,1.8400000000000003,not uncertain
AmbiStory,blind,pros_cons,AmbiStory-test-237,5,4,0.0,0.24,highly uncertain
AmbiStory,blind,pros_cons,AmbiStory-test-238,5,4,0.0,0.96,not uncertain
AmbiStory,blind,pros_cons,AmbiStory-test-239,5,4,0.2475,0.24,not uncertain
AmbiStory,blind,pros_cons,AmbiStory-test-240,1,2,1.2475,0.56,not uncertain
AmbiStory,blind,pros_cons,AmbiStory-test-241,5,5,0.0,0.1599999999999999,not uncertain
AmbiStory,blind,pros_cons,AmbiStory-test-242,1,1,0.0,0.24,not uncertain
AmbiStory,blind,pros_cons,AmbiStory-test-243,5,5,0.0,0.1599999999999999,not uncertain
AmbiStory,blind,pros_cons,AmbiStory-test-244,1,2,0.16,2.24,not uncertain
AmbiStory,blind,pros_cons,AmbiStory-test-245,5,4,0.0,0.6399999999999999,not uncertain
AmbiStory,blind,pros_cons,AmbiStory-test-246,5,5,0.0,0.1599999999999999,not uncertain
AmbiStory,blind,pros_cons,AmbiStory-test-247,1,1,0.0,0.64,not uncertain
AmbiStory,blind,pros_cons,AmbiStory-test-248,1,5,0.36,0.1599999999999999,somewhat uncertain
AmbiStory,blind,pros_cons,AmbiStory-test-249,1,2,0.0,0.64,not uncertain
AmbiStory,blind,pros_cons,AmbiStory-test-250,5,5,0.0,0.24,highly uncertain
AmbiStory,blind,pros_cons,AmbiStory-test-251,1,1,0.0,0.16,not uncertain
AmbiStory,blind,pros_cons,AmbiStory-test-252,5,4,0.0,0.6399999999999999,somewhat uncertain
AmbiStory,blind,pros_cons,AmbiStory-test-253,3,3,0.5599999999999999,1.2,not uncertain
AmbiStory,blind,pros_cons,AmbiStory-test-254,5,4,0.0,0.6399999999999999,not uncertain
AmbiStory,blind,pros_cons,AmbiStory-test-255,1,2,0.3399999999999999,2.24,not uncertain
AmbiStory,blind,pros_cons,AmbiStory-test-256,5,4,0.0,0.5599999999999999,somewhat uncertain
AmbiStory,blind,pros_cons,AmbiStory-test-257,5,2,0.09,1.36,not uncertain
AmbiStory,blind,pros_cons,AmbiStory-test-258,1,3,0.21,1.44,not uncertain
AmbiStory,blind,pros_cons,AmbiStory-test-259,5,5,0.0,0.0,not uncertain
AmbiStory,blind,pros_cons,AmbiStory-test-260,2,2,0.29,0.64,not uncertain
AmbiStory,blind,pros_cons,AmbiStory-test-261,5,5,0.0,0.0,not uncertain
AmbiStory,blind,pros_cons,AmbiStory-test-262,2,4,0.21,1.44,not uncertain
AmbiStory,blind,pros_cons,AmbiStory-test-263,5,4,0.0,1.36,highly uncertain
AmbiStory,blind,pros_cons,AmbiStory-test-264,5,3,0.0475,3.2,somewhat uncertain
AmbiStory,blind,pros_cons,AmbiStory-test-265,5,3,0.0,2.56,not uncertain
AmbiStory,blind,pros_cons,AmbiStory-test-266,5,1,0.0,0.16,not uncertain
AmbiStory,blind,pros_cons,AmbiStory-test-267,5,4,0.0,1.6,not uncertain
AmbiStory,blind,pros_cons,AmbiStory-test-268,5,3,0.0,2.56,somewhat uncertain
AmbiStory,blind,pros_cons,AmbiStory-test-269,5,4,0.0,3.04,not uncertain
AmbiStory,blind,pros_cons,AmbiStory-test-270,5,5,0.0,0.24,not uncertain
AmbiStory,blind,pros_cons,AmbiStory-test-271,5,2,0.21,0.64,somewhat uncertain
AmbiStory,blind,pros_cons,AmbiStory-test-272,3,2,2.0,0.8,not uncertain
AmbiStory,blind,pros_cons,AmbiStory-test-273,5,4,0.0,2.4,somewhat uncertain
AmbiStory,blind,pros_cons,AmbiStory-test-274,5,4,0.0,1.36,highly uncertain
AmbiStory,blind,pros_cons,AmbiStory-test-275,5,3,0.0475,1.36,highly uncertain
AmbiStory,blind,pros_cons,AmbiStory-test-276,1,2,0.0,0.64,not uncertain
AmbiStory,blind,pros_cons,AmbiStory-test-277,5,5,0.0,0.6399999999999999,not uncertain
AmbiStory,blind,pros_cons,AmbiStory-test-278,1,2,0.0475,0.64,not uncertain
AmbiStory,blind,pros_cons,AmbiStory-test-279,5,5,0.0,0.0,highly uncertain
AmbiStory,blind,pros_cons,AmbiStory-test-280,1,2,0.0,0.5599999999999999,not uncertain
AmbiStory,blind,pros_cons,AmbiStory-test-281,5,4,0.0,0.64,not uncertain
AmbiStory,blind,pros_cons,AmbiStory-test-282,5,3,0.0,1.04,highly uncertain
AmbiStory,blind,pros_cons,AmbiStory-test-283,5,4,0.0,2.56,not uncertain
AmbiStory,blind,pros_cons,AmbiStory-test-284,5,4,0.0,0.5599999999999999,highly uncertain
AmbiStory,blind,pros_cons,AmbiStory-test-285,5,4,0.0,2.4,highly uncertain
AmbiStory,blind,pros_cons,AmbiStory-test-286,5,3,0.0,0.64,not uncertain
AmbiStory,blind,pros_cons,AmbiStory-test-287,5,4,0.0,0.64,highly uncertain
AmbiStory,blind,pros_cons,AmbiStory-test-288,5,4,0.0475,0.96,not uncertain
AmbiStory,blind,pros_cons,AmbiStory-test-289,5,4,0.0475,0.5599999999999999,highly uncertain
AmbiStory,blind,pros_cons,AmbiStory-test-290,5,3,0.09,2.8,not uncertain
AmbiStory,blind,pros_cons,AmbiStory-test-291,5,4,0.09,0.8,not uncertain
AmbiStory,blind,pros_cons,AmbiStory-test-292,5,4,0.1599999999999999,0.6399999999999999,not uncertain
AmbiStory,blind,pros_cons,AmbiStory-test-293,5,4,0.1275,2.16,not uncertain
AmbiStory,blind,pros_cons,AmbiStory-test-294,1,3,0.1275,1.7600000000000002,not uncertain
AmbiStory,blind,pros_cons,AmbiStory-test-295,5,2,0.09,0.64,not uncertain
AmbiStory,blind,pros_cons,AmbiStory-test-296,2,3,0.25,1.2,not uncertain
AmbiStory,blind,pros_cons,AmbiStory-test-297,5,5,0.0,0.24,not uncertain
AmbiStory,blind,pros_cons,AmbiStory-test-298,1,2,0.0475,0.56,highly uncertain
AmbiStory,blind,pros_cons,AmbiStory-test-299,5,4,0.0,1.8400000000000003,not uncertain
AmbiStory,blind,pros_cons,AmbiStory-test-300,1,2,0.2274999999999999,1.36,somewhat uncertain
AmbiStory,blind,pros_cons,AmbiStory-test-301,1,1,0.09,0.16,somewhat uncertain
AmbiStory,blind,pros_cons,AmbiStory-test-302,4,3,1.3275,0.64,highly uncertain
AmbiStory,blind,pros_cons,AmbiStory-test-303,5,2,0.0,1.3600000000000003,not uncertain
AmbiStory,blind,pros_cons,AmbiStory-test-304,5,4,0.1275,1.4400000000000002,not uncertain
AmbiStory,blind,pros_cons,AmbiStory-test-305,2,2,1.09,0.56,somewhat uncertain
AmbiStory,blind,pros_cons,AmbiStory-test-306,4,5,0.1875,0.0,not uncertain
AmbiStory,blind,pros_cons,AmbiStory-test-307,4,1,0.4599999999999999,0.24,not uncertain
AmbiStory,blind,pros_cons,AmbiStory-test-308,4,4,0.54,2.56,somewhat uncertain
AmbiStory,blind,pros_cons,AmbiStory-test-309,4,2,1.9275,0.9600000000000002,not uncertain
AmbiStory,blind,pros_cons,AmbiStory-test-310,4,4,0.31,0.64,not uncertain
AmbiStory,blind,pros_cons,AmbiStory-test-311,4,3,0.0475,2.16,somewhat uncertain
AmbiStory,blind,pros_cons,AmbiStory-test-312,5,4,0.25,0.24,not uncertain
AmbiStory,blind,pros_cons,AmbiStory-test-313,5,3,1.44,3.8400000000000007,not uncertain
AmbiStory,blind,pros_cons,AmbiStory-test-314,4,4,0.2274999999999999,1.36,not uncertain
AmbiStory,blind,pros_cons,AmbiStory-test-315,5,3,2.76,0.96,highly uncertain
AmbiStory,blind,pros_cons,AmbiStory-test-316,4,3,0.64,1.8400000000000003,not uncertain
AmbiStory,blind,pros_cons,AmbiStory-test-317,1,4,0.8100000000000002,1.8400000000000003,not uncertain
AmbiStory,blind,pros_cons,AmbiStory-test-318,5,5,0.0,0.1599999999999999,not uncertain
AmbiStory,blind,pros_cons,AmbiStory-test-319,1,1,0.0,0.16,not uncertain
AmbiStory,blind,pros_cons,AmbiStory-test-320,5,5,0.0,0.1599999999999999,highly uncertain
AmbiStory,blind,pros_cons,AmbiStory-test-321,1,1,0.0,0.0,not uncertain
AmbiStory,blind,pros_cons,AmbiStory-test-322,5,5,0.0,0.24,not uncertain
AmbiStory,blind,pros_cons,AmbiStory-test-323,1,1,0.09,0.16,not uncertain
AmbiStory,blind,pros_cons,AmbiStory-test-324,5,5,0.0,0.0,not uncertain
AmbiStory,blind,pros_cons,AmbiStory-test-325,1,1,0.0,0.0,not uncertain
AmbiStory,blind,pros_cons,AmbiStory-test-326,5,5,0.0,0.1599999999999999,not uncertain
AmbiStory,blind,pros_cons,AmbiStory-test-327,1,2,0.16,0.9600000000000002,somewhat uncertain
AmbiStory,blind,pros_cons,AmbiStory-test-328,5,5,0.0,0.0,highly uncertain
AmbiStory,blind,pros_cons,AmbiStory-test-329,1,2,0.0,2.1388888888888897,not uncertain
AmbiStory,blind,pros_cons,AmbiStory-test-330,4,4,2.2275,0.5599999999999999,not uncertain
AmbiStory,blind,pros_cons,AmbiStory-test-331,5,3,0.0,2.56,not uncertain
AmbiStory,blind,pros_cons,AmbiStory-test-332,1,1,0.0,0.0,not uncertain
AmbiStory,blind,pros_cons,AmbiStory-test-333,5,5,0.0,0.1599999999999999,not uncertain
AmbiStory,blind,pros_cons,AmbiStory-test-334,1,1,0.16,0.16,somewhat uncertain
AmbiStory,blind,pros_cons,AmbiStory-test-335,5,4,0.0,1.2,highly uncertain
AmbiStory,blind,pros_cons,AmbiStory-test-336,5,5,0.0,0.1599999999999999,not uncertain
AmbiStory,blind,pros_cons,AmbiStory-test-337,1,1,0.0,0.0,not uncertain
AmbiStory,blind,pros_cons,AmbiStory-test-338,4,2,0.09,0.24,not uncertain
AmbiStory,blind,pros_cons,AmbiStory-test-339,5,4,0.0,0.5599999999999999,not uncertain
AmbiStory,blind,pros_cons,AmbiStory-test-340,5,5,0.0,0.24,highly uncertain
AmbiStory,blind,pros_cons,AmbiStory-test-341,1,2,0.09,0.5599999999999999,somewhat uncertain
AmbiStory,blind,pros_cons,AmbiStory-test-342,5,5,0.0,0.0,not uncertain
AmbiStory,blind,pros_cons,AmbiStory-test-343,1,1,0.09,0.0,not uncertain
AmbiStory,blind,pros_cons,AmbiStory-test-344,5,5,0.0,0.1599999999999999,not uncertain
AmbiStory,blind,pros_cons,AmbiStory-test-345,1,3,0.54,0.64,not uncertain
AmbiStory,blind,pros_cons,AmbiStory-test-346,5,4,0.0,2.56,highly uncertain
AmbiStory,blind,pros_cons,AmbiStory-test-347,1,2,0.09,0.25,not uncertain
AmbiStory,blind,pros_cons,AmbiStory-test-348,5,4,0.0,2.560000000000001,highly uncertain
AmbiStory,blind,pros_cons,AmbiStory-test-349,2,2,0.19,2.560000000000001,not uncertain
AmbiStory,blind,pros_cons,AmbiStory-test-350,1,2,0.74,2.16,not uncertain
AmbiStory,blind,pros_cons,AmbiStory-test-351,4,2,0.1875,1.04,somewhat uncertain
AmbiStory,blind,pros_cons,AmbiStory-test-352,1,2,0.1275,0.56,not uncertain
AmbiStory,blind,pros_cons,AmbiStory-test-353,1,1,1.14,0.16,somewhat uncertain
AmbiStory,blind,pros_cons,AmbiStory-test-354,5,5,0.0,0.0,not uncertain
AmbiStory,blind,pros_cons,AmbiStory-test-355,1,1,0.0,0.0,not uncertain
AmbiStory,blind,pros_cons,AmbiStory-test-356,5,5,0.0,0.0,not uncertain
AmbiStory,blind,pros_cons,AmbiStory-test-357,1,1,0.0,0.0,not uncertain
AmbiStory,blind,pros_cons,AmbiStory-test-358,5,5,0.0,0.0,highly uncertain
AmbiStory,blind,pros_cons,AmbiStory-test-359,1,2,0.0,0.56,not uncertain
AmbiStory,blind,pros_cons,AmbiStory-test-360,5,5,0.0,0.1599999999999999,not uncertain
AmbiStory,blind,pros_cons,AmbiStory-test-361,1,1,0.0,0.24,not uncertain
AmbiStory,blind,pros_cons,AmbiStory-test-362,5,4,0.0,2.56,not uncertain
AmbiStory,blind,pros_cons,AmbiStory-test-363,1,1,0.0,0.0,somewhat uncertain
AmbiStory,blind,pros_cons,AmbiStory-test-364,5,2,0.0,0.96,not uncertain
AmbiStory,blind,pros_cons,AmbiStory-test-365,1,3,0.19,1.6,not uncertain
AmbiStory,blind,pros_cons,AmbiStory-test-366,5,3,0.0,1.4400000000000002,not uncertain
AmbiStory,blind,pros_cons,AmbiStory-test-367,4,2,0.1475,0.16,somewhat uncertain
AmbiStory,blind,pros_cons,AmbiStory-test-368,5,2,2.1275000000000004,0.5599999999999999,somewhat uncertain
AmbiStory,blind,pros_cons,AmbiStory-test-369,5,4,0.0,2.24,not uncertain
AmbiStory,blind,pros_cons,AmbiStory-test-370,1,2,0.3875,0.56,not uncertain
AmbiStory,blind,pros_cons,AmbiStory-test-371,4,2,0.4875,2.24,somewhat uncertain
AmbiStory,blind,pros_cons,AmbiStory-test-372,5,4,0.0,0.64,highly uncertain
AmbiStory,blind,pros_cons,AmbiStory-test-373,1,2,0.0,0.56,not uncertain
AmbiStory,blind,pros_cons,AmbiStory-test-374,5,5,0.0,0.24,highly uncertain
AmbiStory,blind,pros_cons,AmbiStory-test-375,1,1,0.0,0.0,somewhat uncertain
AmbiStory,blind,pros_cons,AmbiStory-test-376,5,5,0.9275,0.24,somewhat uncertain
AmbiStory,blind,pros_cons,AmbiStory-test-377,2,2,0.1875,0.56,not uncertain
AmbiStory,blind,pros_cons,AmbiStory-test-378,5,4,0.0,2.56,not uncertain
AmbiStory,blind,pros_cons,AmbiStory-test-379,1,1,0.0475,0.64,not uncertain
AmbiStory,blind,pros_cons,AmbiStory-test-380,5,1,0.0475,0.0,not uncertain
AmbiStory,blind,pros_cons,AmbiStory-test-381,5,5,0.0,0.24,not uncertain
AmbiStory,blind,pros_cons,AmbiStory-test-382,5,3,0.0,2.56,not uncertain
AmbiStory,blind,pros_cons,AmbiStory-test-383,5,4,0.0,0.24,not uncertain
AmbiStory,blind,pros_cons,AmbiStory-test-384,5,5,0.0,0.0,not uncertain
AmbiStory,blind,pros_cons,AmbiStory-test-385,1,1,0.0,0.16,not uncertain
AmbiStory,blind,pros_cons,AmbiStory-test-386,5,3,0.0,2.16,not uncertain
AmbiStory,blind,pros_cons,AmbiStory-test-387,1,2,0.0,1.36,not uncertain
AmbiStory,blind,pros_cons,AmbiStory-test-388,5,4,0.0,0.96,not uncertain
AmbiStory,blind,pros_cons,AmbiStory-test-389,1,2,0.0,1.6,not uncertain
AmbiStory,blind,pros_cons,AmbiStory-test-390,5,5,0.0,0.1599999999999999,not uncertain
AmbiStory,blind,pros_cons,AmbiStory-test-391,1,1,0.0,0.16,not uncertain
AmbiStory,blind,pros_cons,AmbiStory-test-392,5,4,1.44,0.64,not uncertain
AmbiStory,blind,pros_cons,AmbiStory-test-393,5,3,0.0,1.36,somewhat uncertain
AmbiStory,blind,pros_cons,AmbiStory-test-394,5,4,0.0,2.24,not uncertain
AmbiStory,blind,pros_cons,AmbiStory-test-395,1,2,0.0,0.8,not uncertain
AmbiStory,blind,pros_cons,AmbiStory-test-396,5,5,0.0,0.0,not uncertain
AmbiStory,blind,pros_cons,AmbiStory-test-397,1,1,0.0,0.24,not uncertain
AmbiStory,blind,pros_cons,AmbiStory-test-398,5,4,0.0,0.5599999999999999,not uncertain
AmbiStory,blind,pros_cons,AmbiStory-test-399,5,3,0.0,0.1599999999999999,not uncertain
AmbiStory,blind,pros_cons,AmbiStory-test-400,5,5,0.0,0.1599999999999999,not uncertain
AmbiStory,blind,pros_cons,AmbiStory-test-401,5,1,0.76,0.24,not uncertain
AmbiStory,blind,pros_cons,AmbiStory-test-402,5,4,2.0275000000000003,0.5599999999999999,not uncertain
AmbiStory,blind,pros_cons,AmbiStory-test-403,5,2,0.0,0.4,not uncertain
AmbiStory,blind,pros_cons,AmbiStory-test-404,4,4,1.2475,0.5599999999999999,not uncertain
AmbiStory,blind,pros_cons,AmbiStory-test-405,5,2,0.0,0.4,not uncertain
AmbiStory,blind,pros_cons,AmbiStory-test-406,4,4,2.6475,0.24,not uncertain
AmbiStory,blind,pros_cons,AmbiStory-test-407,5,2,0.0,1.36,not uncertain
AmbiStory,blind,pros_cons,AmbiStory-test-408,5,4,0.0,1.44,not uncertain
AmbiStory,blind,pros_cons,AmbiStory-test-409,1,1,0.0,0.0,not uncertain
AmbiStory,blind,pros_cons,AmbiStory-test-410,5,4,0.0,1.36,not uncertain
AmbiStory,blind,pros_cons,AmbiStory-test-411,5,2,0.0,1.04,somewhat uncertain
AmbiStory,blind,pros_cons,AmbiStory-test-412,5,4,0.0,0.96,not uncertain
AmbiStory,blind,pros_cons,AmbiStory-test-413,1,1,0.0,0.64,not uncertain
AmbiStory,blind,pros_cons,AmbiStory-test-414,5,5,0.0,0.0,not uncertain
AmbiStory,blind,pros_cons,AmbiStory-test-415,1,1,0.0,0.24,not uncertain
AmbiStory,blind,pros_cons,AmbiStory-test-416,5,5,0.0475,0.1599999999999999,not uncertain
AmbiStory,blind,pros_cons,AmbiStory-test-417,1,2,0.2274999999999999,0.64,not uncertain
AmbiStory,blind,pros_cons,AmbiStory-test-418,5,5,0.0,0.1599999999999999,highly uncertain
AmbiStory,blind,pros_cons,AmbiStory-test-419,1,2,0.0475,2.24,not uncertain
AmbiStory,blind,pros_cons,AmbiStory-test-420,5,3,0.09,2.2222222222222228,somewhat uncertain
AmbiStory,blind,pros_cons,AmbiStory-test-421,1,3,0.0,1.4400000000000002,somewhat uncertain
AmbiStory,blind,pros_cons,AmbiStory-test-422,5,3,0.0,2.24,somewhat uncertain
AmbiStory,blind,pros_cons,AmbiStory-test-423,1,3,0.0,2.0,somewhat uncertain
AmbiStory,blind,pros_cons,AmbiStory-test-424,5,3,0.0,0.4,not uncertain
AmbiStory,blind,pros_cons,AmbiStory-test-425,1,3,0.0,1.04,not uncertain
AmbiStory,blind,pros_cons,AmbiStory-test-426,5,3,0.0475,0.64,not uncertain
AmbiStory,blind,pros_cons,AmbiStory-test-427,5,3,0.25,1.36,not uncertain
AmbiStory,blind,pros_cons,AmbiStory-test-428,5,4,0.0,0.6399999999999999,somewhat uncertain
AmbiStory,blind,pros_cons,AmbiStory-test-429,5,2,1.1475000000000002,0.4,somewhat uncertain
AmbiStory,blind,pros_cons,AmbiStory-test-430,5,4,0.0,1.6,not uncertain
AmbiStory,blind,pros_cons,AmbiStory-test-431,5,2,0.2274999999999999,0.16,highly uncertain
AmbiStory,blind,pros_cons,AmbiStory-test-432,5,4,0.0475,1.44,highly uncertain
AmbiStory,blind,pros_cons,AmbiStory-test-433,1,1,0.0475,0.24,somewhat uncertain
AmbiStory,blind,pros_cons,AmbiStory-test-434,5,5,0.0,0.24,not uncertain
AmbiStory,blind,pros_cons,AmbiStory-test-435,1,1,0.0,0.64,not uncertain
AmbiStory,blind,pros_cons,AmbiStory-test-436,5,4,0.0,1.36,somewhat uncertain
AmbiStory,blind,pros_cons,AmbiStory-test-437,1,1,0.0,0.0,somewhat uncertain
AmbiStory,blind,pros_cons,AmbiStory-test-438,5,5,0.0,0.1599999999999999,not uncertain
AmbiStory,blind,pros_cons,AmbiStory-test-439,1,2,2.11,2.24,not uncertain
AmbiStory,blind,pros_cons,AmbiStory-test-440,4,3,0.1875,1.36,not uncertain
AmbiStory,blind,pros_cons,AmbiStory-test-441,5,3,2.4475,1.84,highly uncertain
AmbiStory,blind,pros_cons,AmbiStory-test-442,4,4,0.3,0.5599999999999999,not uncertain
AmbiStory,blind,pros_cons,AmbiStory-test-443,1,3,1.5275,2.64,highly uncertain
AmbiStory,blind,pros_cons,AmbiStory-test-444,5,4,0.0,1.36,not uncertain
AmbiStory,blind,pros_cons,AmbiStory-test-445,5,2,3.0475000000000003,1.36,highly uncertain
AmbiStory,blind,pros_cons,AmbiStory-test-446,5,3,0.0,1.36,somewhat uncertain
AmbiStory,blind,pros_cons,AmbiStory-test-447,5,4,3.06,1.36,not uncertain
AmbiStory,blind,pros_cons,AmbiStory-test-448,5,4,0.7875,0.24,somewhat uncertain
AmbiStory,blind,pros_cons,AmbiStory-test-449,5,2,3.7275,0.8,highly uncertain
AmbiStory,blind,pros_cons,AmbiStory-test-450,5,4,0.2475,0.5599999999999999,highly uncertain
AmbiStory,blind,pros_cons,AmbiStory-test-451,1,2,0.0,0.9600000000000002,not uncertain
AmbiStory,blind,pros_cons,AmbiStory-test-452,5,2,0.25,0.24,not uncertain
AmbiStory,blind,pros_cons,AmbiStory-test-453,5,5,0.0,0.1599999999999999,not uncertain
AmbiStory,blind,pros_cons,AmbiStory-test-454,5,3,0.1599999999999999,2.24,not uncertain
AmbiStory,blind,pros_cons,AmbiStory-test-455,1,3,0.0,0.64,somewhat uncertain
AmbiStory,blind,pros_cons,AmbiStory-test-456,4,4,0.3275,1.36,not uncertain
AmbiStory,blind,pros_cons,AmbiStory-test-457,1,3,0.0,1.04,not uncertain
AmbiStory,blind,pros_cons,AmbiStory-test-458,5,3,2.9400000000000004,1.36,somewhat uncertain
AmbiStory,blind,pros_cons,AmbiStory-test-459,5,4,0.76,0.4,not uncertain
AmbiStory,blind,pros_cons,AmbiStory-test-460,3,3,1.41,1.7600000000000002,not uncertain
AmbiStory,blind,pros_cons,AmbiStory-test-461,1,3,0.0475,1.5555555555555556,somewhat uncertain
AmbiStory,blind,pros_cons,AmbiStory-test-462,5,2,0.2475,3.04,highly uncertain
AmbiStory,blind,pros_cons,AmbiStory-test-463,5,5,0.0,0.0,highly uncertain
AmbiStory,blind,pros_cons,AmbiStory-test-464,4,2,0.21,0.8,highly uncertain
AmbiStory,blind,pros_cons,AmbiStory-test-465,5,5,0.0,0.6399999999999999,not uncertain
AmbiStory,blind,pros_cons,AmbiStory-test-466,4,3,0.25,0.8,highly uncertain
AmbiStory,blind,pros_cons,AmbiStory-test-467,5,3,0.0475,1.84,somewhat uncertain
AmbiStory,blind,pros_cons,AmbiStory-test-468,5,5,0.0,0.1599999999999999,highly uncertain
AmbiStory,blind,pros_cons,AmbiStory-test-469,5,5,0.0,0.1599999999999999,not uncertain
AmbiStory,blind,pros_cons,AmbiStory-test-470,5,5,0.0,0.6399999999999999,not uncertain
AmbiStory,blind,pros_cons,AmbiStory-test-471,5,4,0.0,1.36,not uncertain
AmbiStory,blind,pros_cons,AmbiStory-test-472,5,4,0.0,1.0400000000000005,not uncertain
AmbiStory,blind,pros_cons,AmbiStory-test-473,5,4,0.0,1.44,highly uncertain
AmbiStory,blind,pros_cons,AmbiStory-test-474,5,5,0.0,0.0,not uncertain
AmbiStory,blind,pros_cons,AmbiStory-test-475,4,3,0.9275,2.64,somewhat uncertain
AmbiStory,blind,pros_cons,AmbiStory-test-476,5,4,0.0,0.64,not uncertain
AmbiStory,blind,pros_cons,AmbiStory-test-477,4,3,0.24,2.16,somewhat uncertain
AmbiStory,blind,pros_cons,AmbiStory-test-478,5,4,0.0,0.5599999999999999,highly uncertain
AmbiStory,blind,pros_cons,AmbiStory-test-479,4,3,0.3275,2.0,not uncertain
AmbiStory,blind,pros_cons,AmbiStory-test-480,5,5,0.1275,0.0,not uncertain
AmbiStory,blind,pros_cons,AmbiStory-test-481,1,2,0.0,0.64,not uncertain
AmbiStory,blind,pros_cons,AmbiStory-test-482,3,2,0.7474999999999999,2.1600000000000006,not uncertain
AmbiStory,blind,pros_cons,AmbiStory-test-483,5,4,0.0,0.5599999999999999,not uncertain
AmbiStory,blind,pros_cons,AmbiStory-test-484,4,4,0.21,1.36,somewhat uncertain
AmbiStory,blind,pros_cons,AmbiStory-test-485,2,3,0.4474999999999999,1.84,not uncertain
AmbiStory,blind,pros_cons,AmbiStory-test-486,1,2,0.09,0.64,not uncertain
AmbiStory,blind,pros_cons,AmbiStory-test-487,5,4,0.0,0.8,not uncertain
AmbiStory,blind,pros_cons,AmbiStory-test-488,1,1,0.0475,0.0,not uncertain
AmbiStory,blind,pros_cons,AmbiStory-test-489,5,5,0.0,0.0,not uncertain
AmbiStory,blind,pros_cons,AmbiStory-test-490,1,1,0.0,0.24,not uncertain
AmbiStory,blind,pros_cons,AmbiStory-test-491,5,5,0.0,0.1599999999999999,highly uncertain
AmbiStory,blind,pros_cons,AmbiStory-test-492,5,5,0.0,0.0,not uncertain
AmbiStory,blind,pros_cons,AmbiStory-test-493,1,3,0.45,2.64,not uncertain
AmbiStory,blind,pros_cons,AmbiStory-test-494,5,4,0.0,2.56,not uncertain
AmbiStory,blind,pros_cons,AmbiStory-test-495,1,3,1.26,1.7600000000000002,not uncertain
AmbiStory,blind,pros_cons,AmbiStory-test-496,5,4,0.0,1.36,not uncertain
AmbiStory,blind,pros_cons,AmbiStory-test-497,1,2,0.21,0.56,not uncertain
AmbiStory,blind,pros_cons,AmbiStory-test-498,1,4,0.4275,0.5599999999999999,somewhat uncertain
AmbiStory,blind,pros_cons,AmbiStory-test-499,5,2,0.0,1.2,somewhat uncertain
AmbiStory,blind,pros_cons,AmbiStory-test-500,1,1,0.09,0.24,not uncertain
AmbiStory,blind,pros_cons,AmbiStory-test-501,5,4,0.0,0.96,highly uncertain
AmbiStory,blind,pros_cons,AmbiStory-test-502,1,3,0.0,1.0400000000000005,not uncertain
AmbiStory,blind,pros_cons,AmbiStory-test-503,5,3,0.0,1.8400000000000003,not uncertain
AmbiStory,blind,pros_cons,AmbiStory-test-504,5,5,0.0,0.6399999999999999,highly uncertain
AmbiStory,blind,pros_cons,AmbiStory-test-505,1,1,0.0,0.0,not uncertain
AmbiStory,blind,pros_cons,AmbiStory-test-506,3,3,0.35,1.0400000000000005,not uncertain
AmbiStory,blind,pros_cons,AmbiStory-test-507,5,3,0.0,1.6,highly uncertain
AmbiStory,blind,pros_cons,AmbiStory-test-508,5,3,0.0,1.36,highly uncertain
AmbiStory,blind,pros_cons,AmbiStory-test-509,5,2,1.4475,2.2222222222222223,not uncertain
AmbiStory,blind,pros_cons,AmbiStory-test-510,5,3,0.8474999999999999,1.36,not uncertain
AmbiStory,blind,pros_cons,AmbiStory-test-511,5,2,0.2274999999999999,0.96,not uncertain
AmbiStory,blind,pros_cons,AmbiStory-test-512,1,2,0.8475000000000001,1.8400000000000003,not uncertain
AmbiStory,blind,pros_cons,AmbiStory-test-513,5,4,0.0,0.6399999999999999,not uncertain
AmbiStory,blind,pros_cons,AmbiStory-test-514,4,3,2.3400000000000003,0.64,highly uncertain
AmbiStory,blind,pros_cons,AmbiStory-test-515,5,4,0.0,0.5599999999999999,not uncertain
AmbiStory,blind,pros_cons,AmbiStory-test-516,5,4,0.0475,1.44,highly uncertain
AmbiStory,blind,pros_cons,AmbiStory-test-517,1,2,0.41,1.36,not uncertain
AmbiStory,blind,pros_cons,AmbiStory-test-518,1,2,0.0,2.4,not uncertain
AmbiStory,blind,pros_cons,AmbiStory-test-519,5,5,0.0,0.0,not uncertain
AmbiStory,blind,pros_cons,AmbiStory-test-520,1,2,0.0,0.56,not uncertain
AmbiStory,blind,pros_cons,AmbiStory-test-521,1,3,0.75,1.84,somewhat uncertain
AmbiStory,blind,pros_cons,AmbiStory-test-522,2,2,0.9275,1.36,not uncertain
AmbiStory,blind,pros_cons,AmbiStory-test-523,5,5,0.0,0.24,highly uncertain
AmbiStory,blind,pros_cons,AmbiStory-test-524,1,2,0.0,1.4400000000000002,not uncertain
AmbiStory,blind,pros_cons,AmbiStory-test-525,5,5,0.0,0.1599999999999999,not uncertain
AmbiStory,blind,pros_cons,AmbiStory-test-526,2,1,0.2274999999999999,0.16,not uncertain
AmbiStory,blind,pros_cons,AmbiStory-test-527,5,4,0.0,0.64,not uncertain
AmbiStory,blind,pros_cons,AmbiStory-test-528,4,3,0.21,0.8,highly uncertain
AmbiStory,blind,pros_cons,AmbiStory-test-529,5,4,0.8275,0.1599999999999999,not uncertain
AmbiStory,blind,pros_cons,AmbiStory-test-530,1,1,0.21,0.24,not uncertain
AmbiStory,blind,pros_cons,AmbiStory-test-531,5,5,0.0,0.24,not uncertain
AmbiStory,blind,pros_cons,AmbiStory-test-532,4,3,0.55,0.24,not uncertain
AmbiStory,blind,pros_cons,AmbiStory-test-533,5,3,0.0,0.0,not uncertain
AmbiStory,blind,pros_cons,AmbiStory-test-534,5,5,0.0475,0.1599999999999999,not uncertain
AmbiStory,blind,pros_cons,AmbiStory-test-535,5,5,0.0475,0.1599999999999999,not uncertain
AmbiStory,blind,pros_cons,AmbiStory-test-536,4,5,0.24,0.24,not uncertain
AmbiStory,blind,pros_cons,AmbiStory-test-537,5,5,0.0,0.0,not uncertain
AmbiStory,blind,pros_cons,AmbiStory-test-538,5,5,0.0475,0.0,not uncertain
AmbiStory,blind,pros_cons,AmbiStory-test-539,5,5,0.0,0.0,highly uncertain
AmbiStory,blind,pros_cons,AmbiStory-test-540,1,3,1.4875,1.7600000000000002,somewhat uncertain
AmbiStory,blind,pros_cons,AmbiStory-test-541,5,4,0.0,2.16,highly uncertain
AmbiStory,blind,pros_cons,AmbiStory-test-542,1,3,0.0,1.84,not uncertain
AmbiStory,blind,pros_cons,AmbiStory-test-543,5,5,0.0,0.0,not uncertain
AmbiStory,blind,pros_cons,AmbiStory-test-544,1,4,0.4599999999999999,1.44,not uncertain
AmbiStory,blind,pros_cons,AmbiStory-test-545,5,5,0.0,0.0,not uncertain
AmbiStory,blind,pros_cons,AmbiStory-test-546,4,3,0.2475,1.36,not uncertain
AmbiStory,blind,pros_cons,AmbiStory-test-547,4,3,1.9275,0.96,not uncertain
AmbiStory,blind,pros_cons,AmbiStory-test-548,1,2,0.0,0.64,not uncertain
AmbiStory,blind,pros_cons,AmbiStory-test-549,5,4,0.0,0.8,not uncertain
AmbiStory,blind,pros_cons,AmbiStory-test-550,1,2,0.09,0.56,not uncertain
AmbiStory,blind,pros_cons,AmbiStory-test-551,5,4,0.0,0.5599999999999999,not uncertain
AmbiStory,blind,pros_cons,AmbiStory-test-552,1,1,0.0,0.0,not uncertain
AmbiStory,blind,pros_cons,AmbiStory-test-553,5,3,0.0,1.04,somewhat uncertain
AmbiStory,blind,pros_cons,AmbiStory-test-554,1,2,0.0,1.8400000000000003,not uncertain
AmbiStory,blind,pros_cons,AmbiStory-test-555,5,3,0.0,0.96,not uncertain
AmbiStory,blind,pros_cons,AmbiStory-test-556,1,1,0.0,0.24,not uncertain
AmbiStory,blind,pros_cons,AmbiStory-test-557,5,4,0.0,2.24,not uncertain
AmbiStory,blind,pros_cons,AmbiStory-test-558,5,5,0.0,0.0,not uncertain
AmbiStory,blind,pros_cons,AmbiStory-test-559,2,2,1.0275,2.4,somewhat uncertain
AmbiStory,blind,pros_cons,AmbiStory-test-560,1,1,0.0,0.16,not uncertain
AmbiStory,blind,pros_cons,AmbiStory-test-561,5,4,0.0,0.64,not uncertain
AmbiStory,blind,pros_cons,AmbiStory-test-562,1,2,0.1275,0.5599999999999999,not uncertain
AmbiStory,blind,pros_cons,AmbiStory-test-563,5,4,0.0,0.24,somewhat uncertain
AmbiStory,blind,pros_cons,AmbiStory-test-564,5,4,0.0,1.0400000000000005,not uncertain
AmbiStory,blind,pros_cons,AmbiStory-test-565,5,4,0.7275,0.5599999999999999,not uncertain
AmbiStory,blind,pros_cons,AmbiStory-test-566,5,3,0.0475,0.5599999999999999,highly uncertain
AmbiStory,blind,pros_cons,AmbiStory-test-567,5,4,0.0,2.16,somewhat uncertain
AmbiStory,blind,pros_cons,AmbiStory-test-568,4,3,0.25,1.04,not uncertain
AmbiStory,blind,pros_cons,AmbiStory-test-569,5,4,0.0,0.96,not uncertain
AmbiStory,blind,pros_cons,AmbiStory-test-570,5,5,0.09,0.24,not uncertain
AmbiStory,blind,pros_cons,AmbiStory-test-571,1,1,0.6275000000000001,0.16,not uncertain
AmbiStory,blind,pros_cons,AmbiStory-test-572,4,3,0.3875,0.64,not uncertain
AmbiStory,blind,pros_cons,AmbiStory-test-573,5,4,0.3475,3.04,somewhat uncertain
AmbiStory,blind,pros_cons,AmbiStory-test-574,5,4,0.0475,2.16,not uncertain
AmbiStory,blind,pros_cons,AmbiStory-test-575,4,2,1.2475,0.5555555555555555,somewhat uncertain
AmbiStory,blind,pros_cons,AmbiStory-test-576,5,5,0.7875,0.1599999999999999,not uncertain
AmbiStory,blind,pros_cons,AmbiStory-test-577,5,4,0.76,1.2,somewhat uncertain
AmbiStory,blind,pros_cons,AmbiStory-test-578,1,1,0.0,0.24,highly uncertain
AmbiStory,blind,pros_cons,AmbiStory-test-579,5,5,0.0,0.0,not uncertain
AmbiStory,blind,pros_cons,AmbiStory-test-580,5,1,2.8275,0.24,not uncertain
AmbiStory,blind,pros_cons,AmbiStory-test-581,5,5,0.0,0.1599999999999999,not uncertain
AmbiStory,blind,pros_cons,AmbiStory-test-582,5,3,0.0,0.4,not uncertain
AmbiStory,blind,pros_cons,AmbiStory-test-583,1,2,0.25,1.4400000000000002,not uncertain
AmbiStory,blind,pros_cons,AmbiStory-test-584,4,2,0.25,0.8,not uncertain
AmbiStory,blind,pros_cons,AmbiStory-test-585,5,3,0.1875,0.96,not uncertain
AmbiStory,blind,pros_cons,AmbiStory-test-586,5,3,0.0,1.2,not uncertain
AmbiStory,blind,pros_cons,AmbiStory-test-587,2,2,0.25,0.64,not uncertain
AmbiStory,blind,pros_cons,AmbiStory-test-588,1,2,2.31,0.5599999999999999,highly uncertain
AmbiStory,blind,pros_cons,AmbiStory-test-589,5,4,0.09,1.36,not uncertain
AmbiStory,blind,pros_cons,AmbiStory-test-590,1,4,0.16,1.84,not uncertain
AmbiStory,blind,pros_cons,AmbiStory-test-591,5,5,0.0,0.24,not uncertain
AmbiStory,blind,pros_cons,AmbiStory-test-592,4,3,2.46,2.56,not uncertain
AmbiStory,blind,pros_cons,AmbiStory-test-593,5,5,0.0,0.1599999999999999,not uncertain
AmbiStory,blind,pros_cons,AmbiStory-test-594,1,2,0.1275,0.64,not uncertain
AmbiStory,blind,pros_cons,AmbiStory-test-595,4,4,0.24,2.4,highly uncertain
AmbiStory,blind,pros_cons,AmbiStory-test-596,1,1,0.2274999999999999,0.24,not uncertain
AmbiStory,blind,pros_cons,AmbiStory-test-597,5,3,0.0,2.0,highly uncertain
AmbiStory,blind,pros_cons,AmbiStory-test-598,1,2,0.0,0.24,not uncertain
AmbiStory,blind,pros_cons,AmbiStory-test-599,4,5,0.2274999999999999,0.6399999999999999,highly uncertain
AmbiStory,blind,pros_cons,AmbiStory-test-600,5,5,0.0,0.1599999999999999,not uncertain
AmbiStory,blind,pros_cons,AmbiStory-test-601,1,2,0.0,0.56,not uncertain
AmbiStory,blind,pros_cons,AmbiStory-test-602,5,5,0.8099999999999999,0.0,not uncertain
AmbiStory,blind,pros_cons,AmbiStory-test-603,1,3,1.1475000000000002,2.2222222222222223,not uncertain
AmbiStory,blind,pros_cons,AmbiStory-test-604,5,4,0.0,0.24,not uncertain
AmbiStory,blind,pros_cons,AmbiStory-test-605,1,2,0.0,0.24,not uncertain
AmbiStory,blind,pros_cons,AmbiStory-test-606,1,3,3.0475000000000003,2.56,not uncertain
AmbiStory,blind,pros_cons,AmbiStory-test-607,5,3,0.0,1.8400000000000003,not uncertain
AmbiStory,blind,pros_cons,AmbiStory-test-608,1,1,0.0,0.0,not uncertain
AmbiStory,blind,pros_cons,AmbiStory-test-609,5,5,0.0,0.1599999999999999,not uncertain
AmbiStory,blind,pros_cons,AmbiStory-test-610,1,1,0.0,0.24,not uncertain
AmbiStory,blind,pros_cons,AmbiStory-test-611,5,4,0.0,1.36,highly uncertain
AmbiStory,blind,pros_cons,AmbiStory-test-612,5,5,0.0475,0.0,somewhat uncertain
AmbiStory,blind,pros_cons,AmbiStory-test-613,4,2,0.5900000000000001,2.16,somewhat uncertain
AmbiStory,blind,pros_cons,AmbiStory-test-614,1,1,0.0,0.0,
AmbiStory,blind,pros_cons,AmbiStory-test-615,5,5,0.0,0.24,highly uncertain
AmbiStory,blind,pros_cons,AmbiStory-test-616,1,2,0.0,0.64,not uncertain
AmbiStory,blind,pros_cons,AmbiStory-test-617,5,5,0.0,0.24,not uncertain
AmbiStory,blind,pros_cons,AmbiStory-test-618,5,4,0.09,2.24,not uncertain
AmbiStory,blind,pros_cons,AmbiStory-test-619,5,3,0.0,3.3599999999999994,somewhat uncertain
AmbiStory,blind,pros_cons,AmbiStory-test-620,1,2,0.0,0.24,not uncertain
AmbiStory,blind,pros_cons,AmbiStory-test-621,5,5,0.0,0.24,not uncertain
AmbiStory,blind,pros_cons,AmbiStory-test-622,1,2,0.0,1.04,not uncertain
AmbiStory,blind,pros_cons,AmbiStory-test-623,5,5,0.0,0.0,highly uncertain
AmbiStory,blind,pros_cons,AmbiStory-test-624,1,1,0.2274999999999999,0.64,not uncertain
AmbiStory,blind,pros_cons,AmbiStory-test-625,5,3,0.0,2.56,highly uncertain
AmbiStory,blind,pros_cons,AmbiStory-test-626,1,2,0.0,2.24,not uncertain
AmbiStory,blind,pros_cons,AmbiStory-test-627,5,4,0.0,0.24,highly uncertain
AmbiStory,blind,pros_cons,AmbiStory-test-628,1,3,0.09,0.64,not uncertain
AmbiStory,blind,pros_cons,AmbiStory-test-629,5,5,0.0,0.24,highly uncertain
AmbiStory,blind,pros_cons,AmbiStory-test-630,5,5,0.0,0.0,not uncertain
AmbiStory,blind,pros_cons,AmbiStory-test-631,1,1,0.0,0.24,not uncertain
AmbiStory,blind,pros_cons,AmbiStory-test-632,5,5,0.0,0.0,not uncertain
AmbiStory,blind,pros_cons,AmbiStory-test-633,1,1,0.0,0.0,not uncertain
AmbiStory,blind,pros_cons,AmbiStory-test-634,5,5,0.4275,0.0,highly uncertain
AmbiStory,blind,pros_cons,AmbiStory-test-635,1,2,0.0,0.24,not uncertain
AmbiStory,blind,pros_cons,AmbiStory-test-636,5,4,0.0,0.5599999999999999,somewhat uncertain
AmbiStory,blind,pros_cons,AmbiStory-test-637,1,2,1.44,1.2,not uncertain
AmbiStory,blind,pros_cons,AmbiStory-test-638,5,3,0.0,1.84,not uncertain
AmbiStory,blind,pros_cons,AmbiStory-test-639,5,3,0.0,2.64,highly uncertain
AmbiStory,blind,pros_cons,AmbiStory-test-640,5,3,0.0,1.4400000000000002,somewhat uncertain
AmbiStory,blind,pros_cons,AmbiStory-test-641,5,2,0.7875,2.1600000000000006,not uncertain
AmbiStory,blind,pros_cons,AmbiStory-test-642,5,5,0.0,0.0,not uncertain
AmbiStory,blind,pros_cons,AmbiStory-test-643,1,2,0.0,0.64,somewhat uncertain
AmbiStory,blind,pros_cons,AmbiStory-test-644,5,5,0.0,0.24,not uncertain
AmbiStory,blind,pros_cons,AmbiStory-test-645,1,1,0.0,0.6400000000000002,not uncertain
AmbiStory,blind,pros_cons,AmbiStory-test-646,5,5,0.0,0.0,not uncertain
AmbiStory,blind,pros_cons,AmbiStory-test-647,1,1,0.0,0.16,not uncertain
AmbiStory,blind,pros_cons,AmbiStory-test-648,1,2,0.16,0.96,somewhat uncertain
AmbiStory,blind,pros_cons,AmbiStory-test-649,5,4,0.0,1.6,not uncertain
AmbiStory,blind,pros_cons,AmbiStory-test-650,1,1,0.16,0.16,not uncertain
AmbiStory,blind,pros_cons,AmbiStory-test-651,5,5,0.0,0.0,not uncertain
AmbiStory,blind,pros_cons,AmbiStory-test-652,1,3,0.0,1.6,not uncertain
AmbiStory,blind,pros_cons,AmbiStory-test-653,5,5,0.0,0.24,highly uncertain
AmbiStory,blind,pros_cons,AmbiStory-test-654,5,5,0.0,0.24,not uncertain
AmbiStory,blind,pros_cons,AmbiStory-test-655,1,2,0.0,0.64,not uncertain
AmbiStory,blind,pros_cons,AmbiStory-test-656,5,3,0.0,1.6,not uncertain
AmbiStory,blind,pros_cons,AmbiStory-test-657,4,3,1.3475,2.64,not uncertain
AmbiStory,blind,pros_cons,AmbiStory-test-658,5,4,0.0,1.36,not uncertain
AmbiStory,blind,pros_cons,AmbiStory-test-659,1,4,0.0,0.5599999999999999,not uncertain
AmbiStory,blind,pros_cons,AmbiStory-test-660,5,5,0.0475,0.0,not uncertain
AmbiStory,blind,pros_cons,AmbiStory-test-661,1,2,0.31,0.56,not uncertain
AmbiStory,blind,pros_cons,AmbiStory-test-662,5,4,0.1275,1.2,not uncertain
AmbiStory,blind,pros_cons,AmbiStory-test-663,1,4,0.54,1.6,not uncertain
AmbiStory,blind,pros_cons,AmbiStory-test-664,5,4,0.7875,0.8,not uncertain
AmbiStory,blind,pros_cons,AmbiStory-test-665,1,3,0.2274999999999999,0.4,not uncertain
AmbiStory,blind,pros_cons,AmbiStory-test-666,5,5,0.0,0.6399999999999999,not uncertain
AmbiStory,blind,pros_cons,AmbiStory-test-667,1,2,0.0475,2.16,somewhat uncertain
AmbiStory,blind,pros_cons,AmbiStory-test-668,5,4,0.0,0.64,not uncertain
AmbiStory,blind,pros_cons,AmbiStory-test-669,5,2,0.0,1.8400000000000003,not uncertain
AmbiStory,blind,pros_cons,AmbiStory-test-670,5,5,0.0,0.1599999999999999,not uncertain
AmbiStory,blind,pros_cons,AmbiStory-test-671,1,1,0.2475,0.0,not uncertain
AmbiStory,blind,pros_cons,AmbiStory-test-672,5,5,0.0,0.6399999999999999,not uncertain
AmbiStory,blind,pros_cons,AmbiStory-test-673,5,4,0.0,2.4,not uncertain
AmbiStory,blind,pros_cons,AmbiStory-test-674,5,5,0.0475,0.1599999999999999,not uncertain
AmbiStory,blind,pros_cons,AmbiStory-test-675,5,5,0.0,0.1599999999999999,not uncertain
AmbiStory,blind,pros_cons,AmbiStory-test-676,5,5,0.0,0.1599999999999999,highly uncertain
AmbiStory,blind,pros_cons,AmbiStory-test-677,5,5,0.0,0.0,highly uncertain
AmbiStory,blind,pros_cons,AmbiStory-test-678,5,3,0.0,1.4400000000000002,not uncertain
AmbiStory,blind,pros_cons,AmbiStory-test-679,5,3,0.1275,1.36,not uncertain
AmbiStory,blind,pros_cons,AmbiStory-test-680,5,1,0.8400000000000001,0.2222222222222222,not uncertain
AmbiStory,blind,pros_cons,AmbiStory-test-681,5,3,0.0,3.8400000000000007,not uncertain
AmbiStory,blind,pros_cons,AmbiStory-test-682,5,3,0.0,0.96,somewhat uncertain
AmbiStory,blind,pros_cons,AmbiStory-test-683,5,3,0.0,0.1599999999999999,not uncertain
AmbiStory,blind,pros_cons,AmbiStory-test-684,1,2,1.25,1.2,not uncertain
AmbiStory,blind,pros_cons,AmbiStory-test-685,5,4,0.0,0.96,not uncertain
AmbiStory,blind,pros_cons,AmbiStory-test-686,1,4,2.5475000000000003,0.24,not uncertain
AmbiStory,blind,pros_cons,AmbiStory-test-687,5,3,0.0,1.84,not uncertain
AmbiStory,blind,pros_cons,AmbiStory-test-688,1,2,1.4275,1.0400000000000005,somewhat uncertain
AmbiStory,blind,pros_cons,AmbiStory-test-689,5,3,0.0,1.0400000000000005,not uncertain
AmbiStory,blind,pros_cons,AmbiStory-test-690,5,3,0.0475,0.8,highly uncertain
AmbiStory,blind,pros_cons,AmbiStory-test-691,5,4,0.1275,0.96,not uncertain
AmbiStory,blind,pros_cons,AmbiStory-test-692,1,2,0.6475000000000001,0.64,not uncertain
AmbiStory,blind,pros_cons,AmbiStory-test-693,5,5,0.0,0.0,not uncertain
AmbiStory,blind,pros_cons,AmbiStory-test-694,1,3,2.39,1.36,not uncertain
AmbiStory,blind,pros_cons,AmbiStory-test-695,5,3,0.76,2.24,somewhat uncertain
AmbiStory,blind,pros_cons,AmbiStory-test-696,4,1,1.6275,0.24,highly uncertain
AmbiStory,blind,pros_cons,AmbiStory-test-697,5,2,0.0,0.4,highly uncertain
AmbiStory,blind,pros_cons,AmbiStory-test-698,4,3,2.3275,1.7600000000000002,not uncertain
AmbiStory,blind,pros_cons,AmbiStory-test-699,5,4,0.0,1.6,not uncertain
AmbiStory,blind,pros_cons,AmbiStory-test-700,1,3,0.6275000000000001,2.56,not uncertain
AmbiStory,blind,pros_cons,AmbiStory-test-701,5,2,0.0,0.56,somewhat uncertain
AmbiStory,blind,pros_cons,AmbiStory-test-702,2,2,1.6275,0.64,not uncertain
AmbiStory,blind,pros_cons,AmbiStory-test-703,5,2,2.2275,1.8400000000000003,somewhat uncertain
AmbiStory,blind,pros_cons,AmbiStory-test-704,5,4,0.21,1.36,highly uncertain
AmbiStory,blind,pros_cons,AmbiStory-test-705,5,4,0.09,0.8,somewhat uncertain
AmbiStory,blind,pros_cons,AmbiStory-test-706,3,3,1.0275,1.04,not uncertain
AmbiStory,blind,pros_cons,AmbiStory-test-707,5,3,0.0475,1.84,somewhat uncertain
AmbiStory,blind,pros_cons,AmbiStory-test-708,5,4,0.0,1.36,not uncertain
AmbiStory,blind,pros_cons,AmbiStory-test-709,1,2,0.0,2.1600000000000006,not uncertain
AmbiStory,blind,pros_cons,AmbiStory-test-710,5,2,1.99,0.24,highly uncertain
AmbiStory,blind,pros_cons,AmbiStory-test-711,1,4,0.0475,1.36,somewhat uncertain
AmbiStory,blind,pros_cons,AmbiStory-test-712,5,3,0.0,1.2,highly uncertain
AmbiStory,blind,pros_cons,AmbiStory-test-713,1,3,0.0,1.04,not uncertain
AmbiStory,blind,pros_cons,AmbiStory-test-714,5,4,0.09,0.5599999999999999,highly uncertain
AmbiStory,blind,pros_cons,AmbiStory-test-715,5,3,0.0,1.84,not uncertain
AmbiStory,blind,pros_cons,AmbiStory-test-716,1,3,1.61,2.56,somewhat uncertain
AmbiStory,blind,pros_cons,AmbiStory-test-717,5,3,0.7875,2.56,highly uncertain
AmbiStory,blind,pros_cons,AmbiStory-test-718,1,3,0.94,1.6,highly uncertain
AmbiStory,blind,pros_cons,AmbiStory-test-719,5,2,0.0475,0.96,highly uncertain
AmbiStory,blind,pros_cons,AmbiStory-test-720,5,4,0.2475,1.04,not uncertain
AmbiStory,blind,pros_cons,AmbiStory-test-721,5,3,0.0,1.2,highly uncertain
AmbiStory,blind,pros_cons,AmbiStory-test-722,4,5,0.2274999999999999,0.24,somewhat uncertain
AmbiStory,blind,pros_cons,AmbiStory-test-723,5,3,0.0,1.84,highly uncertain
AmbiStory,blind,pros_cons,AmbiStory-test-724,5,4,0.2475,2.16,not uncertain
AmbiStory,blind,pros_cons,AmbiStory-test-725,5,3,0.0,1.7600000000000002,highly uncertain
AmbiStory,blind,pros_cons,AmbiStory-test-726,5,5,0.0475,0.0,highly uncertain
AmbiStory,blind,pros_cons,AmbiStory-test-727,2,2,0.0475,2.16,somewhat uncertain
AmbiStory,blind,pros_cons,AmbiStory-test-728,1,2,0.1275,1.8400000000000003,somewhat uncertain
AmbiStory,blind,pros_cons,AmbiStory-test-729,5,4,0.0,1.0400000000000005,highly uncertain
AmbiStory,blind,pros_cons,AmbiStory-test-730,4,4,0.24,0.5599999999999999,not uncertain
AmbiStory,blind,pros_cons,AmbiStory-test-731,4,2,0.86,0.9600000000000002,somewhat uncertain
AmbiStory,blind,pros_cons,AmbiStory-test-732,5,4,0.0,1.36,highly uncertain
AmbiStory,blind,pros_cons,AmbiStory-test-733,2,2,0.3475,0.96,somewhat uncertain
AmbiStory,blind,pros_cons,AmbiStory-test-734,5,3,1.21,2.64,somewhat uncertain
AmbiStory,blind,pros_cons,AmbiStory-test-735,5,4,0.1275,1.84,somewhat uncertain
AmbiStory,blind,pros_cons,AmbiStory-test-736,5,3,0.09,2.0,not uncertain
AmbiStory,blind,pros_cons,AmbiStory-test-737,1,4,0.7474999999999999,0.1599999999999999,somewhat uncertain
AmbiStory,blind,pros_cons,AmbiStory-test-738,5,5,0.0,0.0,not uncertain
AmbiStory,blind,pros_cons,AmbiStory-test-739,1,1,0.09,0.16,not uncertain
AmbiStory,blind,pros_cons,AmbiStory-test-740,1,2,3.49,0.64,not uncertain
AmbiStory,blind,pros_cons,AmbiStory-test-741,5,5,0.0,0.0,highly uncertain
AmbiStory,blind,pros_cons,AmbiStory-test-742,5,4,0.0,0.8,somewhat uncertain
AmbiStory,blind,pros_cons,AmbiStory-test-743,4,2,2.8275,0.4,not uncertain
AmbiStory,blind,pros_cons,AmbiStory-test-744,5,5,0.0,0.0,not uncertain
AmbiStory,blind,pros_cons,AmbiStory-test-745,1,1,0.0,0.16,not uncertain
AmbiStory,blind,pros_cons,AmbiStory-test-746,5,5,0.0,0.0,highly uncertain
AmbiStory,blind,pros_cons,AmbiStory-test-747,1,1,0.0,0.0,not uncertain
AmbiStory,blind,pros_cons,AmbiStory-test-748,5,5,0.0,0.24,not uncertain
AmbiStory,blind,pros_cons,AmbiStory-test-749,1,1,0.0,0.16,not uncertain
AmbiStory,blind,pros_cons,AmbiStory-test-750,1,2,0.0,0.96,not uncertain
AmbiStory,blind,pros_cons,AmbiStory-test-751,5,4,0.0,0.96,not uncertain
AmbiStory,blind,pros_cons,AmbiStory-test-752,1,1,0.0,0.0,not uncertain
AmbiStory,blind,pros_cons,AmbiStory-test-753,5,5,0.0,0.0,not uncertain
AmbiStory,blind,pros_cons,AmbiStory-test-754,1,2,0.0,1.2,not uncertain
AmbiStory,blind,pros_cons,AmbiStory-test-755,5,4,0.0,0.6399999999999999,not uncertain
AmbiStory,blind,pros_cons,AmbiStory-test-756,5,5,0.0,0.24,not uncertain
AmbiStory,blind,pros_cons,AmbiStory-test-757,1,1,0.0,0.16,somewhat uncertain
AmbiStory,blind,pros_cons,AmbiStory-test-758,1,1,0.4475,0.24,not uncertain
AmbiStory,blind,pros_cons,AmbiStory-test-759,5,5,0.0,0.24,highly uncertain
AmbiStory,blind,pros_cons,AmbiStory-test-760,5,2,0.1275,0.4,not uncertain
AmbiStory,blind,pros_cons,AmbiStory-test-761,2,4,0.45,0.5599999999999999,not uncertain
AmbiStory,blind,pros_cons,AmbiStory-test-762,5,4,0.0,1.36,not uncertain
AmbiStory,blind,pros_cons,AmbiStory-test-763,1,1,0.0,0.24,not uncertain
AmbiStory,blind,pros_cons,AmbiStory-test-764,5,4,0.0,1.36,not uncertain
AmbiStory,blind,pros_cons,AmbiStory-test-765,1,1,0.0,0.16,not uncertain
AmbiStory,blind,pros_cons,AmbiStory-test-766,5,4,0.0,0.8,not uncertain
AmbiStory,blind,pros_cons,AmbiStory-test-767,1,1,0.0,0.24,not uncertain
AmbiStory,blind,pros_cons,AmbiStory-test-768,5,3,0.0475,2.0,not uncertain
AmbiStory,blind,pros_cons,AmbiStory-test-769,1,2,0.0,0.64,not uncertain
AmbiStory,blind,pros_cons,AmbiStory-test-770,1,3,0.3875,0.64,highly uncertain
AmbiStory,blind,pros_cons,AmbiStory-test-771,5,5,0.0,0.6399999999999999,highly uncertain
AmbiStory,blind,pros_cons,AmbiStory-test-772,5,3,0.09,0.5599999999999999,not uncertain
AmbiStory,blind,pros_cons,AmbiStory-test-773,1,4,0.91,0.64,somewhat uncertain
AmbiStory,blind,pros_cons,AmbiStory-test-774,4,3,1.1275,1.36,not uncertain
AmbiStory,blind,pros_cons,AmbiStory-test-775,5,2,0.0,1.4400000000000002,somewhat uncertain
AmbiStory,blind,pros_cons,AmbiStory-test-776,5,2,1.36,1.2,not uncertain
AmbiStory,blind,pros_cons,AmbiStory-test-777,1,2,0.0,1.36,not uncertain
AmbiStory,blind,pros_cons,AmbiStory-test-778,1,3,2.46,2.8,not uncertain
AmbiStory,blind,pros_cons,AmbiStory-test-779,1,2,0.0,0.64,not uncertain
AmbiStory,blind,pros_cons,AmbiStory-test-780,5,5,0.0475,0.1599999999999999,not uncertain
AmbiStory,blind,pros_cons,AmbiStory-test-781,1,1,0.09,0.16,somewhat uncertain
AmbiStory,blind,pros_cons,AmbiStory-test-782,1,3,0.0,0.64,not uncertain
AmbiStory,blind,pros_cons,AmbiStory-test-783,5,5,0.2274999999999999,0.0,not uncertain
AmbiStory,blind,pros_cons,AmbiStory-test-784,1,4,1.61,1.04,somewhat uncertain
AmbiStory,blind,pros_cons,AmbiStory-test-785,4,3,0.9275,0.64,not uncertain
AmbiStory,blind,pros_cons,AmbiStory-test-786,5,4,0.1275,1.36,not uncertain
AmbiStory,blind,pros_cons,AmbiStory-test-787,4,4,2.19,2.16,not uncertain
AmbiStory,blind,pros_cons,AmbiStory-test-788,1,2,0.6475,2.5600000000000005,not uncertain
AmbiStory,blind,pros_cons,AmbiStory-test-789,5,4,0.1275,0.5599999999999999,not uncertain
AmbiStory,blind,pros_cons,AmbiStory-test-790,1,1,1.8,0.16,not uncertain
AmbiStory,blind,pros_cons,AmbiStory-test-791,5,5,0.1275,0.1599999999999999,not uncertain
AmbiStory,blind,pros_cons,AmbiStory-test-792,1,3,2.5275000000000003,2.56,not uncertain
AmbiStory,blind,pros_cons,AmbiStory-test-793,4,3,0.2274999999999999,2.472222222222222,somewhat uncertain
AmbiStory,blind,pros_cons,AmbiStory-test-794,4,2,1.45,0.24,
AmbiStory,blind,pros_cons,AmbiStory-test-795,5,4,0.0475,1.0400000000000005,not uncertain
AmbiStory,blind,pros_cons,AmbiStory-test-796,5,2,0.8099999999999999,2.24,not uncertain
AmbiStory,blind,pros_cons,AmbiStory-test-797,5,5,0.09,0.1599999999999999,not uncertain
AmbiStory,blind,pros_cons,AmbiStory-test-798,5,2,0.0,0.56,not uncertain
AmbiStory,blind,pros_cons,AmbiStory-test-799,1,4,1.45,0.4,not uncertain
AmbiStory,blind,pros_cons,AmbiStory-test-800,5,2,0.0,0.56,not uncertain
AmbiStory,blind,pros_cons,AmbiStory-test-801,5,3,0.09,1.44,somewhat uncertain
AmbiStory,blind,pros_cons,AmbiStory-test-802,5,2,0.0,0.96,not uncertain
AmbiStory,blind,pros_cons,AmbiStory-test-803,5,3,0.09,1.0400000000000005,somewhat uncertain
AmbiStory,blind,pros_cons,AmbiStory-test-804,1,1,3.49,0.16,highly uncertain
AmbiStory,blind,pros_cons,AmbiStory-test-805,5,4,0.0,0.5599999999999999,not uncertain
AmbiStory,blind,pros_cons,AmbiStory-test-806,1,2,0.76,0.24,not uncertain
AmbiStory,blind,pros_cons,AmbiStory-test-807,5,4,0.0,1.36,not uncertain
AmbiStory,blind,pros_cons,AmbiStory-test-808,1,2,0.0475,0.24,not uncertain
AmbiStory,blind,pros_cons,AmbiStory-test-809,5,4,0.0,0.8,highly uncertain
AmbiStory,blind,pros_cons,AmbiStory-test-810,5,5,0.0,0.1599999999999999,somewhat uncertain
AmbiStory,blind,pros_cons,AmbiStory-test-811,5,2,0.0,2.5600000000000005,not uncertain
AmbiStory,blind,pros_cons,AmbiStory-test-812,1,2,0.0,0.56,not uncertain
AmbiStory,blind,pros_cons,AmbiStory-test-813,5,4,2.6900000000000004,1.44,not uncertain
AmbiStory,blind,pros_cons,AmbiStory-test-814,1,1,0.0,0.24,not uncertain
AmbiStory,blind,pros_cons,AmbiStory-test-815,5,5,2.3275,0.1599999999999999,highly uncertain
AmbiStory,blind,pros_cons,AmbiStory-test-816,5,5,0.0,0.6399999999999999,not uncertain
AmbiStory,blind,pros_cons,AmbiStory-test-817,5,3,0.0,1.7600000000000002,not uncertain
AmbiStory,blind,pros_cons,AmbiStory-test-818,1,3,0.0,2.16,not uncertain
AmbiStory,blind,pros_cons,AmbiStory-test-819,5,4,0.0,1.84,not uncertain
AmbiStory,blind,pros_cons,AmbiStory-test-820,1,3,1.7475,1.84,not uncertain
AmbiStory,blind,pros_cons,AmbiStory-test-821,5,4,0.0,0.96,somewhat uncertain
AmbiStory,blind,pros_cons,AmbiStory-test-822,1,2,0.0,0.64,not uncertain
AmbiStory,blind,pros_cons,AmbiStory-test-823,5,5,0.0,0.6399999999999999,highly uncertain
AmbiStory,blind,pros_cons,AmbiStory-test-824,1,2,0.0475,0.64,not uncertain
AmbiStory,blind,pros_cons,AmbiStory-test-825,5,5,0.0,0.1599999999999999,not uncertain
AmbiStory,blind,pros_cons,AmbiStory-test-826,1,2,0.21,0.24,somewhat uncertain
AmbiStory,blind,pros_cons,AmbiStory-test-827,5,4,0.0,2.16,highly uncertain
AmbiStory,blind,pros_cons,AmbiStory-test-828,5,4,0.0,1.6,not uncertain
AmbiStory,blind,pros_cons,AmbiStory-test-829,5,4,0.0,2.560000000000001,not uncertain
AmbiStory,blind,pros_cons,AmbiStory-test-830,5,4,0.1875,0.96,not uncertain
AmbiStory,blind,pros_cons,AmbiStory-test-831,5,3,0.0,2.64,somewhat uncertain
AmbiStory,blind,pros_cons,AmbiStory-test-832,4,3,2.4275,1.04,not uncertain
AmbiStory,blind,pros_cons,AmbiStory-test-833,5,4,0.0,0.4,somewhat uncertain
AmbiStory,blind,pros_cons,AmbiStory-test-834,4,2,1.36,0.4,not uncertain
AmbiStory,blind,pros_cons,AmbiStory-test-835,4,4,0.21,1.36,highly uncertain
AmbiStory,blind,pros_cons,AmbiStory-test-836,1,3,0.21,2.16,highly uncertain
AmbiStory,blind,pros_cons,AmbiStory-test-837,5,5,0.0475,0.1599999999999999,highly uncertain
AmbiStory,blind,pros_cons,AmbiStory-test-838,5,3,0.7875,2.64,not uncertain
AmbiStory,blind,pros_cons,AmbiStory-test-839,5,5,0.0,0.1599999999999999,not uncertain
AmbiStory,blind,pros_cons,AmbiStory-test-840,4,3,0.71,1.44,somewhat uncertain
AmbiStory,blind,pros_cons,AmbiStory-test-841,5,4,0.1275,0.64,somewhat uncertain
AmbiStory,blind,pros_cons,AmbiStory-test-842,1,2,0.0,0.16,not uncertain
AmbiStory,blind,pros_cons,AmbiStory-test-843,5,4,0.1275,0.64,not uncertain
AmbiStory,blind,pros_cons,AmbiStory-test-844,1,2,0.0,0.56,not uncertain
AmbiStory,blind,pros_cons,AmbiStory-test-845,5,3,0.1599999999999999,1.6,not uncertain
AmbiStory,blind,pros_cons,AmbiStory-test-846,5,4,0.31,0.4,highly uncertain
AmbiStory,blind,pros_cons,AmbiStory-test-847,1,2,0.8100000000000002,0.6400000000000002,somewhat uncertain
AmbiStory,blind,pros_cons,AmbiStory-test-848,1,1,0.0,0.16,not uncertain
AmbiStory,blind,pros_cons,AmbiStory-test-849,5,5,0.0475,0.24,not uncertain
AmbiStory,blind,pros_cons,AmbiStory-test-850,1,2,0.91,1.2,not uncertain
AmbiStory,blind,pros_cons,AmbiStory-test-851,5,4,0.8400000000000001,0.4,not uncertain
AmbiStory,blind,pros_cons,AmbiStory-test-852,4,3,1.7900000000000005,1.0400000000000005,not uncertain
AmbiStory,blind,pros_cons,AmbiStory-test-853,1,2,2.05,0.4,not uncertain
AmbiStory,blind,pros_cons,AmbiStory-test-854,4,2,0.5475,1.84,not uncertain
AmbiStory,blind,pros_cons,AmbiStory-test-855,4,3,0.6475,2.56,not uncertain
AmbiStory,blind,pros_cons,AmbiStory-test-856,4,3,0.19,1.04,somewhat uncertain
AmbiStory,blind,pros_cons,AmbiStory-test-857,5,2,0.1599999999999999,1.36,somewhat uncertain
AmbiStory,blind,pros_cons,AmbiStory-test-858,5,4,2.5475,1.44,not uncertain
AmbiStory,blind,pros_cons,AmbiStory-test-859,4,1,0.1875,0.64,somewhat uncertain
AmbiStory,blind,pros_cons,AmbiStory-test-860,1,3,1.2475,0.64,not uncertain
AmbiStory,blind,pros_cons,AmbiStory-test-861,4,1,1.16,0.24,highly uncertain
AmbiStory,blind,pros_cons,AmbiStory-test-862,1,3,2.1475,2.8,not uncertain
AmbiStory,blind,pros_cons,AmbiStory-test-863,5,2,1.7100000000000002,1.8400000000000003,highly uncertain
AmbiStory,blind,pros_cons,AmbiStory-test-864,1,1,0.16,0.24,not uncertain
AmbiStory,blind,pros_cons,AmbiStory-test-865,4,5,0.21,0.0,not uncertain
AmbiStory,blind,pros_cons,AmbiStory-test-866,1,1,0.1275,0.16,not uncertain
AmbiStory,blind,pros_cons,AmbiStory-test-867,5,5,0.25,0.24,somewhat uncertain
AmbiStory,blind,pros_cons,AmbiStory-test-868,1,1,0.0475,0.16,not uncertain
AmbiStory,blind,pros_cons,AmbiStory-test-869,5,5,0.1875,0.24,somewhat uncertain
AmbiStory,blind,pros_cons,AmbiStory-test-870,5,5,0.0,0.6399999999999999,not uncertain
AmbiStory,blind,pros_cons,AmbiStory-test-871,1,1,0.0,0.16,not uncertain
AmbiStory,blind,pros_cons,AmbiStory-test-872,5,3,0.0,0.1599999999999999,not uncertain
AmbiStory,blind,pros_cons,AmbiStory-test-873,1,1,0.0,0.0,not uncertain
AmbiStory,blind,pros_cons,AmbiStory-test-874,5,5,0.0,0.1599999999999999,not uncertain
AmbiStory,blind,pros_cons,AmbiStory-test-875,1,1,0.0,0.0,not uncertain
AmbiStory,blind,pros_cons,AmbiStory-test-876,2,4,0.99,0.4,not uncertain
AmbiStory,blind,pros_cons,AmbiStory-test-877,1,2,0.16,1.8400000000000003,not uncertain
AmbiStory,blind,pros_cons,AmbiStory-test-878,4,3,2.0275000000000003,2.16,not uncertain
AmbiStory,blind,pros_cons,AmbiStory-test-879,2,2,0.3275,1.44,not uncertain
AmbiStory,blind,pros_cons,AmbiStory-test-880,1,4,0.4875,0.96,not uncertain
AmbiStory,blind,pros_cons,AmbiStory-test-881,1,2,0.0475,1.84,not uncertain
AmbiStory,blind,pros_cons,AmbiStory-test-882,4,4,2.45,1.44,not uncertain
AmbiStory,blind,pros_cons,AmbiStory-test-883,1,2,0.0,3.04,not uncertain
AmbiStory,blind,pros_cons,AmbiStory-test-884,5,5,0.1275,0.1599999999999999,highly uncertain
AmbiStory,blind,pros_cons,AmbiStory-test-885,1,1,0.0,0.16,somewhat uncertain
AmbiStory,blind,pros_cons,AmbiStory-test-886,4,5,1.8400000000000003,0.6399999999999999,highly uncertain
AmbiStory,blind,pros_cons,AmbiStory-test-887,1,2,1.7875,0.56,somewhat uncertain
AmbiStory,blind,pros_cons,AmbiStory-test-888,5,5,0.0,0.0,not uncertain
AmbiStory,blind,pros_cons,AmbiStory-test-889,1,2,1.5275,0.64,not uncertain
AmbiStory,blind,pros_cons,AmbiStory-test-890,4,3,0.7275,0.96,not uncertain
AmbiStory,blind,pros_cons,AmbiStory-test-891,4,3,0.24,0.24,not uncertain
AmbiStory,blind,pros_cons,AmbiStory-test-892,5,4,0.0475,0.8,highly uncertain
AmbiStory,blind,pros_cons,AmbiStory-test-893,1,3,1.2475,1.36,somewhat uncertain
AmbiStory,blind,pros_cons,AmbiStory-test-894,5,3,0.0475,0.5599999999999999,not uncertain
AmbiStory,blind,pros_cons,AmbiStory-test-895,3,2,1.0475,0.8,somewhat uncertain
AmbiStory,blind,pros_cons,AmbiStory-test-896,4,2,0.51,0.56,somewhat uncertain
AmbiStory,blind,pros_cons,AmbiStory-test-897,3,4,1.2475,1.0400000000000005,somewhat uncertain
AmbiStory,blind,pros_cons,AmbiStory-test-898,5,2,0.1275,0.64,somewhat uncertain
AmbiStory,blind,pros_cons,AmbiStory-test-899,4,3,1.4600000000000002,0.96,not uncertain
AmbiStory,blind,pros_cons,AmbiStory-test-900,1,2,0.1875,0.5599999999999999,not uncertain
AmbiStory,blind,pros_cons,AmbiStory-test-901,4,5,0.2274999999999999,0.1599999999999999,somewhat uncertain
AmbiStory,blind,pros_cons,AmbiStory-test-902,1,2,0.0,0.56,not uncertain
AmbiStory,blind,pros_cons,AmbiStory-test-903,5,5,0.0,0.1599999999999999,somewhat uncertain
AmbiStory,blind,pros_cons,AmbiStory-test-904,1,2,0.0,1.2,not uncertain
AmbiStory,blind,pros_cons,AmbiStory-test-905,5,4,0.2274999999999999,0.0,somewhat uncertain
AmbiStory,blind,pros_cons,AmbiStory-test-906,5,5,0.0,0.6399999999999999,highly uncertain
AmbiStory,blind,pros_cons,AmbiStory-test-907,2,1,0.39,0.16,not uncertain
AmbiStory,blind,pros_cons,AmbiStory-test-908,5,3,0.0475,0.5599999999999999,not uncertain
AmbiStory,blind,pros_cons,AmbiStory-test-909,4,3,0.0475,1.6,not uncertain
AmbiStory,blind,pros_cons,AmbiStory-test-910,5,3,0.0,0.8,highly uncertain
AmbiStory,blind,pros_cons,AmbiStory-test-911,1,2,0.0475,0.8,not uncertain
AmbiStory,blind,pros_cons,AmbiStory-test-912,5,3,0.0,0.96,somewhat uncertain
AmbiStory,blind,pros_cons,AmbiStory-test-913,5,3,0.8400000000000001,2.64,highly uncertain
AmbiStory,blind,pros_cons,AmbiStory-test-914,1,2,0.0,2.4,not uncertain
AmbiStory,blind,pros_cons,AmbiStory-test-915,5,4,0.0,0.64,not uncertain
AmbiStory,blind,pros_cons,AmbiStory-test-916,1,3,0.0,2.0,not uncertain
AmbiStory,blind,pros_cons,AmbiStory-test-917,5,5,0.0,0.1599999999999999,not uncertain
AmbiStory,blind,pros_cons,AmbiStory-test-918,5,4,0.0,1.36,not uncertain
AmbiStory,blind,pros_cons,AmbiStory-test-919,5,2,0.0,0.4,not uncertain
AmbiStory,blind,pros_cons,AmbiStory-test-920,5,5,0.0,0.6399999999999999,not uncertain
AmbiStory,blind,pros_cons,AmbiStory-test-921,1,2,2.74,0.64,not uncertain
AmbiStory,blind,pros_cons,AmbiStory-test-922,5,4,0.0,0.96,not uncertain
AmbiStory,blind,pros_cons,AmbiStory-test-923,5,3,0.0,0.4,not uncertain
AmbiStory,blind,pros_cons,AmbiStory-test-924,5,1,0.0,0.0,not uncertain
AmbiStory,blind,pros_cons,AmbiStory-test-925,2,4,1.01,1.2,highly uncertain
AmbiStory,blind,pros_cons,AmbiStory-test-926,5,1,0.0,0.16,highly uncertain
AmbiStory,blind,pros_cons,AmbiStory-test-927,1,3,1.4875,2.222222222222222,not uncertain
AmbiStory,blind,pros_cons,AmbiStory-test-928,5,2,0.0475,1.36,not uncertain
AmbiStory,blind,pros_cons,AmbiStory-test-929,2,4,1.3,0.96,not uncertain
AmbiStory,blind,GEPA,AmbiStory-test-0,5,4,0.0,1.6,not uncertain
AmbiStory,blind,GEPA,AmbiStory-test-1,1,2,0.65,1.2,highly uncertain
AmbiStory,blind,GEPA,AmbiStory-test-2,5,3,0.0,0.5599999999999999,somewhat uncertain
AmbiStory,blind,GEPA,AmbiStory-test-3,3,3,1.91,1.44,highly uncertain
AmbiStory,blind,GEPA,AmbiStory-test-4,5,3,0.0,1.84,somewhat uncertain
AmbiStory,blind,GEPA,AmbiStory-test-5,4,2,2.09,0.56,highly uncertain
AmbiStory,blind,GEPA,AmbiStory-test-6,1,3,2.31,0.96,highly uncertain
AmbiStory,blind,GEPA,AmbiStory-test-7,1,4,0.54,1.36,highly uncertain
AmbiStory,blind,GEPA,AmbiStory-test-8,1,1,0.8474999999999999,0.24,highly uncertain
AmbiStory,blind,GEPA,AmbiStory-test-9,1,4,0.9275,2.16,highly uncertain
AmbiStory,blind,GEPA,AmbiStory-test-10,4,1,1.5,0.24,highly uncertain
AmbiStory,blind,GEPA,AmbiStory-test-11,2,5,0.35,0.1599999999999999,highly uncertain
AmbiStory,blind,GEPA,AmbiStory-test-12,5,4,0.0,0.5599999999999999,highly uncertain
AmbiStory,blind,GEPA,AmbiStory-test-13,1,3,0.24,2.64,highly uncertain
AmbiStory,blind,GEPA,AmbiStory-test-14,5,1,3.24,0.24,highly uncertain
AmbiStory,blind,GEPA,AmbiStory-test-15,5,4,0.0,2.56,not uncertain
AmbiStory,blind,GEPA,AmbiStory-test-16,5,3,0.0,0.5599999999999999,highly uncertain
AmbiStory,blind,GEPA,AmbiStory-test-17,1,4,0.1275,0.64,highly uncertain
AmbiStory,blind,GEPA,AmbiStory-test-18,5,5,0.0,0.0,somewhat uncertain
AmbiStory,blind,GEPA,AmbiStory-test-19,5,3,0.0,2.64,not uncertain
AmbiStory,blind,GEPA,AmbiStory-test-20,5,5,0.0,0.0,not uncertain
AmbiStory,blind,GEPA,AmbiStory-test-21,5,3,0.1599999999999999,0.96,highly uncertain
AmbiStory,blind,GEPA,AmbiStory-test-22,5,5,0.0,0.1599999999999999,not uncertain
AmbiStory,blind,GEPA,AmbiStory-test-23,5,4,0.0475,2.56,highly uncertain
AmbiStory,blind,GEPA,AmbiStory-test-24,5,5,0.0475,0.0,highly uncertain
AmbiStory,blind,GEPA,AmbiStory-test-25,1,2,0.0,1.2,highly uncertain
AmbiStory,blind,GEPA,AmbiStory-test-26,5,4,0.0,0.96,highly uncertain
AmbiStory,blind,GEPA,AmbiStory-test-27,1,2,0.0,0.56,highly uncertain
AmbiStory,blind,GEPA,AmbiStory-test-28,5,4,0.0,0.6399999999999999,highly uncertain
AmbiStory,blind,GEPA,AmbiStory-test-29,1,2,0.0,0.64,highly uncertain
AmbiStory,blind,GEPA,AmbiStory-test-30,5,2,0.1275,0.8,highly uncertain
AmbiStory,blind,GEPA,AmbiStory-test-31,5,4,0.0,0.6399999999999999,not uncertain
AmbiStory,blind,GEPA,AmbiStory-test-32,4,3,0.2274999999999999,2.24,somewhat uncertain
AmbiStory,blind,GEPA,AmbiStory-test-33,5,4,0.0,0.1599999999999999,not uncertain
AmbiStory,blind,GEPA,AmbiStory-test-34,5,3,0.0,0.96,somewhat uncertain
AmbiStory,blind,GEPA,AmbiStory-test-35,5,4,0.0,0.96,not uncertain
AmbiStory,blind,GEPA,AmbiStory-test-36,4,3,0.2274999999999999,0.24,highly uncertain
AmbiStory,blind,GEPA,AmbiStory-test-37,5,3,0.0,1.6,highly uncertain
AmbiStory,blind,GEPA,AmbiStory-test-38,4,2,2.1275,1.84,highly uncertain
AmbiStory,blind,GEPA,AmbiStory-test-39,5,4,0.0,1.44,somewhat uncertain
AmbiStory,blind,GEPA,AmbiStory-test-40,4,3,1.5275,1.84,highly uncertain
AmbiStory,blind,GEPA,AmbiStory-test-41,5,4,0.0,1.36,somewhat uncertain
AmbiStory,blind,GEPA,AmbiStory-test-42,1,2,0.09,0.1599999999999999,highly uncertain
AmbiStory,blind,GEPA,AmbiStory-test-43,5,4,0.1875,0.4,highly uncertain
AmbiStory,blind,GEPA,AmbiStory-test-44,1,3,0.09,2.24,highly uncertain
AmbiStory,blind,GEPA,AmbiStory-test-45,5,4,0.0,1.0400000000000005,highly uncertain
AmbiStory,blind,GEPA,AmbiStory-test-46,1,3,0.0475,0.96,highly uncertain
AmbiStory,blind,GEPA,AmbiStory-test-47,5,4,0.09,0.8,highly uncertain
AmbiStory,blind,GEPA,AmbiStory-test-48,5,4,0.0,2.1600000000000006,highly uncertain
AmbiStory,blind,GEPA,AmbiStory-test-49,4,2,0.5599999999999999,2.24,highly uncertain
AmbiStory,blind,GEPA,AmbiStory-test-50,3,2,1.2275,0.24,highly uncertain
AmbiStory,blind,GEPA,AmbiStory-test-51,5,4,0.0,1.36,somewhat uncertain
AmbiStory,blind,GEPA,AmbiStory-test-52,3,2,0.71,2.16,highly uncertain
AmbiStory,blind,GEPA,AmbiStory-test-53,5,5,0.25,0.24,highly uncertain
AmbiStory,blind,GEPA,AmbiStory-test-54,5,3,0.24,1.04,highly uncertain
AmbiStory,blind,GEPA,AmbiStory-test-55,4,3,0.1875,0.96,highly uncertain
AmbiStory,blind,GEPA,AmbiStory-test-56,4,2,0.24,0.64,highly uncertain
AmbiStory,blind,GEPA,AmbiStory-test-57,5,5,0.0,0.0,somewhat uncertain
AmbiStory,blind,GEPA,AmbiStory-test-58,5,2,0.1599999999999999,1.36,highly uncertain
AmbiStory,blind,GEPA,AmbiStory-test-59,5,5,0.0,0.24,highly uncertain
AmbiStory,blind,GEPA,AmbiStory-test-60,5,5,0.0,0.0,not uncertain
AmbiStory,blind,GEPA,AmbiStory-test-61,1,1,0.0,0.0,highly uncertain
AmbiStory,blind,GEPA,AmbiStory-test-62,1,1,2.6275000000000004,0.0,highly uncertain
AmbiStory,blind,GEPA,AmbiStory-test-63,4,3,0.09,3.8400000000000007,highly uncertain
AmbiStory,blind,GEPA,AmbiStory-test-64,5,4,0.0,2.56,highly uncertain
AmbiStory,blind,GEPA,AmbiStory-test-65,1,2,0.16,1.36,highly uncertain
AmbiStory,blind,GEPA,AmbiStory-test-66,4,3,2.0275,2.16,highly uncertain
AmbiStory,blind,GEPA,AmbiStory-test-67,1,2,0.09,0.56,highly uncertain
AmbiStory,blind,GEPA,AmbiStory-test-68,1,1,0.0,0.16,highly uncertain
AmbiStory,blind,GEPA,AmbiStory-test-69,5,5,0.0,0.0,not uncertain
AmbiStory,blind,GEPA,AmbiStory-test-70,1,2,0.0,1.36,highly uncertain
AmbiStory,blind,GEPA,AmbiStory-test-71,1,3,0.26,1.0400000000000005,highly uncertain
AmbiStory,blind,GEPA,AmbiStory-test-72,5,3,0.0,2.16,highly uncertain
AmbiStory,blind,GEPA,AmbiStory-test-73,1,3,0.55,2.0,not uncertain
AmbiStory,blind,GEPA,AmbiStory-test-74,5,2,0.0,1.4400000000000002,highly uncertain
AmbiStory,blind,GEPA,AmbiStory-test-75,5,4,0.0,1.36,not uncertain
AmbiStory,blind,GEPA,AmbiStory-test-76,5,3,3.6475,1.4400000000000002,highly uncertain
AmbiStory,blind,GEPA,AmbiStory-test-77,5,4,0.0,0.6399999999999999,highly uncertain
AmbiStory,blind,GEPA,AmbiStory-test-78,5,4,0.0,1.6,highly uncertain
AmbiStory,blind,GEPA,AmbiStory-test-79,4,2,0.1875,0.96,highly uncertain
AmbiStory,blind,GEPA,AmbiStory-test-80,5,3,3.55,0.1599999999999999,highly uncertain
AmbiStory,blind,GEPA,AmbiStory-test-81,5,4,0.0,0.24,highly uncertain
AmbiStory,blind,GEPA,AmbiStory-test-82,1,2,1.9275,0.8,highly uncertain
AmbiStory,blind,GEPA,AmbiStory-test-83,5,4,0.09,1.2,highly uncertain
AmbiStory,blind,GEPA,AmbiStory-test-84,1,2,0.16,0.8,highly uncertain
AmbiStory,blind,GEPA,AmbiStory-test-85,5,5,0.0475,0.6399999999999999,not uncertain
AmbiStory,blind,GEPA,AmbiStory-test-86,5,2,3.4275,0.16,highly uncertain
AmbiStory,blind,GEPA,AmbiStory-test-87,5,4,0.0475,0.5599999999999999,highly uncertain
AmbiStory,blind,GEPA,AmbiStory-test-88,1,2,0.3399999999999999,0.4,highly uncertain
AmbiStory,blind,GEPA,AmbiStory-test-89,5,4,0.0475,0.5599999999999999,highly uncertain
AmbiStory,blind,GEPA,AmbiStory-test-90,5,3,0.1599999999999999,1.6,highly uncertain
AmbiStory,blind,GEPA,AmbiStory-test-91,1,3,0.3399999999999999,2.16,highly uncertain
AmbiStory,blind,GEPA,AmbiStory-test-92,4,2,0.2475,0.64,highly uncertain
AmbiStory,blind,GEPA,AmbiStory-test-93,1,4,0.4875,0.5599999999999999,highly uncertain
AmbiStory,blind,GEPA,AmbiStory-test-94,5,1,0.2475,0.16,highly uncertain
AmbiStory,blind,GEPA,AmbiStory-test-95,4,4,1.31,0.96,highly uncertain
AmbiStory,blind,GEPA,AmbiStory-test-96,5,5,0.0,0.24,highly uncertain
AmbiStory,blind,GEPA,AmbiStory-test-97,5,3,2.04,2.472222222222222,not uncertain
AmbiStory,blind,GEPA,AmbiStory-test-98,5,4,0.0,0.5599999999999999,highly uncertain
AmbiStory,blind,GEPA,AmbiStory-test-99,5,3,3.4875,0.4,not uncertain
AmbiStory,blind,GEPA,AmbiStory-test-100,5,3,0.0,1.36,highly uncertain
AmbiStory,blind,GEPA,AmbiStory-test-101,5,4,0.76,1.4400000000000002,not uncertain
AmbiStory,blind,GEPA,AmbiStory-test-102,5,4,0.0,0.96,highly uncertain
AmbiStory,blind,GEPA,AmbiStory-test-103,5,1,0.0,0.16,highly uncertain
AmbiStory,blind,GEPA,AmbiStory-test-104,1,2,0.9475,0.24,highly uncertain
AmbiStory,blind,GEPA,AmbiStory-test-105,5,5,0.0,0.1599999999999999,not uncertain
AmbiStory,blind,GEPA,AmbiStory-test-106,5,3,0.0475,0.5599999999999999,not uncertain
AmbiStory,blind,GEPA,AmbiStory-test-107,5,3,0.0,2.24,not uncertain
AmbiStory,blind,GEPA,AmbiStory-test-108,5,5,0.0,0.1599999999999999,not uncertain
AmbiStory,blind,GEPA,AmbiStory-test-109,1,1,0.76,0.0,highly uncertain
AmbiStory,blind,GEPA,AmbiStory-test-110,5,4,0.0,0.5599999999999999,not uncertain
AmbiStory,blind,GEPA,AmbiStory-test-111,5,1,0.76,0.24,highly uncertain
AmbiStory,blind,GEPA,AmbiStory-test-112,5,4,0.0,1.36,not uncertain
AmbiStory,blind,GEPA,AmbiStory-test-113,5,1,2.06,0.16,highly uncertain
AmbiStory,blind,GEPA,AmbiStory-test-114,5,5,0.0,0.0,not uncertain
AmbiStory,blind,GEPA,AmbiStory-test-115,1,2,0.0,2.5600000000000005,highly uncertain
AmbiStory,blind,GEPA,AmbiStory-test-116,5,3,0.0,2.64,somewhat uncertain
AmbiStory,blind,GEPA,AmbiStory-test-117,5,3,0.0,3.2,highly uncertain
AmbiStory,blind,GEPA,AmbiStory-test-118,5,5,0.0,0.1599999999999999,not uncertain
AmbiStory,blind,GEPA,AmbiStory-test-119,1,1,0.0,0.24,highly uncertain
AmbiStory,blind,GEPA,AmbiStory-test-120,5,4,0.0,0.4,not uncertain
AmbiStory,blind,GEPA,AmbiStory-test-121,1,4,0.4475,0.5599999999999999,highly uncertain
AmbiStory,blind,GEPA,AmbiStory-test-122,5,4,0.0,0.64,not uncertain
AmbiStory,blind,GEPA,AmbiStory-test-123,1,3,0.2475,0.5599999999999999,highly uncertain
AmbiStory,blind,GEPA,AmbiStory-test-124,5,3,0.0,1.8400000000000003,somewhat uncertain
AmbiStory,blind,GEPA,AmbiStory-test-125,4,3,0.91,1.8400000000000003,highly uncertain
AmbiStory,blind,GEPA,AmbiStory-test-126,4,3,0.8275,0.888888888888889,highly uncertain
AmbiStory,blind,GEPA,AmbiStory-test-127,2,3,0.39,1.36,highly uncertain
AmbiStory,blind,GEPA,AmbiStory-test-128,1,2,0.2274999999999999,0.64,highly uncertain
AmbiStory,blind,GEPA,AmbiStory-test-129,4,3,0.3275,2.56,highly uncertain
AmbiStory,blind,GEPA,AmbiStory-test-130,1,1,0.0,0.24,highly uncertain
AmbiStory,blind,GEPA,AmbiStory-test-131,2,3,0.44,2.16,highly uncertain
AmbiStory,blind,GEPA,AmbiStory-test-132,5,5,0.0,0.0,somewhat uncertain
AmbiStory,blind,GEPA,AmbiStory-test-133,1,1,0.0,0.24,highly uncertain
AmbiStory,blind,GEPA,AmbiStory-test-134,5,3,0.7875,1.84,highly uncertain
AmbiStory,blind,GEPA,AmbiStory-test-135,5,4,3.64,0.8,not uncertain
AmbiStory,blind,GEPA,AmbiStory-test-136,5,3,0.0,2.64,highly uncertain
AmbiStory,blind,GEPA,AmbiStory-test-137,5,3,0.76,2.0,somewhat uncertain
AmbiStory,blind,GEPA,AmbiStory-test-138,5,5,0.0,0.24,not uncertain
AmbiStory,blind,GEPA,AmbiStory-test-139,5,5,0.0,0.0,not uncertain
AmbiStory,blind,GEPA,AmbiStory-test-140,5,5,0.0,0.0,not uncertain
AmbiStory,blind,GEPA,AmbiStory-test-141,5,5,0.0,0.0,somewhat uncertain
AmbiStory,blind,GEPA,AmbiStory-test-142,5,4,0.0,1.36,not uncertain
AmbiStory,blind,GEPA,AmbiStory-test-143,5,5,0.0,0.0,not uncertain
AmbiStory,blind,GEPA,AmbiStory-test-144,1,1,0.26,0.24,highly uncertain
AmbiStory,blind,GEPA,AmbiStory-test-145,5,5,0.0,0.1599999999999999,highly uncertain
AmbiStory,blind,GEPA,AmbiStory-test-146,1,2,1.26,2.24,highly uncertain
AmbiStory,blind,GEPA,AmbiStory-test-147,5,5,0.0475,0.1599999999999999,highly uncertain
AmbiStory,blind,GEPA,AmbiStory-test-148,1,2,0.0,0.5599999999999999,highly uncertain
AmbiStory,blind,GEPA,AmbiStory-test-149,5,4,0.0,1.44,highly uncertain
AmbiStory,blind,GEPA,AmbiStory-test-150,5,3,0.0,2.8,highly uncertain
AmbiStory,blind,GEPA,AmbiStory-test-151,1,3,0.0475,2.8,highly uncertain
AmbiStory,blind,GEPA,AmbiStory-test-152,5,1,0.0475,0.6400000000000002,highly uncertain
AmbiStory,blind,GEPA,AmbiStory-test-153,1,4,2.9275,1.84,highly uncertain
AmbiStory,blind,GEPA,AmbiStory-test-154,5,4,0.0475,1.4400000000000002,highly uncertain
AmbiStory,blind,GEPA,AmbiStory-test-155,1,3,0.26,1.8400000000000003,highly uncertain
AmbiStory,blind,GEPA,AmbiStory-test-156,5,5,0.0475,0.0,highly uncertain
AmbiStory,blind,GEPA,AmbiStory-test-157,1,1,0.0,0.16,highly uncertain
AmbiStory,blind,GEPA,AmbiStory-test-158,5,3,1.9875,1.36,highly uncertain
AmbiStory,blind,GEPA,AmbiStory-test-159,5,3,0.0,0.96,not uncertain
AmbiStory,blind,GEPA,AmbiStory-test-160,5,5,0.0,0.0,highly uncertain
AmbiStory,blind,GEPA,AmbiStory-test-161,1,2,0.0,0.9600000000000002,highly uncertain
AmbiStory,blind,GEPA,AmbiStory-test-162,5,2,0.0,0.64,highly uncertain
AmbiStory,blind,GEPA,AmbiStory-test-163,1,4,1.6275,0.5599999999999999,not uncertain
AmbiStory,blind,GEPA,AmbiStory-test-164,5,2,0.09,0.64,highly uncertain
AmbiStory,blind,GEPA,AmbiStory-test-165,5,3,3.1275000000000004,1.84,highly uncertain
AmbiStory,blind,GEPA,AmbiStory-test-166,5,2,0.0475,0.24,highly uncertain
AmbiStory,blind,GEPA,AmbiStory-test-167,5,4,1.9875,0.6399999999999999,highly uncertain
AmbiStory,blind,GEPA,AmbiStory-test-168,5,5,0.09,0.1599999999999999,highly uncertain
AmbiStory,blind,GEPA,AmbiStory-test-169,1,1,0.0,0.0,highly uncertain
AmbiStory,blind,GEPA,AmbiStory-test-170,5,5,0.0,0.0,not uncertain
AmbiStory,blind,GEPA,AmbiStory-test-171,1,1,0.0,0.0,highly uncertain
AmbiStory,blind,GEPA,AmbiStory-test-172,5,5,0.09,0.24,highly uncertain
AmbiStory,blind,GEPA,AmbiStory-test-173,1,1,0.0,0.0,highly uncertain
AmbiStory,blind,GEPA,AmbiStory-test-174,5,5,0.1599999999999999,0.6399999999999999,not uncertain
AmbiStory,blind,GEPA,AmbiStory-test-175,4,2,0.2,0.8,somewhat uncertain
AmbiStory,blind,GEPA,AmbiStory-test-176,1,1,0.0,0.24,highly uncertain
AmbiStory,blind,GEPA,AmbiStory-test-177,4,4,0.2475,2.1600000000000006,highly uncertain
AmbiStory,blind,GEPA,AmbiStory-test-178,1,2,3.21,1.04,highly uncertain
AmbiStory,blind,GEPA,AmbiStory-test-179,4,4,1.09,0.5599999999999999,highly uncertain
AmbiStory,blind,GEPA,AmbiStory-test-180,5,4,0.0,0.6399999999999999,not uncertain
AmbiStory,blind,GEPA,AmbiStory-test-181,4,3,1.4475,0.64,highly uncertain
AmbiStory,blind,GEPA,AmbiStory-test-182,1,2,0.0,0.64,highly uncertain
AmbiStory,blind,GEPA,AmbiStory-test-183,5,3,0.1875,1.84,highly uncertain
AmbiStory,blind,GEPA,AmbiStory-test-184,4,3,0.34,0.0,highly uncertain
AmbiStory,blind,GEPA,AmbiStory-test-185,4,3,0.1875,1.2,highly uncertain
AmbiStory,blind,GEPA,AmbiStory-test-186,1,3,3.4,1.84,highly uncertain
AmbiStory,blind,GEPA,AmbiStory-test-187,1,2,0.0475,0.56,highly uncertain
AmbiStory,blind,GEPA,AmbiStory-test-188,1,1,0.09,0.16,highly uncertain
AmbiStory,blind,GEPA,AmbiStory-test-189,5,4,0.0,0.64,highly uncertain
AmbiStory,blind,GEPA,AmbiStory-test-190,1,2,2.5275,0.56,highly uncertain
AmbiStory,blind,GEPA,AmbiStory-test-191,2,3,0.74,1.04,highly uncertain
AmbiStory,blind,GEPA,AmbiStory-test-192,5,5,0.0475,0.1599999999999999,highly uncertain
AmbiStory,blind,GEPA,AmbiStory-test-193,2,1,0.1275,0.16,highly uncertain
AmbiStory,blind,GEPA,AmbiStory-test-194,5,3,0.0475,0.64,highly uncertain
AmbiStory,blind,GEPA,AmbiStory-test-195,4,3,0.9475,1.84,highly uncertain
AmbiStory,blind,GEPA,AmbiStory-test-196,4,4,0.09,0.5599999999999999,highly uncertain
AmbiStory,blind,GEPA,AmbiStory-test-197,2,2,0.2475,0.64,highly uncertain
AmbiStory,blind,GEPA,AmbiStory-test-198,5,5,0.0475,0.24,somewhat uncertain
AmbiStory,blind,GEPA,AmbiStory-test-199,5,1,0.24,0.64,highly uncertain
AmbiStory,blind,GEPA,AmbiStory-test-200,5,4,0.1275,0.4,highly uncertain
AmbiStory,blind,GEPA,AmbiStory-test-201,2,2,1.3,1.2,highly uncertain
AmbiStory,blind,GEPA,AmbiStory-test-202,4,5,0.1875,0.1599999999999999,highly uncertain
AmbiStory,blind,GEPA,AmbiStory-test-203,3,2,0.74,0.64,highly uncertain
AmbiStory,blind,GEPA,AmbiStory-test-204,5,5,0.2274999999999999,0.24,not uncertain
AmbiStory,blind,GEPA,AmbiStory-test-205,1,2,0.0475,0.16,highly uncertain
AmbiStory,blind,GEPA,AmbiStory-test-206,4,4,2.7475,0.24,not uncertain
AmbiStory,blind,GEPA,AmbiStory-test-207,4,3,1.5475,1.6,not uncertain
AmbiStory,blind,GEPA,AmbiStory-test-208,5,4,1.16,0.8,highly uncertain
AmbiStory,blind,GEPA,AmbiStory-test-209,5,2,2.4475,0.24,highly uncertain
AmbiStory,blind,GEPA,AmbiStory-test-210,1,3,1.01,0.5599999999999999,highly uncertain
AmbiStory,blind,GEPA,AmbiStory-test-211,5,2,0.2274999999999999,0.56,highly uncertain
AmbiStory,blind,GEPA,AmbiStory-test-212,1,3,2.0275,0.4,highly uncertain
AmbiStory,blind,GEPA,AmbiStory-test-213,4,3,0.31,3.3600000000000003,highly uncertain
AmbiStory,blind,GEPA,AmbiStory-test-214,1,3,0.0475,1.04,somewhat uncertain
AmbiStory,blind,GEPA,AmbiStory-test-215,5,2,0.24,2.24,highly uncertain
AmbiStory,blind,GEPA,AmbiStory-test-216,5,4,0.1599999999999999,0.24,not uncertain
AmbiStory,blind,GEPA,AmbiStory-test-217,5,1,0.0475,0.6400000000000002,highly uncertain
AmbiStory,blind,GEPA,AmbiStory-test-218,1,3,0.1275,0.96,not uncertain
AmbiStory,blind,GEPA,AmbiStory-test-219,1,3,2.29,3.3599999999999994,highly uncertain
AmbiStory,blind,GEPA,AmbiStory-test-220,3,3,0.5475,1.805555555555556,not uncertain
AmbiStory,blind,GEPA,AmbiStory-test-221,5,3,0.0,1.36,highly uncertain
AmbiStory,blind,GEPA,AmbiStory-test-222,5,5,0.0,0.24,not uncertain
AmbiStory,blind,GEPA,AmbiStory-test-223,3,3,1.34,2.64,highly uncertain
AmbiStory,blind,GEPA,AmbiStory-test-224,2,3,0.2475,1.36,highly uncertain
AmbiStory,blind,GEPA,AmbiStory-test-225,5,4,0.0,0.6399999999999999,somewhat uncertain
AmbiStory,blind,GEPA,AmbiStory-test-226,3,3,0.5275000000000001,1.2,highly uncertain
AmbiStory,blind,GEPA,AmbiStory-test-227,5,3,0.0,0.5599999999999999,highly uncertain
AmbiStory,blind,GEPA,AmbiStory-test-228,4,2,0.31,1.4400000000000002,highly uncertain
AmbiStory,blind,GEPA,AmbiStory-test-229,4,3,0.2475,1.04,highly uncertain
AmbiStory,blind,GEPA,AmbiStory-test-230,4,2,0.2875,0.24,highly uncertain
AmbiStory,blind,GEPA,AmbiStory-test-231,5,4,0.1275,1.0400000000000005,highly uncertain
AmbiStory,blind,GEPA,AmbiStory-test-232,1,2,1.49,0.5599999999999999,highly uncertain
AmbiStory,blind,GEPA,AmbiStory-test-233,4,4,0.3475,1.36,highly uncertain
AmbiStory,blind,GEPA,AmbiStory-test-234,5,5,0.0,0.0,highly uncertain
AmbiStory,blind,GEPA,AmbiStory-test-235,4,4,0.25,1.36,highly uncertain
AmbiStory,blind,GEPA,AmbiStory-test-236,3,3,1.7475,1.8400000000000003,highly uncertain
AmbiStory,blind,GEPA,AmbiStory-test-237,5,4,0.0,0.24,highly uncertain
AmbiStory,blind,GEPA,AmbiStory-test-238,5,4,0.0,0.96,highly uncertain
AmbiStory,blind,GEPA,AmbiStory-test-239,5,4,0.2475,0.24,highly uncertain
AmbiStory,blind,GEPA,AmbiStory-test-240,1,2,1.2475,0.56,highly uncertain
AmbiStory,blind,GEPA,AmbiStory-test-241,5,5,0.0,0.1599999999999999,not uncertain
AmbiStory,blind,GEPA,AmbiStory-test-242,1,1,0.0,0.24,highly uncertain
AmbiStory,blind,GEPA,AmbiStory-test-243,5,5,0.0,0.1599999999999999,not uncertain
AmbiStory,blind,GEPA,AmbiStory-test-244,1,2,0.16,2.24,highly uncertain
AmbiStory,blind,GEPA,AmbiStory-test-245,5,4,0.0,0.6399999999999999,not uncertain
AmbiStory,blind,GEPA,AmbiStory-test-246,5,5,0.0,0.1599999999999999,not uncertain
AmbiStory,blind,GEPA,AmbiStory-test-247,1,1,0.0,0.64,highly uncertain
AmbiStory,blind,GEPA,AmbiStory-test-248,1,5,0.36,0.1599999999999999,highly uncertain
AmbiStory,blind,GEPA,AmbiStory-test-249,1,2,0.0,0.64,highly uncertain
AmbiStory,blind,GEPA,AmbiStory-test-250,5,5,0.0,0.24,somewhat uncertain
AmbiStory,blind,GEPA,AmbiStory-test-251,1,1,0.0,0.16,highly uncertain
AmbiStory,blind,GEPA,AmbiStory-test-252,5,4,0.0,0.6399999999999999,highly uncertain
AmbiStory,blind,GEPA,AmbiStory-test-253,3,3,0.5599999999999999,1.2,highly uncertain
AmbiStory,blind,GEPA,AmbiStory-test-254,5,4,0.0,0.6399999999999999,not uncertain
AmbiStory,blind,GEPA,AmbiStory-test-255,1,2,0.3399999999999999,2.24,highly uncertain
AmbiStory,blind,GEPA,AmbiStory-test-256,5,4,0.0,0.5599999999999999,highly uncertain
AmbiStory,blind,GEPA,AmbiStory-test-257,5,2,0.09,1.36,highly uncertain
AmbiStory,blind,GEPA,AmbiStory-test-258,1,3,0.21,1.44,highly uncertain
AmbiStory,blind,GEPA,AmbiStory-test-259,5,5,0.0,0.0,not uncertain
AmbiStory,blind,GEPA,AmbiStory-test-260,2,2,0.29,0.64,highly uncertain
AmbiStory,blind,GEPA,AmbiStory-test-261,5,5,0.0,0.0,highly uncertain
AmbiStory,blind,GEPA,AmbiStory-test-262,2,4,0.21,1.44,highly uncertain
AmbiStory,blind,GEPA,AmbiStory-test-263,5,4,0.0,1.36,somewhat uncertain
AmbiStory,blind,GEPA,AmbiStory-test-264,5,3,0.0475,3.2,highly uncertain
AmbiStory,blind,GEPA,AmbiStory-test-265,5,3,0.0,2.56,not uncertain
AmbiStory,blind,GEPA,AmbiStory-test-266,5,1,0.0,0.16,highly uncertain
AmbiStory,blind,GEPA,AmbiStory-test-267,5,4,0.0,1.6,not uncertain
AmbiStory,blind,GEPA,AmbiStory-test-268,5,3,0.0,2.56,highly uncertain
AmbiStory,blind,GEPA,AmbiStory-test-269,5,4,0.0,3.04,not uncertain
AmbiStory,blind,GEPA,AmbiStory-test-270,5,5,0.0,0.24,not uncertain
AmbiStory,blind,GEPA,AmbiStory-test-271,5,2,0.21,0.64,highly uncertain
AmbiStory,blind,GEPA,AmbiStory-test-272,3,2,2.0,0.8,highly uncertain
AmbiStory,blind,GEPA,AmbiStory-test-273,5,4,0.0,2.4,highly uncertain
AmbiStory,blind,GEPA,AmbiStory-test-274,5,4,0.0,1.36,somewhat uncertain
AmbiStory,blind,GEPA,AmbiStory-test-275,5,3,0.0475,1.36,highly uncertain
AmbiStory,blind,GEPA,AmbiStory-test-276,1,2,0.0,0.64,highly uncertain
AmbiStory,blind,GEPA,AmbiStory-test-277,5,5,0.0,0.6399999999999999,somewhat uncertain
AmbiStory,blind,GEPA,AmbiStory-test-278,1,2,0.0475,0.64,highly uncertain
AmbiStory,blind,GEPA,AmbiStory-test-279,5,5,0.0,0.0,not uncertain
AmbiStory,blind,GEPA,AmbiStory-test-280,1,2,0.0,0.5599999999999999,highly uncertain
AmbiStory,blind,GEPA,AmbiStory-test-281,5,4,0.0,0.64,somewhat uncertain
AmbiStory,blind,GEPA,AmbiStory-test-282,5,3,0.0,1.04,not uncertain
AmbiStory,blind,GEPA,AmbiStory-test-283,5,4,0.0,2.56,not uncertain
AmbiStory,blind,GEPA,AmbiStory-test-284,5,4,0.0,0.5599999999999999,not uncertain
AmbiStory,blind,GEPA,AmbiStory-test-285,5,4,0.0,2.4,not uncertain
AmbiStory,blind,GEPA,AmbiStory-test-286,5,3,0.0,0.64,not uncertain
AmbiStory,blind,GEPA,AmbiStory-test-287,5,4,0.0,0.64,not uncertain
AmbiStory,blind,GEPA,AmbiStory-test-288,5,4,0.0475,0.96,not uncertain
AmbiStory,blind,GEPA,AmbiStory-test-289,5,4,0.0475,0.5599999999999999,highly uncertain
AmbiStory,blind,GEPA,AmbiStory-test-290,5,3,0.09,2.8,not uncertain
AmbiStory,blind,GEPA,AmbiStory-test-291,5,4,0.09,0.8,highly uncertain
AmbiStory,blind,GEPA,AmbiStory-test-292,5,4,0.1599999999999999,0.6399999999999999,not uncertain
AmbiStory,blind,GEPA,AmbiStory-test-293,5,4,0.1275,2.16,somewhat uncertain
AmbiStory,blind,GEPA,AmbiStory-test-294,1,3,0.1275,1.7600000000000002,highly uncertain
AmbiStory,blind,GEPA,AmbiStory-test-295,5,2,0.09,0.64,highly uncertain
AmbiStory,blind,GEPA,AmbiStory-test-296,2,3,0.25,1.2,highly uncertain
AmbiStory,blind,GEPA,AmbiStory-test-297,5,5,0.0,0.24,not uncertain
AmbiStory,blind,GEPA,AmbiStory-test-298,1,2,0.0475,0.56,highly uncertain
AmbiStory,blind,GEPA,AmbiStory-test-299,5,4,0.0,1.8400000000000003,not uncertain
AmbiStory,blind,GEPA,AmbiStory-test-300,1,2,0.2274999999999999,1.36,highly uncertain
AmbiStory,blind,GEPA,AmbiStory-test-301,1,1,0.09,0.16,highly uncertain
AmbiStory,blind,GEPA,AmbiStory-test-302,4,3,1.3275,0.64,highly uncertain
AmbiStory,blind,GEPA,AmbiStory-test-303,5,2,0.0,1.3600000000000003,not uncertain
AmbiStory,blind,GEPA,AmbiStory-test-304,5,4,0.1275,1.4400000000000002,highly uncertain
AmbiStory,blind,GEPA,AmbiStory-test-305,2,2,1.09,0.56,highly uncertain
AmbiStory,blind,GEPA,AmbiStory-test-306,4,5,0.1875,0.0,highly uncertain
AmbiStory,blind,GEPA,AmbiStory-test-307,4,1,0.4599999999999999,0.24,not uncertain
AmbiStory,blind,GEPA,AmbiStory-test-308,4,4,0.54,2.56,highly uncertain
AmbiStory,blind,GEPA,AmbiStory-test-309,4,2,1.9275,0.9600000000000002,highly uncertain
AmbiStory,blind,GEPA,AmbiStory-test-310,4,4,0.31,0.64,highly uncertain
AmbiStory,blind,GEPA,AmbiStory-test-311,4,3,0.0475,2.16,highly uncertain
AmbiStory,blind,GEPA,AmbiStory-test-312,5,4,0.25,0.24,somewhat uncertain
AmbiStory,blind,GEPA,AmbiStory-test-313,5,3,1.44,3.8400000000000007,highly uncertain
AmbiStory,blind,GEPA,AmbiStory-test-314,4,4,0.2274999999999999,1.36,highly uncertain
AmbiStory,blind,GEPA,AmbiStory-test-315,5,3,2.76,0.96,highly uncertain
AmbiStory,blind,GEPA,AmbiStory-test-316,4,3,0.64,1.8400000000000003,somewhat uncertain
AmbiStory,blind,GEPA,AmbiStory-test-317,1,4,0.8100000000000002,1.8400000000000003,highly uncertain
AmbiStory,blind,GEPA,AmbiStory-test-318,5,5,0.0,0.1599999999999999,not uncertain
AmbiStory,blind,GEPA,AmbiStory-test-319,1,1,0.0,0.16,highly uncertain
AmbiStory,blind,GEPA,AmbiStory-test-320,5,5,0.0,0.1599999999999999,not uncertain
AmbiStory,blind,GEPA,AmbiStory-test-321,1,1,0.0,0.0,highly uncertain
AmbiStory,blind,GEPA,AmbiStory-test-322,5,5,0.0,0.24,not uncertain
AmbiStory,blind,GEPA,AmbiStory-test-323,1,1,0.09,0.16,highly uncertain
AmbiStory,blind,GEPA,AmbiStory-test-324,5,5,0.0,0.0,somewhat uncertain
AmbiStory,blind,GEPA,AmbiStory-test-325,1,1,0.0,0.0,highly uncertain
AmbiStory,blind,GEPA,AmbiStory-test-326,5,5,0.0,0.1599999999999999,somewhat uncertain
AmbiStory,blind,GEPA,AmbiStory-test-327,1,2,0.16,0.9600000000000002,highly uncertain
AmbiStory,blind,GEPA,AmbiStory-test-328,5,5,0.0,0.0,not uncertain
AmbiStory,blind,GEPA,AmbiStory-test-329,1,2,0.0,2.1388888888888897,highly uncertain
AmbiStory,blind,GEPA,AmbiStory-test-330,4,4,2.2275,0.5599999999999999,highly uncertain
AmbiStory,blind,GEPA,AmbiStory-test-331,5,3,0.0,2.56,highly uncertain
AmbiStory,blind,GEPA,AmbiStory-test-332,1,1,0.0,0.0,highly uncertain
AmbiStory,blind,GEPA,AmbiStory-test-333,5,5,0.0,0.1599999999999999,not uncertain
AmbiStory,blind,GEPA,AmbiStory-test-334,1,1,0.16,0.16,highly uncertain
AmbiStory,blind,GEPA,AmbiStory-test-335,5,4,0.0,1.2,highly uncertain
AmbiStory,blind,GEPA,AmbiStory-test-336,5,5,0.0,0.1599999999999999,not uncertain
AmbiStory,blind,GEPA,AmbiStory-test-337,1,1,0.0,0.0,highly uncertain
AmbiStory,blind,GEPA,AmbiStory-test-338,4,2,0.09,0.24,highly uncertain
AmbiStory,blind,GEPA,AmbiStory-test-339,5,4,0.0,0.5599999999999999,highly uncertain
AmbiStory,blind,GEPA,AmbiStory-test-340,5,5,0.0,0.24,somewhat uncertain
AmbiStory,blind,GEPA,AmbiStory-test-341,1,2,0.09,0.5599999999999999,highly uncertain
AmbiStory,blind,GEPA,AmbiStory-test-342,5,5,0.0,0.0,not uncertain
AmbiStory,blind,GEPA,AmbiStory-test-343,1,1,0.09,0.0,highly uncertain
AmbiStory,blind,GEPA,AmbiStory-test-344,5,5,0.0,0.1599999999999999,not uncertain
AmbiStory,blind,GEPA,AmbiStory-test-345,1,3,0.54,0.64,highly uncertain
AmbiStory,blind,GEPA,AmbiStory-test-346,5,4,0.0,2.56,somewhat uncertain
AmbiStory,blind,GEPA,AmbiStory-test-347,1,2,0.09,0.25,highly uncertain
AmbiStory,blind,GEPA,AmbiStory-test-348,5,4,0.0,2.560000000000001,somewhat uncertain
AmbiStory,blind,GEPA,AmbiStory-test-349,2,2,0.19,2.560000000000001,highly uncertain
AmbiStory,blind,GEPA,AmbiStory-test-350,1,2,0.74,2.16,highly uncertain
AmbiStory,blind,GEPA,AmbiStory-test-351,4,2,0.1875,1.04,highly uncertain
AmbiStory,blind,GEPA,AmbiStory-test-352,1,2,0.1275,0.56,highly uncertain
AmbiStory,blind,GEPA,AmbiStory-test-353,1,1,1.14,0.16,highly uncertain
AmbiStory,blind,GEPA,AmbiStory-test-354,5,5,0.0,0.0,not uncertain
AmbiStory,blind,GEPA,AmbiStory-test-355,1,1,0.0,0.0,highly uncertain
AmbiStory,blind,GEPA,AmbiStory-test-356,5,5,0.0,0.0,highly uncertain
AmbiStory,blind,GEPA,AmbiStory-test-357,1,1,0.0,0.0,highly uncertain
AmbiStory,blind,GEPA,AmbiStory-test-358,5,5,0.0,0.0,highly uncertain
AmbiStory,blind,GEPA,AmbiStory-test-359,1,2,0.0,0.56,highly uncertain
AmbiStory,blind,GEPA,AmbiStory-test-360,5,5,0.0,0.1599999999999999,highly uncertain
AmbiStory,blind,GEPA,AmbiStory-test-361,1,1,0.0,0.24,highly uncertain
AmbiStory,blind,GEPA,AmbiStory-test-362,5,4,0.0,2.56,highly uncertain
AmbiStory,blind,GEPA,AmbiStory-test-363,1,1,0.0,0.0,highly uncertain
AmbiStory,blind,GEPA,AmbiStory-test-364,5,2,0.0,0.96,highly uncertain
AmbiStory,blind,GEPA,AmbiStory-test-365,1,3,0.19,1.6,highly uncertain
AmbiStory,blind,GEPA,AmbiStory-test-366,5,3,0.0,1.4400000000000002,not uncertain
AmbiStory,blind,GEPA,AmbiStory-test-367,4,2,0.1475,0.16,highly uncertain
AmbiStory,blind,GEPA,AmbiStory-test-368,5,2,2.1275000000000004,0.5599999999999999,highly uncertain
AmbiStory,blind,GEPA,AmbiStory-test-369,5,4,0.0,2.24,highly uncertain
AmbiStory,blind,GEPA,AmbiStory-test-370,1,2,0.3875,0.56,highly uncertain
AmbiStory,blind,GEPA,AmbiStory-test-371,4,2,0.4875,2.24,somewhat uncertain
AmbiStory,blind,GEPA,AmbiStory-test-372,5,4,0.0,0.64,highly uncertain
AmbiStory,blind,GEPA,AmbiStory-test-373,1,2,0.0,0.56,highly uncertain
AmbiStory,blind,GEPA,AmbiStory-test-374,5,5,0.0,0.24,not uncertain
AmbiStory,blind,GEPA,AmbiStory-test-375,1,1,0.0,0.0,highly uncertain
AmbiStory,blind,GEPA,AmbiStory-test-376,5,5,0.9275,0.24,highly uncertain
AmbiStory,blind,GEPA,AmbiStory-test-377,2,2,0.1875,0.56,highly uncertain
AmbiStory,blind,GEPA,AmbiStory-test-378,5,4,0.0,2.56,highly uncertain
AmbiStory,blind,GEPA,AmbiStory-test-379,1,1,0.0475,0.64,highly uncertain
AmbiStory,blind,GEPA,AmbiStory-test-380,5,1,0.0475,0.0,highly uncertain
AmbiStory,blind,GEPA,AmbiStory-test-381,5,5,0.0,0.24,highly uncertain
AmbiStory,blind,GEPA,AmbiStory-test-382,5,3,0.0,2.56,highly uncertain
AmbiStory,blind,GEPA,AmbiStory-test-383,5,4,0.0,0.24,highly uncertain
AmbiStory,blind,GEPA,AmbiStory-test-384,5,5,0.0,0.0,not uncertain
AmbiStory,blind,GEPA,AmbiStory-test-385,1,1,0.0,0.16,highly uncertain
AmbiStory,blind,GEPA,AmbiStory-test-386,5,3,0.0,2.16,not uncertain
AmbiStory,blind,GEPA,AmbiStory-test-387,1,2,0.0,1.36,not uncertain
AmbiStory,blind,GEPA,AmbiStory-test-388,5,4,0.0,0.96,not uncertain
AmbiStory,blind,GEPA,AmbiStory-test-389,1,2,0.0,1.6,highly uncertain
AmbiStory,blind,GEPA,AmbiStory-test-390,5,5,0.0,0.1599999999999999,highly uncertain
AmbiStory,blind,GEPA,AmbiStory-test-391,1,1,0.0,0.16,highly uncertain
AmbiStory,blind,GEPA,AmbiStory-test-392,5,4,1.44,0.64,not uncertain
AmbiStory,blind,GEPA,AmbiStory-test-393,5,3,0.0,1.36,not uncertain
AmbiStory,blind,GEPA,AmbiStory-test-394,5,4,0.0,2.24,somewhat uncertain
AmbiStory,blind,GEPA,AmbiStory-test-395,1,2,0.0,0.8,highly uncertain
AmbiStory,blind,GEPA,AmbiStory-test-396,5,5,0.0,0.0,not uncertain
AmbiStory,blind,GEPA,AmbiStory-test-397,1,1,0.0,0.24,highly uncertain
AmbiStory,blind,GEPA,AmbiStory-test-398,5,4,0.0,0.5599999999999999,not uncertain
AmbiStory,blind,GEPA,AmbiStory-test-399,5,3,0.0,0.1599999999999999,somewhat uncertain
AmbiStory,blind,GEPA,AmbiStory-test-400,5,5,0.0,0.1599999999999999,not uncertain
AmbiStory,blind,GEPA,AmbiStory-test-401,5,1,0.76,0.24,highly uncertain
AmbiStory,blind,GEPA,AmbiStory-test-402,5,4,2.0275000000000003,0.5599999999999999,highly uncertain
AmbiStory,blind,GEPA,AmbiStory-test-403,5,2,0.0,0.4,highly uncertain
AmbiStory,blind,GEPA,AmbiStory-test-404,4,4,1.2475,0.5599999999999999,highly uncertain
AmbiStory,blind,GEPA,AmbiStory-test-405,5,2,0.0,0.4,not uncertain
AmbiStory,blind,GEPA,AmbiStory-test-406,4,4,2.6475,0.24,highly uncertain
AmbiStory,blind,GEPA,AmbiStory-test-407,5,2,0.0,1.36,highly uncertain
AmbiStory,blind,GEPA,AmbiStory-test-408,5,4,0.0,1.44,highly uncertain
AmbiStory,blind,GEPA,AmbiStory-test-409,1,1,0.0,0.0,highly uncertain
AmbiStory,blind,GEPA,AmbiStory-test-410,5,4,0.0,1.36,not uncertain
AmbiStory,blind,GEPA,AmbiStory-test-411,5,2,0.0,1.04,not uncertain
AmbiStory,blind,GEPA,AmbiStory-test-412,5,4,0.0,0.96,not uncertain
AmbiStory,blind,GEPA,AmbiStory-test-413,1,1,0.0,0.64,highly uncertain
AmbiStory,blind,GEPA,AmbiStory-test-414,5,5,0.0,0.0,not uncertain
AmbiStory,blind,GEPA,AmbiStory-test-415,1,1,0.0,0.24,highly uncertain
AmbiStory,blind,GEPA,AmbiStory-test-416,5,5,0.0475,0.1599999999999999,not uncertain
AmbiStory,blind,GEPA,AmbiStory-test-417,1,2,0.2274999999999999,0.64,not uncertain
AmbiStory,blind,GEPA,AmbiStory-test-418,5,5,0.0,0.1599999999999999,not uncertain
AmbiStory,blind,GEPA,AmbiStory-test-419,1,2,0.0475,2.24,not uncertain
AmbiStory,blind,GEPA,AmbiStory-test-420,5,3,0.09,2.2222222222222228,somewhat uncertain
AmbiStory,blind,GEPA,AmbiStory-test-421,1,3,0.0,1.4400000000000002,highly uncertain
AmbiStory,blind,GEPA,AmbiStory-test-422,5,3,0.0,2.24,somewhat uncertain
AmbiStory,blind,GEPA,AmbiStory-test-423,1,3,0.0,2.0,highly uncertain
AmbiStory,blind,GEPA,AmbiStory-test-424,5,3,0.0,0.4,highly uncertain
AmbiStory,blind,GEPA,AmbiStory-test-425,1,3,0.0,1.04,highly uncertain
AmbiStory,blind,GEPA,AmbiStory-test-426,5,3,0.0475,0.64,highly uncertain
AmbiStory,blind,GEPA,AmbiStory-test-427,5,3,0.25,1.36,somewhat uncertain
AmbiStory,blind,GEPA,AmbiStory-test-428,5,4,0.0,0.6399999999999999,highly uncertain
AmbiStory,blind,GEPA,AmbiStory-test-429,5,2,1.1475000000000002,0.4,highly uncertain
AmbiStory,blind,GEPA,AmbiStory-test-430,5,4,0.0,1.6,highly uncertain
AmbiStory,blind,GEPA,AmbiStory-test-431,5,2,0.2274999999999999,0.16,somewhat uncertain
AmbiStory,blind,GEPA,AmbiStory-test-432,5,4,0.0475,1.44,highly uncertain
AmbiStory,blind,GEPA,AmbiStory-test-433,1,1,0.0475,0.24,highly uncertain
AmbiStory,blind,GEPA,AmbiStory-test-434,5,5,0.0,0.24,highly uncertain
AmbiStory,blind,GEPA,AmbiStory-test-435,1,1,0.0,0.64,highly uncertain
AmbiStory,blind,GEPA,AmbiStory-test-436,5,4,0.0,1.36,highly uncertain
AmbiStory,blind,GEPA,AmbiStory-test-437,1,1,0.0,0.0,highly uncertain
AmbiStory,blind,GEPA,AmbiStory-test-438,5,5,0.0,0.1599999999999999,not uncertain
AmbiStory,blind,GEPA,AmbiStory-test-439,1,2,2.11,2.24,highly uncertain
AmbiStory,blind,GEPA,AmbiStory-test-440,4,3,0.1875,1.36,highly uncertain
AmbiStory,blind,GEPA,AmbiStory-test-441,5,3,2.4475,1.84,highly uncertain
AmbiStory,blind,GEPA,AmbiStory-test-442,4,4,0.3,0.5599999999999999,highly uncertain
AmbiStory,blind,GEPA,AmbiStory-test-443,1,3,1.5275,2.64,highly uncertain
AmbiStory,blind,GEPA,AmbiStory-test-444,5,4,0.0,1.36,somewhat uncertain
AmbiStory,blind,GEPA,AmbiStory-test-445,5,2,3.0475000000000003,1.36,highly uncertain
AmbiStory,blind,GEPA,AmbiStory-test-446,5,3,0.0,1.36,highly uncertain
AmbiStory,blind,GEPA,AmbiStory-test-447,5,4,3.06,1.36,highly uncertain
AmbiStory,blind,GEPA,AmbiStory-test-448,5,4,0.7875,0.24,highly uncertain
AmbiStory,blind,GEPA,AmbiStory-test-449,5,2,3.7275,0.8,highly uncertain
AmbiStory,blind,GEPA,AmbiStory-test-450,5,4,0.2475,0.5599999999999999,highly uncertain
AmbiStory,blind,GEPA,AmbiStory-test-451,1,2,0.0,0.9600000000000002,highly uncertain
AmbiStory,blind,GEPA,AmbiStory-test-452,5,2,0.25,0.24,highly uncertain
AmbiStory,blind,GEPA,AmbiStory-test-453,5,5,0.0,0.1599999999999999,not uncertain
AmbiStory,blind,GEPA,AmbiStory-test-454,5,3,0.1599999999999999,2.24,highly uncertain
AmbiStory,blind,GEPA,AmbiStory-test-455,1,3,0.0,0.64,highly uncertain
AmbiStory,blind,GEPA,AmbiStory-test-456,4,4,0.3275,1.36,highly uncertain
AmbiStory,blind,GEPA,AmbiStory-test-457,1,3,0.0,1.04,highly uncertain
AmbiStory,blind,GEPA,AmbiStory-test-458,5,3,2.9400000000000004,1.36,highly uncertain
AmbiStory,blind,GEPA,AmbiStory-test-459,5,4,0.76,0.4,highly uncertain
AmbiStory,blind,GEPA,AmbiStory-test-460,3,3,1.41,1.7600000000000002,highly uncertain
AmbiStory,blind,GEPA,AmbiStory-test-461,1,3,0.0475,1.5555555555555556,highly uncertain
AmbiStory,blind,GEPA,AmbiStory-test-462,5,2,0.2475,3.04,highly uncertain
AmbiStory,blind,GEPA,AmbiStory-test-463,5,5,0.0,0.0,not uncertain
AmbiStory,blind,GEPA,AmbiStory-test-464,4,2,0.21,0.8,highly uncertain
AmbiStory,blind,GEPA,AmbiStory-test-465,5,5,0.0,0.6399999999999999,not uncertain
AmbiStory,blind,GEPA,AmbiStory-test-466,4,3,0.25,0.8,not uncertain
AmbiStory,blind,GEPA,AmbiStory-test-467,5,3,0.0475,1.84,highly uncertain
AmbiStory,blind,GEPA,AmbiStory-test-468,5,5,0.0,0.1599999999999999,not uncertain
AmbiStory,blind,GEPA,AmbiStory-test-469,5,5,0.0,0.1599999999999999,not uncertain
AmbiStory,blind,GEPA,AmbiStory-test-470,5,5,0.0,0.6399999999999999,not uncertain
AmbiStory,blind,GEPA,AmbiStory-test-471,5,4,0.0,1.36,not uncertain
AmbiStory,blind,GEPA,AmbiStory-test-472,5,4,0.0,1.0400000000000005,highly uncertain
AmbiStory,blind,GEPA,AmbiStory-test-473,5,4,0.0,1.44,not uncertain
AmbiStory,blind,GEPA,AmbiStory-test-474,5,5,0.0,0.0,not uncertain
AmbiStory,blind,GEPA,AmbiStory-test-475,4,3,0.9275,2.64,highly uncertain
AmbiStory,blind,GEPA,AmbiStory-test-476,5,4,0.0,0.64,not uncertain
AmbiStory,blind,GEPA,AmbiStory-test-477,4,3,0.24,2.16,highly uncertain
AmbiStory,blind,GEPA,AmbiStory-test-478,5,4,0.0,0.5599999999999999,not uncertain
AmbiStory,blind,GEPA,AmbiStory-test-479,4,3,0.3275,2.0,highly uncertain
AmbiStory,blind,GEPA,AmbiStory-test-480,5,5,0.1275,0.0,not uncertain
AmbiStory,blind,GEPA,AmbiStory-test-481,1,2,0.0,0.64,highly uncertain
AmbiStory,blind,GEPA,AmbiStory-test-482,3,2,0.7474999999999999,2.1600000000000006,highly uncertain
AmbiStory,blind,GEPA,AmbiStory-test-483,5,4,0.0,0.5599999999999999,not uncertain
AmbiStory,blind,GEPA,AmbiStory-test-484,4,4,0.21,1.36,highly uncertain
AmbiStory,blind,GEPA,AmbiStory-test-485,2,3,0.4474999999999999,1.84,highly uncertain
AmbiStory,blind,GEPA,AmbiStory-test-486,1,2,0.09,0.64,highly uncertain
AmbiStory,blind,GEPA,AmbiStory-test-487,5,4,0.0,0.8,highly uncertain
AmbiStory,blind,GEPA,AmbiStory-test-488,1,1,0.0475,0.0,highly uncertain
AmbiStory,blind,GEPA,AmbiStory-test-489,5,5,0.0,0.0,somewhat uncertain
AmbiStory,blind,GEPA,AmbiStory-test-490,1,1,0.0,0.24,highly uncertain
AmbiStory,blind,GEPA,AmbiStory-test-491,5,5,0.0,0.1599999999999999,somewhat uncertain
AmbiStory,blind,GEPA,AmbiStory-test-492,5,5,0.0,0.0,highly uncertain
AmbiStory,blind,GEPA,AmbiStory-test-493,1,3,0.45,2.64,highly uncertain
AmbiStory,blind,GEPA,AmbiStory-test-494,5,4,0.0,2.56,not uncertain
AmbiStory,blind,GEPA,AmbiStory-test-495,1,3,1.26,1.7600000000000002,highly uncertain
AmbiStory,blind,GEPA,AmbiStory-test-496,5,4,0.0,1.36,not uncertain
AmbiStory,blind,GEPA,AmbiStory-test-497,1,2,0.21,0.56,highly uncertain
AmbiStory,blind,GEPA,AmbiStory-test-498,1,4,0.4275,0.5599999999999999,not uncertain
AmbiStory,blind,GEPA,AmbiStory-test-499,5,2,0.0,1.2,not uncertain
AmbiStory,blind,GEPA,AmbiStory-test-500,1,1,0.09,0.24,highly uncertain
AmbiStory,blind,GEPA,AmbiStory-test-501,5,4,0.0,0.96,not uncertain
AmbiStory,blind,GEPA,AmbiStory-test-502,1,3,0.0,1.0400000000000005,highly uncertain
AmbiStory,blind,GEPA,AmbiStory-test-503,5,3,0.0,1.8400000000000003,not uncertain
AmbiStory,blind,GEPA,AmbiStory-test-504,5,5,0.0,0.6399999999999999,not uncertain
AmbiStory,blind,GEPA,AmbiStory-test-505,1,1,0.0,0.0,highly uncertain
AmbiStory,blind,GEPA,AmbiStory-test-506,3,3,0.35,1.0400000000000005,highly uncertain
AmbiStory,blind,GEPA,AmbiStory-test-507,5,3,0.0,1.6,highly uncertain
AmbiStory,blind,GEPA,AmbiStory-test-508,5,3,0.0,1.36,somewhat uncertain
AmbiStory,blind,GEPA,AmbiStory-test-509,5,2,1.4475,2.2222222222222223,not uncertain
AmbiStory,blind,GEPA,AmbiStory-test-510,5,3,0.8474999999999999,1.36,highly uncertain
AmbiStory,blind,GEPA,AmbiStory-test-511,5,2,0.2274999999999999,0.96,highly uncertain
AmbiStory,blind,GEPA,AmbiStory-test-512,1,2,0.8475000000000001,1.8400000000000003,highly uncertain
AmbiStory,blind,GEPA,AmbiStory-test-513,5,4,0.0,0.6399999999999999,not uncertain
AmbiStory,blind,GEPA,AmbiStory-test-514,4,3,2.3400000000000003,0.64,highly uncertain
AmbiStory,blind,GEPA,AmbiStory-test-515,5,4,0.0,0.5599999999999999,not uncertain
AmbiStory,blind,GEPA,AmbiStory-test-516,5,4,0.0475,1.44,highly uncertain
AmbiStory,blind,GEPA,AmbiStory-test-517,1,2,0.41,1.36,highly uncertain
AmbiStory,blind,GEPA,AmbiStory-test-518,1,2,0.0,2.4,highly uncertain
AmbiStory,blind,GEPA,AmbiStory-test-519,5,5,0.0,0.0,not uncertain
AmbiStory,blind,GEPA,AmbiStory-test-520,1,2,0.0,0.56,highly uncertain
AmbiStory,blind,GEPA,AmbiStory-test-521,1,3,0.75,1.84,highly uncertain
AmbiStory,blind,GEPA,AmbiStory-test-522,2,2,0.9275,1.36,highly uncertain
AmbiStory,blind,GEPA,AmbiStory-test-523,5,5,0.0,0.24,highly uncertain
AmbiStory,blind,GEPA,AmbiStory-test-524,1,2,0.0,1.4400000000000002,highly uncertain
AmbiStory,blind,GEPA,AmbiStory-test-525,5,5,0.0,0.1599999999999999,not uncertain
AmbiStory,blind,GEPA,AmbiStory-test-526,2,1,0.2274999999999999,0.16,highly uncertain
AmbiStory,blind,GEPA,AmbiStory-test-527,5,4,0.0,0.64,not uncertain
AmbiStory,blind,GEPA,AmbiStory-test-528,4,3,0.21,0.8,highly uncertain
AmbiStory,blind,GEPA,AmbiStory-test-529,5,4,0.8275,0.1599999999999999,highly uncertain
AmbiStory,blind,GEPA,AmbiStory-test-530,1,1,0.21,0.24,highly uncertain
AmbiStory,blind,GEPA,AmbiStory-test-531,5,5,0.0,0.24,somewhat uncertain
AmbiStory,blind,GEPA,AmbiStory-test-532,4,3,0.55,0.24,highly uncertain
AmbiStory,blind,GEPA,AmbiStory-test-533,5,3,0.0,0.0,highly uncertain
AmbiStory,blind,GEPA,AmbiStory-test-534,5,5,0.0475,0.1599999999999999,highly uncertain
AmbiStory,blind,GEPA,AmbiStory-test-535,5,5,0.0475,0.1599999999999999,highly uncertain
AmbiStory,blind,GEPA,AmbiStory-test-536,4,5,0.24,0.24,highly uncertain
AmbiStory,blind,GEPA,AmbiStory-test-537,5,5,0.0,0.0,highly uncertain
AmbiStory,blind,GEPA,AmbiStory-test-538,5,5,0.0475,0.0,highly uncertain
AmbiStory,blind,GEPA,AmbiStory-test-539,5,5,0.0,0.0,highly uncertain
AmbiStory,blind,GEPA,AmbiStory-test-540,1,3,1.4875,1.7600000000000002,highly uncertain
AmbiStory,blind,GEPA,AmbiStory-test-541,5,4,0.0,2.16,not uncertain
AmbiStory,blind,GEPA,AmbiStory-test-542,1,3,0.0,1.84,highly uncertain
AmbiStory,blind,GEPA,AmbiStory-test-543,5,5,0.0,0.0,not uncertain
AmbiStory,blind,GEPA,AmbiStory-test-544,1,4,0.4599999999999999,1.44,highly uncertain
AmbiStory,blind,GEPA,AmbiStory-test-545,5,5,0.0,0.0,not uncertain
AmbiStory,blind,GEPA,AmbiStory-test-546,4,3,0.2475,1.36,highly uncertain
AmbiStory,blind,GEPA,AmbiStory-test-547,4,3,1.9275,0.96,highly uncertain
AmbiStory,blind,GEPA,AmbiStory-test-548,1,2,0.0,0.64,highly uncertain
AmbiStory,blind,GEPA,AmbiStory-test-549,5,4,0.0,0.8,somewhat uncertain
AmbiStory,blind,GEPA,AmbiStory-test-550,1,2,0.09,0.56,highly uncertain
AmbiStory,blind,GEPA,AmbiStory-test-551,5,4,0.0,0.5599999999999999,highly uncertain
AmbiStory,blind,GEPA,AmbiStory-test-552,1,1,0.0,0.0,highly uncertain
AmbiStory,blind,GEPA,AmbiStory-test-553,5,3,0.0,1.04,highly uncertain
AmbiStory,blind,GEPA,AmbiStory-test-554,1,2,0.0,1.8400000000000003,highly uncertain
AmbiStory,blind,GEPA,AmbiStory-test-555,5,3,0.0,0.96,somewhat uncertain
AmbiStory,blind,GEPA,AmbiStory-test-556,1,1,0.0,0.24,highly uncertain
AmbiStory,blind,GEPA,AmbiStory-test-557,5,4,0.0,2.24,somewhat uncertain
AmbiStory,blind,GEPA,AmbiStory-test-558,5,5,0.0,0.0,somewhat uncertain
AmbiStory,blind,GEPA,AmbiStory-test-559,2,2,1.0275,2.4,highly uncertain
AmbiStory,blind,GEPA,AmbiStory-test-560,1,1,0.0,0.16,highly uncertain
AmbiStory,blind,GEPA,AmbiStory-test-561,5,4,0.0,0.64,highly uncertain
AmbiStory,blind,GEPA,AmbiStory-test-562,1,2,0.1275,0.5599999999999999,highly uncertain
AmbiStory,blind,GEPA,AmbiStory-test-563,5,4,0.0,0.24,highly uncertain
AmbiStory,blind,GEPA,AmbiStory-test-564,5,4,0.0,1.0400000000000005,not uncertain
AmbiStory,blind,GEPA,AmbiStory-test-565,5,4,0.7275,0.5599999999999999,not uncertain
AmbiStory,blind,GEPA,AmbiStory-test-566,5,3,0.0475,0.5599999999999999,not uncertain
AmbiStory,blind,GEPA,AmbiStory-test-567,5,4,0.0,2.16,highly uncertain
AmbiStory,blind,GEPA,AmbiStory-test-568,4,3,0.25,1.04,highly uncertain
AmbiStory,blind,GEPA,AmbiStory-test-569,5,4,0.0,0.96,not uncertain
AmbiStory,blind,GEPA,AmbiStory-test-570,5,5,0.09,0.24,somewhat uncertain
AmbiStory,blind,GEPA,AmbiStory-test-571,1,1,0.6275000000000001,0.16,highly uncertain
AmbiStory,blind,GEPA,AmbiStory-test-572,4,3,0.3875,0.64,highly uncertain
AmbiStory,blind,GEPA,AmbiStory-test-573,5,4,0.3475,3.04,highly uncertain
AmbiStory,blind,GEPA,AmbiStory-test-574,5,4,0.0475,2.16,highly uncertain
AmbiStory,blind,GEPA,AmbiStory-test-575,4,2,1.2475,0.5555555555555555,highly uncertain
AmbiStory,blind,GEPA,AmbiStory-test-576,5,5,0.7875,0.1599999999999999,highly uncertain
AmbiStory,blind,GEPA,AmbiStory-test-577,5,4,0.76,1.2,highly uncertain
AmbiStory,blind,GEPA,AmbiStory-test-578,1,1,0.0,0.24,highly uncertain
AmbiStory,blind,GEPA,AmbiStory-test-579,5,5,0.0,0.0,not uncertain
AmbiStory,blind,GEPA,AmbiStory-test-580,5,1,2.8275,0.24,highly uncertain
AmbiStory,blind,GEPA,AmbiStory-test-581,5,5,0.0,0.1599999999999999,not uncertain
AmbiStory,blind,GEPA,AmbiStory-test-582,5,3,0.0,0.4,highly uncertain
AmbiStory,blind,GEPA,AmbiStory-test-583,1,2,0.25,1.4400000000000002,highly uncertain
AmbiStory,blind,GEPA,AmbiStory-test-584,4,2,0.25,0.8,highly uncertain
AmbiStory,blind,GEPA,AmbiStory-test-585,5,3,0.1875,0.96,highly uncertain
AmbiStory,blind,GEPA,AmbiStory-test-586,5,3,0.0,1.2,highly uncertain
AmbiStory,blind,GEPA,AmbiStory-test-587,2,2,0.25,0.64,highly uncertain
AmbiStory,blind,GEPA,AmbiStory-test-588,1,2,2.31,0.5599999999999999,highly uncertain
AmbiStory,blind,GEPA,AmbiStory-test-589,5,4,0.09,1.36,highly uncertain
AmbiStory,blind,GEPA,AmbiStory-test-590,1,4,0.16,1.84,highly uncertain
AmbiStory,blind,GEPA,AmbiStory-test-591,5,5,0.0,0.24,highly uncertain
AmbiStory,blind,GEPA,AmbiStory-test-592,4,3,2.46,2.56,highly uncertain
AmbiStory,blind,GEPA,AmbiStory-test-593,5,5,0.0,0.1599999999999999,highly uncertain
AmbiStory,blind,GEPA,AmbiStory-test-594,1,2,0.1275,0.64,highly uncertain
AmbiStory,blind,GEPA,AmbiStory-test-595,4,4,0.24,2.4,highly uncertain
AmbiStory,blind,GEPA,AmbiStory-test-596,1,1,0.2274999999999999,0.24,highly uncertain
AmbiStory,blind,GEPA,AmbiStory-test-597,5,3,0.0,2.0,highly uncertain
AmbiStory,blind,GEPA,AmbiStory-test-598,1,2,0.0,0.24,highly uncertain
AmbiStory,blind,GEPA,AmbiStory-test-599,4,5,0.2274999999999999,0.6399999999999999,highly uncertain
AmbiStory,blind,GEPA,AmbiStory-test-600,5,5,0.0,0.1599999999999999,not uncertain
AmbiStory,blind,GEPA,AmbiStory-test-601,1,2,0.0,0.56,highly uncertain
AmbiStory,blind,GEPA,AmbiStory-test-602,5,5,0.8099999999999999,0.0,not uncertain
AmbiStory,blind,GEPA,AmbiStory-test-603,1,3,1.1475000000000002,2.2222222222222223,highly uncertain
AmbiStory,blind,GEPA,AmbiStory-test-604,5,4,0.0,0.24,not uncertain
AmbiStory,blind,GEPA,AmbiStory-test-605,1,2,0.0,0.24,highly uncertain
AmbiStory,blind,GEPA,AmbiStory-test-606,1,3,3.0475000000000003,2.56,highly uncertain
AmbiStory,blind,GEPA,AmbiStory-test-607,5,3,0.0,1.8400000000000003,highly uncertain
AmbiStory,blind,GEPA,AmbiStory-test-608,1,1,0.0,0.0,not uncertain
AmbiStory,blind,GEPA,AmbiStory-test-609,5,5,0.0,0.1599999999999999,not uncertain
AmbiStory,blind,GEPA,AmbiStory-test-610,1,1,0.0,0.24,highly uncertain
AmbiStory,blind,GEPA,AmbiStory-test-611,5,4,0.0,1.36,not uncertain
AmbiStory,blind,GEPA,AmbiStory-test-612,5,5,0.0475,0.0,highly uncertain
AmbiStory,blind,GEPA,AmbiStory-test-613,4,2,0.5900000000000001,2.16,highly uncertain
AmbiStory,blind,GEPA,AmbiStory-test-614,1,1,0.0,0.0,highly uncertain
AmbiStory,blind,GEPA,AmbiStory-test-615,5,5,0.0,0.24,not uncertain
AmbiStory,blind,GEPA,AmbiStory-test-616,1,2,0.0,0.64,highly uncertain
AmbiStory,blind,GEPA,AmbiStory-test-617,5,5,0.0,0.24,not uncertain
AmbiStory,blind,GEPA,AmbiStory-test-618,5,4,0.09,2.24,highly uncertain
AmbiStory,blind,GEPA,AmbiStory-test-619,5,3,0.0,3.3599999999999994,highly uncertain
AmbiStory,blind,GEPA,AmbiStory-test-620,1,2,0.0,0.24,highly uncertain
AmbiStory,blind,GEPA,AmbiStory-test-621,5,5,0.0,0.24,somewhat uncertain
AmbiStory,blind,GEPA,AmbiStory-test-622,1,2,0.0,1.04,highly uncertain
AmbiStory,blind,GEPA,AmbiStory-test-623,5,5,0.0,0.0,not uncertain
AmbiStory,blind,GEPA,AmbiStory-test-624,1,1,0.2274999999999999,0.64,highly uncertain
AmbiStory,blind,GEPA,AmbiStory-test-625,5,3,0.0,2.56,highly uncertain
AmbiStory,blind,GEPA,AmbiStory-test-626,1,2,0.0,2.24,highly uncertain
AmbiStory,blind,GEPA,AmbiStory-test-627,5,4,0.0,0.24,not uncertain
AmbiStory,blind,GEPA,AmbiStory-test-628,1,3,0.09,0.64,highly uncertain
AmbiStory,blind,GEPA,AmbiStory-test-629,5,5,0.0,0.24,somewhat uncertain
AmbiStory,blind,GEPA,AmbiStory-test-630,5,5,0.0,0.0,highly uncertain
AmbiStory,blind,GEPA,AmbiStory-test-631,1,1,0.0,0.24,highly uncertain
AmbiStory,blind,GEPA,AmbiStory-test-632,5,5,0.0,0.0,somewhat uncertain
AmbiStory,blind,GEPA,AmbiStory-test-633,1,1,0.0,0.0,not uncertain
AmbiStory,blind,GEPA,AmbiStory-test-634,5,5,0.4275,0.0,somewhat uncertain
AmbiStory,blind,GEPA,AmbiStory-test-635,1,2,0.0,0.24,highly uncertain
AmbiStory,blind,GEPA,AmbiStory-test-636,5,4,0.0,0.5599999999999999,highly uncertain
AmbiStory,blind,GEPA,AmbiStory-test-637,1,2,1.44,1.2,highly uncertain
AmbiStory,blind,GEPA,AmbiStory-test-638,5,3,0.0,1.84,somewhat uncertain
AmbiStory,blind,GEPA,AmbiStory-test-639,5,3,0.0,2.64,not uncertain
AmbiStory,blind,GEPA,AmbiStory-test-640,5,3,0.0,1.4400000000000002,highly uncertain
AmbiStory,blind,GEPA,AmbiStory-test-641,5,2,0.7875,2.1600000000000006,highly uncertain
AmbiStory,blind,GEPA,AmbiStory-test-642,5,5,0.0,0.0,not uncertain
AmbiStory,blind,GEPA,AmbiStory-test-643,1,2,0.0,0.64,highly uncertain
AmbiStory,blind,GEPA,AmbiStory-test-644,5,5,0.0,0.24,highly uncertain
AmbiStory,blind,GEPA,AmbiStory-test-645,1,1,0.0,0.6400000000000002,highly uncertain
AmbiStory,blind,GEPA,AmbiStory-test-646,5,5,0.0,0.0,highly uncertain
AmbiStory,blind,GEPA,AmbiStory-test-647,1,1,0.0,0.16,highly uncertain
AmbiStory,blind,GEPA,AmbiStory-test-648,1,2,0.16,0.96,highly uncertain
AmbiStory,blind,GEPA,AmbiStory-test-649,5,4,0.0,1.6,somewhat uncertain
AmbiStory,blind,GEPA,AmbiStory-test-650,1,1,0.16,0.16,highly uncertain
AmbiStory,blind,GEPA,AmbiStory-test-651,5,5,0.0,0.0,not uncertain
AmbiStory,blind,GEPA,AmbiStory-test-652,1,3,0.0,1.6,highly uncertain
AmbiStory,blind,GEPA,AmbiStory-test-653,5,5,0.0,0.24,somewhat uncertain
AmbiStory,blind,GEPA,AmbiStory-test-654,5,5,0.0,0.24,not uncertain
AmbiStory,blind,GEPA,AmbiStory-test-655,1,2,0.0,0.64,highly uncertain
AmbiStory,blind,GEPA,AmbiStory-test-656,5,3,0.0,1.6,highly uncertain
AmbiStory,blind,GEPA,AmbiStory-test-657,4,3,1.3475,2.64,highly uncertain
AmbiStory,blind,GEPA,AmbiStory-test-658,5,4,0.0,1.36,somewhat uncertain
AmbiStory,blind,GEPA,AmbiStory-test-659,1,4,0.0,0.5599999999999999,highly uncertain
AmbiStory,blind,GEPA,AmbiStory-test-660,5,5,0.0475,0.0,highly uncertain
AmbiStory,blind,GEPA,AmbiStory-test-661,1,2,0.31,0.56,highly uncertain
AmbiStory,blind,GEPA,AmbiStory-test-662,5,4,0.1275,1.2,somewhat uncertain
AmbiStory,blind,GEPA,AmbiStory-test-663,1,4,0.54,1.6,highly uncertain
AmbiStory,blind,GEPA,AmbiStory-test-664,5,4,0.7875,0.8,somewhat uncertain
AmbiStory,blind,GEPA,AmbiStory-test-665,1,3,0.2274999999999999,0.4,highly uncertain
AmbiStory,blind,GEPA,AmbiStory-test-666,5,5,0.0,0.6399999999999999,not uncertain
AmbiStory,blind,GEPA,AmbiStory-test-667,1,2,0.0475,2.16,highly uncertain
AmbiStory,blind,GEPA,AmbiStory-test-668,5,4,0.0,0.64,not uncertain
AmbiStory,blind,GEPA,AmbiStory-test-669,5,2,0.0,1.8400000000000003,not uncertain
AmbiStory,blind,GEPA,AmbiStory-test-670,5,5,0.0,0.1599999999999999,not uncertain
AmbiStory,blind,GEPA,AmbiStory-test-671,1,1,0.2475,0.0,highly uncertain
AmbiStory,blind,GEPA,AmbiStory-test-672,5,5,0.0,0.6399999999999999,not uncertain
AmbiStory,blind,GEPA,AmbiStory-test-673,5,4,0.0,2.4,not uncertain
AmbiStory,blind,GEPA,AmbiStory-test-674,5,5,0.0475,0.1599999999999999,not uncertain
AmbiStory,blind,GEPA,AmbiStory-test-675,5,5,0.0,0.1599999999999999,not uncertain
AmbiStory,blind,GEPA,AmbiStory-test-676,5,5,0.0,0.1599999999999999,not uncertain
AmbiStory,blind,GEPA,AmbiStory-test-677,5,5,0.0,0.0,not uncertain
AmbiStory,blind,GEPA,AmbiStory-test-678,5,3,0.0,1.4400000000000002,not uncertain
AmbiStory,blind,GEPA,AmbiStory-test-679,5,3,0.1275,1.36,not uncertain
AmbiStory,blind,GEPA,AmbiStory-test-680,5,1,0.8400000000000001,0.2222222222222222,highly uncertain
AmbiStory,blind,GEPA,AmbiStory-test-681,5,3,0.0,3.8400000000000007,not uncertain
AmbiStory,blind,GEPA,AmbiStory-test-682,5,3,0.0,0.96,highly uncertain
AmbiStory,blind,GEPA,AmbiStory-test-683,5,3,0.0,0.1599999999999999,not uncertain
AmbiStory,blind,GEPA,AmbiStory-test-684,1,2,1.25,1.2,highly uncertain
AmbiStory,blind,GEPA,AmbiStory-test-685,5,4,0.0,0.96,not uncertain
AmbiStory,blind,GEPA,AmbiStory-test-686,1,4,2.5475000000000003,0.24,not uncertain
AmbiStory,blind,GEPA,AmbiStory-test-687,5,3,0.0,1.84,not uncertain
AmbiStory,blind,GEPA,AmbiStory-test-688,1,2,1.4275,1.0400000000000005,not uncertain
AmbiStory,blind,GEPA,AmbiStory-test-689,5,3,0.0,1.0400000000000005,not uncertain
AmbiStory,blind,GEPA,AmbiStory-test-690,5,3,0.0475,0.8,highly uncertain
AmbiStory,blind,GEPA,AmbiStory-test-691,5,4,0.1275,0.96,highly uncertain
AmbiStory,blind,GEPA,AmbiStory-test-692,1,2,0.6475000000000001,0.64,highly uncertain
AmbiStory,blind,GEPA,AmbiStory-test-693,5,5,0.0,0.0,highly uncertain
AmbiStory,blind,GEPA,AmbiStory-test-694,1,3,2.39,1.36,highly uncertain
AmbiStory,blind,GEPA,AmbiStory-test-695,5,3,0.76,2.24,highly uncertain
AmbiStory,blind,GEPA,AmbiStory-test-696,4,1,1.6275,0.24,somewhat uncertain
AmbiStory,blind,GEPA,AmbiStory-test-697,5,2,0.0,0.4,highly uncertain
AmbiStory,blind,GEPA,AmbiStory-test-698,4,3,2.3275,1.7600000000000002,somewhat uncertain
AmbiStory,blind,GEPA,AmbiStory-test-699,5,4,0.0,1.6,highly uncertain
AmbiStory,blind,GEPA,AmbiStory-test-700,1,3,0.6275000000000001,2.56,highly uncertain
AmbiStory,blind,GEPA,AmbiStory-test-701,5,2,0.0,0.56,highly uncertain
AmbiStory,blind,GEPA,AmbiStory-test-702,2,2,1.6275,0.64,highly uncertain
AmbiStory,blind,GEPA,AmbiStory-test-703,5,2,2.2275,1.8400000000000003,highly uncertain
AmbiStory,blind,GEPA,AmbiStory-test-704,5,4,0.21,1.36,highly uncertain
AmbiStory,blind,GEPA,AmbiStory-test-705,5,4,0.09,0.8,highly uncertain
AmbiStory,blind,GEPA,AmbiStory-test-706,3,3,1.0275,1.04,highly uncertain
AmbiStory,blind,GEPA,AmbiStory-test-707,5,3,0.0475,1.84,highly uncertain
AmbiStory,blind,GEPA,AmbiStory-test-708,5,4,0.0,1.36,not uncertain
AmbiStory,blind,GEPA,AmbiStory-test-709,1,2,0.0,2.1600000000000006,highly uncertain
AmbiStory,blind,GEPA,AmbiStory-test-710,5,2,1.99,0.24,highly uncertain
AmbiStory,blind,GEPA,AmbiStory-test-711,1,4,0.0475,1.36,highly uncertain
AmbiStory,blind,GEPA,AmbiStory-test-712,5,3,0.0,1.2,highly uncertain
AmbiStory,blind,GEPA,AmbiStory-test-713,1,3,0.0,1.04,highly uncertain
AmbiStory,blind,GEPA,AmbiStory-test-714,5,4,0.09,0.5599999999999999,somewhat uncertain
AmbiStory,blind,GEPA,AmbiStory-test-715,5,3,0.0,1.84,not uncertain
AmbiStory,blind,GEPA,AmbiStory-test-716,1,3,1.61,2.56,highly uncertain
AmbiStory,blind,GEPA,AmbiStory-test-717,5,3,0.7875,2.56,somewhat uncertain
AmbiStory,blind,GEPA,AmbiStory-test-718,1,3,0.94,1.6,highly uncertain
AmbiStory,blind,GEPA,AmbiStory-test-719,5,2,0.0475,0.96,somewhat uncertain
AmbiStory,blind,GEPA,AmbiStory-test-720,5,4,0.2475,1.04,somewhat uncertain
AmbiStory,blind,GEPA,AmbiStory-test-721,5,3,0.0,1.2,somewhat uncertain
AmbiStory,blind,GEPA,AmbiStory-test-722,4,5,0.2274999999999999,0.24,somewhat uncertain
AmbiStory,blind,GEPA,AmbiStory-test-723,5,3,0.0,1.84,highly uncertain
AmbiStory,blind,GEPA,AmbiStory-test-724,5,4,0.2475,2.16,highly uncertain
AmbiStory,blind,GEPA,AmbiStory-test-725,5,3,0.0,1.7600000000000002,somewhat uncertain
AmbiStory,blind,GEPA,AmbiStory-test-726,5,5,0.0475,0.0,somewhat uncertain
AmbiStory,blind,GEPA,AmbiStory-test-727,2,2,0.0475,2.16,highly uncertain
AmbiStory,blind,GEPA,AmbiStory-test-728,1,2,0.1275,1.8400000000000003,highly uncertain
AmbiStory,blind,GEPA,AmbiStory-test-729,5,4,0.0,1.0400000000000005,highly uncertain
AmbiStory,blind,GEPA,AmbiStory-test-730,4,4,0.24,0.5599999999999999,highly uncertain
AmbiStory,blind,GEPA,AmbiStory-test-731,4,2,0.86,0.9600000000000002,highly uncertain
AmbiStory,blind,GEPA,AmbiStory-test-732,5,4,0.0,1.36,highly uncertain
AmbiStory,blind,GEPA,AmbiStory-test-733,2,2,0.3475,0.96,highly uncertain
AmbiStory,blind,GEPA,AmbiStory-test-734,5,3,1.21,2.64,highly uncertain
AmbiStory,blind,GEPA,AmbiStory-test-735,5,4,0.1275,1.84,highly uncertain
AmbiStory,blind,GEPA,AmbiStory-test-736,5,3,0.09,2.0,highly uncertain
AmbiStory,blind,GEPA,AmbiStory-test-737,1,4,0.7474999999999999,0.1599999999999999,highly uncertain
AmbiStory,blind,GEPA,AmbiStory-test-738,5,5,0.0,0.0,somewhat uncertain
AmbiStory,blind,GEPA,AmbiStory-test-739,1,1,0.09,0.16,highly uncertain
AmbiStory,blind,GEPA,AmbiStory-test-740,1,2,3.49,0.64,highly uncertain
AmbiStory,blind,GEPA,AmbiStory-test-741,5,5,0.0,0.0,highly uncertain
AmbiStory,blind,GEPA,AmbiStory-test-742,5,4,0.0,0.8,not uncertain
AmbiStory,blind,GEPA,AmbiStory-test-743,4,2,2.8275,0.4,highly uncertain
AmbiStory,blind,GEPA,AmbiStory-test-744,5,5,0.0,0.0,not uncertain
AmbiStory,blind,GEPA,AmbiStory-test-745,1,1,0.0,0.16,not uncertain
AmbiStory,blind,GEPA,AmbiStory-test-746,5,5,0.0,0.0,not uncertain
AmbiStory,blind,GEPA,AmbiStory-test-747,1,1,0.0,0.0,not uncertain
AmbiStory,blind,GEPA,AmbiStory-test-748,5,5,0.0,0.24,not uncertain
AmbiStory,blind,GEPA,AmbiStory-test-749,1,1,0.0,0.16,highly uncertain
AmbiStory,blind,GEPA,AmbiStory-test-750,1,2,0.0,0.96,highly uncertain
AmbiStory,blind,GEPA,AmbiStory-test-751,5,4,0.0,0.96,highly uncertain
AmbiStory,blind,GEPA,AmbiStory-test-752,1,1,0.0,0.0,highly uncertain
AmbiStory,blind,GEPA,AmbiStory-test-753,5,5,0.0,0.0,not uncertain
AmbiStory,blind,GEPA,AmbiStory-test-754,1,2,0.0,1.2,highly uncertain
AmbiStory,blind,GEPA,AmbiStory-test-755,5,4,0.0,0.6399999999999999,somewhat uncertain
AmbiStory,blind,GEPA,AmbiStory-test-756,5,5,0.0,0.24,highly uncertain
AmbiStory,blind,GEPA,AmbiStory-test-757,1,1,0.0,0.16,highly uncertain
AmbiStory,blind,GEPA,AmbiStory-test-758,1,1,0.4475,0.24,highly uncertain
AmbiStory,blind,GEPA,AmbiStory-test-759,5,5,0.0,0.24,highly uncertain
AmbiStory,blind,GEPA,AmbiStory-test-760,5,2,0.1275,0.4,highly uncertain
AmbiStory,blind,GEPA,AmbiStory-test-761,2,4,0.45,0.5599999999999999,highly uncertain
AmbiStory,blind,GEPA,AmbiStory-test-762,5,4,0.0,1.36,highly uncertain
AmbiStory,blind,GEPA,AmbiStory-test-763,1,1,0.0,0.24,highly uncertain
AmbiStory,blind,GEPA,AmbiStory-test-764,5,4,0.0,1.36,not uncertain
AmbiStory,blind,GEPA,AmbiStory-test-765,1,1,0.0,0.16,highly uncertain
AmbiStory,blind,GEPA,AmbiStory-test-766,5,4,0.0,0.8,somewhat uncertain
AmbiStory,blind,GEPA,AmbiStory-test-767,1,1,0.0,0.24,highly uncertain
AmbiStory,blind,GEPA,AmbiStory-test-768,5,3,0.0475,2.0,somewhat uncertain
AmbiStory,blind,GEPA,AmbiStory-test-769,1,2,0.0,0.64,highly uncertain
AmbiStory,blind,GEPA,AmbiStory-test-770,1,3,0.3875,0.64,highly uncertain
AmbiStory,blind,GEPA,AmbiStory-test-771,5,5,0.0,0.6399999999999999,not uncertain
AmbiStory,blind,GEPA,AmbiStory-test-772,5,3,0.09,0.5599999999999999,somewhat uncertain
AmbiStory,blind,GEPA,AmbiStory-test-773,1,4,0.91,0.64,highly uncertain
AmbiStory,blind,GEPA,AmbiStory-test-774,4,3,1.1275,1.36,highly uncertain
AmbiStory,blind,GEPA,AmbiStory-test-775,5,2,0.0,1.4400000000000002,highly uncertain
AmbiStory,blind,GEPA,AmbiStory-test-776,5,2,1.36,1.2,highly uncertain
AmbiStory,blind,GEPA,AmbiStory-test-777,1,2,0.0,1.36,highly uncertain
AmbiStory,blind,GEPA,AmbiStory-test-778,1,3,2.46,2.8,somewhat uncertain
AmbiStory,blind,GEPA,AmbiStory-test-779,1,2,0.0,0.64,highly uncertain
AmbiStory,blind,GEPA,AmbiStory-test-780,5,5,0.0475,0.1599999999999999,highly uncertain
AmbiStory,blind,GEPA,AmbiStory-test-781,1,1,0.09,0.16,highly uncertain
AmbiStory,blind,GEPA,AmbiStory-test-782,1,3,0.0,0.64,highly uncertain
AmbiStory,blind,GEPA,AmbiStory-test-783,5,5,0.2274999999999999,0.0,highly uncertain
AmbiStory,blind,GEPA,AmbiStory-test-784,1,4,1.61,1.04,highly uncertain
AmbiStory,blind,GEPA,AmbiStory-test-785,4,3,0.9275,0.64,highly uncertain
AmbiStory,blind,GEPA,AmbiStory-test-786,5,4,0.1275,1.36,not uncertain
AmbiStory,blind,GEPA,AmbiStory-test-787,4,4,2.19,2.16,highly uncertain
AmbiStory,blind,GEPA,AmbiStory-test-788,1,2,0.6475,2.5600000000000005,highly uncertain
AmbiStory,blind,GEPA,AmbiStory-test-789,5,4,0.1275,0.5599999999999999,highly uncertain
AmbiStory,blind,GEPA,AmbiStory-test-790,1,1,1.8,0.16,highly uncertain
AmbiStory,blind,GEPA,AmbiStory-test-791,5,5,0.1275,0.1599999999999999,highly uncertain
AmbiStory,blind,GEPA,AmbiStory-test-792,1,3,2.5275000000000003,2.56,highly uncertain
AmbiStory,blind,GEPA,AmbiStory-test-793,4,3,0.2274999999999999,2.472222222222222,highly uncertain
AmbiStory,blind,GEPA,AmbiStory-test-794,4,2,1.45,0.24,highly uncertain
AmbiStory,blind,GEPA,AmbiStory-test-795,5,4,0.0475,1.0400000000000005,somewhat uncertain
AmbiStory,blind,GEPA,AmbiStory-test-796,5,2,0.8099999999999999,2.24,highly uncertain
AmbiStory,blind,GEPA,AmbiStory-test-797,5,5,0.09,0.1599999999999999,somewhat uncertain
AmbiStory,blind,GEPA,AmbiStory-test-798,5,2,0.0,0.56,highly uncertain
AmbiStory,blind,GEPA,AmbiStory-test-799,1,4,1.45,0.4,highly uncertain
AmbiStory,blind,GEPA,AmbiStory-test-800,5,2,0.0,0.56,highly uncertain
AmbiStory,blind,GEPA,AmbiStory-test-801,5,3,0.09,1.44,highly uncertain
AmbiStory,blind,GEPA,AmbiStory-test-802,5,2,0.0,0.96,highly uncertain
AmbiStory,blind,GEPA,AmbiStory-test-803,5,3,0.09,1.0400000000000005,highly uncertain
AmbiStory,blind,GEPA,AmbiStory-test-804,1,1,3.49,0.16,highly uncertain
AmbiStory,blind,GEPA,AmbiStory-test-805,5,4,0.0,0.5599999999999999,highly uncertain
AmbiStory,blind,GEPA,AmbiStory-test-806,1,2,0.76,0.24,highly uncertain
AmbiStory,blind,GEPA,AmbiStory-test-807,5,4,0.0,1.36,highly uncertain
AmbiStory,blind,GEPA,AmbiStory-test-808,1,2,0.0475,0.24,highly uncertain
AmbiStory,blind,GEPA,AmbiStory-test-809,5,4,0.0,0.8,highly uncertain
AmbiStory,blind,GEPA,AmbiStory-test-810,5,5,0.0,0.1599999999999999,highly uncertain
AmbiStory,blind,GEPA,AmbiStory-test-811,5,2,0.0,2.5600000000000005,highly uncertain
AmbiStory,blind,GEPA,AmbiStory-test-812,1,2,0.0,0.56,highly uncertain
AmbiStory,blind,GEPA,AmbiStory-test-813,5,4,2.6900000000000004,1.44,highly uncertain
AmbiStory,blind,GEPA,AmbiStory-test-814,1,1,0.0,0.24,highly uncertain
AmbiStory,blind,GEPA,AmbiStory-test-815,5,5,2.3275,0.1599999999999999,highly uncertain
AmbiStory,blind,GEPA,AmbiStory-test-816,5,5,0.0,0.6399999999999999,highly uncertain
AmbiStory,blind,GEPA,AmbiStory-test-817,5,3,0.0,1.7600000000000002,highly uncertain
AmbiStory,blind,GEPA,AmbiStory-test-818,1,3,0.0,2.16,highly uncertain
AmbiStory,blind,GEPA,AmbiStory-test-819,5,4,0.0,1.84,highly uncertain
AmbiStory,blind,GEPA,AmbiStory-test-820,1,3,1.7475,1.84,highly uncertain
AmbiStory,blind,GEPA,AmbiStory-test-821,5,4,0.0,0.96,highly uncertain
AmbiStory,blind,GEPA,AmbiStory-test-822,1,2,0.0,0.64,highly uncertain
AmbiStory,blind,GEPA,AmbiStory-test-823,5,5,0.0,0.6399999999999999,not uncertain
AmbiStory,blind,GEPA,AmbiStory-test-824,1,2,0.0475,0.64,highly uncertain
AmbiStory,blind,GEPA,AmbiStory-test-825,5,5,0.0,0.1599999999999999,not uncertain
AmbiStory,blind,GEPA,AmbiStory-test-826,1,2,0.21,0.24,highly uncertain
AmbiStory,blind,GEPA,AmbiStory-test-827,5,4,0.0,2.16,somewhat uncertain
AmbiStory,blind,GEPA,AmbiStory-test-828,5,4,0.0,1.6,not uncertain
AmbiStory,blind,GEPA,AmbiStory-test-829,5,4,0.0,2.560000000000001,highly uncertain
AmbiStory,blind,GEPA,AmbiStory-test-830,5,4,0.1875,0.96,not uncertain
AmbiStory,blind,GEPA,AmbiStory-test-831,5,3,0.0,2.64,highly uncertain
AmbiStory,blind,GEPA,AmbiStory-test-832,4,3,2.4275,1.04,highly uncertain
AmbiStory,blind,GEPA,AmbiStory-test-833,5,4,0.0,0.4,highly uncertain
AmbiStory,blind,GEPA,AmbiStory-test-834,4,2,1.36,0.4,highly uncertain
AmbiStory,blind,GEPA,AmbiStory-test-835,4,4,0.21,1.36,somewhat uncertain
AmbiStory,blind,GEPA,AmbiStory-test-836,1,3,0.21,2.16,highly uncertain
AmbiStory,blind,GEPA,AmbiStory-test-837,5,5,0.0475,0.1599999999999999,somewhat uncertain
AmbiStory,blind,GEPA,AmbiStory-test-838,5,3,0.7875,2.64,highly uncertain
AmbiStory,blind,GEPA,AmbiStory-test-839,5,5,0.0,0.1599999999999999,highly uncertain
AmbiStory,blind,GEPA,AmbiStory-test-840,4,3,0.71,1.44,highly uncertain
AmbiStory,blind,GEPA,AmbiStory-test-841,5,4,0.1275,0.64,highly uncertain
AmbiStory,blind,GEPA,AmbiStory-test-842,1,2,0.0,0.16,highly uncertain
AmbiStory,blind,GEPA,AmbiStory-test-843,5,4,0.1275,0.64,highly uncertain
AmbiStory,blind,GEPA,AmbiStory-test-844,1,2,0.0,0.56,highly uncertain
AmbiStory,blind,GEPA,AmbiStory-test-845,5,3,0.1599999999999999,1.6,highly uncertain
AmbiStory,blind,GEPA,AmbiStory-test-846,5,4,0.31,0.4,not uncertain
AmbiStory,blind,GEPA,AmbiStory-test-847,1,2,0.8100000000000002,0.6400000000000002,not uncertain
AmbiStory,blind,GEPA,AmbiStory-test-848,1,1,0.0,0.16,highly uncertain
AmbiStory,blind,GEPA,AmbiStory-test-849,5,5,0.0475,0.24,highly uncertain
AmbiStory,blind,GEPA,AmbiStory-test-850,1,2,0.91,1.2,highly uncertain
AmbiStory,blind,GEPA,AmbiStory-test-851,5,4,0.8400000000000001,0.4,highly uncertain
AmbiStory,blind,GEPA,AmbiStory-test-852,4,3,1.7900000000000005,1.0400000000000005,highly uncertain
AmbiStory,blind,GEPA,AmbiStory-test-853,1,2,2.05,0.4,highly uncertain
AmbiStory,blind,GEPA,AmbiStory-test-854,4,2,0.5475,1.84,highly uncertain
AmbiStory,blind,GEPA,AmbiStory-test-855,4,3,0.6475,2.56,highly uncertain
AmbiStory,blind,GEPA,AmbiStory-test-856,4,3,0.19,1.04,highly uncertain
AmbiStory,blind,GEPA,AmbiStory-test-857,5,2,0.1599999999999999,1.36,highly uncertain
AmbiStory,blind,GEPA,AmbiStory-test-858,5,4,2.5475,1.44,highly uncertain
AmbiStory,blind,GEPA,AmbiStory-test-859,4,1,0.1875,0.64,highly uncertain
AmbiStory,blind,GEPA,AmbiStory-test-860,1,3,1.2475,0.64,highly uncertain
AmbiStory,blind,GEPA,AmbiStory-test-861,4,1,1.16,0.24,highly uncertain
AmbiStory,blind,GEPA,AmbiStory-test-862,1,3,2.1475,2.8,highly uncertain
AmbiStory,blind,GEPA,AmbiStory-test-863,5,2,1.7100000000000002,1.8400000000000003,highly uncertain
AmbiStory,blind,GEPA,AmbiStory-test-864,1,1,0.16,0.24,highly uncertain
AmbiStory,blind,GEPA,AmbiStory-test-865,4,5,0.21,0.0,highly uncertain
AmbiStory,blind,GEPA,AmbiStory-test-866,1,1,0.1275,0.16,highly uncertain
AmbiStory,blind,GEPA,AmbiStory-test-867,5,5,0.25,0.24,somewhat uncertain
AmbiStory,blind,GEPA,AmbiStory-test-868,1,1,0.0475,0.16,highly uncertain
AmbiStory,blind,GEPA,AmbiStory-test-869,5,5,0.1875,0.24,highly uncertain
AmbiStory,blind,GEPA,AmbiStory-test-870,5,5,0.0,0.6399999999999999,somewhat uncertain
AmbiStory,blind,GEPA,AmbiStory-test-871,1,1,0.0,0.16,highly uncertain
AmbiStory,blind,GEPA,AmbiStory-test-872,5,3,0.0,0.1599999999999999,somewhat uncertain
AmbiStory,blind,GEPA,AmbiStory-test-873,1,1,0.0,0.0,highly uncertain
AmbiStory,blind,GEPA,AmbiStory-test-874,5,5,0.0,0.1599999999999999,not uncertain
AmbiStory,blind,GEPA,AmbiStory-test-875,1,1,0.0,0.0,highly uncertain
AmbiStory,blind,GEPA,AmbiStory-test-876,2,4,0.99,0.4,highly uncertain
AmbiStory,blind,GEPA,AmbiStory-test-877,1,2,0.16,1.8400000000000003,highly uncertain
AmbiStory,blind,GEPA,AmbiStory-test-878,4,3,2.0275000000000003,2.16,highly uncertain
AmbiStory,blind,GEPA,AmbiStory-test-879,2,2,0.3275,1.44,highly uncertain
AmbiStory,blind,GEPA,AmbiStory-test-880,1,4,0.4875,0.96,highly uncertain
AmbiStory,blind,GEPA,AmbiStory-test-881,1,2,0.0475,1.84,highly uncertain
AmbiStory,blind,GEPA,AmbiStory-test-882,4,4,2.45,1.44,not uncertain
AmbiStory,blind,GEPA,AmbiStory-test-883,1,2,0.0,3.04,highly uncertain
AmbiStory,blind,GEPA,AmbiStory-test-884,5,5,0.1275,0.1599999999999999,not uncertain
AmbiStory,blind,GEPA,AmbiStory-test-885,1,1,0.0,0.16,highly uncertain
AmbiStory,blind,GEPA,AmbiStory-test-886,4,5,1.8400000000000003,0.6399999999999999,not uncertain
AmbiStory,blind,GEPA,AmbiStory-test-887,1,2,1.7875,0.56,highly uncertain
AmbiStory,blind,GEPA,AmbiStory-test-888,5,5,0.0,0.0,highly uncertain
AmbiStory,blind,GEPA,AmbiStory-test-889,1,2,1.5275,0.64,highly uncertain
AmbiStory,blind,GEPA,AmbiStory-test-890,4,3,0.7275,0.96,highly uncertain
AmbiStory,blind,GEPA,AmbiStory-test-891,4,3,0.24,0.24,highly uncertain
AmbiStory,blind,GEPA,AmbiStory-test-892,5,4,0.0475,0.8,somewhat uncertain
AmbiStory,blind,GEPA,AmbiStory-test-893,1,3,1.2475,1.36,highly uncertain
AmbiStory,blind,GEPA,AmbiStory-test-894,5,3,0.0475,0.5599999999999999,highly uncertain
AmbiStory,blind,GEPA,AmbiStory-test-895,3,2,1.0475,0.8,highly uncertain
AmbiStory,blind,GEPA,AmbiStory-test-896,4,2,0.51,0.56,highly uncertain
AmbiStory,blind,GEPA,AmbiStory-test-897,3,4,1.2475,1.0400000000000005,highly uncertain
AmbiStory,blind,GEPA,AmbiStory-test-898,5,2,0.1275,0.64,highly uncertain
AmbiStory,blind,GEPA,AmbiStory-test-899,4,3,1.4600000000000002,0.96,highly uncertain
AmbiStory,blind,GEPA,AmbiStory-test-900,1,2,0.1875,0.5599999999999999,highly uncertain
AmbiStory,blind,GEPA,AmbiStory-test-901,4,5,0.2274999999999999,0.1599999999999999,highly uncertain
AmbiStory,blind,GEPA,AmbiStory-test-902,1,2,0.0,0.56,highly uncertain
AmbiStory,blind,GEPA,AmbiStory-test-903,5,5,0.0,0.1599999999999999,highly uncertain
AmbiStory,blind,GEPA,AmbiStory-test-904,1,2,0.0,1.2,highly uncertain
AmbiStory,blind,GEPA,AmbiStory-test-905,5,4,0.2274999999999999,0.0,highly uncertain
AmbiStory,blind,GEPA,AmbiStory-test-906,5,5,0.0,0.6399999999999999,not uncertain
AmbiStory,blind,GEPA,AmbiStory-test-907,2,1,0.39,0.16,highly uncertain
AmbiStory,blind,GEPA,AmbiStory-test-908,5,3,0.0475,0.5599999999999999,not uncertain
AmbiStory,blind,GEPA,AmbiStory-test-909,4,3,0.0475,1.6,highly uncertain
AmbiStory,blind,GEPA,AmbiStory-test-910,5,3,0.0,0.8,not uncertain
AmbiStory,blind,GEPA,AmbiStory-test-911,1,2,0.0475,0.8,highly uncertain
AmbiStory,blind,GEPA,AmbiStory-test-912,5,3,0.0,0.96,highly uncertain
AmbiStory,blind,GEPA,AmbiStory-test-913,5,3,0.8400000000000001,2.64,highly uncertain
AmbiStory,blind,GEPA,AmbiStory-test-914,1,2,0.0,2.4,highly uncertain
AmbiStory,blind,GEPA,AmbiStory-test-915,5,4,0.0,0.64,not uncertain
AmbiStory,blind,GEPA,AmbiStory-test-916,1,3,0.0,2.0,highly uncertain
AmbiStory,blind,GEPA,AmbiStory-test-917,5,5,0.0,0.1599999999999999,not uncertain
AmbiStory,blind,GEPA,AmbiStory-test-918,5,4,0.0,1.36,not uncertain
AmbiStory,blind,GEPA,AmbiStory-test-919,5,2,0.0,0.4,highly uncertain
AmbiStory,blind,GEPA,AmbiStory-test-920,5,5,0.0,0.6399999999999999,highly uncertain
AmbiStory,blind,GEPA,AmbiStory-test-921,1,2,2.74,0.64,highly uncertain
AmbiStory,blind,GEPA,AmbiStory-test-922,5,4,0.0,0.96,not uncertain
AmbiStory,blind,GEPA,AmbiStory-test-923,5,3,0.0,0.4,highly uncertain
AmbiStory,blind,GEPA,AmbiStory-test-924,5,1,0.0,0.0,highly uncertain
AmbiStory,blind,GEPA,AmbiStory-test-925,2,4,1.01,1.2,highly uncertain
AmbiStory,blind,GEPA,AmbiStory-test-926,5,1,0.0,0.16,highly uncertain
AmbiStory,blind,GEPA,AmbiStory-test-927,1,3,1.4875,2.222222222222222,highly uncertain
AmbiStory,blind,GEPA,AmbiStory-test-928,5,2,0.0475,1.36,highly uncertain
AmbiStory,blind,GEPA,AmbiStory-test-929,2,4,1.3,0.96,highly uncertain
AmbiStory,labelled,single_hedge,AmbiStory-test-0,5,4,0.0,1.6,not uncertain
AmbiStory,labelled,single_hedge,AmbiStory-test-1,1,2,0.65,1.2,not uncertain
AmbiStory,labelled,single_hedge,AmbiStory-test-2,5,3,0.0,0.5599999999999999,not uncertain
AmbiStory,labelled,single_hedge,AmbiStory-test-3,3,3,1.91,1.44,highly uncertain
AmbiStory,labelled,single_hedge,AmbiStory-test-4,5,3,0.0,1.84,not uncertain
AmbiStory,labelled,single_hedge,AmbiStory-test-5,4,2,2.09,0.56,highly uncertain
AmbiStory,labelled,single_hedge,AmbiStory-test-6,1,3,2.31,0.96,not uncertain
AmbiStory,labelled,single_hedge,AmbiStory-test-7,1,4,0.54,1.36,not uncertain
AmbiStory,labelled,single_hedge,AmbiStory-test-8,1,1,0.8474999999999999,0.24,not uncertain
AmbiStory,labelled,single_hedge,AmbiStory-test-9,1,4,0.9275,2.16,not uncertain
AmbiStory,labelled,single_hedge,AmbiStory-test-10,4,1,1.5,0.24,highly uncertain
AmbiStory,labelled,single_hedge,AmbiStory-test-11,2,5,0.35,0.1599999999999999,somewhat uncertain
AmbiStory,labelled,single_hedge,AmbiStory-test-12,5,4,0.0,0.5599999999999999,highly uncertain
AmbiStory,labelled,single_hedge,AmbiStory-test-13,1,3,0.24,2.64,highly uncertain
AmbiStory,labelled,single_hedge,AmbiStory-test-14,5,1,3.24,0.24,highly uncertain
AmbiStory,labelled,single_hedge,AmbiStory-test-15,5,4,0.0,2.56,not uncertain
AmbiStory,labelled,single_hedge,AmbiStory-test-16,5,3,0.0,0.5599999999999999,highly uncertain
AmbiStory,labelled,single_hedge,AmbiStory-test-17,1,4,0.1275,0.64,highly uncertain
AmbiStory,labelled,single_hedge,AmbiStory-test-18,5,5,0.0,0.0,not uncertain
AmbiStory,labelled,single_hedge,AmbiStory-test-19,5,3,0.0,2.64,not uncertain
AmbiStory,labelled,single_hedge,AmbiStory-test-20,5,5,0.0,0.0,not uncertain
AmbiStory,labelled,single_hedge,AmbiStory-test-21,5,3,0.1599999999999999,0.96,not uncertain
AmbiStory,labelled,single_hedge,AmbiStory-test-22,5,5,0.0,0.1599999999999999,not uncertain
AmbiStory,labelled,single_hedge,AmbiStory-test-23,5,4,0.0475,2.56,not uncertain
AmbiStory,labelled,single_hedge,AmbiStory-test-24,5,5,0.0475,0.0,not uncertain
AmbiStory,labelled,single_hedge,AmbiStory-test-25,1,2,0.0,1.2,not uncertain
AmbiStory,labelled,single_hedge,AmbiStory-test-26,5,4,0.0,0.96,not uncertain
AmbiStory,labelled,single_hedge,AmbiStory-test-27,1,2,0.0,0.56,not uncertain
AmbiStory,labelled,single_hedge,AmbiStory-test-28,5,4,0.0,0.6399999999999999,not uncertain
AmbiStory,labelled,single_hedge,AmbiStory-test-29,1,2,0.0,0.64,not uncertain
AmbiStory,labelled,single_hedge,AmbiStory-test-30,5,2,0.1275,0.8,not uncertain
AmbiStory,labelled,single_hedge,AmbiStory-test-31,5,4,0.0,0.6399999999999999,not uncertain
AmbiStory,labelled,single_hedge,AmbiStory-test-32,4,3,0.2274999999999999,2.24,not uncertain
AmbiStory,labelled,single_hedge,AmbiStory-test-33,5,4,0.0,0.1599999999999999,not uncertain
AmbiStory,labelled,single_hedge,AmbiStory-test-34,5,3,0.0,0.96,not uncertain
AmbiStory,labelled,single_hedge,AmbiStory-test-35,5,4,0.0,0.96,not uncertain
AmbiStory,labelled,single_hedge,AmbiStory-test-36,4,3,0.2274999999999999,0.24,somewhat uncertain
AmbiStory,labelled,single_hedge,AmbiStory-test-37,5,3,0.0,1.6,not uncertain
AmbiStory,labelled,single_hedge,AmbiStory-test-38,4,2,2.1275,1.84,somewhat uncertain
AmbiStory,labelled,single_hedge,AmbiStory-test-39,5,4,0.0,1.44,not uncertain
AmbiStory,labelled,single_hedge,AmbiStory-test-40,4,3,1.5275,1.84,somewhat uncertain
AmbiStory,labelled,single_hedge,AmbiStory-test-41,5,4,0.0,1.36,not uncertain
AmbiStory,labelled,single_hedge,AmbiStory-test-42,1,2,0.09,0.1599999999999999,not uncertain
AmbiStory,labelled,single_hedge,AmbiStory-test-43,5,4,0.1875,0.4,not uncertain
AmbiStory,labelled,single_hedge,AmbiStory-test-44,1,3,0.09,2.24,not uncertain
AmbiStory,labelled,single_hedge,AmbiStory-test-45,5,4,0.0,1.0400000000000005,not uncertain
AmbiStory,labelled,single_hedge,AmbiStory-test-46,1,3,0.0475,0.96,not uncertain
AmbiStory,labelled,single_hedge,AmbiStory-test-47,5,4,0.09,0.8,highly uncertain
AmbiStory,labelled,single_hedge,AmbiStory-test-48,5,4,0.0,2.1600000000000006,not uncertain
AmbiStory,labelled,single_hedge,AmbiStory-test-49,4,2,0.5599999999999999,2.24,somewhat uncertain
AmbiStory,labelled,single_hedge,AmbiStory-test-50,3,2,1.2275,0.24,somewhat uncertain
AmbiStory,labelled,single_hedge,AmbiStory-test-51,5,4,0.0,1.36,highly uncertain
AmbiStory,labelled,single_hedge,AmbiStory-test-52,3,2,0.71,2.16,somewhat uncertain
AmbiStory,labelled,single_hedge,AmbiStory-test-53,5,5,0.25,0.24,not uncertain
AmbiStory,labelled,single_hedge,AmbiStory-test-54,5,3,0.24,1.04,somewhat uncertain
AmbiStory,labelled,single_hedge,AmbiStory-test-55,4,3,0.1875,0.96,not uncertain
AmbiStory,labelled,single_hedge,AmbiStory-test-56,4,2,0.24,0.64,not uncertain
AmbiStory,labelled,single_hedge,AmbiStory-test-57,5,5,0.0,0.0,not uncertain
AmbiStory,labelled,single_hedge,AmbiStory-test-58,5,2,0.1599999999999999,1.36,somewhat uncertain
AmbiStory,labelled,single_hedge,AmbiStory-test-59,5,5,0.0,0.24,not uncertain
AmbiStory,labelled,single_hedge,AmbiStory-test-60,5,5,0.0,0.0,not uncertain
AmbiStory,labelled,single_hedge,AmbiStory-test-61,1,1,0.0,0.0,not uncertain
AmbiStory,labelled,single_hedge,AmbiStory-test-62,1,1,2.6275000000000004,0.0,not uncertain
AmbiStory,labelled,single_hedge,AmbiStory-test-63,4,3,0.09,3.8400000000000007,not uncertain
AmbiStory,labelled,single_hedge,AmbiStory-test-64,5,4,0.0,2.56,not uncertain
AmbiStory,labelled,single_hedge,AmbiStory-test-65,1,2,0.16,1.36,not uncertain
AmbiStory,labelled,single_hedge,AmbiStory-test-66,4,3,2.0275,2.16,highly uncertain
AmbiStory,labelled,single_hedge,AmbiStory-test-67,1,2,0.09,0.56,not uncertain
AmbiStory,labelled,single_hedge,AmbiStory-test-68,1,1,0.0,0.16,not uncertain
AmbiStory,labelled,single_hedge,AmbiStory-test-69,5,5,0.0,0.0,not uncertain
AmbiStory,labelled,single_hedge,AmbiStory-test-70,1,2,0.0,1.36,not uncertain
AmbiStory,labelled,single_hedge,AmbiStory-test-71,1,3,0.26,1.0400000000000005,not uncertain
AmbiStory,labelled,single_hedge,AmbiStory-test-72,5,3,0.0,2.16,not uncertain
AmbiStory,labelled,single_hedge,AmbiStory-test-73,1,3,0.55,2.0,not uncertain
AmbiStory,labelled,single_hedge,AmbiStory-test-74,5,2,0.0,1.4400000000000002,not uncertain
AmbiStory,labelled,single_hedge,AmbiStory-test-75,5,4,0.0,1.36,not uncertain
AmbiStory,labelled,single_hedge,AmbiStory-test-76,5,3,3.6475,1.4400000000000002,not uncertain
AmbiStory,labelled,single_hedge,AmbiStory-test-77,5,4,0.0,0.6399999999999999,not uncertain
AmbiStory,labelled,single_hedge,AmbiStory-test-78,5,4,0.0,1.6,not uncertain
AmbiStory,labelled,single_hedge,AmbiStory-test-79,4,2,0.1875,0.96,somewhat uncertain
AmbiStory,labelled,single_hedge,AmbiStory-test-80,5,3,3.55,0.1599999999999999,highly uncertain
AmbiStory,labelled,single_hedge,AmbiStory-test-81,5,4,0.0,0.24,not uncertain
AmbiStory,labelled,single_hedge,AmbiStory-test-82,1,2,1.9275,0.8,not uncertain
AmbiStory,labelled,single_hedge,AmbiStory-test-83,5,4,0.09,1.2,not uncertain
AmbiStory,labelled,single_hedge,AmbiStory-test-84,1,2,0.16,0.8,not uncertain
AmbiStory,labelled,single_hedge,AmbiStory-test-85,5,5,0.0475,0.6399999999999999,not uncertain
AmbiStory,labelled,single_hedge,AmbiStory-test-86,5,2,3.4275,0.16,highly uncertain
AmbiStory,labelled,single_hedge,AmbiStory-test-87,5,4,0.0475,0.5599999999999999,not uncertain
AmbiStory,labelled,single_hedge,AmbiStory-test-88,1,2,0.3399999999999999,0.4,highly uncertain
AmbiStory,labelled,single_hedge,AmbiStory-test-89,5,4,0.0475,0.5599999999999999,not uncertain
AmbiStory,labelled,single_hedge,AmbiStory-test-90,5,3,0.1599999999999999,1.6,somewhat uncertain
AmbiStory,labelled,single_hedge,AmbiStory-test-91,1,3,0.3399999999999999,2.16,not uncertain
AmbiStory,labelled,single_hedge,AmbiStory-test-92,4,2,0.2475,0.64,somewhat uncertain
AmbiStory,labelled,single_hedge,AmbiStory-test-93,1,4,0.4875,0.5599999999999999,not uncertain
AmbiStory,labelled,single_hedge,AmbiStory-test-94,5,1,0.2475,0.16,not uncertain
AmbiStory,labelled,single_hedge,AmbiStory-test-95,4,4,1.31,0.96,highly uncertain
AmbiStory,labelled,single_hedge,AmbiStory-test-96,5,5,0.0,0.24,not uncertain
AmbiStory,labelled,single_hedge,AmbiStory-test-97,5,3,2.04,2.472222222222222,somewhat uncertain
AmbiStory,labelled,single_hedge,AmbiStory-test-98,5,4,0.0,0.5599999999999999,highly uncertain
AmbiStory,labelled,single_hedge,AmbiStory-test-99,5,3,3.4875,0.4,not uncertain
AmbiStory,labelled,single_hedge,AmbiStory-test-100,5,3,0.0,1.36,not uncertain
AmbiStory,labelled,single_hedge,AmbiStory-test-101,5,4,0.76,1.4400000000000002,not uncertain
AmbiStory,labelled,single_hedge,AmbiStory-test-102,5,4,0.0,0.96,highly uncertain
AmbiStory,labelled,single_hedge,AmbiStory-test-103,5,1,0.0,0.16,highly uncertain
AmbiStory,labelled,single_hedge,AmbiStory-test-104,1,2,0.9475,0.24,not uncertain
AmbiStory,labelled,single_hedge,AmbiStory-test-105,5,5,0.0,0.1599999999999999,highly uncertain
AmbiStory,labelled,single_hedge,AmbiStory-test-106,5,3,0.0475,0.5599999999999999,highly uncertain
AmbiStory,labelled,single_hedge,AmbiStory-test-107,5,3,0.0,2.24,not uncertain
AmbiStory,labelled,single_hedge,AmbiStory-test-108,5,5,0.0,0.1599999999999999,not uncertain
AmbiStory,labelled,single_hedge,AmbiStory-test-109,1,1,0.76,0.0,not uncertain
AmbiStory,labelled,single_hedge,AmbiStory-test-110,5,4,0.0,0.5599999999999999,not uncertain
AmbiStory,labelled,single_hedge,AmbiStory-test-111,5,1,0.76,0.24,highly uncertain
AmbiStory,labelled,single_hedge,AmbiStory-test-112,5,4,0.0,1.36,not uncertain
AmbiStory,labelled,single_hedge,AmbiStory-test-113,5,1,2.06,0.16,highly uncertain
AmbiStory,labelled,single_hedge,AmbiStory-test-114,5,5,0.0,0.0,not uncertain
AmbiStory,labelled,single_hedge,AmbiStory-test-115,1,2,0.0,2.5600000000000005,not uncertain
AmbiStory,labelled,single_hedge,AmbiStory-test-116,5,3,0.0,2.64,not uncertain
AmbiStory,labelled,single_hedge,AmbiStory-test-117,5,3,0.0,3.2,highly uncertain
AmbiStory,labelled,single_hedge,AmbiStory-test-118,5,5,0.0,0.1599999999999999,not uncertain
AmbiStory,labelled,single_hedge,AmbiStory-test-119,1,1,0.0,0.24,highly uncertain
AmbiStory,labelled,single_hedge,AmbiStory-test-120,5,4,0.0,0.4,not uncertain
AmbiStory,labelled,single_hedge,AmbiStory-test-121,1,4,0.4475,0.5599999999999999,not uncertain
AmbiStory,labelled,single_hedge,AmbiStory-test-122,5,4,0.0,0.64,not uncertain
AmbiStory,labelled,single_hedge,AmbiStory-test-123,1,3,0.2475,0.5599999999999999,not uncertain
AmbiStory,labelled,single_hedge,AmbiStory-test-124,5,3,0.0,1.8400000000000003,not uncertain
AmbiStory,labelled,single_hedge,AmbiStory-test-125,4,3,0.91,1.8400000000000003,not uncertain
AmbiStory,labelled,single_hedge,AmbiStory-test-126,4,3,0.8275,0.888888888888889,somewhat uncertain
AmbiStory,labelled,single_hedge,AmbiStory-test-127,2,3,0.39,1.36,not uncertain
AmbiStory,labelled,single_hedge,AmbiStory-test-128,1,2,0.2274999999999999,0.64,not uncertain
AmbiStory,labelled,single_hedge,AmbiStory-test-129,4,3,0.3275,2.56,not uncertain
AmbiStory,labelled,single_hedge,AmbiStory-test-130,1,1,0.0,0.24,not uncertain
AmbiStory,labelled,single_hedge,AmbiStory-test-131,2,3,0.44,2.16,not uncertain
AmbiStory,labelled,single_hedge,AmbiStory-test-132,5,5,0.0,0.0,not uncertain
AmbiStory,labelled,single_hedge,AmbiStory-test-133,1,1,0.0,0.24,highly uncertain
AmbiStory,labelled,single_hedge,AmbiStory-test-134,5,3,0.7875,1.84,highly uncertain
AmbiStory,labelled,single_hedge,AmbiStory-test-135,5,4,3.64,0.8,not uncertain
AmbiStory,labelled,single_hedge,AmbiStory-test-136,5,3,0.0,2.64,highly uncertain
AmbiStory,labelled,single_hedge,AmbiStory-test-137,5,3,0.76,2.0,not uncertain
AmbiStory,labelled,single_hedge,AmbiStory-test-138,5,5,0.0,0.24,not uncertain
AmbiStory,labelled,single_hedge,AmbiStory-test-139,5,5,0.0,0.0,not uncertain
AmbiStory,labelled,single_hedge,AmbiStory-test-140,5,5,0.0,0.0,not uncertain
AmbiStory,labelled,single_hedge,AmbiStory-test-141,5,5,0.0,0.0,not uncertain
AmbiStory,labelled,single_hedge,AmbiStory-test-142,5,4,0.0,1.36,not uncertain
AmbiStory,labelled,single_hedge,AmbiStory-test-143,5,5,0.0,0.0,not uncertain
AmbiStory,labelled,single_hedge,AmbiStory-test-144,1,1,0.26,0.24,not uncertain
AmbiStory,labelled,single_hedge,AmbiStory-test-145,5,5,0.0,0.1599999999999999,not uncertain
AmbiStory,labelled,single_hedge,AmbiStory-test-146,1,2,1.26,2.24,not uncertain
AmbiStory,labelled,single_hedge,AmbiStory-test-147,5,5,0.0475,0.1599999999999999,highly uncertain
AmbiStory,labelled,single_hedge,AmbiStory-test-148,1,2,0.0,0.5599999999999999,not uncertain
AmbiStory,labelled,single_hedge,AmbiStory-test-149,5,4,0.0,1.44,not uncertain
AmbiStory,labelled,single_hedge,AmbiStory-test-150,5,3,0.0,2.8,not uncertain
AmbiStory,labelled,single_hedge,AmbiStory-test-151,1,3,0.0475,2.8,highly uncertain
AmbiStory,labelled,single_hedge,AmbiStory-test-152,5,1,0.0475,0.6400000000000002,not uncertain
AmbiStory,labelled,single_hedge,AmbiStory-test-153,1,4,2.9275,1.84,not uncertain
AmbiStory,labelled,single_hedge,AmbiStory-test-154,5,4,0.0475,1.4400000000000002,not uncertain
AmbiStory,labelled,single_hedge,AmbiStory-test-155,1,3,0.26,1.8400000000000003,not uncertain
AmbiStory,labelled,single_hedge,AmbiStory-test-156,5,5,0.0475,0.0,not uncertain
AmbiStory,labelled,single_hedge,AmbiStory-test-157,1,1,0.0,0.16,not uncertain
AmbiStory,labelled,single_hedge,AmbiStory-test-158,5,3,1.9875,1.36,highly uncertain
AmbiStory,labelled,single_hedge,AmbiStory-test-159,5,3,0.0,0.96,not uncertain
AmbiStory,labelled,single_hedge,AmbiStory-test-160,5,5,0.0,0.0,not uncertain
AmbiStory,labelled,single_hedge,AmbiStory-test-161,1,2,0.0,0.9600000000000002,not uncertain
AmbiStory,labelled,single_hedge,AmbiStory-test-162,5,2,0.0,0.64,not uncertain
AmbiStory,labelled,single_hedge,AmbiStory-test-163,1,4,1.6275,0.5599999999999999,not uncertain
AmbiStory,labelled,single_hedge,AmbiStory-test-164,5,2,0.09,0.64,not uncertain
AmbiStory,labelled,single_hedge,AmbiStory-test-165,5,3,3.1275000000000004,1.84,not uncertain
AmbiStory,labelled,single_hedge,AmbiStory-test-166,5,2,0.0475,0.24,not uncertain
AmbiStory,labelled,single_hedge,AmbiStory-test-167,5,4,1.9875,0.6399999999999999,highly uncertain
AmbiStory,labelled,single_hedge,AmbiStory-test-168,5,5,0.09,0.1599999999999999,not uncertain
AmbiStory,labelled,single_hedge,AmbiStory-test-169,1,1,0.0,0.0,not uncertain
AmbiStory,labelled,single_hedge,AmbiStory-test-170,5,5,0.0,0.0,not uncertain
AmbiStory,labelled,single_hedge,AmbiStory-test-171,1,1,0.0,0.0,not uncertain
AmbiStory,labelled,single_hedge,AmbiStory-test-172,5,5,0.09,0.24,not uncertain
AmbiStory,labelled,single_hedge,AmbiStory-test-173,1,1,0.0,0.0,not uncertain
AmbiStory,labelled,single_hedge,AmbiStory-test-174,5,5,0.1599999999999999,0.6399999999999999,highly uncertain
AmbiStory,labelled,single_hedge,AmbiStory-test-175,4,2,0.2,0.8,somewhat uncertain
AmbiStory,labelled,single_hedge,AmbiStory-test-176,1,1,0.0,0.24,not uncertain
AmbiStory,labelled,single_hedge,AmbiStory-test-177,4,4,0.2475,2.1600000000000006,not uncertain
AmbiStory,labelled,single_hedge,AmbiStory-test-178,1,2,3.21,1.04,not uncertain
AmbiStory,labelled,single_hedge,AmbiStory-test-179,4,4,1.09,0.5599999999999999,somewhat uncertain
AmbiStory,labelled,single_hedge,AmbiStory-test-180,5,4,0.0,0.6399999999999999,not uncertain
AmbiStory,labelled,single_hedge,AmbiStory-test-181,4,3,1.4475,0.64,highly uncertain
AmbiStory,labelled,single_hedge,AmbiStory-test-182,1,2,0.0,0.64,not uncertain
AmbiStory,labelled,single_hedge,AmbiStory-test-183,5,3,0.1875,1.84,not uncertain
AmbiStory,labelled,single_hedge,AmbiStory-test-184,4,3,0.34,0.0,not uncertain
AmbiStory,labelled,single_hedge,AmbiStory-test-185,4,3,0.1875,1.2,highly uncertain
AmbiStory,labelled,single_hedge,AmbiStory-test-186,1,3,3.4,1.84,not uncertain
AmbiStory,labelled,single_hedge,AmbiStory-test-187,1,2,0.0475,0.56,not uncertain
AmbiStory,labelled,single_hedge,AmbiStory-test-188,1,1,0.09,0.16,not uncertain
AmbiStory,labelled,single_hedge,AmbiStory-test-189,5,4,0.0,0.64,highly uncertain
AmbiStory,labelled,single_hedge,AmbiStory-test-190,1,2,2.5275,0.56,not uncertain
AmbiStory,labelled,single_hedge,AmbiStory-test-191,2,3,0.74,1.04,not uncertain
AmbiStory,labelled,single_hedge,AmbiStory-test-192,5,5,0.0475,0.1599999999999999,not uncertain
AmbiStory,labelled,single_hedge,AmbiStory-test-193,2,1,0.1275,0.16,not uncertain
AmbiStory,labelled,single_hedge,AmbiStory-test-194,5,3,0.0475,0.64,not uncertain
AmbiStory,labelled,single_hedge,AmbiStory-test-195,4,3,0.9475,1.84,somewhat uncertain
AmbiStory,labelled,single_hedge,AmbiStory-test-196,4,4,0.09,0.5599999999999999,not uncertain
AmbiStory,labelled,single_hedge,AmbiStory-test-197,2,2,0.2475,0.64,not uncertain
AmbiStory,labelled,single_hedge,AmbiStory-test-198,5,5,0.0475,0.24,not uncertain
AmbiStory,labelled,single_hedge,AmbiStory-test-199,5,1,0.24,0.64,not uncertain
AmbiStory,labelled,single_hedge,AmbiStory-test-200,5,4,0.1275,0.4,not uncertain
AmbiStory,labelled,single_hedge,AmbiStory-test-201,2,2,1.3,1.2,not uncertain
AmbiStory,labelled,single_hedge,AmbiStory-test-202,4,5,0.1875,0.1599999999999999,not uncertain
AmbiStory,labelled,single_hedge,AmbiStory-test-203,3,2,0.74,0.64,highly uncertain
AmbiStory,labelled,single_hedge,AmbiStory-test-204,5,5,0.2274999999999999,0.24,not uncertain
AmbiStory,labelled,single_hedge,AmbiStory-test-205,1,2,0.0475,0.16,not uncertain
AmbiStory,labelled,single_hedge,AmbiStory-test-206,4,4,2.7475,0.24,highly uncertain
AmbiStory,labelled,single_hedge,AmbiStory-test-207,4,3,1.5475,1.6,not uncertain
AmbiStory,labelled,single_hedge,AmbiStory-test-208,5,4,1.16,0.8,not uncertain
AmbiStory,labelled,single_hedge,AmbiStory-test-209,5,2,2.4475,0.24,not uncertain
AmbiStory,labelled,single_hedge,AmbiStory-test-210,1,3,1.01,0.5599999999999999,not uncertain
AmbiStory,labelled,single_hedge,AmbiStory-test-211,5,2,0.2274999999999999,0.56,not uncertain
AmbiStory,labelled,single_hedge,AmbiStory-test-212,1,3,2.0275,0.4,not uncertain
AmbiStory,labelled,single_hedge,AmbiStory-test-213,4,3,0.31,3.3600000000000003,somewhat uncertain
AmbiStory,labelled,single_hedge,AmbiStory-test-214,1,3,0.0475,1.04,not uncertain
AmbiStory,labelled,single_hedge,AmbiStory-test-215,5,2,0.24,2.24,not uncertain
AmbiStory,labelled,single_hedge,AmbiStory-test-216,5,4,0.1599999999999999,0.24,not uncertain
AmbiStory,labelled,single_hedge,AmbiStory-test-217,5,1,0.0475,0.6400000000000002,not uncertain
AmbiStory,labelled,single_hedge,AmbiStory-test-218,1,3,0.1275,0.96,not uncertain
AmbiStory,labelled,single_hedge,AmbiStory-test-219,1,3,2.29,3.3599999999999994,not uncertain
AmbiStory,labelled,single_hedge,AmbiStory-test-220,3,3,0.5475,1.805555555555556,somewhat uncertain
AmbiStory,labelled,single_hedge,AmbiStory-test-221,5,3,0.0,1.36,not uncertain
AmbiStory,labelled,single_hedge,AmbiStory-test-222,5,5,0.0,0.24,not uncertain
AmbiStory,labelled,single_hedge,AmbiStory-test-223,3,3,1.34,2.64,somewhat uncertain
AmbiStory,labelled,single_hedge,AmbiStory-test-224,2,3,0.2475,1.36,somewhat uncertain
AmbiStory,labelled,single_hedge,AmbiStory-test-225,5,4,0.0,0.6399999999999999,not uncertain
AmbiStory,labelled,single_hedge,AmbiStory-test-226,3,3,0.5275000000000001,1.2,somewhat uncertain
AmbiStory,labelled,single_hedge,AmbiStory-test-227,5,3,0.0,0.5599999999999999,not uncertain
AmbiStory,labelled,single_hedge,AmbiStory-test-228,4,2,0.31,1.4400000000000002,somewhat uncertain
AmbiStory,labelled,single_hedge,AmbiStory-test-229,4,3,0.2475,1.04,somewhat uncertain
AmbiStory,labelled,single_hedge,AmbiStory-test-230,4,2,0.2875,0.24,somewhat uncertain
AmbiStory,labelled,single_hedge,AmbiStory-test-231,5,4,0.1275,1.0400000000000005,not uncertain
AmbiStory,labelled,single_hedge,AmbiStory-test-232,1,2,1.49,0.5599999999999999,not uncertain
AmbiStory,labelled,single_hedge,AmbiStory-test-233,4,4,0.3475,1.36,somewhat uncertain
AmbiStory,labelled,single_hedge,AmbiStory-test-234,5,5,0.0,0.0,not uncertain
AmbiStory,labelled,single_hedge,AmbiStory-test-235,4,4,0.25,1.36,somewhat uncertain
AmbiStory,labelled,single_hedge,AmbiStory-test-236,3,3,1.7475,1.8400000000000003,somewhat uncertain
AmbiStory,labelled,single_hedge,AmbiStory-test-237,5,4,0.0,0.24,not uncertain
AmbiStory,labelled,single_hedge,AmbiStory-test-238,5,4,0.0,0.96,not uncertain
AmbiStory,labelled,single_hedge,AmbiStory-test-239,5,4,0.2475,0.24,not uncertain
AmbiStory,labelled,single_hedge,AmbiStory-test-240,1,2,1.2475,0.56,not uncertain
AmbiStory,labelled,single_hedge,AmbiStory-test-241,5,5,0.0,0.1599999999999999,not uncertain
AmbiStory,labelled,single_hedge,AmbiStory-test-242,1,1,0.0,0.24,not uncertain
AmbiStory,labelled,single_hedge,AmbiStory-test-243,5,5,0.0,0.1599999999999999,not uncertain
AmbiStory,labelled,single_hedge,AmbiStory-test-244,1,2,0.16,2.24,not uncertain
AmbiStory,labelled,single_hedge,AmbiStory-test-245,5,4,0.0,0.6399999999999999,not uncertain
AmbiStory,labelled,single_hedge,AmbiStory-test-246,5,5,0.0,0.1599999999999999,not uncertain
AmbiStory,labelled,single_hedge,AmbiStory-test-247,1,1,0.0,0.64,not uncertain
AmbiStory,labelled,single_hedge,AmbiStory-test-248,1,5,0.36,0.1599999999999999,not uncertain
AmbiStory,labelled,single_hedge,AmbiStory-test-249,1,2,0.0,0.64,not uncertain
AmbiStory,labelled,single_hedge,AmbiStory-test-250,5,5,0.0,0.24,not uncertain
AmbiStory,labelled,single_hedge,AmbiStory-test-251,1,1,0.0,0.16,not uncertain
AmbiStory,labelled,single_hedge,AmbiStory-test-252,5,4,0.0,0.6399999999999999,not uncertain
AmbiStory,labelled,single_hedge,AmbiStory-test-253,3,3,0.5599999999999999,1.2,somewhat uncertain
AmbiStory,labelled,single_hedge,AmbiStory-test-254,5,4,0.0,0.6399999999999999,not uncertain
AmbiStory,labelled,single_hedge,AmbiStory-test-255,1,2,0.3399999999999999,2.24,somewhat uncertain
AmbiStory,labelled,single_hedge,AmbiStory-test-256,5,4,0.0,0.5599999999999999,not uncertain
AmbiStory,labelled,single_hedge,AmbiStory-test-257,5,2,0.09,1.36,not uncertain
AmbiStory,labelled,single_hedge,AmbiStory-test-258,1,3,0.21,1.44,not uncertain
AmbiStory,labelled,single_hedge,AmbiStory-test-259,5,5,0.0,0.0,not uncertain
AmbiStory,labelled,single_hedge,AmbiStory-test-260,2,2,0.29,0.64,somewhat uncertain
AmbiStory,labelled,single_hedge,AmbiStory-test-261,5,5,0.0,0.0,not uncertain
AmbiStory,labelled,single_hedge,AmbiStory-test-262,2,4,0.21,1.44,somewhat uncertain
AmbiStory,labelled,single_hedge,AmbiStory-test-263,5,4,0.0,1.36,not uncertain
AmbiStory,labelled,single_hedge,AmbiStory-test-264,5,3,0.0475,3.2,highly uncertain
AmbiStory,labelled,single_hedge,AmbiStory-test-265,5,3,0.0,2.56,not uncertain
AmbiStory,labelled,single_hedge,AmbiStory-test-266,5,1,0.0,0.16,highly uncertain
AmbiStory,labelled,single_hedge,AmbiStory-test-267,5,4,0.0,1.6,not uncertain
AmbiStory,labelled,single_hedge,AmbiStory-test-268,5,3,0.0,2.56,not uncertain
AmbiStory,labelled,single_hedge,AmbiStory-test-269,5,4,0.0,3.04,not uncertain
AmbiStory,labelled,single_hedge,AmbiStory-test-270,5,5,0.0,0.24,not uncertain
AmbiStory,labelled,single_hedge,AmbiStory-test-271,5,2,0.21,0.64,not uncertain
AmbiStory,labelled,single_hedge,AmbiStory-test-272,3,2,2.0,0.8,highly uncertain
AmbiStory,labelled,single_hedge,AmbiStory-test-273,5,4,0.0,2.4,not uncertain
AmbiStory,labelled,single_hedge,AmbiStory-test-274,5,4,0.0,1.36,not uncertain
AmbiStory,labelled,single_hedge,AmbiStory-test-275,5,3,0.0475,1.36,not uncertain
AmbiStory,labelled,single_hedge,AmbiStory-test-276,1,2,0.0,0.64,not uncertain
AmbiStory,labelled,single_hedge,AmbiStory-test-277,5,5,0.0,0.6399999999999999,not uncertain
AmbiStory,labelled,single_hedge,AmbiStory-test-278,1,2,0.0475,0.64,not uncertain
AmbiStory,labelled,single_hedge,AmbiStory-test-279,5,5,0.0,0.0,not uncertain
AmbiStory,labelled,single_hedge,AmbiStory-test-280,1,2,0.0,0.5599999999999999,not uncertain
AmbiStory,labelled,single_hedge,AmbiStory-test-281,5,4,0.0,0.64,not uncertain
AmbiStory,labelled,single_hedge,AmbiStory-test-282,5,3,0.0,1.04,not uncertain
AmbiStory,labelled,single_hedge,AmbiStory-test-283,5,4,0.0,2.56,not uncertain
AmbiStory,labelled,single_hedge,AmbiStory-test-284,5,4,0.0,0.5599999999999999,not uncertain
AmbiStory,labelled,single_hedge,AmbiStory-test-285,5,4,0.0,2.4,not uncertain
AmbiStory,labelled,single_hedge,AmbiStory-test-286,5,3,0.0,0.64,not uncertain
AmbiStory,labelled,single_hedge,AmbiStory-test-287,5,4,0.0,0.64,not uncertain
AmbiStory,labelled,single_hedge,AmbiStory-test-288,5,4,0.0475,0.96,highly uncertain
AmbiStory,labelled,single_hedge,AmbiStory-test-289,5,4,0.0475,0.5599999999999999,not uncertain
AmbiStory,labelled,single_hedge,AmbiStory-test-290,5,3,0.09,2.8,not uncertain
AmbiStory,labelled,single_hedge,AmbiStory-test-291,5,4,0.09,0.8,not uncertain
AmbiStory,labelled,single_hedge,AmbiStory-test-292,5,4,0.1599999999999999,0.6399999999999999,not uncertain
AmbiStory,labelled,single_hedge,AmbiStory-test-293,5,4,0.1275,2.16,not uncertain
AmbiStory,labelled,single_hedge,AmbiStory-test-294,1,3,0.1275,1.7600000000000002,not uncertain
AmbiStory,labelled,single_hedge,AmbiStory-test-295,5,2,0.09,0.64,highly uncertain
AmbiStory,labelled,single_hedge,AmbiStory-test-296,2,3,0.25,1.2,somewhat uncertain
AmbiStory,labelled,single_hedge,AmbiStory-test-297,5,5,0.0,0.24,not uncertain
AmbiStory,labelled,single_hedge,AmbiStory-test-298,1,2,0.0475,0.56,not uncertain
AmbiStory,labelled,single_hedge,AmbiStory-test-299,5,4,0.0,1.8400000000000003,not uncertain
AmbiStory,labelled,single_hedge,AmbiStory-test-300,1,2,0.2274999999999999,1.36,not uncertain
AmbiStory,labelled,single_hedge,AmbiStory-test-301,1,1,0.09,0.16,not uncertain
AmbiStory,labelled,single_hedge,AmbiStory-test-302,4,3,1.3275,0.64,somewhat uncertain
AmbiStory,labelled,single_hedge,AmbiStory-test-303,5,2,0.0,1.3600000000000003,not uncertain
AmbiStory,labelled,single_hedge,AmbiStory-test-304,5,4,0.1275,1.4400000000000002,not uncertain
AmbiStory,labelled,single_hedge,AmbiStory-test-305,2,2,1.09,0.56,not uncertain
AmbiStory,labelled,single_hedge,AmbiStory-test-306,4,5,0.1875,0.0,somewhat uncertain
AmbiStory,labelled,single_hedge,AmbiStory-test-307,4,1,0.4599999999999999,0.24,not uncertain
AmbiStory,labelled,single_hedge,AmbiStory-test-308,4,4,0.54,2.56,somewhat uncertain
AmbiStory,labelled,single_hedge,AmbiStory-test-309,4,2,1.9275,0.9600000000000002,not uncertain
AmbiStory,labelled,single_hedge,AmbiStory-test-310,4,4,0.31,0.64,highly uncertain
AmbiStory,labelled,single_hedge,AmbiStory-test-311,4,3,0.0475,2.16,somewhat uncertain
AmbiStory,labelled,single_hedge,AmbiStory-test-312,5,4,0.25,0.24,somewhat uncertain
AmbiStory,labelled,single_hedge,AmbiStory-test-313,5,3,1.44,3.8400000000000007,not uncertain
AmbiStory,labelled,single_hedge,AmbiStory-test-314,4,4,0.2274999999999999,1.36,somewhat uncertain
AmbiStory,labelled,single_hedge,AmbiStory-test-315,5,3,2.76,0.96,not uncertain
AmbiStory,labelled,single_hedge,AmbiStory-test-316,4,3,0.64,1.8400000000000003,somewhat uncertain
AmbiStory,labelled,single_hedge,AmbiStory-test-317,1,4,0.8100000000000002,1.8400000000000003,highly uncertain
AmbiStory,labelled,single_hedge,AmbiStory-test-318,5,5,0.0,0.1599999999999999,not uncertain
AmbiStory,labelled,single_hedge,AmbiStory-test-319,1,1,0.0,0.16,not uncertain
AmbiStory,labelled,single_hedge,AmbiStory-test-320,5,5,0.0,0.1599999999999999,not uncertain
AmbiStory,labelled,single_hedge,AmbiStory-test-321,1,1,0.0,0.0,not uncertain
AmbiStory,labelled,single_hedge,AmbiStory-test-322,5,5,0.0,0.24,not uncertain
AmbiStory,labelled,single_hedge,AmbiStory-test-323,1,1,0.09,0.16,not uncertain
AmbiStory,labelled,single_hedge,AmbiStory-test-324,5,5,0.0,0.0,not uncertain
AmbiStory,labelled,single_hedge,AmbiStory-test-325,1,1,0.0,0.0,not uncertain
AmbiStory,labelled,single_hedge,AmbiStory-test-326,5,5,0.0,0.1599999999999999,not uncertain
AmbiStory,labelled,single_hedge,AmbiStory-test-327,1,2,0.16,0.9600000000000002,not uncertain
AmbiStory,labelled,single_hedge,AmbiStory-test-328,5,5,0.0,0.0,not uncertain
AmbiStory,labelled,single_hedge,AmbiStory-test-329,1,2,0.0,2.1388888888888897,not uncertain
AmbiStory,labelled,single_hedge,AmbiStory-test-330,4,4,2.2275,0.5599999999999999,not uncertain
AmbiStory,labelled,single_hedge,AmbiStory-test-331,5,3,0.0,2.56,not uncertain
AmbiStory,labelled,single_hedge,AmbiStory-test-332,1,1,0.0,0.0,not uncertain
AmbiStory,labelled,single_hedge,AmbiStory-test-333,5,5,0.0,0.1599999999999999,not uncertain
AmbiStory,labelled,single_hedge,AmbiStory-test-334,1,1,0.16,0.16,not uncertain
AmbiStory,labelled,single_hedge,AmbiStory-test-335,5,4,0.0,1.2,not uncertain
AmbiStory,labelled,single_hedge,AmbiStory-test-336,5,5,0.0,0.1599999999999999,not uncertain
AmbiStory,labelled,single_hedge,AmbiStory-test-337,1,1,0.0,0.0,not uncertain
AmbiStory,labelled,single_hedge,AmbiStory-test-338,4,2,0.09,0.24,somewhat uncertain
AmbiStory,labelled,single_hedge,AmbiStory-test-339,5,4,0.0,0.5599999999999999,not uncertain
AmbiStory,labelled,single_hedge,AmbiStory-test-340,5,5,0.0,0.24,not uncertain
AmbiStory,labelled,single_hedge,AmbiStory-test-341,1,2,0.09,0.5599999999999999,not uncertain
AmbiStory,labelled,single_hedge,AmbiStory-test-342,5,5,0.0,0.0,not uncertain
AmbiStory,labelled,single_hedge,AmbiStory-test-343,1,1,0.09,0.0,not uncertain
AmbiStory,labelled,single_hedge,AmbiStory-test-344,5,5,0.0,0.1599999999999999,not uncertain
AmbiStory,labelled,single_hedge,AmbiStory-test-345,1,3,0.54,0.64,not uncertain
AmbiStory,labelled,single_hedge,AmbiStory-test-346,5,4,0.0,2.56,not uncertain
AmbiStory,labelled,single_hedge,AmbiStory-test-347,1,2,0.09,0.25,not uncertain
AmbiStory,labelled,single_hedge,AmbiStory-test-348,5,4,0.0,2.560000000000001,not uncertain
AmbiStory,labelled,single_hedge,AmbiStory-test-349,2,2,0.19,2.560000000000001,not uncertain
AmbiStory,labelled,single_hedge,AmbiStory-test-350,1,2,0.74,2.16,not uncertain
AmbiStory,labelled,single_hedge,AmbiStory-test-351,4,2,0.1875,1.04,somewhat uncertain
AmbiStory,labelled,single_hedge,AmbiStory-test-352,1,2,0.1275,0.56,not uncertain
AmbiStory,labelled,single_hedge,AmbiStory-test-353,1,1,1.14,0.16,not uncertain
AmbiStory,labelled,single_hedge,AmbiStory-test-354,5,5,0.0,0.0,not uncertain
AmbiStory,labelled,single_hedge,AmbiStory-test-355,1,1,0.0,0.0,highly uncertain
AmbiStory,labelled,single_hedge,AmbiStory-test-356,5,5,0.0,0.0,not uncertain
AmbiStory,labelled,single_hedge,AmbiStory-test-357,1,1,0.0,0.0,not uncertain
AmbiStory,labelled,single_hedge,AmbiStory-test-358,5,5,0.0,0.0,not uncertain
AmbiStory,labelled,single_hedge,AmbiStory-test-359,1,2,0.0,0.56,highly uncertain
AmbiStory,labelled,single_hedge,AmbiStory-test-360,5,5,0.0,0.1599999999999999,not uncertain
AmbiStory,labelled,single_hedge,AmbiStory-test-361,1,1,0.0,0.24,not uncertain
AmbiStory,labelled,single_hedge,AmbiStory-test-362,5,4,0.0,2.56,not uncertain
AmbiStory,labelled,single_hedge,AmbiStory-test-363,1,1,0.0,0.0,highly uncertain
AmbiStory,labelled,single_hedge,AmbiStory-test-364,5,2,0.0,0.96,not uncertain
AmbiStory,labelled,single_hedge,AmbiStory-test-365,1,3,0.19,1.6,not uncertain
AmbiStory,labelled,single_hedge,AmbiStory-test-366,5,3,0.0,1.4400000000000002,not uncertain
AmbiStory,labelled,single_hedge,AmbiStory-test-367,4,2,0.1475,0.16,not uncertain
AmbiStory,labelled,single_hedge,AmbiStory-test-368,5,2,2.1275000000000004,0.5599999999999999,not uncertain
AmbiStory,labelled,single_hedge,AmbiStory-test-369,5,4,0.0,2.24,not uncertain
AmbiStory,labelled,single_hedge,AmbiStory-test-370,1,2,0.3875,0.56,not uncertain
AmbiStory,labelled,single_hedge,AmbiStory-test-371,4,2,0.4875,2.24,not uncertain
AmbiStory,labelled,single_hedge,AmbiStory-test-372,5,4,0.0,0.64,not uncertain
AmbiStory,labelled,single_hedge,AmbiStory-test-373,1,2,0.0,0.56,not uncertain
AmbiStory,labelled,single_hedge,AmbiStory-test-374,5,5,0.0,0.24,not uncertain
AmbiStory,labelled,single_hedge,AmbiStory-test-375,1,1,0.0,0.0,not uncertain
AmbiStory,labelled,single_hedge,AmbiStory-test-376,5,5,0.9275,0.24,not uncertain
AmbiStory,labelled,single_hedge,AmbiStory-test-377,2,2,0.1875,0.56,somewhat uncertain
AmbiStory,labelled,single_hedge,AmbiStory-test-378,5,4,0.0,2.56,not uncertain
AmbiStory,labelled,single_hedge,AmbiStory-test-379,1,1,0.0475,0.64,not uncertain
AmbiStory,labelled,single_hedge,AmbiStory-test-380,5,1,0.0475,0.0,not uncertain
AmbiStory,labelled,single_hedge,AmbiStory-test-381,5,5,0.0,0.24,highly uncertain
AmbiStory,labelled,single_hedge,AmbiStory-test-382,5,3,0.0,2.56,not uncertain
AmbiStory,labelled,single_hedge,AmbiStory-test-383,5,4,0.0,0.24,highly uncertain
AmbiStory,labelled,single_hedge,AmbiStory-test-384,5,5,0.0,0.0,highly uncertain
AmbiStory,labelled,single_hedge,AmbiStory-test-385,1,1,0.0,0.16,not uncertain
AmbiStory,labelled,single_hedge,AmbiStory-test-386,5,3,0.0,2.16,not uncertain
AmbiStory,labelled,single_hedge,AmbiStory-test-387,1,2,0.0,1.36,not uncertain
AmbiStory,labelled,single_hedge,AmbiStory-test-388,5,4,0.0,0.96,not uncertain
AmbiStory,labelled,single_hedge,AmbiStory-test-389,1,2,0.0,1.6,not uncertain
AmbiStory,labelled,single_hedge,AmbiStory-test-390,5,5,0.0,0.1599999999999999,not uncertain
AmbiStory,labelled,single_hedge,AmbiStory-test-391,1,1,0.0,0.16,not uncertain
AmbiStory,labelled,single_hedge,AmbiStory-test-392,5,4,1.44,0.64,not uncertain
AmbiStory,labelled,single_hedge,AmbiStory-test-393,5,3,0.0,1.36,not uncertain
AmbiStory,labelled,single_hedge,AmbiStory-test-394,5,4,0.0,2.24,not uncertain
AmbiStory,labelled,single_hedge,AmbiStory-test-395,1,2,0.0,0.8,not uncertain
AmbiStory,labelled,single_hedge,AmbiStory-test-396,5,5,0.0,0.0,not uncertain
AmbiStory,labelled,single_hedge,AmbiStory-test-397,1,1,0.0,0.24,not uncertain
AmbiStory,labelled,single_hedge,AmbiStory-test-398,5,4,0.0,0.5599999999999999,not uncertain
AmbiStory,labelled,single_hedge,AmbiStory-test-399,5,3,0.0,0.1599999999999999,not uncertain
AmbiStory,labelled,single_hedge,AmbiStory-test-400,5,5,0.0,0.1599999999999999,not uncertain
AmbiStory,labelled,single_hedge,AmbiStory-test-401,5,1,0.76,0.24,highly uncertain
AmbiStory,labelled,single_hedge,AmbiStory-test-402,5,4,2.0275000000000003,0.5599999999999999,not uncertain
AmbiStory,labelled,single_hedge,AmbiStory-test-403,5,2,0.0,0.4,not uncertain
AmbiStory,labelled,single_hedge,AmbiStory-test-404,4,4,1.2475,0.5599999999999999,not uncertain
AmbiStory,labelled,single_hedge,AmbiStory-test-405,5,2,0.0,0.4,not uncertain
AmbiStory,labelled,single_hedge,AmbiStory-test-406,4,4,2.6475,0.24,somewhat uncertain
AmbiStory,labelled,single_hedge,AmbiStory-test-407,5,2,0.0,1.36,not uncertain
AmbiStory,labelled,single_hedge,AmbiStory-test-408,5,4,0.0,1.44,not uncertain
AmbiStory,labelled,single_hedge,AmbiStory-test-409,1,1,0.0,0.0,highly uncertain
AmbiStory,labelled,single_hedge,AmbiStory-test-410,5,4,0.0,1.36,not uncertain
AmbiStory,labelled,single_hedge,AmbiStory-test-411,5,2,0.0,1.04,not uncertain
AmbiStory,labelled,single_hedge,AmbiStory-test-412,5,4,0.0,0.96,not uncertain
AmbiStory,labelled,single_hedge,AmbiStory-test-413,1,1,0.0,0.64,not uncertain
AmbiStory,labelled,single_hedge,AmbiStory-test-414,5,5,0.0,0.0,not uncertain
AmbiStory,labelled,single_hedge,AmbiStory-test-415,1,1,0.0,0.24,not uncertain
AmbiStory,labelled,single_hedge,AmbiStory-test-416,5,5,0.0475,0.1599999999999999,not uncertain
AmbiStory,labelled,single_hedge,AmbiStory-test-417,1,2,0.2274999999999999,0.64,not uncertain
AmbiStory,labelled,single_hedge,AmbiStory-test-418,5,5,0.0,0.1599999999999999,not uncertain
AmbiStory,labelled,single_hedge,AmbiStory-test-419,1,2,0.0475,2.24,not uncertain
AmbiStory,labelled,single_hedge,AmbiStory-test-420,5,3,0.09,2.2222222222222228,not uncertain
AmbiStory,labelled,single_hedge,AmbiStory-test-421,1,3,0.0,1.4400000000000002,not uncertain
AmbiStory,labelled,single_hedge,AmbiStory-test-422,5,3,0.0,2.24,not uncertain
AmbiStory,labelled,single_hedge,AmbiStory-test-423,1,3,0.0,2.0,not uncertain
AmbiStory,labelled,single_hedge,AmbiStory-test-424,5,3,0.0,0.4,highly uncertain
AmbiStory,labelled,single_hedge,AmbiStory-test-425,1,3,0.0,1.04,not uncertain
AmbiStory,labelled,single_hedge,AmbiStory-test-426,5,3,0.0475,0.64,not uncertain
AmbiStory,labelled,single_hedge,AmbiStory-test-427,5,3,0.25,1.36,not uncertain
AmbiStory,labelled,single_hedge,AmbiStory-test-428,5,4,0.0,0.6399999999999999,not uncertain
AmbiStory,labelled,single_hedge,AmbiStory-test-429,5,2,1.1475000000000002,0.4,not uncertain
AmbiStory,labelled,single_hedge,AmbiStory-test-430,5,4,0.0,1.6,not uncertain
AmbiStory,labelled,single_hedge,AmbiStory-test-431,5,2,0.2274999999999999,0.16,not uncertain
AmbiStory,labelled,single_hedge,AmbiStory-test-432,5,4,0.0475,1.44,not uncertain
AmbiStory,labelled,single_hedge,AmbiStory-test-433,1,1,0.0475,0.24,not uncertain
AmbiStory,labelled,single_hedge,AmbiStory-test-434,5,5,0.0,0.24,not uncertain
AmbiStory,labelled,single_hedge,AmbiStory-test-435,1,1,0.0,0.64,not uncertain
AmbiStory,labelled,single_hedge,AmbiStory-test-436,5,4,0.0,1.36,not uncertain
AmbiStory,labelled,single_hedge,AmbiStory-test-437,1,1,0.0,0.0,not uncertain
AmbiStory,labelled,single_hedge,AmbiStory-test-438,5,5,0.0,0.1599999999999999,not uncertain
AmbiStory,labelled,single_hedge,AmbiStory-test-439,1,2,2.11,2.24,highly uncertain
AmbiStory,labelled,single_hedge,AmbiStory-test-440,4,3,0.1875,1.36,not uncertain
AmbiStory,labelled,single_hedge,AmbiStory-test-441,5,3,2.4475,1.84,not uncertain
AmbiStory,labelled,single_hedge,AmbiStory-test-442,4,4,0.3,0.5599999999999999,somewhat uncertain
AmbiStory,labelled,single_hedge,AmbiStory-test-443,1,3,1.5275,2.64,not uncertain
AmbiStory,labelled,single_hedge,AmbiStory-test-444,5,4,0.0,1.36,not uncertain
AmbiStory,labelled,single_hedge,AmbiStory-test-445,5,2,3.0475000000000003,1.36,not uncertain
AmbiStory,labelled,single_hedge,AmbiStory-test-446,5,3,0.0,1.36,not uncertain
AmbiStory,labelled,single_hedge,AmbiStory-test-447,5,4,3.06,1.36,not uncertain
AmbiStory,labelled,single_hedge,AmbiStory-test-448,5,4,0.7875,0.24,not uncertain
AmbiStory,labelled,single_hedge,AmbiStory-test-449,5,2,3.7275,0.8,highly uncertain
AmbiStory,labelled,single_hedge,AmbiStory-test-450,5,4,0.2475,0.5599999999999999,not uncertain
AmbiStory,labelled,single_hedge,AmbiStory-test-451,1,2,0.0,0.9600000000000002,not uncertain
AmbiStory,labelled,single_hedge,AmbiStory-test-452,5,2,0.25,0.24,not uncertain
AmbiStory,labelled,single_hedge,AmbiStory-test-453,5,5,0.0,0.1599999999999999,not uncertain
AmbiStory,labelled,single_hedge,AmbiStory-test-454,5,3,0.1599999999999999,2.24,highly uncertain
AmbiStory,labelled,single_hedge,AmbiStory-test-455,1,3,0.0,0.64,not uncertain
AmbiStory,labelled,single_hedge,AmbiStory-test-456,4,4,0.3275,1.36,highly uncertain
AmbiStory,labelled,single_hedge,AmbiStory-test-457,1,3,0.0,1.04,highly uncertain
AmbiStory,labelled,single_hedge,AmbiStory-test-458,5,3,2.9400000000000004,1.36,highly uncertain
AmbiStory,labelled,single_hedge,AmbiStory-test-459,5,4,0.76,0.4,highly uncertain
AmbiStory,labelled,single_hedge,AmbiStory-test-460,3,3,1.41,1.7600000000000002,somewhat uncertain
AmbiStory,labelled,single_hedge,AmbiStory-test-461,1,3,0.0475,1.5555555555555556,not uncertain
AmbiStory,labelled,single_hedge,AmbiStory-test-462,5,2,0.2475,3.04,somewhat uncertain
AmbiStory,labelled,single_hedge,AmbiStory-test-463,5,5,0.0,0.0,not uncertain
AmbiStory,labelled,single_hedge,AmbiStory-test-464,4,2,0.21,0.8,not uncertain
AmbiStory,labelled,single_hedge,AmbiStory-test-465,5,5,0.0,0.6399999999999999,not uncertain
AmbiStory,labelled,single_hedge,AmbiStory-test-466,4,3,0.25,0.8,not uncertain
AmbiStory,labelled,single_hedge,AmbiStory-test-467,5,3,0.0475,1.84,not uncertain
AmbiStory,labelled,single_hedge,AmbiStory-test-468,5,5,0.0,0.1599999999999999,not uncertain
AmbiStory,labelled,single_hedge,AmbiStory-test-469,5,5,0.0,0.1599999999999999,not uncertain
AmbiStory,labelled,single_hedge,AmbiStory-test-470,5,5,0.0,0.6399999999999999,not uncertain
AmbiStory,labelled,single_hedge,AmbiStory-test-471,5,4,0.0,1.36,not uncertain
AmbiStory,labelled,single_hedge,AmbiStory-test-472,5,4,0.0,1.0400000000000005,not uncertain
AmbiStory,labelled,single_hedge,AmbiStory-test-473,5,4,0.0,1.44,not uncertain
AmbiStory,labelled,single_hedge,AmbiStory-test-474,5,5,0.0,0.0,not uncertain
AmbiStory,labelled,single_hedge,AmbiStory-test-475,4,3,0.9275,2.64,somewhat uncertain
AmbiStory,labelled,single_hedge,AmbiStory-test-476,5,4,0.0,0.64,not uncertain
AmbiStory,labelled,single_hedge,AmbiStory-test-477,4,3,0.24,2.16,not uncertain
AmbiStory,labelled,single_hedge,AmbiStory-test-478,5,4,0.0,0.5599999999999999,not uncertain
AmbiStory,labelled,single_hedge,AmbiStory-test-479,4,3,0.3275,2.0,somewhat uncertain
AmbiStory,labelled,single_hedge,AmbiStory-test-480,5,5,0.1275,0.0,not uncertain
AmbiStory,labelled,single_hedge,AmbiStory-test-481,1,2,0.0,0.64,not uncertain
AmbiStory,labelled,single_hedge,AmbiStory-test-482,3,2,0.7474999999999999,2.1600000000000006,highly uncertain
AmbiStory,labelled,single_hedge,AmbiStory-test-483,5,4,0.0,0.5599999999999999,not uncertain
AmbiStory,labelled,single_hedge,AmbiStory-test-484,4,4,0.21,1.36,somewhat uncertain
AmbiStory,labelled,single_hedge,AmbiStory-test-485,2,3,0.4474999999999999,1.84,not uncertain
AmbiStory,labelled,single_hedge,AmbiStory-test-486,1,2,0.09,0.64,highly uncertain
AmbiStory,labelled,single_hedge,AmbiStory-test-487,5,4,0.0,0.8,not uncertain
AmbiStory,labelled,single_hedge,AmbiStory-test-488,1,1,0.0475,0.0,not uncertain
AmbiStory,labelled,single_hedge,AmbiStory-test-489,5,5,0.0,0.0,not uncertain
AmbiStory,labelled,single_hedge,AmbiStory-test-490,1,1,0.0,0.24,highly uncertain
AmbiStory,labelled,single_hedge,AmbiStory-test-491,5,5,0.0,0.1599999999999999,not uncertain
AmbiStory,labelled,single_hedge,AmbiStory-test-492,5,5,0.0,0.0,highly uncertain
AmbiStory,labelled,single_hedge,AmbiStory-test-493,1,3,0.45,2.64,not uncertain
AmbiStory,labelled,single_hedge,AmbiStory-test-494,5,4,0.0,2.56,not uncertain
AmbiStory,labelled,single_hedge,AmbiStory-test-495,1,3,1.26,1.7600000000000002,not uncertain
AmbiStory,labelled,single_hedge,AmbiStory-test-496,5,4,0.0,1.36,not uncertain
AmbiStory,labelled,single_hedge,AmbiStory-test-497,1,2,0.21,0.56,not uncertain
AmbiStory,labelled,single_hedge,AmbiStory-test-498,1,4,0.4275,0.5599999999999999,not uncertain
AmbiStory,labelled,single_hedge,AmbiStory-test-499,5,2,0.0,1.2,not uncertain
AmbiStory,labelled,single_hedge,AmbiStory-test-500,1,1,0.09,0.24,not uncertain
AmbiStory,labelled,single_hedge,AmbiStory-test-501,5,4,0.0,0.96,not uncertain
AmbiStory,labelled,single_hedge,AmbiStory-test-502,1,3,0.0,1.0400000000000005,not uncertain
AmbiStory,labelled,single_hedge,AmbiStory-test-503,5,3,0.0,1.8400000000000003,not uncertain
AmbiStory,labelled,single_hedge,AmbiStory-test-504,5,5,0.0,0.6399999999999999,not uncertain
AmbiStory,labelled,single_hedge,AmbiStory-test-505,1,1,0.0,0.0,not uncertain
AmbiStory,labelled,single_hedge,AmbiStory-test-506,3,3,0.35,1.0400000000000005,somewhat uncertain
AmbiStory,labelled,single_hedge,AmbiStory-test-507,5,3,0.0,1.6,not uncertain
AmbiStory,labelled,single_hedge,AmbiStory-test-508,5,3,0.0,1.36,not uncertain
AmbiStory,labelled,single_hedge,AmbiStory-test-509,5,2,1.4475,2.2222222222222223,highly uncertain
AmbiStory,labelled,single_hedge,AmbiStory-test-510,5,3,0.8474999999999999,1.36,not uncertain
AmbiStory,labelled,single_hedge,AmbiStory-test-511,5,2,0.2274999999999999,0.96,not uncertain
AmbiStory,labelled,single_hedge,AmbiStory-test-512,1,2,0.8475000000000001,1.8400000000000003,not uncertain
AmbiStory,labelled,single_hedge,AmbiStory-test-513,5,4,0.0,0.6399999999999999,not uncertain
AmbiStory,labelled,single_hedge,AmbiStory-test-514,4,3,2.3400000000000003,0.64,highly uncertain
AmbiStory,labelled,single_hedge,AmbiStory-test-515,5,4,0.0,0.5599999999999999,not uncertain
AmbiStory,labelled,single_hedge,AmbiStory-test-516,5,4,0.0475,1.44,not uncertain
AmbiStory,labelled,single_hedge,AmbiStory-test-517,1,2,0.41,1.36,not uncertain
AmbiStory,labelled,single_hedge,AmbiStory-test-518,1,2,0.0,2.4,not uncertain
AmbiStory,labelled,single_hedge,AmbiStory-test-519,5,5,0.0,0.0,not uncertain
AmbiStory,labelled,single_hedge,AmbiStory-test-520,1,2,0.0,0.56,not uncertain
AmbiStory,labelled,single_hedge,AmbiStory-test-521,1,3,0.75,1.84,not uncertain
AmbiStory,labelled,single_hedge,AmbiStory-test-522,2,2,0.9275,1.36,not uncertain
AmbiStory,labelled,single_hedge,AmbiStory-test-523,5,5,0.0,0.24,not uncertain
AmbiStory,labelled,single_hedge,AmbiStory-test-524,1,2,0.0,1.4400000000000002,not uncertain
AmbiStory,labelled,single_hedge,AmbiStory-test-525,5,5,0.0,0.1599999999999999,not uncertain
AmbiStory,labelled,single_hedge,AmbiStory-test-526,2,1,0.2274999999999999,0.16,not uncertain
AmbiStory,labelled,single_hedge,AmbiStory-test-527,5,4,0.0,0.64,not uncertain
AmbiStory,labelled,single_hedge,AmbiStory-test-528,4,3,0.21,0.8,not uncertain
AmbiStory,labelled,single_hedge,AmbiStory-test-529,5,4,0.8275,0.1599999999999999,not uncertain
AmbiStory,labelled,single_hedge,AmbiStory-test-530,1,1,0.21,0.24,not uncertain
AmbiStory,labelled,single_hedge,AmbiStory-test-531,5,5,0.0,0.24,not uncertain
AmbiStory,labelled,single_hedge,AmbiStory-test-532,4,3,0.55,0.24,somewhat uncertain
AmbiStory,labelled,single_hedge,AmbiStory-test-533,5,3,0.0,0.0,not uncertain
AmbiStory,labelled,single_hedge,AmbiStory-test-534,5,5,0.0475,0.1599999999999999,not uncertain
AmbiStory,labelled,single_hedge,AmbiStory-test-535,5,5,0.0475,0.1599999999999999,not uncertain
AmbiStory,labelled,single_hedge,AmbiStory-test-536,4,5,0.24,0.24,somewhat uncertain
AmbiStory,labelled,single_hedge,AmbiStory-test-537,5,5,0.0,0.0,not uncertain
AmbiStory,labelled,single_hedge,AmbiStory-test-538,5,5,0.0475,0.0,not uncertain
AmbiStory,labelled,single_hedge,AmbiStory-test-539,5,5,0.0,0.0,not uncertain
AmbiStory,labelled,single_hedge,AmbiStory-test-540,1,3,1.4875,1.7600000000000002,not uncertain
AmbiStory,labelled,single_hedge,AmbiStory-test-541,5,4,0.0,2.16,not uncertain
AmbiStory,labelled,single_hedge,AmbiStory-test-542,1,3,0.0,1.84,not uncertain
AmbiStory,labelled,single_hedge,AmbiStory-test-543,5,5,0.0,0.0,not uncertain
AmbiStory,labelled,single_hedge,AmbiStory-test-544,1,4,0.4599999999999999,1.44,not uncertain
AmbiStory,labelled,single_hedge,AmbiStory-test-545,5,5,0.0,0.0,not uncertain
AmbiStory,labelled,single_hedge,AmbiStory-test-546,4,3,0.2475,1.36,not uncertain
AmbiStory,labelled,single_hedge,AmbiStory-test-547,4,3,1.9275,0.96,somewhat uncertain
AmbiStory,labelled,single_hedge,AmbiStory-test-548,1,2,0.0,0.64,not uncertain
AmbiStory,labelled,single_hedge,AmbiStory-test-549,5,4,0.0,0.8,not uncertain
AmbiStory,labelled,single_hedge,AmbiStory-test-550,1,2,0.09,0.56,not uncertain
AmbiStory,labelled,single_hedge,AmbiStory-test-551,5,4,0.0,0.5599999999999999,not uncertain
AmbiStory,labelled,single_hedge,AmbiStory-test-552,1,1,0.0,0.0,highly uncertain
AmbiStory,labelled,single_hedge,AmbiStory-test-553,5,3,0.0,1.04,not uncertain
AmbiStory,labelled,single_hedge,AmbiStory-test-554,1,2,0.0,1.8400000000000003,highly uncertain
AmbiStory,labelled,single_hedge,AmbiStory-test-555,5,3,0.0,0.96,not uncertain
AmbiStory,labelled,single_hedge,AmbiStory-test-556,1,1,0.0,0.24,not uncertain
AmbiStory,labelled,single_hedge,AmbiStory-test-557,5,4,0.0,2.24,not uncertain
AmbiStory,labelled,single_hedge,AmbiStory-test-558,5,5,0.0,0.0,not uncertain
AmbiStory,labelled,single_hedge,AmbiStory-test-559,2,2,1.0275,2.4,not uncertain
AmbiStory,labelled,single_hedge,AmbiStory-test-560,1,1,0.0,0.16,not uncertain
AmbiStory,labelled,single_hedge,AmbiStory-test-561,5,4,0.0,0.64,not uncertain
AmbiStory,labelled,single_hedge,AmbiStory-test-562,1,2,0.1275,0.5599999999999999,highly uncertain
AmbiStory,labelled,single_hedge,AmbiStory-test-563,5,4,0.0,0.24,not uncertain
AmbiStory,labelled,single_hedge,AmbiStory-test-564,5,4,0.0,1.0400000000000005,not uncertain
AmbiStory,labelled,single_hedge,AmbiStory-test-565,5,4,0.7275,0.5599999999999999,not uncertain
AmbiStory,labelled,single_hedge,AmbiStory-test-566,5,3,0.0475,0.5599999999999999,not uncertain
AmbiStory,labelled,single_hedge,AmbiStory-test-567,5,4,0.0,2.16,not uncertain
AmbiStory,labelled,single_hedge,AmbiStory-test-568,4,3,0.25,1.04,somewhat uncertain
AmbiStory,labelled,single_hedge,AmbiStory-test-569,5,4,0.0,0.96,not uncertain
AmbiStory,labelled,single_hedge,AmbiStory-test-570,5,5,0.09,0.24,not uncertain
AmbiStory,labelled,single_hedge,AmbiStory-test-571,1,1,0.6275000000000001,0.16,not uncertain
AmbiStory,labelled,single_hedge,AmbiStory-test-572,4,3,0.3875,0.64,not uncertain
AmbiStory,labelled,single_hedge,AmbiStory-test-573,5,4,0.3475,3.04,not uncertain
AmbiStory,labelled,single_hedge,AmbiStory-test-574,5,4,0.0475,2.16,not uncertain
AmbiStory,labelled,single_hedge,AmbiStory-test-575,4,2,1.2475,0.5555555555555555,not uncertain
AmbiStory,labelled,single_hedge,AmbiStory-test-576,5,5,0.7875,0.1599999999999999,not uncertain
AmbiStory,labelled,single_hedge,AmbiStory-test-577,5,4,0.76,1.2,not uncertain
AmbiStory,labelled,single_hedge,AmbiStory-test-578,1,1,0.0,0.24,highly uncertain
AmbiStory,labelled,single_hedge,AmbiStory-test-579,5,5,0.0,0.0,not uncertain
AmbiStory,labelled,single_hedge,AmbiStory-test-580,5,1,2.8275,0.24,somewhat uncertain
AmbiStory,labelled,single_hedge,AmbiStory-test-581,5,5,0.0,0.1599999999999999,not uncertain
AmbiStory,labelled,single_hedge,AmbiStory-test-582,5,3,0.0,0.4,somewhat uncertain
AmbiStory,labelled,single_hedge,AmbiStory-test-583,1,2,0.25,1.4400000000000002,not uncertain
AmbiStory,labelled,single_hedge,AmbiStory-test-584,4,2,0.25,0.8,highly uncertain
AmbiStory,labelled,single_hedge,AmbiStory-test-585,5,3,0.1875,0.96,not uncertain
AmbiStory,labelled,single_hedge,AmbiStory-test-586,5,3,0.0,1.2,highly uncertain
AmbiStory,labelled,single_hedge,AmbiStory-test-587,2,2,0.25,0.64,somewhat uncertain
AmbiStory,labelled,single_hedge,AmbiStory-test-588,1,2,2.31,0.5599999999999999,not uncertain
AmbiStory,labelled,single_hedge,AmbiStory-test-589,5,4,0.09,1.36,not uncertain
AmbiStory,labelled,single_hedge,AmbiStory-test-590,1,4,0.16,1.84,not uncertain
AmbiStory,labelled,single_hedge,AmbiStory-test-591,5,5,0.0,0.24,not uncertain
AmbiStory,labelled,single_hedge,AmbiStory-test-592,4,3,2.46,2.56,not uncertain
AmbiStory,labelled,single_hedge,AmbiStory-test-593,5,5,0.0,0.1599999999999999,not uncertain
AmbiStory,labelled,single_hedge,AmbiStory-test-594,1,2,0.1275,0.64,not uncertain
AmbiStory,labelled,single_hedge,AmbiStory-test-595,4,4,0.24,2.4,somewhat uncertain
AmbiStory,labelled,single_hedge,AmbiStory-test-596,1,1,0.2274999999999999,0.24,not uncertain
AmbiStory,labelled,single_hedge,AmbiStory-test-597,5,3,0.0,2.0,not uncertain
AmbiStory,labelled,single_hedge,AmbiStory-test-598,1,2,0.0,0.24,not uncertain
AmbiStory,labelled,single_hedge,AmbiStory-test-599,4,5,0.2274999999999999,0.6399999999999999,somewhat uncertain
AmbiStory,labelled,single_hedge,AmbiStory-test-600,5,5,0.0,0.1599999999999999,not uncertain
AmbiStory,labelled,single_hedge,AmbiStory-test-601,1,2,0.0,0.56,not uncertain
AmbiStory,labelled,single_hedge,AmbiStory-test-602,5,5,0.8099999999999999,0.0,not uncertain
AmbiStory,labelled,single_hedge,AmbiStory-test-603,1,3,1.1475000000000002,2.2222222222222223,not uncertain
AmbiStory,labelled,single_hedge,AmbiStory-test-604,5,4,0.0,0.24,highly uncertain
AmbiStory,labelled,single_hedge,AmbiStory-test-605,1,2,0.0,0.24,not uncertain
AmbiStory,labelled,single_hedge,AmbiStory-test-606,1,3,3.0475000000000003,2.56,not uncertain
AmbiStory,labelled,single_hedge,AmbiStory-test-607,5,3,0.0,1.8400000000000003,highly uncertain
AmbiStory,labelled,single_hedge,AmbiStory-test-608,1,1,0.0,0.0,not uncertain
AmbiStory,labelled,single_hedge,AmbiStory-test-609,5,5,0.0,0.1599999999999999,not uncertain
AmbiStory,labelled,single_hedge,AmbiStory-test-610,1,1,0.0,0.24,not uncertain
AmbiStory,labelled,single_hedge,AmbiStory-test-611,5,4,0.0,1.36,not uncertain
AmbiStory,labelled,single_hedge,AmbiStory-test-612,5,5,0.0475,0.0,not uncertain
AmbiStory,labelled,single_hedge,AmbiStory-test-613,4,2,0.5900000000000001,2.16,somewhat uncertain
AmbiStory,labelled,single_hedge,AmbiStory-test-614,1,1,0.0,0.0,not uncertain
AmbiStory,labelled,single_hedge,AmbiStory-test-615,5,5,0.0,0.24,not uncertain
AmbiStory,labelled,single_hedge,AmbiStory-test-616,1,2,0.0,0.64,not uncertain
AmbiStory,labelled,single_hedge,AmbiStory-test-617,5,5,0.0,0.24,not uncertain
AmbiStory,labelled,single_hedge,AmbiStory-test-618,5,4,0.09,2.24,not uncertain
AmbiStory,labelled,single_hedge,AmbiStory-test-619,5,3,0.0,3.3599999999999994,highly uncertain
AmbiStory,labelled,single_hedge,AmbiStory-test-620,1,2,0.0,0.24,not uncertain
AmbiStory,labelled,single_hedge,AmbiStory-test-621,5,5,0.0,0.24,not uncertain
AmbiStory,labelled,single_hedge,AmbiStory-test-622,1,2,0.0,1.04,not uncertain
AmbiStory,labelled,single_hedge,AmbiStory-test-623,5,5,0.0,0.0,not uncertain
AmbiStory,labelled,single_hedge,AmbiStory-test-624,1,1,0.2274999999999999,0.64,not uncertain
AmbiStory,labelled,single_hedge,AmbiStory-test-625,5,3,0.0,2.56,not uncertain
AmbiStory,labelled,single_hedge,AmbiStory-test-626,1,2,0.0,2.24,not uncertain
AmbiStory,labelled,single_hedge,AmbiStory-test-627,5,4,0.0,0.24,not uncertain
AmbiStory,labelled,single_hedge,AmbiStory-test-628,1,3,0.09,0.64,not uncertain
AmbiStory,labelled,single_hedge,AmbiStory-test-629,5,5,0.0,0.24,not uncertain
AmbiStory,labelled,single_hedge,AmbiStory-test-630,5,5,0.0,0.0,not uncertain
AmbiStory,labelled,single_hedge,AmbiStory-test-631,1,1,0.0,0.24,highly uncertain
AmbiStory,labelled,single_hedge,AmbiStory-test-632,5,5,0.0,0.0,not uncertain
AmbiStory,labelled,single_hedge,AmbiStory-test-633,1,1,0.0,0.0,not uncertain
AmbiStory,labelled,single_hedge,AmbiStory-test-634,5,5,0.4275,0.0,not uncertain
AmbiStory,labelled,single_hedge,AmbiStory-test-635,1,2,0.0,0.24,not uncertain
AmbiStory,labelled,single_hedge,AmbiStory-test-636,5,4,0.0,0.5599999999999999,highly uncertain
AmbiStory,labelled,single_hedge,AmbiStory-test-637,1,2,1.44,1.2,
AmbiStory,labelled,single_hedge,AmbiStory-test-638,5,3,0.0,1.84,highly uncertain
AmbiStory,labelled,single_hedge,AmbiStory-test-639,5,3,0.0,2.64,highly uncertain
AmbiStory,labelled,single_hedge,AmbiStory-test-640,5,3,0.0,1.4400000000000002,highly uncertain
AmbiStory,labelled,single_hedge,AmbiStory-test-641,5,2,0.7875,2.1600000000000006,highly uncertain
AmbiStory,labelled,single_hedge,AmbiStory-test-642,5,5,0.0,0.0,not uncertain
AmbiStory,labelled,single_hedge,AmbiStory-test-643,1,2,0.0,0.64,not uncertain
AmbiStory,labelled,single_hedge,AmbiStory-test-644,5,5,0.0,0.24,not uncertain
AmbiStory,labelled,single_hedge,AmbiStory-test-645,1,1,0.0,0.6400000000000002,not uncertain
AmbiStory,labelled,single_hedge,AmbiStory-test-646,5,5,0.0,0.0,not uncertain
AmbiStory,labelled,single_hedge,AmbiStory-test-647,1,1,0.0,0.16,not uncertain
AmbiStory,labelled,single_hedge,AmbiStory-test-648,1,2,0.16,0.96,not uncertain
AmbiStory,labelled,single_hedge,AmbiStory-test-649,5,4,0.0,1.6,not uncertain
AmbiStory,labelled,single_hedge,AmbiStory-test-650,1,1,0.16,0.16,not uncertain
AmbiStory,labelled,single_hedge,AmbiStory-test-651,5,5,0.0,0.0,not uncertain
AmbiStory,labelled,single_hedge,AmbiStory-test-652,1,3,0.0,1.6,not uncertain
AmbiStory,labelled,single_hedge,AmbiStory-test-653,5,5,0.0,0.24,not uncertain
AmbiStory,labelled,single_hedge,AmbiStory-test-654,5,5,0.0,0.24,not uncertain
AmbiStory,labelled,single_hedge,AmbiStory-test-655,1,2,0.0,0.64,not uncertain
AmbiStory,labelled,single_hedge,AmbiStory-test-656,5,3,0.0,1.6,not uncertain
AmbiStory,labelled,single_hedge,AmbiStory-test-657,4,3,1.3475,2.64,not uncertain
AmbiStory,labelled,single_hedge,AmbiStory-test-658,5,4,0.0,1.36,not uncertain
AmbiStory,labelled,single_hedge,AmbiStory-test-659,1,4,0.0,0.5599999999999999,not uncertain
AmbiStory,labelled,single_hedge,AmbiStory-test-660,5,5,0.0475,0.0,not uncertain
AmbiStory,labelled,single_hedge,AmbiStory-test-661,1,2,0.31,0.56,not uncertain
AmbiStory,labelled,single_hedge,AmbiStory-test-662,5,4,0.1275,1.2,somewhat uncertain
AmbiStory,labelled,single_hedge,AmbiStory-test-663,1,4,0.54,1.6,not uncertain
AmbiStory,labelled,single_hedge,AmbiStory-test-664,5,4,0.7875,0.8,not uncertain
AmbiStory,labelled,single_hedge,AmbiStory-test-665,1,3,0.2274999999999999,0.4,not uncertain
AmbiStory,labelled,single_hedge,AmbiStory-test-666,5,5,0.0,0.6399999999999999,not uncertain
AmbiStory,labelled,single_hedge,AmbiStory-test-667,1,2,0.0475,2.16,not uncertain
AmbiStory,labelled,single_hedge,AmbiStory-test-668,5,4,0.0,0.64,not uncertain
AmbiStory,labelled,single_hedge,AmbiStory-test-669,5,2,0.0,1.8400000000000003,not uncertain
AmbiStory,labelled,single_hedge,AmbiStory-test-670,5,5,0.0,0.1599999999999999,not uncertain
AmbiStory,labelled,single_hedge,AmbiStory-test-671,1,1,0.2475,0.0,not uncertain
AmbiStory,labelled,single_hedge,AmbiStory-test-672,5,5,0.0,0.6399999999999999,not uncertain
AmbiStory,labelled,single_hedge,AmbiStory-test-673,5,4,0.0,2.4,not uncertain
AmbiStory,labelled,single_hedge,AmbiStory-test-674,5,5,0.0475,0.1599999999999999,not uncertain
AmbiStory,labelled,single_hedge,AmbiStory-test-675,5,5,0.0,0.1599999999999999,not uncertain
AmbiStory,labelled,single_hedge,AmbiStory-test-676,5,5,0.0,0.1599999999999999,not uncertain
AmbiStory,labelled,single_hedge,AmbiStory-test-677,5,5,0.0,0.0,not uncertain
AmbiStory,labelled,single_hedge,AmbiStory-test-678,5,3,0.0,1.4400000000000002,not uncertain
AmbiStory,labelled,single_hedge,AmbiStory-test-679,5,3,0.1275,1.36,not uncertain
AmbiStory,labelled,single_hedge,AmbiStory-test-680,5,1,0.8400000000000001,0.2222222222222222,not uncertain
AmbiStory,labelled,single_hedge,AmbiStory-test-681,5,3,0.0,3.8400000000000007,not uncertain
AmbiStory,labelled,single_hedge,AmbiStory-test-682,5,3,0.0,0.96,not uncertain
AmbiStory,labelled,single_hedge,AmbiStory-test-683,5,3,0.0,0.1599999999999999,not uncertain
AmbiStory,labelled,single_hedge,AmbiStory-test-684,1,2,1.25,1.2,not uncertain
AmbiStory,labelled,single_hedge,AmbiStory-test-685,5,4,0.0,0.96,not uncertain
AmbiStory,labelled,single_hedge,AmbiStory-test-686,1,4,2.5475000000000003,0.24,not uncertain
AmbiStory,labelled,single_hedge,AmbiStory-test-687,5,3,0.0,1.84,not uncertain
AmbiStory,labelled,single_hedge,AmbiStory-test-688,1,2,1.4275,1.0400000000000005,not uncertain
AmbiStory,labelled,single_hedge,AmbiStory-test-689,5,3,0.0,1.0400000000000005,not uncertain
AmbiStory,labelled,single_hedge,AmbiStory-test-690,5,3,0.0475,0.8,not uncertain
AmbiStory,labelled,single_hedge,AmbiStory-test-691,5,4,0.1275,0.96,highly uncertain
AmbiStory,labelled,single_hedge,AmbiStory-test-692,1,2,0.6475000000000001,0.64,somewhat uncertain
AmbiStory,labelled,single_hedge,AmbiStory-test-693,5,5,0.0,0.0,not uncertain
AmbiStory,labelled,single_hedge,AmbiStory-test-694,1,3,2.39,1.36,highly uncertain
AmbiStory,labelled,single_hedge,AmbiStory-test-695,5,3,0.76,2.24,not uncertain
AmbiStory,labelled,single_hedge,AmbiStory-test-696,4,1,1.6275,0.24,somewhat uncertain
AmbiStory,labelled,single_hedge,AmbiStory-test-697,5,2,0.0,0.4,highly uncertain
AmbiStory,labelled,single_hedge,AmbiStory-test-698,4,3,2.3275,1.7600000000000002,somewhat uncertain
AmbiStory,labelled,single_hedge,AmbiStory-test-699,5,4,0.0,1.6,highly uncertain
AmbiStory,labelled,single_hedge,AmbiStory-test-700,1,3,0.6275000000000001,2.56,not uncertain
AmbiStory,labelled,single_hedge,AmbiStory-test-701,5,2,0.0,0.56,highly uncertain
AmbiStory,labelled,single_hedge,AmbiStory-test-702,2,2,1.6275,0.64,not uncertain
AmbiStory,labelled,single_hedge,AmbiStory-test-703,5,2,2.2275,1.8400000000000003,not uncertain
AmbiStory,labelled,single_hedge,AmbiStory-test-704,5,4,0.21,1.36,highly uncertain
AmbiStory,labelled,single_hedge,AmbiStory-test-705,5,4,0.09,0.8,not uncertain
AmbiStory,labelled,single_hedge,AmbiStory-test-706,3,3,1.0275,1.04,somewhat uncertain
AmbiStory,labelled,single_hedge,AmbiStory-test-707,5,3,0.0475,1.84,somewhat uncertain
AmbiStory,labelled,single_hedge,AmbiStory-test-708,5,4,0.0,1.36,not uncertain
AmbiStory,labelled,single_hedge,AmbiStory-test-709,1,2,0.0,2.1600000000000006,not uncertain
AmbiStory,labelled,single_hedge,AmbiStory-test-710,5,2,1.99,0.24,highly uncertain
AmbiStory,labelled,single_hedge,AmbiStory-test-711,1,4,0.0475,1.36,not uncertain
AmbiStory,labelled,single_hedge,AmbiStory-test-712,5,3,0.0,1.2,somewhat uncertain
AmbiStory,labelled,single_hedge,AmbiStory-test-713,1,3,0.0,1.04,not uncertain
AmbiStory,labelled,single_hedge,AmbiStory-test-714,5,4,0.09,0.5599999999999999,not uncertain
AmbiStory,labelled,single_hedge,AmbiStory-test-715,5,3,0.0,1.84,highly uncertain
AmbiStory,labelled,single_hedge,AmbiStory-test-716,1,3,1.61,2.56,not uncertain
AmbiStory,labelled,single_hedge,AmbiStory-test-717,5,3,0.7875,2.56,not uncertain
AmbiStory,labelled,single_hedge,AmbiStory-test-718,1,3,0.94,1.6,not uncertain
AmbiStory,labelled,single_hedge,AmbiStory-test-719,5,2,0.0475,0.96,not uncertain
AmbiStory,labelled,single_hedge,AmbiStory-test-720,5,4,0.2475,1.04,not uncertain
AmbiStory,labelled,single_hedge,AmbiStory-test-721,5,3,0.0,1.2,not uncertain
AmbiStory,labelled,single_hedge,AmbiStory-test-722,4,5,0.2274999999999999,0.24,somewhat uncertain
AmbiStory,labelled,single_hedge,AmbiStory-test-723,5,3,0.0,1.84,not uncertain
AmbiStory,labelled,single_hedge,AmbiStory-test-724,5,4,0.2475,2.16,not uncertain
AmbiStory,labelled,single_hedge,AmbiStory-test-725,5,3,0.0,1.7600000000000002,not uncertain
AmbiStory,labelled,single_hedge,AmbiStory-test-726,5,5,0.0475,0.0,not uncertain
AmbiStory,labelled,single_hedge,AmbiStory-test-727,2,2,0.0475,2.16,not uncertain
AmbiStory,labelled,single_hedge,AmbiStory-test-728,1,2,0.1275,1.8400000000000003,not uncertain
AmbiStory,labelled,single_hedge,AmbiStory-test-729,5,4,0.0,1.0400000000000005,not uncertain
AmbiStory,labelled,single_hedge,AmbiStory-test-730,4,4,0.24,0.5599999999999999,not uncertain
AmbiStory,labelled,single_hedge,AmbiStory-test-731,4,2,0.86,0.9600000000000002,somewhat uncertain
AmbiStory,labelled,single_hedge,AmbiStory-test-732,5,4,0.0,1.36,not uncertain
AmbiStory,labelled,single_hedge,AmbiStory-test-733,2,2,0.3475,0.96,somewhat uncertain
AmbiStory,labelled,single_hedge,AmbiStory-test-734,5,3,1.21,2.64,not uncertain
AmbiStory,labelled,single_hedge,AmbiStory-test-735,5,4,0.1275,1.84,not uncertain
AmbiStory,labelled,single_hedge,AmbiStory-test-736,5,3,0.09,2.0,not uncertain
AmbiStory,labelled,single_hedge,AmbiStory-test-737,1,4,0.7474999999999999,0.1599999999999999,not uncertain
AmbiStory,labelled,single_hedge,AmbiStory-test-738,5,5,0.0,0.0,not uncertain
AmbiStory,labelled,single_hedge,AmbiStory-test-739,1,1,0.09,0.16,not uncertain
AmbiStory,labelled,single_hedge,AmbiStory-test-740,1,2,3.49,0.64,not uncertain
AmbiStory,labelled,single_hedge,AmbiStory-test-741,5,5,0.0,0.0,not uncertain
AmbiStory,labelled,single_hedge,AmbiStory-test-742,5,4,0.0,0.8,not uncertain
AmbiStory,labelled,single_hedge,AmbiStory-test-743,4,2,2.8275,0.4,somewhat uncertain
AmbiStory,labelled,single_hedge,AmbiStory-test-744,5,5,0.0,0.0,not uncertain
AmbiStory,labelled,single_hedge,AmbiStory-test-745,1,1,0.0,0.16,not uncertain
AmbiStory,labelled,single_hedge,AmbiStory-test-746,5,5,0.0,0.0,not uncertain
AmbiStory,labelled,single_hedge,AmbiStory-test-747,1,1,0.0,0.0,not uncertain
AmbiStory,labelled,single_hedge,AmbiStory-test-748,5,5,0.0,0.24,not uncertain
AmbiStory,labelled,single_hedge,AmbiStory-test-749,1,1,0.0,0.16,not uncertain
AmbiStory,labelled,single_hedge,AmbiStory-test-750,1,2,0.0,0.96,not uncertain
AmbiStory,labelled,single_hedge,AmbiStory-test-751,5,4,0.0,0.96,not uncertain
AmbiStory,labelled,single_hedge,AmbiStory-test-752,1,1,0.0,0.0,not uncertain
AmbiStory,labelled,single_hedge,AmbiStory-test-753,5,5,0.0,0.0,not uncertain
AmbiStory,labelled,single_hedge,AmbiStory-test-754,1,2,0.0,1.2,not uncertain
AmbiStory,labelled,single_hedge,AmbiStory-test-755,5,4,0.0,0.6399999999999999,not uncertain
AmbiStory,labelled,single_hedge,AmbiStory-test-756,5,5,0.0,0.24,not uncertain
AmbiStory,labelled,single_hedge,AmbiStory-test-757,1,1,0.0,0.16,not uncertain
AmbiStory,labelled,single_hedge,AmbiStory-test-758,1,1,0.4475,0.24,not uncertain
AmbiStory,labelled,single_hedge,AmbiStory-test-759,5,5,0.0,0.24,not uncertain
AmbiStory,labelled,single_hedge,AmbiStory-test-760,5,2,0.1275,0.4,not uncertain
AmbiStory,labelled,single_hedge,AmbiStory-test-761,2,4,0.45,0.5599999999999999,not uncertain
AmbiStory,labelled,single_hedge,AmbiStory-test-762,5,4,0.0,1.36,not uncertain
AmbiStory,labelled,single_hedge,AmbiStory-test-763,1,1,0.0,0.24,not uncertain
AmbiStory,labelled,single_hedge,AmbiStory-test-764,5,4,0.0,1.36,not uncertain
AmbiStory,labelled,single_hedge,AmbiStory-test-765,1,1,0.0,0.16,not uncertain
AmbiStory,labelled,single_hedge,AmbiStory-test-766,5,4,0.0,0.8,not uncertain
AmbiStory,labelled,single_hedge,AmbiStory-test-767,1,1,0.0,0.24,not uncertain
AmbiStory,labelled,single_hedge,AmbiStory-test-768,5,3,0.0475,2.0,highly uncertain
AmbiStory,labelled,single_hedge,AmbiStory-test-769,1,2,0.0,0.64,not uncertain
AmbiStory,labelled,single_hedge,AmbiStory-test-770,1,3,0.3875,0.64,not uncertain
AmbiStory,labelled,single_hedge,AmbiStory-test-771,5,5,0.0,0.6399999999999999,not uncertain
AmbiStory,labelled,single_hedge,AmbiStory-test-772,5,3,0.09,0.5599999999999999,not uncertain
AmbiStory,labelled,single_hedge,AmbiStory-test-773,1,4,0.91,0.64,not uncertain
AmbiStory,labelled,single_hedge,AmbiStory-test-774,4,3,1.1275,1.36,somewhat uncertain
AmbiStory,labelled,single_hedge,AmbiStory-test-775,5,2,0.0,1.4400000000000002,highly uncertain
AmbiStory,labelled,single_hedge,AmbiStory-test-776,5,2,1.36,1.2,highly uncertain
AmbiStory,labelled,single_hedge,AmbiStory-test-777,1,2,0.0,1.36,not uncertain
AmbiStory,labelled,single_hedge,AmbiStory-test-778,1,3,2.46,2.8,not uncertain
AmbiStory,labelled,single_hedge,AmbiStory-test-779,1,2,0.0,0.64,not uncertain
AmbiStory,labelled,single_hedge,AmbiStory-test-780,5,5,0.0475,0.1599999999999999,not uncertain
AmbiStory,labelled,single_hedge,AmbiStory-test-781,1,1,0.09,0.16,not uncertain
AmbiStory,labelled,single_hedge,AmbiStory-test-782,1,3,0.0,0.64,not uncertain
AmbiStory,labelled,single_hedge,AmbiStory-test-783,5,5,0.2274999999999999,0.0,not uncertain
AmbiStory,labelled,single_hedge,AmbiStory-test-784,1,4,1.61,1.04,not uncertain
AmbiStory,labelled,single_hedge,AmbiStory-test-785,4,3,0.9275,0.64,not uncertain
AmbiStory,labelled,single_hedge,AmbiStory-test-786,5,4,0.1275,1.36,not uncertain
AmbiStory,labelled,single_hedge,AmbiStory-test-787,4,4,2.19,2.16,highly uncertain
AmbiStory,labelled,single_hedge,AmbiStory-test-788,1,2,0.6475,2.5600000000000005,highly uncertain
AmbiStory,labelled,single_hedge,AmbiStory-test-789,5,4,0.1275,0.5599999999999999,not uncertain
AmbiStory,labelled,single_hedge,AmbiStory-test-790,1,1,1.8,0.16,not uncertain
AmbiStory,labelled,single_hedge,AmbiStory-test-791,5,5,0.1275,0.1599999999999999,not uncertain
AmbiStory,labelled,single_hedge,AmbiStory-test-792,1,3,2.5275000000000003,2.56,not uncertain
AmbiStory,labelled,single_hedge,AmbiStory-test-793,4,3,0.2274999999999999,2.472222222222222,somewhat uncertain
AmbiStory,labelled,single_hedge,AmbiStory-test-794,4,2,1.45,0.24,highly uncertain
AmbiStory,labelled,single_hedge,AmbiStory-test-795,5,4,0.0475,1.0400000000000005,not uncertain
AmbiStory,labelled,single_hedge,AmbiStory-test-796,5,2,0.8099999999999999,2.24,highly uncertain
AmbiStory,labelled,single_hedge,AmbiStory-test-797,5,5,0.09,0.1599999999999999,not uncertain
AmbiStory,labelled,single_hedge,AmbiStory-test-798,5,2,0.0,0.56,not uncertain
AmbiStory,labelled,single_hedge,AmbiStory-test-799,1,4,1.45,0.4,not uncertain
AmbiStory,labelled,single_hedge,AmbiStory-test-800,5,2,0.0,0.56,not uncertain
AmbiStory,labelled,single_hedge,AmbiStory-test-801,5,3,0.09,1.44,highly uncertain
AmbiStory,labelled,single_hedge,AmbiStory-test-802,5,2,0.0,0.96,not uncertain
AmbiStory,labelled,single_hedge,AmbiStory-test-803,5,3,0.09,1.0400000000000005,not uncertain
AmbiStory,labelled,single_hedge,AmbiStory-test-804,1,1,3.49,0.16,not uncertain
AmbiStory,labelled,single_hedge,AmbiStory-test-805,5,4,0.0,0.5599999999999999,not uncertain
AmbiStory,labelled,single_hedge,AmbiStory-test-806,1,2,0.76,0.24,not uncertain
AmbiStory,labelled,single_hedge,AmbiStory-test-807,5,4,0.0,1.36,not uncertain
AmbiStory,labelled,single_hedge,AmbiStory-test-808,1,2,0.0475,0.24,not uncertain
AmbiStory,labelled,single_hedge,AmbiStory-test-809,5,4,0.0,0.8,not uncertain
AmbiStory,labelled,single_hedge,AmbiStory-test-810,5,5,0.0,0.1599999999999999,not uncertain
AmbiStory,labelled,single_hedge,AmbiStory-test-811,5,2,0.0,2.5600000000000005,not uncertain
AmbiStory,labelled,single_hedge,AmbiStory-test-812,1,2,0.0,0.56,not uncertain
AmbiStory,labelled,single_hedge,AmbiStory-test-813,5,4,2.6900000000000004,1.44,not uncertain
AmbiStory,labelled,single_hedge,AmbiStory-test-814,1,1,0.0,0.24,not uncertain
AmbiStory,labelled,single_hedge,AmbiStory-test-815,5,5,2.3275,0.1599999999999999,not uncertain
AmbiStory,labelled,single_hedge,AmbiStory-test-816,5,5,0.0,0.6399999999999999,not uncertain
AmbiStory,labelled,single_hedge,AmbiStory-test-817,5,3,0.0,1.7600000000000002,not uncertain
AmbiStory,labelled,single_hedge,AmbiStory-test-818,1,3,0.0,2.16,not uncertain
AmbiStory,labelled,single_hedge,AmbiStory-test-819,5,4,0.0,1.84,not uncertain
AmbiStory,labelled,single_hedge,AmbiStory-test-820,1,3,1.7475,1.84,not uncertain
AmbiStory,labelled,single_hedge,AmbiStory-test-821,5,4,0.0,0.96,not uncertain
AmbiStory,labelled,single_hedge,AmbiStory-test-822,1,2,0.0,0.64,not uncertain
AmbiStory,labelled,single_hedge,AmbiStory-test-823,5,5,0.0,0.6399999999999999,not uncertain
AmbiStory,labelled,single_hedge,AmbiStory-test-824,1,2,0.0475,0.64,not uncertain
AmbiStory,labelled,single_hedge,AmbiStory-test-825,5,5,0.0,0.1599999999999999,not uncertain
AmbiStory,labelled,single_hedge,AmbiStory-test-826,1,2,0.21,0.24,not uncertain
AmbiStory,labelled,single_hedge,AmbiStory-test-827,5,4,0.0,2.16,not uncertain
AmbiStory,labelled,single_hedge,AmbiStory-test-828,5,4,0.0,1.6,not uncertain
AmbiStory,labelled,single_hedge,AmbiStory-test-829,5,4,0.0,2.560000000000001,not uncertain
AmbiStory,labelled,single_hedge,AmbiStory-test-830,5,4,0.1875,0.96,not uncertain
AmbiStory,labelled,single_hedge,AmbiStory-test-831,5,3,0.0,2.64,not uncertain
AmbiStory,labelled,single_hedge,AmbiStory-test-832,4,3,2.4275,1.04,not uncertain
AmbiStory,labelled,single_hedge,AmbiStory-test-833,5,4,0.0,0.4,not uncertain
AmbiStory,labelled,single_hedge,AmbiStory-test-834,4,2,1.36,0.4,somewhat uncertain
AmbiStory,labelled,single_hedge,AmbiStory-test-835,4,4,0.21,1.36,somewhat uncertain
AmbiStory,labelled,single_hedge,AmbiStory-test-836,1,3,0.21,2.16,highly uncertain
AmbiStory,labelled,single_hedge,AmbiStory-test-837,5,5,0.0475,0.1599999999999999,not uncertain
AmbiStory,labelled,single_hedge,AmbiStory-test-838,5,3,0.7875,2.64,highly uncertain
AmbiStory,labelled,single_hedge,AmbiStory-test-839,5,5,0.0,0.1599999999999999,not uncertain
AmbiStory,labelled,single_hedge,AmbiStory-test-840,4,3,0.71,1.44,somewhat uncertain
AmbiStory,labelled,single_hedge,AmbiStory-test-841,5,4,0.1275,0.64,somewhat uncertain
AmbiStory,labelled,single_hedge,AmbiStory-test-842,1,2,0.0,0.16,not uncertain
AmbiStory,labelled,single_hedge,AmbiStory-test-843,5,4,0.1275,0.64,not uncertain
AmbiStory,labelled,single_hedge,AmbiStory-test-844,1,2,0.0,0.56,not uncertain
AmbiStory,labelled,single_hedge,AmbiStory-test-845,5,3,0.1599999999999999,1.6,not uncertain
AmbiStory,labelled,single_hedge,AmbiStory-test-846,5,4,0.31,0.4,not uncertain
AmbiStory,labelled,single_hedge,AmbiStory-test-847,1,2,0.8100000000000002,0.6400000000000002,highly uncertain
AmbiStory,labelled,single_hedge,AmbiStory-test-848,1,1,0.0,0.16,not uncertain
AmbiStory,labelled,single_hedge,AmbiStory-test-849,5,5,0.0475,0.24,not uncertain
AmbiStory,labelled,single_hedge,AmbiStory-test-850,1,2,0.91,1.2,not uncertain
AmbiStory,labelled,single_hedge,AmbiStory-test-851,5,4,0.8400000000000001,0.4,not uncertain
AmbiStory,labelled,single_hedge,AmbiStory-test-852,4,3,1.7900000000000005,1.0400000000000005,highly uncertain
AmbiStory,labelled,single_hedge,AmbiStory-test-853,1,2,2.05,0.4,not uncertain
AmbiStory,labelled,single_hedge,AmbiStory-test-854,4,2,0.5475,1.84,somewhat uncertain
AmbiStory,labelled,single_hedge,AmbiStory-test-855,4,3,0.6475,2.56,somewhat uncertain
AmbiStory,labelled,single_hedge,AmbiStory-test-856,4,3,0.19,1.04,somewhat uncertain
AmbiStory,labelled,single_hedge,AmbiStory-test-857,5,2,0.1599999999999999,1.36,highly uncertain
AmbiStory,labelled,single_hedge,AmbiStory-test-858,5,4,2.5475,1.44,highly uncertain
AmbiStory,labelled,single_hedge,AmbiStory-test-859,4,1,0.1875,0.64,not uncertain
AmbiStory,labelled,single_hedge,AmbiStory-test-860,1,3,1.2475,0.64,not uncertain
AmbiStory,labelled,single_hedge,AmbiStory-test-861,4,1,1.16,0.24,somewhat uncertain
AmbiStory,labelled,single_hedge,AmbiStory-test-862,1,3,2.1475,2.8,not uncertain
AmbiStory,labelled,single_hedge,AmbiStory-test-863,5,2,1.7100000000000002,1.8400000000000003,not uncertain
AmbiStory,labelled,single_hedge,AmbiStory-test-864,1,1,0.16,0.24,not uncertain
AmbiStory,labelled,single_hedge,AmbiStory-test-865,4,5,0.21,0.0,not uncertain
AmbiStory,labelled,single_hedge,AmbiStory-test-866,1,1,0.1275,0.16,not uncertain
AmbiStory,labelled,single_hedge,AmbiStory-test-867,5,5,0.25,0.24,not uncertain
AmbiStory,labelled,single_hedge,AmbiStory-test-868,1,1,0.0475,0.16,not uncertain
AmbiStory,labelled,single_hedge,AmbiStory-test-869,5,5,0.1875,0.24,not uncertain
AmbiStory,labelled,single_hedge,AmbiStory-test-870,5,5,0.0,0.6399999999999999,not uncertain
AmbiStory,labelled,single_hedge,AmbiStory-test-871,1,1,0.0,0.16,not uncertain
AmbiStory,labelled,single_hedge,AmbiStory-test-872,5,3,0.0,0.1599999999999999,not uncertain
AmbiStory,labelled,single_hedge,AmbiStory-test-873,1,1,0.0,0.0,not uncertain
AmbiStory,labelled,single_hedge,AmbiStory-test-874,5,5,0.0,0.1599999999999999,not uncertain
AmbiStory,labelled,single_hedge,AmbiStory-test-875,1,1,0.0,0.0,not uncertain
AmbiStory,labelled,single_hedge,AmbiStory-test-876,2,4,0.99,0.4,not uncertain
AmbiStory,labelled,single_hedge,AmbiStory-test-877,1,2,0.16,1.8400000000000003,not uncertain
AmbiStory,labelled,single_hedge,AmbiStory-test-878,4,3,2.0275000000000003,2.16,somewhat uncertain
AmbiStory,labelled,single_hedge,AmbiStory-test-879,2,2,0.3275,1.44,not uncertain
AmbiStory,labelled,single_hedge,AmbiStory-test-880,1,4,0.4875,0.96,not uncertain
AmbiStory,labelled,single_hedge,AmbiStory-test-881,1,2,0.0475,1.84,not uncertain
AmbiStory,labelled,single_hedge,AmbiStory-test-882,4,4,2.45,1.44,somewhat uncertain
AmbiStory,labelled,single_hedge,AmbiStory-test-883,1,2,0.0,3.04,not uncertain
AmbiStory,labelled,single_hedge,AmbiStory-test-884,5,5,0.1275,0.1599999999999999,not uncertain
AmbiStory,labelled,single_hedge,AmbiStory-test-885,1,1,0.0,0.16,not uncertain
AmbiStory,labelled,single_hedge,AmbiStory-test-886,4,5,1.8400000000000003,0.6399999999999999,not uncertain
AmbiStory,labelled,single_hedge,AmbiStory-test-887,1,2,1.7875,0.56,not uncertain
AmbiStory,labelled,single_hedge,AmbiStory-test-888,5,5,0.0,0.0,not uncertain
AmbiStory,labelled,single_hedge,AmbiStory-test-889,1,2,1.5275,0.64,not uncertain
AmbiStory,labelled,single_hedge,AmbiStory-test-890,4,3,0.7275,0.96,somewhat uncertain
AmbiStory,labelled,single_hedge,AmbiStory-test-891,4,3,0.24,0.24,somewhat uncertain
AmbiStory,labelled,single_hedge,AmbiStory-test-892,5,4,0.0475,0.8,not uncertain
AmbiStory,labelled,single_hedge,AmbiStory-test-893,1,3,1.2475,1.36,not uncertain
AmbiStory,labelled,single_hedge,AmbiStory-test-894,5,3,0.0475,0.5599999999999999,not uncertain
AmbiStory,labelled,single_hedge,AmbiStory-test-895,3,2,1.0475,0.8,somewhat uncertain
AmbiStory,labelled,single_hedge,AmbiStory-test-896,4,2,0.51,0.56,somewhat uncertain
AmbiStory,labelled,single_hedge,AmbiStory-test-897,3,4,1.2475,1.0400000000000005,somewhat uncertain
AmbiStory,labelled,single_hedge,AmbiStory-test-898,5,2,0.1275,0.64,not uncertain
AmbiStory,labelled,single_hedge,AmbiStory-test-899,4,3,1.4600000000000002,0.96,somewhat uncertain
AmbiStory,labelled,single_hedge,AmbiStory-test-900,1,2,0.1875,0.5599999999999999,not uncertain
AmbiStory,labelled,single_hedge,AmbiStory-test-901,4,5,0.2274999999999999,0.1599999999999999,not uncertain
AmbiStory,labelled,single_hedge,AmbiStory-test-902,1,2,0.0,0.56,not uncertain
AmbiStory,labelled,single_hedge,AmbiStory-test-903,5,5,0.0,0.1599999999999999,not uncertain
AmbiStory,labelled,single_hedge,AmbiStory-test-904,1,2,0.0,1.2,not uncertain
AmbiStory,labelled,single_hedge,AmbiStory-test-905,5,4,0.2274999999999999,0.0,not uncertain
AmbiStory,labelled,single_hedge,AmbiStory-test-906,5,5,0.0,0.6399999999999999,not uncertain
AmbiStory,labelled,single_hedge,AmbiStory-test-907,2,1,0.39,0.16,not uncertain
AmbiStory,labelled,single_hedge,AmbiStory-test-908,5,3,0.0475,0.5599999999999999,not uncertain
AmbiStory,labelled,single_hedge,AmbiStory-test-909,4,3,0.0475,1.6,somewhat uncertain
AmbiStory,labelled,single_hedge,AmbiStory-test-910,5,3,0.0,0.8,not uncertain
AmbiStory,labelled,single_hedge,AmbiStory-test-911,1,2,0.0475,0.8,not uncertain
AmbiStory,labelled,single_hedge,AmbiStory-test-912,5,3,0.0,0.96,not uncertain
AmbiStory,labelled,single_hedge,AmbiStory-test-913,5,3,0.8400000000000001,2.64,not uncertain
AmbiStory,labelled,single_hedge,AmbiStory-test-914,1,2,0.0,2.4,not uncertain
AmbiStory,labelled,single_hedge,AmbiStory-test-915,5,4,0.0,0.64,not uncertain
AmbiStory,labelled,single_hedge,AmbiStory-test-916,1,3,0.0,2.0,not uncertain
AmbiStory,labelled,single_hedge,AmbiStory-test-917,5,5,0.0,0.1599999999999999,not uncertain
AmbiStory,labelled,single_hedge,AmbiStory-test-918,5,4,0.0,1.36,not uncertain
AmbiStory,labelled,single_hedge,AmbiStory-test-919,5,2,0.0,0.4,highly uncertain
AmbiStory,labelled,single_hedge,AmbiStory-test-920,5,5,0.0,0.6399999999999999,not uncertain
AmbiStory,labelled,single_hedge,AmbiStory-test-921,1,2,2.74,0.64,not uncertain
AmbiStory,labelled,single_hedge,AmbiStory-test-922,5,4,0.0,0.96,not uncertain
AmbiStory,labelled,single_hedge,AmbiStory-test-923,5,3,0.0,0.4,not uncertain
AmbiStory,labelled,single_hedge,AmbiStory-test-924,5,1,0.0,0.0,not uncertain
AmbiStory,labelled,single_hedge,AmbiStory-test-925,2,4,1.01,1.2,not uncertain
AmbiStory,labelled,single_hedge,AmbiStory-test-926,5,1,0.0,0.16,not uncertain
AmbiStory,labelled,single_hedge,AmbiStory-test-927,1,3,1.4875,2.222222222222222,not uncertain
AmbiStory,labelled,single_hedge,AmbiStory-test-928,5,2,0.0475,1.36,highly uncertain
AmbiStory,labelled,single_hedge,AmbiStory-test-929,2,4,1.3,0.96,not uncertain
AmbiStory,labelled,reclassify,AmbiStory-test-0,5,4,0.0,1.6,not uncertain
AmbiStory,labelled,reclassify,AmbiStory-test-1,1,2,0.65,1.2,not uncertain
AmbiStory,labelled,reclassify,AmbiStory-test-2,5,3,0.0,0.5599999999999999,not uncertain
AmbiStory,labelled,reclassify,AmbiStory-test-3,3,3,1.91,1.44,not uncertain
AmbiStory,labelled,reclassify,AmbiStory-test-4,5,3,0.0,1.84,not uncertain
AmbiStory,labelled,reclassify,AmbiStory-test-5,4,2,2.09,0.56,not uncertain
AmbiStory,labelled,reclassify,AmbiStory-test-6,1,3,2.31,0.96,not uncertain
AmbiStory,labelled,reclassify,AmbiStory-test-7,1,4,0.54,1.36,not uncertain
AmbiStory,labelled,reclassify,AmbiStory-test-8,1,1,0.8474999999999999,0.24,not uncertain
AmbiStory,labelled,reclassify,AmbiStory-test-9,1,4,0.9275,2.16,not uncertain
AmbiStory,labelled,reclassify,AmbiStory-test-10,4,1,1.5,0.24,not uncertain
AmbiStory,labelled,reclassify,AmbiStory-test-11,2,5,0.35,0.1599999999999999,not uncertain
AmbiStory,labelled,reclassify,AmbiStory-test-12,5,4,0.0,0.5599999999999999,not uncertain
AmbiStory,labelled,reclassify,AmbiStory-test-13,1,3,0.24,2.64,not uncertain
AmbiStory,labelled,reclassify,AmbiStory-test-14,5,1,3.24,0.24,not uncertain
AmbiStory,labelled,reclassify,AmbiStory-test-15,5,4,0.0,2.56,not uncertain
AmbiStory,labelled,reclassify,AmbiStory-test-16,5,3,0.0,0.5599999999999999,not uncertain
AmbiStory,labelled,reclassify,AmbiStory-test-17,1,4,0.1275,0.64,not uncertain
AmbiStory,labelled,reclassify,AmbiStory-test-18,5,5,0.0,0.0,not uncertain
AmbiStory,labelled,reclassify,AmbiStory-test-19,5,3,0.0,2.64,not uncertain
AmbiStory,labelled,reclassify,AmbiStory-test-20,5,5,0.0,0.0,not uncertain
AmbiStory,labelled,reclassify,AmbiStory-test-21,5,3,0.1599999999999999,0.96,not uncertain
AmbiStory,labelled,reclassify,AmbiStory-test-22,5,5,0.0,0.1599999999999999,not uncertain
AmbiStory,labelled,reclassify,AmbiStory-test-23,5,4,0.0475,2.56,not uncertain
AmbiStory,labelled,reclassify,AmbiStory-test-24,5,5,0.0475,0.0,not uncertain
AmbiStory,labelled,reclassify,AmbiStory-test-25,1,2,0.0,1.2,not uncertain
AmbiStory,labelled,reclassify,AmbiStory-test-26,5,4,0.0,0.96,not uncertain
AmbiStory,labelled,reclassify,AmbiStory-test-27,1,2,0.0,0.56,not uncertain
AmbiStory,labelled,reclassify,AmbiStory-test-28,5,4,0.0,0.6399999999999999,not uncertain
AmbiStory,labelled,reclassify,AmbiStory-test-29,1,2,0.0,0.64,not uncertain
AmbiStory,labelled,reclassify,AmbiStory-test-30,5,2,0.1275,0.8,not uncertain
AmbiStory,labelled,reclassify,AmbiStory-test-31,5,4,0.0,0.6399999999999999,not uncertain
AmbiStory,labelled,reclassify,AmbiStory-test-32,4,3,0.2274999999999999,2.24,not uncertain
AmbiStory,labelled,reclassify,AmbiStory-test-33,5,4,0.0,0.1599999999999999,not uncertain
AmbiStory,labelled,reclassify,AmbiStory-test-34,5,3,0.0,0.96,not uncertain
AmbiStory,labelled,reclassify,AmbiStory-test-35,5,4,0.0,0.96,not uncertain
AmbiStory,labelled,reclassify,AmbiStory-test-36,4,3,0.2274999999999999,0.24,not uncertain
AmbiStory,labelled,reclassify,AmbiStory-test-37,5,3,0.0,1.6,not uncertain
AmbiStory,labelled,reclassify,AmbiStory-test-38,4,2,2.1275,1.84,not uncertain
AmbiStory,labelled,reclassify,AmbiStory-test-39,5,4,0.0,1.44,not uncertain
AmbiStory,labelled,reclassify,AmbiStory-test-40,4,3,1.5275,1.84,not uncertain
AmbiStory,labelled,reclassify,AmbiStory-test-41,5,4,0.0,1.36,not uncertain
AmbiStory,labelled,reclassify,AmbiStory-test-42,1,2,0.09,0.1599999999999999,not uncertain
AmbiStory,labelled,reclassify,AmbiStory-test-43,5,4,0.1875,0.4,not uncertain
AmbiStory,labelled,reclassify,AmbiStory-test-44,1,3,0.09,2.24,not uncertain
AmbiStory,labelled,reclassify,AmbiStory-test-45,5,4,0.0,1.0400000000000005,not uncertain
AmbiStory,labelled,reclassify,AmbiStory-test-46,1,3,0.0475,0.96,not uncertain
AmbiStory,labelled,reclassify,AmbiStory-test-47,5,4,0.09,0.8,not uncertain
AmbiStory,labelled,reclassify,AmbiStory-test-48,5,4,0.0,2.1600000000000006,not uncertain
AmbiStory,labelled,reclassify,AmbiStory-test-49,4,2,0.5599999999999999,2.24,not uncertain
AmbiStory,labelled,reclassify,AmbiStory-test-50,3,2,1.2275,0.24,not uncertain
AmbiStory,labelled,reclassify,AmbiStory-test-51,5,4,0.0,1.36,not uncertain
AmbiStory,labelled,reclassify,AmbiStory-test-52,3,2,0.71,2.16,not uncertain
AmbiStory,labelled,reclassify,AmbiStory-test-53,5,5,0.25,0.24,not uncertain
AmbiStory,labelled,reclassify,AmbiStory-test-54,5,3,0.24,1.04,not uncertain
AmbiStory,labelled,reclassify,AmbiStory-test-55,4,3,0.1875,0.96,not uncertain
AmbiStory,labelled,reclassify,AmbiStory-test-56,4,2,0.24,0.64,not uncertain
AmbiStory,labelled,reclassify,AmbiStory-test-57,5,5,0.0,0.0,not uncertain
AmbiStory,labelled,reclassify,AmbiStory-test-58,5,2,0.1599999999999999,1.36,not uncertain
AmbiStory,labelled,reclassify,AmbiStory-test-59,5,5,0.0,0.24,not uncertain
AmbiStory,labelled,reclassify,AmbiStory-test-60,5,5,0.0,0.0,not uncertain
AmbiStory,labelled,reclassify,AmbiStory-test-61,1,1,0.0,0.0,not uncertain
AmbiStory,labelled,reclassify,AmbiStory-test-62,1,1,2.6275000000000004,0.0,not uncertain
AmbiStory,labelled,reclassify,AmbiStory-test-63,4,3,0.09,3.8400000000000007,not uncertain
AmbiStory,labelled,reclassify,AmbiStory-test-64,5,4,0.0,2.56,not uncertain
AmbiStory,labelled,reclassify,AmbiStory-test-65,1,2,0.16,1.36,not uncertain
AmbiStory,labelled,reclassify,AmbiStory-test-66,4,3,2.0275,2.16,not uncertain
AmbiStory,labelled,reclassify,AmbiStory-test-67,1,2,0.09,0.56,not uncertain
AmbiStory,labelled,reclassify,AmbiStory-test-68,1,1,0.0,0.16,not uncertain
AmbiStory,labelled,reclassify,AmbiStory-test-69,5,5,0.0,0.0,not uncertain
AmbiStory,labelled,reclassify,AmbiStory-test-70,1,2,0.0,1.36,not uncertain
AmbiStory,labelled,reclassify,AmbiStory-test-71,1,3,0.26,1.0400000000000005,not uncertain
AmbiStory,labelled,reclassify,AmbiStory-test-72,5,3,0.0,2.16,not uncertain
AmbiStory,labelled,reclassify,AmbiStory-test-73,1,3,0.55,2.0,not uncertain
AmbiStory,labelled,reclassify,AmbiStory-test-74,5,2,0.0,1.4400000000000002,not uncertain
AmbiStory,labelled,reclassify,AmbiStory-test-75,5,4,0.0,1.36,not uncertain
AmbiStory,labelled,reclassify,AmbiStory-test-76,5,3,3.6475,1.4400000000000002,not uncertain
AmbiStory,labelled,reclassify,AmbiStory-test-77,5,4,0.0,0.6399999999999999,not uncertain
AmbiStory,labelled,reclassify,AmbiStory-test-78,5,4,0.0,1.6,not uncertain
AmbiStory,labelled,reclassify,AmbiStory-test-79,4,2,0.1875,0.96,not uncertain
AmbiStory,labelled,reclassify,AmbiStory-test-80,5,3,3.55,0.1599999999999999,not uncertain
AmbiStory,labelled,reclassify,AmbiStory-test-81,5,4,0.0,0.24,not uncertain
AmbiStory,labelled,reclassify,AmbiStory-test-82,1,2,1.9275,0.8,not uncertain
AmbiStory,labelled,reclassify,AmbiStory-test-83,5,4,0.09,1.2,not uncertain
AmbiStory,labelled,reclassify,AmbiStory-test-84,1,2,0.16,0.8,not uncertain
AmbiStory,labelled,reclassify,AmbiStory-test-85,5,5,0.0475,0.6399999999999999,not uncertain
AmbiStory,labelled,reclassify,AmbiStory-test-86,5,2,3.4275,0.16,not uncertain
AmbiStory,labelled,reclassify,AmbiStory-test-87,5,4,0.0475,0.5599999999999999,not uncertain
AmbiStory,labelled,reclassify,AmbiStory-test-88,1,2,0.3399999999999999,0.4,not uncertain
AmbiStory,labelled,reclassify,AmbiStory-test-89,5,4,0.0475,0.5599999999999999,not uncertain
AmbiStory,labelled,reclassify,AmbiStory-test-90,5,3,0.1599999999999999,1.6,not uncertain
AmbiStory,labelled,reclassify,AmbiStory-test-91,1,3,0.3399999999999999,2.16,not uncertain
AmbiStory,labelled,reclassify,AmbiStory-test-92,4,2,0.2475,0.64,not uncertain
AmbiStory,labelled,reclassify,AmbiStory-test-93,1,4,0.4875,0.5599999999999999,not uncertain
AmbiStory,labelled,reclassify,AmbiStory-test-94,5,1,0.2475,0.16,not uncertain
AmbiStory,labelled,reclassify,AmbiStory-test-95,4,4,1.31,0.96,not uncertain
AmbiStory,labelled,reclassify,AmbiStory-test-96,5,5,0.0,0.24,not uncertain
AmbiStory,labelled,reclassify,AmbiStory-test-97,5,3,2.04,2.472222222222222,not uncertain
AmbiStory,labelled,reclassify,AmbiStory-test-98,5,4,0.0,0.5599999999999999,not uncertain
AmbiStory,labelled,reclassify,AmbiStory-test-99,5,3,3.4875,0.4,not uncertain
AmbiStory,labelled,reclassify,AmbiStory-test-100,5,3,0.0,1.36,not uncertain
AmbiStory,labelled,reclassify,AmbiStory-test-101,5,4,0.76,1.4400000000000002,not uncertain
AmbiStory,labelled,reclassify,AmbiStory-test-102,5,4,0.0,0.96,not uncertain
AmbiStory,labelled,reclassify,AmbiStory-test-103,5,1,0.0,0.16,not uncertain
AmbiStory,labelled,reclassify,AmbiStory-test-104,1,2,0.9475,0.24,not uncertain
AmbiStory,labelled,reclassify,AmbiStory-test-105,5,5,0.0,0.1599999999999999,not uncertain
AmbiStory,labelled,reclassify,AmbiStory-test-106,5,3,0.0475,0.5599999999999999,not uncertain
AmbiStory,labelled,reclassify,AmbiStory-test-107,5,3,0.0,2.24,not uncertain
AmbiStory,labelled,reclassify,AmbiStory-test-108,5,5,0.0,0.1599999999999999,not uncertain
AmbiStory,labelled,reclassify,AmbiStory-test-109,1,1,0.76,0.0,not uncertain
AmbiStory,labelled,reclassify,AmbiStory-test-110,5,4,0.0,0.5599999999999999,not uncertain
AmbiStory,labelled,reclassify,AmbiStory-test-111,5,1,0.76,0.24,not uncertain
AmbiStory,labelled,reclassify,AmbiStory-test-112,5,4,0.0,1.36,not uncertain
AmbiStory,labelled,reclassify,AmbiStory-test-113,5,1,2.06,0.16,not uncertain
AmbiStory,labelled,reclassify,AmbiStory-test-114,5,5,0.0,0.0,not uncertain
AmbiStory,labelled,reclassify,AmbiStory-test-115,1,2,0.0,2.5600000000000005,not uncertain
AmbiStory,labelled,reclassify,AmbiStory-test-116,5,3,0.0,2.64,not uncertain
AmbiStory,labelled,reclassify,AmbiStory-test-117,5,3,0.0,3.2,not uncertain
AmbiStory,labelled,reclassify,AmbiStory-test-118,5,5,0.0,0.1599999999999999,not uncertain
AmbiStory,labelled,reclassify,AmbiStory-test-119,1,1,0.0,0.24,not uncertain
AmbiStory,labelled,reclassify,AmbiStory-test-120,5,4,0.0,0.4,not uncertain
AmbiStory,labelled,reclassify,AmbiStory-test-121,1,4,0.4475,0.5599999999999999,not uncertain
AmbiStory,labelled,reclassify,AmbiStory-test-122,5,4,0.0,0.64,not uncertain
AmbiStory,labelled,reclassify,AmbiStory-test-123,1,3,0.2475,0.5599999999999999,not uncertain
AmbiStory,labelled,reclassify,AmbiStory-test-124,5,3,0.0,1.8400000000000003,not uncertain
AmbiStory,labelled,reclassify,AmbiStory-test-125,4,3,0.91,1.8400000000000003,not uncertain
AmbiStory,labelled,reclassify,AmbiStory-test-126,4,3,0.8275,0.888888888888889,not uncertain
AmbiStory,labelled,reclassify,AmbiStory-test-127,2,3,0.39,1.36,not uncertain
AmbiStory,labelled,reclassify,AmbiStory-test-128,1,2,0.2274999999999999,0.64,not uncertain
AmbiStory,labelled,reclassify,AmbiStory-test-129,4,3,0.3275,2.56,not uncertain
AmbiStory,labelled,reclassify,AmbiStory-test-130,1,1,0.0,0.24,not uncertain
AmbiStory,labelled,reclassify,AmbiStory-test-131,2,3,0.44,2.16,not uncertain
AmbiStory,labelled,reclassify,AmbiStory-test-132,5,5,0.0,0.0,not uncertain
AmbiStory,labelled,reclassify,AmbiStory-test-133,1,1,0.0,0.24,not uncertain
AmbiStory,labelled,reclassify,AmbiStory-test-134,5,3,0.7875,1.84,not uncertain
AmbiStory,labelled,reclassify,AmbiStory-test-135,5,4,3.64,0.8,not uncertain
AmbiStory,labelled,reclassify,AmbiStory-test-136,5,3,0.0,2.64,not uncertain
AmbiStory,labelled,reclassify,AmbiStory-test-137,5,3,0.76,2.0,not uncertain
AmbiStory,labelled,reclassify,AmbiStory-test-138,5,5,0.0,0.24,not uncertain
AmbiStory,labelled,reclassify,AmbiStory-test-139,5,5,0.0,0.0,not uncertain
AmbiStory,labelled,reclassify,AmbiStory-test-140,5,5,0.0,0.0,not uncertain
AmbiStory,labelled,reclassify,AmbiStory-test-141,5,5,0.0,0.0,not uncertain
AmbiStory,labelled,reclassify,AmbiStory-test-142,5,4,0.0,1.36,not uncertain
AmbiStory,labelled,reclassify,AmbiStory-test-143,5,5,0.0,0.0,not uncertain
AmbiStory,labelled,reclassify,AmbiStory-test-144,1,1,0.26,0.24,not uncertain
AmbiStory,labelled,reclassify,AmbiStory-test-145,5,5,0.0,0.1599999999999999,not uncertain
AmbiStory,labelled,reclassify,AmbiStory-test-146,1,2,1.26,2.24,not uncertain
AmbiStory,labelled,reclassify,AmbiStory-test-147,5,5,0.0475,0.1599999999999999,not uncertain
AmbiStory,labelled,reclassify,AmbiStory-test-148,1,2,0.0,0.5599999999999999,not uncertain
AmbiStory,labelled,reclassify,AmbiStory-test-149,5,4,0.0,1.44,not uncertain
AmbiStory,labelled,reclassify,AmbiStory-test-150,5,3,0.0,2.8,not uncertain
AmbiStory,labelled,reclassify,AmbiStory-test-151,1,3,0.0475,2.8,not uncertain
AmbiStory,labelled,reclassify,AmbiStory-test-152,5,1,0.0475,0.6400000000000002,not uncertain
AmbiStory,labelled,reclassify,AmbiStory-test-153,1,4,2.9275,1.84,not uncertain
AmbiStory,labelled,reclassify,AmbiStory-test-154,5,4,0.0475,1.4400000000000002,not uncertain
AmbiStory,labelled,reclassify,AmbiStory-test-155,1,3,0.26,1.8400000000000003,not uncertain
AmbiStory,labelled,reclassify,AmbiStory-test-156,5,5,0.0475,0.0,not uncertain
AmbiStory,labelled,reclassify,AmbiStory-test-157,1,1,0.0,0.16,not uncertain
AmbiStory,labelled,reclassify,AmbiStory-test-158,5,3,1.9875,1.36,not uncertain
AmbiStory,labelled,reclassify,AmbiStory-test-159,5,3,0.0,0.96,not uncertain
AmbiStory,labelled,reclassify,AmbiStory-test-160,5,5,0.0,0.0,not uncertain
AmbiStory,labelled,reclassify,AmbiStory-test-161,1,2,0.0,0.9600000000000002,not uncertain
AmbiStory,labelled,reclassify,AmbiStory-test-162,5,2,0.0,0.64,not uncertain
AmbiStory,labelled,reclassify,AmbiStory-test-163,1,4,1.6275,0.5599999999999999,not uncertain
AmbiStory,labelled,reclassify,AmbiStory-test-164,5,2,0.09,0.64,not uncertain
AmbiStory,labelled,reclassify,AmbiStory-test-165,5,3,3.1275000000000004,1.84,not uncertain
AmbiStory,labelled,reclassify,AmbiStory-test-166,5,2,0.0475,0.24,not uncertain
AmbiStory,labelled,reclassify,AmbiStory-test-167,5,4,1.9875,0.6399999999999999,not uncertain
AmbiStory,labelled,reclassify,AmbiStory-test-168,5,5,0.09,0.1599999999999999,not uncertain
AmbiStory,labelled,reclassify,AmbiStory-test-169,1,1,0.0,0.0,not uncertain
AmbiStory,labelled,reclassify,AmbiStory-test-170,5,5,0.0,0.0,not uncertain
AmbiStory,labelled,reclassify,AmbiStory-test-171,1,1,0.0,0.0,not uncertain
AmbiStory,labelled,reclassify,AmbiStory-test-172,5,5,0.09,0.24,not uncertain
AmbiStory,labelled,reclassify,AmbiStory-test-173,1,1,0.0,0.0,not uncertain
AmbiStory,labelled,reclassify,AmbiStory-test-174,5,5,0.1599999999999999,0.6399999999999999,not uncertain
AmbiStory,labelled,reclassify,AmbiStory-test-175,4,2,0.2,0.8,not uncertain
AmbiStory,labelled,reclassify,AmbiStory-test-176,1,1,0.0,0.24,not uncertain
AmbiStory,labelled,reclassify,AmbiStory-test-177,4,4,0.2475,2.1600000000000006,not uncertain
AmbiStory,labelled,reclassify,AmbiStory-test-178,1,2,3.21,1.04,not uncertain
AmbiStory,labelled,reclassify,AmbiStory-test-179,4,4,1.09,0.5599999999999999,not uncertain
AmbiStory,labelled,reclassify,AmbiStory-test-180,5,4,0.0,0.6399999999999999,not uncertain
AmbiStory,labelled,reclassify,AmbiStory-test-181,4,3,1.4475,0.64,not uncertain
AmbiStory,labelled,reclassify,AmbiStory-test-182,1,2,0.0,0.64,not uncertain
AmbiStory,labelled,reclassify,AmbiStory-test-183,5,3,0.1875,1.84,not uncertain
AmbiStory,labelled,reclassify,AmbiStory-test-184,4,3,0.34,0.0,not uncertain
AmbiStory,labelled,reclassify,AmbiStory-test-185,4,3,0.1875,1.2,not uncertain
AmbiStory,labelled,reclassify,AmbiStory-test-186,1,3,3.4,1.84,somewhat uncertain
AmbiStory,labelled,reclassify,AmbiStory-test-187,1,2,0.0475,0.56,not uncertain
AmbiStory,labelled,reclassify,AmbiStory-test-188,1,1,0.09,0.16,not uncertain
AmbiStory,labelled,reclassify,AmbiStory-test-189,5,4,0.0,0.64,not uncertain
AmbiStory,labelled,reclassify,AmbiStory-test-190,1,2,2.5275,0.56,not uncertain
AmbiStory,labelled,reclassify,AmbiStory-test-191,2,3,0.74,1.04,not uncertain
AmbiStory,labelled,reclassify,AmbiStory-test-192,5,5,0.0475,0.1599999999999999,not uncertain
AmbiStory,labelled,reclassify,AmbiStory-test-193,2,1,0.1275,0.16,not uncertain
AmbiStory,labelled,reclassify,AmbiStory-test-194,5,3,0.0475,0.64,not uncertain
AmbiStory,labelled,reclassify,AmbiStory-test-195,4,3,0.9475,1.84,not uncertain
AmbiStory,labelled,reclassify,AmbiStory-test-196,4,4,0.09,0.5599999999999999,not uncertain
AmbiStory,labelled,reclassify,AmbiStory-test-197,2,2,0.2475,0.64,not uncertain
AmbiStory,labelled,reclassify,AmbiStory-test-198,5,5,0.0475,0.24,not uncertain
AmbiStory,labelled,reclassify,AmbiStory-test-199,5,1,0.24,0.64,not uncertain
AmbiStory,labelled,reclassify,AmbiStory-test-200,5,4,0.1275,0.4,not uncertain
AmbiStory,labelled,reclassify,AmbiStory-test-201,2,2,1.3,1.2,not uncertain
AmbiStory,labelled,reclassify,AmbiStory-test-202,4,5,0.1875,0.1599999999999999,not uncertain
AmbiStory,labelled,reclassify,AmbiStory-test-203,3,2,0.74,0.64,not uncertain
AmbiStory,labelled,reclassify,AmbiStory-test-204,5,5,0.2274999999999999,0.24,not uncertain
AmbiStory,labelled,reclassify,AmbiStory-test-205,1,2,0.0475,0.16,not uncertain
AmbiStory,labelled,reclassify,AmbiStory-test-206,4,4,2.7475,0.24,not uncertain
AmbiStory,labelled,reclassify,AmbiStory-test-207,4,3,1.5475,1.6,not uncertain
AmbiStory,labelled,reclassify,AmbiStory-test-208,5,4,1.16,0.8,not uncertain
AmbiStory,labelled,reclassify,AmbiStory-test-209,5,2,2.4475,0.24,not uncertain
AmbiStory,labelled,reclassify,AmbiStory-test-210,1,3,1.01,0.5599999999999999,not uncertain
AmbiStory,labelled,reclassify,AmbiStory-test-211,5,2,0.2274999999999999,0.56,not uncertain
AmbiStory,labelled,reclassify,AmbiStory-test-212,1,3,2.0275,0.4,not uncertain
AmbiStory,labelled,reclassify,AmbiStory-test-213,4,3,0.31,3.3600000000000003,not uncertain
AmbiStory,labelled,reclassify,AmbiStory-test-214,1,3,0.0475,1.04,not uncertain
AmbiStory,labelled,reclassify,AmbiStory-test-215,5,2,0.24,2.24,not uncertain
AmbiStory,labelled,reclassify,AmbiStory-test-216,5,4,0.1599999999999999,0.24,not uncertain
AmbiStory,labelled,reclassify,AmbiStory-test-217,5,1,0.0475,0.6400000000000002,not uncertain
AmbiStory,labelled,reclassify,AmbiStory-test-218,1,3,0.1275,0.96,not uncertain
AmbiStory,labelled,reclassify,AmbiStory-test-219,1,3,2.29,3.3599999999999994,not uncertain
AmbiStory,labelled,reclassify,AmbiStory-test-220,3,3,0.5475,1.805555555555556,not uncertain
AmbiStory,labelled,reclassify,AmbiStory-test-221,5,3,0.0,1.36,not uncertain
AmbiStory,labelled,reclassify,AmbiStory-test-222,5,5,0.0,0.24,not uncertain
AmbiStory,labelled,reclassify,AmbiStory-test-223,3,3,1.34,2.64,not uncertain
AmbiStory,labelled,reclassify,AmbiStory-test-224,2,3,0.2475,1.36,not uncertain
AmbiStory,labelled,reclassify,AmbiStory-test-225,5,4,0.0,0.6399999999999999,not uncertain
AmbiStory,labelled,reclassify,AmbiStory-test-226,3,3,0.5275000000000001,1.2,not uncertain
AmbiStory,labelled,reclassify,AmbiStory-test-227,5,3,0.0,0.5599999999999999,not uncertain
AmbiStory,labelled,reclassify,AmbiStory-test-228,4,2,0.31,1.4400000000000002,not uncertain
AmbiStory,labelled,reclassify,AmbiStory-test-229,4,3,0.2475,1.04,not uncertain
AmbiStory,labelled,reclassify,AmbiStory-test-230,4,2,0.2875,0.24,not uncertain
AmbiStory,labelled,reclassify,AmbiStory-test-231,5,4,0.1275,1.0400000000000005,not uncertain
AmbiStory,labelled,reclassify,AmbiStory-test-232,1,2,1.49,0.5599999999999999,not uncertain
AmbiStory,labelled,reclassify,AmbiStory-test-233,4,4,0.3475,1.36,somewhat uncertain
AmbiStory,labelled,reclassify,AmbiStory-test-234,5,5,0.0,0.0,not uncertain
AmbiStory,labelled,reclassify,AmbiStory-test-235,4,4,0.25,1.36,not uncertain
AmbiStory,labelled,reclassify,AmbiStory-test-236,3,3,1.7475,1.8400000000000003,not uncertain
AmbiStory,labelled,reclassify,AmbiStory-test-237,5,4,0.0,0.24,not uncertain
AmbiStory,labelled,reclassify,AmbiStory-test-238,5,4,0.0,0.96,not uncertain
AmbiStory,labelled,reclassify,AmbiStory-test-239,5,4,0.2475,0.24,not uncertain
AmbiStory,labelled,reclassify,AmbiStory-test-240,1,2,1.2475,0.56,not uncertain
AmbiStory,labelled,reclassify,AmbiStory-test-241,5,5,0.0,0.1599999999999999,not uncertain
AmbiStory,labelled,reclassify,AmbiStory-test-242,1,1,0.0,0.24,not uncertain
AmbiStory,labelled,reclassify,AmbiStory-test-243,5,5,0.0,0.1599999999999999,not uncertain
AmbiStory,labelled,reclassify,AmbiStory-test-244,1,2,0.16,2.24,not uncertain
AmbiStory,labelled,reclassify,AmbiStory-test-245,5,4,0.0,0.6399999999999999,not uncertain
AmbiStory,labelled,reclassify,AmbiStory-test-246,5,5,0.0,0.1599999999999999,not uncertain
AmbiStory,labelled,reclassify,AmbiStory-test-247,1,1,0.0,0.64,not uncertain
AmbiStory,labelled,reclassify,AmbiStory-test-248,1,5,0.36,0.1599999999999999,not uncertain
AmbiStory,labelled,reclassify,AmbiStory-test-249,1,2,0.0,0.64,not uncertain
AmbiStory,labelled,reclassify,AmbiStory-test-250,5,5,0.0,0.24,not uncertain
AmbiStory,labelled,reclassify,AmbiStory-test-251,1,1,0.0,0.16,not uncertain
AmbiStory,labelled,reclassify,AmbiStory-test-252,5,4,0.0,0.6399999999999999,not uncertain
AmbiStory,labelled,reclassify,AmbiStory-test-253,3,3,0.5599999999999999,1.2,not uncertain
AmbiStory,labelled,reclassify,AmbiStory-test-254,5,4,0.0,0.6399999999999999,not uncertain
AmbiStory,labelled,reclassify,AmbiStory-test-255,1,2,0.3399999999999999,2.24,not uncertain
AmbiStory,labelled,reclassify,AmbiStory-test-256,5,4,0.0,0.5599999999999999,not uncertain
AmbiStory,labelled,reclassify,AmbiStory-test-257,5,2,0.09,1.36,not uncertain
AmbiStory,labelled,reclassify,AmbiStory-test-258,1,3,0.21,1.44,not uncertain
AmbiStory,labelled,reclassify,AmbiStory-test-259,5,5,0.0,0.0,not uncertain
AmbiStory,labelled,reclassify,AmbiStory-test-260,2,2,0.29,0.64,not uncertain
AmbiStory,labelled,reclassify,AmbiStory-test-261,5,5,0.0,0.0,not uncertain
AmbiStory,labelled,reclassify,AmbiStory-test-262,2,4,0.21,1.44,not uncertain
AmbiStory,labelled,reclassify,AmbiStory-test-263,5,4,0.0,1.36,not uncertain
AmbiStory,labelled,reclassify,AmbiStory-test-264,5,3,0.0475,3.2,not uncertain
AmbiStory,labelled,reclassify,AmbiStory-test-265,5,3,0.0,2.56,not uncertain
AmbiStory,labelled,reclassify,AmbiStory-test-266,5,1,0.0,0.16,not uncertain
AmbiStory,labelled,reclassify,AmbiStory-test-267,5,4,0.0,1.6,not uncertain
AmbiStory,labelled,reclassify,AmbiStory-test-268,5,3,0.0,2.56,not uncertain
AmbiStory,labelled,reclassify,AmbiStory-test-269,5,4,0.0,3.04,not uncertain
AmbiStory,labelled,reclassify,AmbiStory-test-270,5,5,0.0,0.24,not uncertain
AmbiStory,labelled,reclassify,AmbiStory-test-271,5,2,0.21,0.64,not uncertain
AmbiStory,labelled,reclassify,AmbiStory-test-272,3,2,2.0,0.8,not uncertain
AmbiStory,labelled,reclassify,AmbiStory-test-273,5,4,0.0,2.4,not uncertain
AmbiStory,labelled,reclassify,AmbiStory-test-274,5,4,0.0,1.36,not uncertain
AmbiStory,labelled,reclassify,AmbiStory-test-275,5,3,0.0475,1.36,not uncertain
AmbiStory,labelled,reclassify,AmbiStory-test-276,1,2,0.0,0.64,not uncertain
AmbiStory,labelled,reclassify,AmbiStory-test-277,5,5,0.0,0.6399999999999999,not uncertain
AmbiStory,labelled,reclassify,AmbiStory-test-278,1,2,0.0475,0.64,not uncertain
AmbiStory,labelled,reclassify,AmbiStory-test-279,5,5,0.0,0.0,not uncertain
AmbiStory,labelled,reclassify,AmbiStory-test-280,1,2,0.0,0.5599999999999999,not uncertain
AmbiStory,labelled,reclassify,AmbiStory-test-281,5,4,0.0,0.64,not uncertain
AmbiStory,labelled,reclassify,AmbiStory-test-282,5,3,0.0,1.04,not uncertain
AmbiStory,labelled,reclassify,AmbiStory-test-283,5,4,0.0,2.56,not uncertain
AmbiStory,labelled,reclassify,AmbiStory-test-284,5,4,0.0,0.5599999999999999,not uncertain
AmbiStory,labelled,reclassify,AmbiStory-test-285,5,4,0.0,2.4,not uncertain
AmbiStory,labelled,reclassify,AmbiStory-test-286,5,3,0.0,0.64,not uncertain
AmbiStory,labelled,reclassify,AmbiStory-test-287,5,4,0.0,0.64,not uncertain
AmbiStory,labelled,reclassify,AmbiStory-test-288,5,4,0.0475,0.96,not uncertain
AmbiStory,labelled,reclassify,AmbiStory-test-289,5,4,0.0475,0.5599999999999999,not uncertain
AmbiStory,labelled,reclassify,AmbiStory-test-290,5,3,0.09,2.8,not uncertain
AmbiStory,labelled,reclassify,AmbiStory-test-291,5,4,0.09,0.8,not uncertain
AmbiStory,labelled,reclassify,AmbiStory-test-292,5,4,0.1599999999999999,0.6399999999999999,not uncertain
AmbiStory,labelled,reclassify,AmbiStory-test-293,5,4,0.1275,2.16,not uncertain
AmbiStory,labelled,reclassify,AmbiStory-test-294,1,3,0.1275,1.7600000000000002,not uncertain
AmbiStory,labelled,reclassify,AmbiStory-test-295,5,2,0.09,0.64,not uncertain
AmbiStory,labelled,reclassify,AmbiStory-test-296,2,3,0.25,1.2,not uncertain
AmbiStory,labelled,reclassify,AmbiStory-test-297,5,5,0.0,0.24,not uncertain
AmbiStory,labelled,reclassify,AmbiStory-test-298,1,2,0.0475,0.56,not uncertain
AmbiStory,labelled,reclassify,AmbiStory-test-299,5,4,0.0,1.8400000000000003,not uncertain
AmbiStory,labelled,reclassify,AmbiStory-test-300,1,2,0.2274999999999999,1.36,not uncertain
AmbiStory,labelled,reclassify,AmbiStory-test-301,1,1,0.09,0.16,not uncertain
AmbiStory,labelled,reclassify,AmbiStory-test-302,4,3,1.3275,0.64,not uncertain
AmbiStory,labelled,reclassify,AmbiStory-test-303,5,2,0.0,1.3600000000000003,not uncertain
AmbiStory,labelled,reclassify,AmbiStory-test-304,5,4,0.1275,1.4400000000000002,not uncertain
AmbiStory,labelled,reclassify,AmbiStory-test-305,2,2,1.09,0.56,not uncertain
AmbiStory,labelled,reclassify,AmbiStory-test-306,4,5,0.1875,0.0,not uncertain
AmbiStory,labelled,reclassify,AmbiStory-test-307,4,1,0.4599999999999999,0.24,not uncertain
AmbiStory,labelled,reclassify,AmbiStory-test-308,4,4,0.54,2.56,not uncertain
AmbiStory,labelled,reclassify,AmbiStory-test-309,4,2,1.9275,0.9600000000000002,not uncertain
AmbiStory,labelled,reclassify,AmbiStory-test-310,4,4,0.31,0.64,not uncertain
AmbiStory,labelled,reclassify,AmbiStory-test-311,4,3,0.0475,2.16,not uncertain
AmbiStory,labelled,reclassify,AmbiStory-test-312,5,4,0.25,0.24,not uncertain
AmbiStory,labelled,reclassify,AmbiStory-test-313,5,3,1.44,3.8400000000000007,not uncertain
AmbiStory,labelled,reclassify,AmbiStory-test-314,4,4,0.2274999999999999,1.36,not uncertain
AmbiStory,labelled,reclassify,AmbiStory-test-315,5,3,2.76,0.96,not uncertain
AmbiStory,labelled,reclassify,AmbiStory-test-316,4,3,0.64,1.8400000000000003,not uncertain
AmbiStory,labelled,reclassify,AmbiStory-test-317,1,4,0.8100000000000002,1.8400000000000003,not uncertain
AmbiStory,labelled,reclassify,AmbiStory-test-318,5,5,0.0,0.1599999999999999,not uncertain
AmbiStory,labelled,reclassify,AmbiStory-test-319,1,1,0.0,0.16,not uncertain
AmbiStory,labelled,reclassify,AmbiStory-test-320,5,5,0.0,0.1599999999999999,not uncertain
AmbiStory,labelled,reclassify,AmbiStory-test-321,1,1,0.0,0.0,not uncertain
AmbiStory,labelled,reclassify,AmbiStory-test-322,5,5,0.0,0.24,not uncertain
AmbiStory,labelled,reclassify,AmbiStory-test-323,1,1,0.09,0.16,not uncertain
AmbiStory,labelled,reclassify,AmbiStory-test-324,5,5,0.0,0.0,not uncertain
AmbiStory,labelled,reclassify,AmbiStory-test-325,1,1,0.0,0.0,not uncertain
AmbiStory,labelled,reclassify,AmbiStory-test-326,5,5,0.0,0.1599999999999999,not uncertain
AmbiStory,labelled,reclassify,AmbiStory-test-327,1,2,0.16,0.9600000000000002,not uncertain
AmbiStory,labelled,reclassify,AmbiStory-test-328,5,5,0.0,0.0,not uncertain
AmbiStory,labelled,reclassify,AmbiStory-test-329,1,2,0.0,2.1388888888888897,not uncertain
AmbiStory,labelled,reclassify,AmbiStory-test-330,4,4,2.2275,0.5599999999999999,not uncertain
AmbiStory,labelled,reclassify,AmbiStory-test-331,5,3,0.0,2.56,not uncertain
AmbiStory,labelled,reclassify,AmbiStory-test-332,1,1,0.0,0.0,not uncertain
AmbiStory,labelled,reclassify,AmbiStory-test-333,5,5,0.0,0.1599999999999999,not uncertain
AmbiStory,labelled,reclassify,AmbiStory-test-334,1,1,0.16,0.16,not uncertain
AmbiStory,labelled,reclassify,AmbiStory-test-335,5,4,0.0,1.2,not uncertain
AmbiStory,labelled,reclassify,AmbiStory-test-336,5,5,0.0,0.1599999999999999,not uncertain
AmbiStory,labelled,reclassify,AmbiStory-test-337,1,1,0.0,0.0,not uncertain
AmbiStory,labelled,reclassify,AmbiStory-test-338,4,2,0.09,0.24,not uncertain
AmbiStory,labelled,reclassify,AmbiStory-test-339,5,4,0.0,0.5599999999999999,not uncertain
AmbiStory,labelled,reclassify,AmbiStory-test-340,5,5,0.0,0.24,not uncertain
AmbiStory,labelled,reclassify,AmbiStory-test-341,1,2,0.09,0.5599999999999999,not uncertain
AmbiStory,labelled,reclassify,AmbiStory-test-342,5,5,0.0,0.0,not uncertain
AmbiStory,labelled,reclassify,AmbiStory-test-343,1,1,0.09,0.0,not uncertain
AmbiStory,labelled,reclassify,AmbiStory-test-344,5,5,0.0,0.1599999999999999,not uncertain
AmbiStory,labelled,reclassify,AmbiStory-test-345,1,3,0.54,0.64,not uncertain
AmbiStory,labelled,reclassify,AmbiStory-test-346,5,4,0.0,2.56,not uncertain
AmbiStory,labelled,reclassify,AmbiStory-test-347,1,2,0.09,0.25,not uncertain
AmbiStory,labelled,reclassify,AmbiStory-test-348,5,4,0.0,2.560000000000001,not uncertain
AmbiStory,labelled,reclassify,AmbiStory-test-349,2,2,0.19,2.560000000000001,not uncertain
AmbiStory,labelled,reclassify,AmbiStory-test-350,1,2,0.74,2.16,not uncertain
AmbiStory,labelled,reclassify,AmbiStory-test-351,4,2,0.1875,1.04,not uncertain
AmbiStory,labelled,reclassify,AmbiStory-test-352,1,2,0.1275,0.56,not uncertain
AmbiStory,labelled,reclassify,AmbiStory-test-353,1,1,1.14,0.16,not uncertain
AmbiStory,labelled,reclassify,AmbiStory-test-354,5,5,0.0,0.0,not uncertain
AmbiStory,labelled,reclassify,AmbiStory-test-355,1,1,0.0,0.0,not uncertain
AmbiStory,labelled,reclassify,AmbiStory-test-356,5,5,0.0,0.0,not uncertain
AmbiStory,labelled,reclassify,AmbiStory-test-357,1,1,0.0,0.0,not uncertain
AmbiStory,labelled,reclassify,AmbiStory-test-358,5,5,0.0,0.0,not uncertain
AmbiStory,labelled,reclassify,AmbiStory-test-359,1,2,0.0,0.56,not uncertain
AmbiStory,labelled,reclassify,AmbiStory-test-360,5,5,0.0,0.1599999999999999,not uncertain
AmbiStory,labelled,reclassify,AmbiStory-test-361,1,1,0.0,0.24,not uncertain
AmbiStory,labelled,reclassify,AmbiStory-test-362,5,4,0.0,2.56,not uncertain
AmbiStory,labelled,reclassify,AmbiStory-test-363,1,1,0.0,0.0,not uncertain
AmbiStory,labelled,reclassify,AmbiStory-test-364,5,2,0.0,0.96,not uncertain
AmbiStory,labelled,reclassify,AmbiStory-test-365,1,3,0.19,1.6,not uncertain
AmbiStory,labelled,reclassify,AmbiStory-test-366,5,3,0.0,1.4400000000000002,not uncertain
AmbiStory,labelled,reclassify,AmbiStory-test-367,4,2,0.1475,0.16,not uncertain
AmbiStory,labelled,reclassify,AmbiStory-test-368,5,2,2.1275000000000004,0.5599999999999999,not uncertain
AmbiStory,labelled,reclassify,AmbiStory-test-369,5,4,0.0,2.24,not uncertain
AmbiStory,labelled,reclassify,AmbiStory-test-370,1,2,0.3875,0.56,not uncertain
AmbiStory,labelled,reclassify,AmbiStory-test-371,4,2,0.4875,2.24,not uncertain
AmbiStory,labelled,reclassify,AmbiStory-test-372,5,4,0.0,0.64,not uncertain
AmbiStory,labelled,reclassify,AmbiStory-test-373,1,2,0.0,0.56,not uncertain
AmbiStory,labelled,reclassify,AmbiStory-test-374,5,5,0.0,0.24,not uncertain
AmbiStory,labelled,reclassify,AmbiStory-test-375,1,1,0.0,0.0,not uncertain
AmbiStory,labelled,reclassify,AmbiStory-test-376,5,5,0.9275,0.24,not uncertain
AmbiStory,labelled,reclassify,AmbiStory-test-377,2,2,0.1875,0.56,not uncertain
AmbiStory,labelled,reclassify,AmbiStory-test-378,5,4,0.0,2.56,not uncertain
AmbiStory,labelled,reclassify,AmbiStory-test-379,1,1,0.0475,0.64,not uncertain
AmbiStory,labelled,reclassify,AmbiStory-test-380,5,1,0.0475,0.0,not uncertain
AmbiStory,labelled,reclassify,AmbiStory-test-381,5,5,0.0,0.24,not uncertain
AmbiStory,labelled,reclassify,AmbiStory-test-382,5,3,0.0,2.56,not uncertain
AmbiStory,labelled,reclassify,AmbiStory-test-383,5,4,0.0,0.24,not uncertain
AmbiStory,labelled,reclassify,AmbiStory-test-384,5,5,0.0,0.0,not uncertain
AmbiStory,labelled,reclassify,AmbiStory-test-385,1,1,0.0,0.16,not uncertain
AmbiStory,labelled,reclassify,AmbiStory-test-386,5,3,0.0,2.16,not uncertain
AmbiStory,labelled,reclassify,AmbiStory-test-387,1,2,0.0,1.36,not uncertain
AmbiStory,labelled,reclassify,AmbiStory-test-388,5,4,0.0,0.96,not uncertain
AmbiStory,labelled,reclassify,AmbiStory-test-389,1,2,0.0,1.6,not uncertain
AmbiStory,labelled,reclassify,AmbiStory-test-390,5,5,0.0,0.1599999999999999,not uncertain
AmbiStory,labelled,reclassify,AmbiStory-test-391,1,1,0.0,0.16,not uncertain
AmbiStory,labelled,reclassify,AmbiStory-test-392,5,4,1.44,0.64,not uncertain
AmbiStory,labelled,reclassify,AmbiStory-test-393,5,3,0.0,1.36,not uncertain
AmbiStory,labelled,reclassify,AmbiStory-test-394,5,4,0.0,2.24,not uncertain
AmbiStory,labelled,reclassify,AmbiStory-test-395,1,2,0.0,0.8,not uncertain
AmbiStory,labelled,reclassify,AmbiStory-test-396,5,5,0.0,0.0,not uncertain
AmbiStory,labelled,reclassify,AmbiStory-test-397,1,1,0.0,0.24,not uncertain
AmbiStory,labelled,reclassify,AmbiStory-test-398,5,4,0.0,0.5599999999999999,not uncertain
AmbiStory,labelled,reclassify,AmbiStory-test-399,5,3,0.0,0.1599999999999999,not uncertain
AmbiStory,labelled,reclassify,AmbiStory-test-400,5,5,0.0,0.1599999999999999,not uncertain
AmbiStory,labelled,reclassify,AmbiStory-test-401,5,1,0.76,0.24,not uncertain
AmbiStory,labelled,reclassify,AmbiStory-test-402,5,4,2.0275000000000003,0.5599999999999999,not uncertain
AmbiStory,labelled,reclassify,AmbiStory-test-403,5,2,0.0,0.4,not uncertain
AmbiStory,labelled,reclassify,AmbiStory-test-404,4,4,1.2475,0.5599999999999999,not uncertain
AmbiStory,labelled,reclassify,AmbiStory-test-405,5,2,0.0,0.4,not uncertain
AmbiStory,labelled,reclassify,AmbiStory-test-406,4,4,2.6475,0.24,not uncertain
AmbiStory,labelled,reclassify,AmbiStory-test-407,5,2,0.0,1.36,not uncertain
AmbiStory,labelled,reclassify,AmbiStory-test-408,5,4,0.0,1.44,not uncertain
AmbiStory,labelled,reclassify,AmbiStory-test-409,1,1,0.0,0.0,not uncertain
AmbiStory,labelled,reclassify,AmbiStory-test-410,5,4,0.0,1.36,not uncertain
AmbiStory,labelled,reclassify,AmbiStory-test-411,5,2,0.0,1.04,not uncertain
AmbiStory,labelled,reclassify,AmbiStory-test-412,5,4,0.0,0.96,not uncertain
AmbiStory,labelled,reclassify,AmbiStory-test-413,1,1,0.0,0.64,not uncertain
AmbiStory,labelled,reclassify,AmbiStory-test-414,5,5,0.0,0.0,not uncertain
AmbiStory,labelled,reclassify,AmbiStory-test-415,1,1,0.0,0.24,not uncertain
AmbiStory,labelled,reclassify,AmbiStory-test-416,5,5,0.0475,0.1599999999999999,not uncertain
AmbiStory,labelled,reclassify,AmbiStory-test-417,1,2,0.2274999999999999,0.64,not uncertain
AmbiStory,labelled,reclassify,AmbiStory-test-418,5,5,0.0,0.1599999999999999,not uncertain
AmbiStory,labelled,reclassify,AmbiStory-test-419,1,2,0.0475,2.24,not uncertain
AmbiStory,labelled,reclassify,AmbiStory-test-420,5,3,0.09,2.2222222222222228,not uncertain
AmbiStory,labelled,reclassify,AmbiStory-test-421,1,3,0.0,1.4400000000000002,not uncertain
AmbiStory,labelled,reclassify,AmbiStory-test-422,5,3,0.0,2.24,not uncertain
AmbiStory,labelled,reclassify,AmbiStory-test-423,1,3,0.0,2.0,not uncertain
AmbiStory,labelled,reclassify,AmbiStory-test-424,5,3,0.0,0.4,not uncertain
AmbiStory,labelled,reclassify,AmbiStory-test-425,1,3,0.0,1.04,not uncertain
AmbiStory,labelled,reclassify,AmbiStory-test-426,5,3,0.0475,0.64,not uncertain
AmbiStory,labelled,reclassify,AmbiStory-test-427,5,3,0.25,1.36,not uncertain
AmbiStory,labelled,reclassify,AmbiStory-test-428,5,4,0.0,0.6399999999999999,not uncertain
AmbiStory,labelled,reclassify,AmbiStory-test-429,5,2,1.1475000000000002,0.4,not uncertain
AmbiStory,labelled,reclassify,AmbiStory-test-430,5,4,0.0,1.6,not uncertain
AmbiStory,labelled,reclassify,AmbiStory-test-431,5,2,0.2274999999999999,0.16,not uncertain
AmbiStory,labelled,reclassify,AmbiStory-test-432,5,4,0.0475,1.44,not uncertain
AmbiStory,labelled,reclassify,AmbiStory-test-433,1,1,0.0475,0.24,not uncertain
AmbiStory,labelled,reclassify,AmbiStory-test-434,5,5,0.0,0.24,not uncertain
AmbiStory,labelled,reclassify,AmbiStory-test-435,1,1,0.0,0.64,not uncertain
AmbiStory,labelled,reclassify,AmbiStory-test-436,5,4,0.0,1.36,not uncertain
AmbiStory,labelled,reclassify,AmbiStory-test-437,1,1,0.0,0.0,not uncertain
AmbiStory,labelled,reclassify,AmbiStory-test-438,5,5,0.0,0.1599999999999999,not uncertain
AmbiStory,labelled,reclassify,AmbiStory-test-439,1,2,2.11,2.24,not uncertain
AmbiStory,labelled,reclassify,AmbiStory-test-440,4,3,0.1875,1.36,not uncertain
AmbiStory,labelled,reclassify,AmbiStory-test-441,5,3,2.4475,1.84,not uncertain
AmbiStory,labelled,reclassify,AmbiStory-test-442,4,4,0.3,0.5599999999999999,not uncertain
AmbiStory,labelled,reclassify,AmbiStory-test-443,1,3,1.5275,2.64,not uncertain
AmbiStory,labelled,reclassify,AmbiStory-test-444,5,4,0.0,1.36,not uncertain
AmbiStory,labelled,reclassify,AmbiStory-test-445,5,2,3.0475000000000003,1.36,not uncertain
AmbiStory,labelled,reclassify,AmbiStory-test-446,5,3,0.0,1.36,not uncertain
AmbiStory,labelled,reclassify,AmbiStory-test-447,5,4,3.06,1.36,not uncertain
AmbiStory,labelled,reclassify,AmbiStory-test-448,5,4,0.7875,0.24,not uncertain
AmbiStory,labelled,reclassify,AmbiStory-test-449,5,2,3.7275,0.8,not uncertain
AmbiStory,labelled,reclassify,AmbiStory-test-450,5,4,0.2475,0.5599999999999999,not uncertain
AmbiStory,labelled,reclassify,AmbiStory-test-451,1,2,0.0,0.9600000000000002,not uncertain
AmbiStory,labelled,reclassify,AmbiStory-test-452,5,2,0.25,0.24,not uncertain
AmbiStory,labelled,reclassify,AmbiStory-test-453,5,5,0.0,0.1599999999999999,not uncertain
AmbiStory,labelled,reclassify,AmbiStory-test-454,5,3,0.1599999999999999,2.24,not uncertain
AmbiStory,labelled,reclassify,AmbiStory-test-455,1,3,0.0,0.64,not uncertain
AmbiStory,labelled,reclassify,AmbiStory-test-456,4,4,0.3275,1.36,not uncertain
AmbiStory,labelled,reclassify,AmbiStory-test-457,1,3,0.0,1.04,not uncertain
AmbiStory,labelled,reclassify,AmbiStory-test-458,5,3,2.9400000000000004,1.36,not uncertain
AmbiStory,labelled,reclassify,AmbiStory-test-459,5,4,0.76,0.4,not uncertain
AmbiStory,labelled,reclassify,AmbiStory-test-460,3,3,1.41,1.7600000000000002,not uncertain
AmbiStory,labelled,reclassify,AmbiStory-test-461,1,3,0.0475,1.5555555555555556,not uncertain
AmbiStory,labelled,reclassify,AmbiStory-test-462,5,2,0.2475,3.04,not uncertain
AmbiStory,labelled,reclassify,AmbiStory-test-463,5,5,0.0,0.0,not uncertain
AmbiStory,labelled,reclassify,AmbiStory-test-464,4,2,0.21,0.8,not uncertain
AmbiStory,labelled,reclassify,AmbiStory-test-465,5,5,0.0,0.6399999999999999,not uncertain
AmbiStory,labelled,reclassify,AmbiStory-test-466,4,3,0.25,0.8,not uncertain
AmbiStory,labelled,reclassify,AmbiStory-test-467,5,3,0.0475,1.84,not uncertain
AmbiStory,labelled,reclassify,AmbiStory-test-468,5,5,0.0,0.1599999999999999,not uncertain
AmbiStory,labelled,reclassify,AmbiStory-test-469,5,5,0.0,0.1599999999999999,not uncertain
AmbiStory,labelled,reclassify,AmbiStory-test-470,5,5,0.0,0.6399999999999999,not uncertain
AmbiStory,labelled,reclassify,AmbiStory-test-471,5,4,0.0,1.36,not uncertain
AmbiStory,labelled,reclassify,AmbiStory-test-472,5,4,0.0,1.0400000000000005,not uncertain
AmbiStory,labelled,reclassify,AmbiStory-test-473,5,4,0.0,1.44,not uncertain
AmbiStory,labelled,reclassify,AmbiStory-test-474,5,5,0.0,0.0,not uncertain
AmbiStory,labelled,reclassify,AmbiStory-test-475,4,3,0.9275,2.64,not uncertain
AmbiStory,labelled,reclassify,AmbiStory-test-476,5,4,0.0,0.64,not uncertain
AmbiStory,labelled,reclassify,AmbiStory-test-477,4,3,0.24,2.16,not uncertain
AmbiStory,labelled,reclassify,AmbiStory-test-478,5,4,0.0,0.5599999999999999,not uncertain
AmbiStory,labelled,reclassify,AmbiStory-test-479,4,3,0.3275,2.0,not uncertain
AmbiStory,labelled,reclassify,AmbiStory-test-480,5,5,0.1275,0.0,not uncertain
AmbiStory,labelled,reclassify,AmbiStory-test-481,1,2,0.0,0.64,not uncertain
AmbiStory,labelled,reclassify,AmbiStory-test-482,3,2,0.7474999999999999,2.1600000000000006,not uncertain
AmbiStory,labelled,reclassify,AmbiStory-test-483,5,4,0.0,0.5599999999999999,not uncertain
AmbiStory,labelled,reclassify,AmbiStory-test-484,4,4,0.21,1.36,not uncertain
AmbiStory,labelled,reclassify,AmbiStory-test-485,2,3,0.4474999999999999,1.84,not uncertain
AmbiStory,labelled,reclassify,AmbiStory-test-486,1,2,0.09,0.64,not uncertain
AmbiStory,labelled,reclassify,AmbiStory-test-487,5,4,0.0,0.8,not uncertain
AmbiStory,labelled,reclassify,AmbiStory-test-488,1,1,0.0475,0.0,not uncertain
AmbiStory,labelled,reclassify,AmbiStory-test-489,5,5,0.0,0.0,not uncertain
AmbiStory,labelled,reclassify,AmbiStory-test-490,1,1,0.0,0.24,not uncertain
AmbiStory,labelled,reclassify,AmbiStory-test-491,5,5,0.0,0.1599999999999999,not uncertain
AmbiStory,labelled,reclassify,AmbiStory-test-492,5,5,0.0,0.0,not uncertain
AmbiStory,labelled,reclassify,AmbiStory-test-493,1,3,0.45,2.64,not uncertain
AmbiStory,labelled,reclassify,AmbiStory-test-494,5,4,0.0,2.56,not uncertain
AmbiStory,labelled,reclassify,AmbiStory-test-495,1,3,1.26,1.7600000000000002,not uncertain
AmbiStory,labelled,reclassify,AmbiStory-test-496,5,4,0.0,1.36,not uncertain
AmbiStory,labelled,reclassify,AmbiStory-test-497,1,2,0.21,0.56,not uncertain
AmbiStory,labelled,reclassify,AmbiStory-test-498,1,4,0.4275,0.5599999999999999,not uncertain
AmbiStory,labelled,reclassify,AmbiStory-test-499,5,2,0.0,1.2,not uncertain
AmbiStory,labelled,reclassify,AmbiStory-test-500,1,1,0.09,0.24,not uncertain
AmbiStory,labelled,reclassify,AmbiStory-test-501,5,4,0.0,0.96,not uncertain
AmbiStory,labelled,reclassify,AmbiStory-test-502,1,3,0.0,1.0400000000000005,not uncertain
AmbiStory,labelled,reclassify,AmbiStory-test-503,5,3,0.0,1.8400000000000003,not uncertain
AmbiStory,labelled,reclassify,AmbiStory-test-504,5,5,0.0,0.6399999999999999,not uncertain
AmbiStory,labelled,reclassify,AmbiStory-test-505,1,1,0.0,0.0,not uncertain
AmbiStory,labelled,reclassify,AmbiStory-test-506,3,3,0.35,1.0400000000000005,not uncertain
AmbiStory,labelled,reclassify,AmbiStory-test-507,5,3,0.0,1.6,not uncertain
AmbiStory,labelled,reclassify,AmbiStory-test-508,5,3,0.0,1.36,not uncertain
AmbiStory,labelled,reclassify,AmbiStory-test-509,5,2,1.4475,2.2222222222222223,not uncertain
AmbiStory,labelled,reclassify,AmbiStory-test-510,5,3,0.8474999999999999,1.36,not uncertain
AmbiStory,labelled,reclassify,AmbiStory-test-511,5,2,0.2274999999999999,0.96,not uncertain
AmbiStory,labelled,reclassify,AmbiStory-test-512,1,2,0.8475000000000001,1.8400000000000003,not uncertain
AmbiStory,labelled,reclassify,AmbiStory-test-513,5,4,0.0,0.6399999999999999,not uncertain
AmbiStory,labelled,reclassify,AmbiStory-test-514,4,3,2.3400000000000003,0.64,not uncertain
AmbiStory,labelled,reclassify,AmbiStory-test-515,5,4,0.0,0.5599999999999999,not uncertain
AmbiStory,labelled,reclassify,AmbiStory-test-516,5,4,0.0475,1.44,not uncertain
AmbiStory,labelled,reclassify,AmbiStory-test-517,1,2,0.41,1.36,not uncertain
AmbiStory,labelled,reclassify,AmbiStory-test-518,1,2,0.0,2.4,not uncertain
AmbiStory,labelled,reclassify,AmbiStory-test-519,5,5,0.0,0.0,not uncertain
AmbiStory,labelled,reclassify,AmbiStory-test-520,1,2,0.0,0.56,not uncertain
AmbiStory,labelled,reclassify,AmbiStory-test-521,1,3,0.75,1.84,not uncertain
AmbiStory,labelled,reclassify,AmbiStory-test-522,2,2,0.9275,1.36,not uncertain
AmbiStory,labelled,reclassify,AmbiStory-test-523,5,5,0.0,0.24,not uncertain
AmbiStory,labelled,reclassify,AmbiStory-test-524,1,2,0.0,1.4400000000000002,not uncertain
AmbiStory,labelled,reclassify,AmbiStory-test-525,5,5,0.0,0.1599999999999999,not uncertain
AmbiStory,labelled,reclassify,AmbiStory-test-526,2,1,0.2274999999999999,0.16,not uncertain
AmbiStory,labelled,reclassify,AmbiStory-test-527,5,4,0.0,0.64,not uncertain
AmbiStory,labelled,reclassify,AmbiStory-test-528,4,3,0.21,0.8,not uncertain
AmbiStory,labelled,reclassify,AmbiStory-test-529,5,4,0.8275,0.1599999999999999,not uncertain
AmbiStory,labelled,reclassify,AmbiStory-test-530,1,1,0.21,0.24,not uncertain
AmbiStory,labelled,reclassify,AmbiStory-test-531,5,5,0.0,0.24,not uncertain
AmbiStory,labelled,reclassify,AmbiStory-test-532,4,3,0.55,0.24,not uncertain
AmbiStory,labelled,reclassify,AmbiStory-test-533,5,3,0.0,0.0,not uncertain
AmbiStory,labelled,reclassify,AmbiStory-test-534,5,5,0.0475,0.1599999999999999,not uncertain
AmbiStory,labelled,reclassify,AmbiStory-test-535,5,5,0.0475,0.1599999999999999,not uncertain
AmbiStory,labelled,reclassify,AmbiStory-test-536,4,5,0.24,0.24,not uncertain
AmbiStory,labelled,reclassify,AmbiStory-test-537,5,5,0.0,0.0,not uncertain
AmbiStory,labelled,reclassify,AmbiStory-test-538,5,5,0.0475,0.0,not uncertain
AmbiStory,labelled,reclassify,AmbiStory-test-539,5,5,0.0,0.0,not uncertain
AmbiStory,labelled,reclassify,AmbiStory-test-540,1,3,1.4875,1.7600000000000002,not uncertain
AmbiStory,labelled,reclassify,AmbiStory-test-541,5,4,0.0,2.16,not uncertain
AmbiStory,labelled,reclassify,AmbiStory-test-542,1,3,0.0,1.84,not uncertain
AmbiStory,labelled,reclassify,AmbiStory-test-543,5,5,0.0,0.0,not uncertain
AmbiStory,labelled,reclassify,AmbiStory-test-544,1,4,0.4599999999999999,1.44,not uncertain
AmbiStory,labelled,reclassify,AmbiStory-test-545,5,5,0.0,0.0,not uncertain
AmbiStory,labelled,reclassify,AmbiStory-test-546,4,3,0.2475,1.36,not uncertain
AmbiStory,labelled,reclassify,AmbiStory-test-547,4,3,1.9275,0.96,not uncertain
AmbiStory,labelled,reclassify,AmbiStory-test-548,1,2,0.0,0.64,not uncertain
AmbiStory,labelled,reclassify,AmbiStory-test-549,5,4,0.0,0.8,not uncertain
AmbiStory,labelled,reclassify,AmbiStory-test-550,1,2,0.09,0.56,not uncertain
AmbiStory,labelled,reclassify,AmbiStory-test-551,5,4,0.0,0.5599999999999999,not uncertain
AmbiStory,labelled,reclassify,AmbiStory-test-552,1,1,0.0,0.0,not uncertain
AmbiStory,labelled,reclassify,AmbiStory-test-553,5,3,0.0,1.04,not uncertain
AmbiStory,labelled,reclassify,AmbiStory-test-554,1,2,0.0,1.8400000000000003,not uncertain
AmbiStory,labelled,reclassify,AmbiStory-test-555,5,3,0.0,0.96,not uncertain
AmbiStory,labelled,reclassify,AmbiStory-test-556,1,1,0.0,0.24,not uncertain
AmbiStory,labelled,reclassify,AmbiStory-test-557,5,4,0.0,2.24,not uncertain
AmbiStory,labelled,reclassify,AmbiStory-test-558,5,5,0.0,0.0,not uncertain
AmbiStory,labelled,reclassify,AmbiStory-test-559,2,2,1.0275,2.4,not uncertain
AmbiStory,labelled,reclassify,AmbiStory-test-560,1,1,0.0,0.16,not uncertain
AmbiStory,labelled,reclassify,AmbiStory-test-561,5,4,0.0,0.64,not uncertain
AmbiStory,labelled,reclassify,AmbiStory-test-562,1,2,0.1275,0.5599999999999999,not uncertain
AmbiStory,labelled,reclassify,AmbiStory-test-563,5,4,0.0,0.24,not uncertain
AmbiStory,labelled,reclassify,AmbiStory-test-564,5,4,0.0,1.0400000000000005,not uncertain
AmbiStory,labelled,reclassify,AmbiStory-test-565,5,4,0.7275,0.5599999999999999,not uncertain
AmbiStory,labelled,reclassify,AmbiStory-test-566,5,3,0.0475,0.5599999999999999,not uncertain
AmbiStory,labelled,reclassify,AmbiStory-test-567,5,4,0.0,2.16,not uncertain
AmbiStory,labelled,reclassify,AmbiStory-test-568,4,3,0.25,1.04,not uncertain
AmbiStory,labelled,reclassify,AmbiStory-test-569,5,4,0.0,0.96,not uncertain
AmbiStory,labelled,reclassify,AmbiStory-test-570,5,5,0.09,0.24,not uncertain
AmbiStory,labelled,reclassify,AmbiStory-test-571,1,1,0.6275000000000001,0.16,not uncertain
AmbiStory,labelled,reclassify,AmbiStory-test-572,4,3,0.3875,0.64,not uncertain
AmbiStory,labelled,reclassify,AmbiStory-test-573,5,4,0.3475,3.04,not uncertain
AmbiStory,labelled,reclassify,AmbiStory-test-574,5,4,0.0475,2.16,not uncertain
AmbiStory,labelled,reclassify,AmbiStory-test-575,4,2,1.2475,0.5555555555555555,not uncertain
AmbiStory,labelled,reclassify,AmbiStory-test-576,5,5,0.7875,0.1599999999999999,not uncertain
AmbiStory,labelled,reclassify,AmbiStory-test-577,5,4,0.76,1.2,not uncertain
AmbiStory,labelled,reclassify,AmbiStory-test-578,1,1,0.0,0.24,not uncertain
AmbiStory,labelled,reclassify,AmbiStory-test-579,5,5,0.0,0.0,not uncertain
AmbiStory,labelled,reclassify,AmbiStory-test-580,5,1,2.8275,0.24,not uncertain
AmbiStory,labelled,reclassify,AmbiStory-test-581,5,5,0.0,0.1599999999999999,not uncertain
AmbiStory,labelled,reclassify,AmbiStory-test-582,5,3,0.0,0.4,not uncertain
AmbiStory,labelled,reclassify,AmbiStory-test-583,1,2,0.25,1.4400000000000002,not uncertain
AmbiStory,labelled,reclassify,AmbiStory-test-584,4,2,0.25,0.8,not uncertain
AmbiStory,labelled,reclassify,AmbiStory-test-585,5,3,0.1875,0.96,not uncertain
AmbiStory,labelled,reclassify,AmbiStory-test-586,5,3,0.0,1.2,not uncertain
AmbiStory,labelled,reclassify,AmbiStory-test-587,2,2,0.25,0.64,not uncertain
AmbiStory,labelled,reclassify,AmbiStory-test-588,1,2,2.31,0.5599999999999999,not uncertain
AmbiStory,labelled,reclassify,AmbiStory-test-589,5,4,0.09,1.36,not uncertain
AmbiStory,labelled,reclassify,AmbiStory-test-590,1,4,0.16,1.84,not uncertain
AmbiStory,labelled,reclassify,AmbiStory-test-591,5,5,0.0,0.24,not uncertain
AmbiStory,labelled,reclassify,AmbiStory-test-592,4,3,2.46,2.56,not uncertain
AmbiStory,labelled,reclassify,AmbiStory-test-593,5,5,0.0,0.1599999999999999,not uncertain
AmbiStory,labelled,reclassify,AmbiStory-test-594,1,2,0.1275,0.64,not uncertain
AmbiStory,labelled,reclassify,AmbiStory-test-595,4,4,0.24,2.4,not uncertain
AmbiStory,labelled,reclassify,AmbiStory-test-596,1,1,0.2274999999999999,0.24,not uncertain
AmbiStory,labelled,reclassify,AmbiStory-test-597,5,3,0.0,2.0,not uncertain
AmbiStory,labelled,reclassify,AmbiStory-test-598,1,2,0.0,0.24,not uncertain
AmbiStory,labelled,reclassify,AmbiStory-test-599,4,5,0.2274999999999999,0.6399999999999999,not uncertain
AmbiStory,labelled,reclassify,AmbiStory-test-600,5,5,0.0,0.1599999999999999,not uncertain
AmbiStory,labelled,reclassify,AmbiStory-test-601,1,2,0.0,0.56,not uncertain
AmbiStory,labelled,reclassify,AmbiStory-test-602,5,5,0.8099999999999999,0.0,not uncertain
AmbiStory,labelled,reclassify,AmbiStory-test-603,1,3,1.1475000000000002,2.2222222222222223,not uncertain
AmbiStory,labelled,reclassify,AmbiStory-test-604,5,4,0.0,0.24,not uncertain
AmbiStory,labelled,reclassify,AmbiStory-test-605,1,2,0.0,0.24,not uncertain
AmbiStory,labelled,reclassify,AmbiStory-test-606,1,3,3.0475000000000003,2.56,somewhat uncertain
AmbiStory,labelled,reclassify,AmbiStory-test-607,5,3,0.0,1.8400000000000003,not uncertain
AmbiStory,labelled,reclassify,AmbiStory-test-608,1,1,0.0,0.0,not uncertain
AmbiStory,labelled,reclassify,AmbiStory-test-609,5,5,0.0,0.1599999999999999,not uncertain
AmbiStory,labelled,reclassify,AmbiStory-test-610,1,1,0.0,0.24,not uncertain
AmbiStory,labelled,reclassify,AmbiStory-test-611,5,4,0.0,1.36,not uncertain
AmbiStory,labelled,reclassify,AmbiStory-test-612,5,5,0.0475,0.0,not uncertain
AmbiStory,labelled,reclassify,AmbiStory-test-613,4,2,0.5900000000000001,2.16,not uncertain
AmbiStory,labelled,reclassify,AmbiStory-test-614,1,1,0.0,0.0,not uncertain
AmbiStory,labelled,reclassify,AmbiStory-test-615,5,5,0.0,0.24,not uncertain
AmbiStory,labelled,reclassify,AmbiStory-test-616,1,2,0.0,0.64,not uncertain
AmbiStory,labelled,reclassify,AmbiStory-test-617,5,5,0.0,0.24,not uncertain
AmbiStory,labelled,reclassify,AmbiStory-test-618,5,4,0.09,2.24,not uncertain
AmbiStory,labelled,reclassify,AmbiStory-test-619,5,3,0.0,3.3599999999999994,not uncertain
AmbiStory,labelled,reclassify,AmbiStory-test-620,1,2,0.0,0.24,not uncertain
AmbiStory,labelled,reclassify,AmbiStory-test-621,5,5,0.0,0.24,not uncertain
AmbiStory,labelled,reclassify,AmbiStory-test-622,1,2,0.0,1.04,not uncertain
AmbiStory,labelled,reclassify,AmbiStory-test-623,5,5,0.0,0.0,not uncertain
AmbiStory,labelled,reclassify,AmbiStory-test-624,1,1,0.2274999999999999,0.64,not uncertain
AmbiStory,labelled,reclassify,AmbiStory-test-625,5,3,0.0,2.56,not uncertain
AmbiStory,labelled,reclassify,AmbiStory-test-626,1,2,0.0,2.24,not uncertain
AmbiStory,labelled,reclassify,AmbiStory-test-627,5,4,0.0,0.24,not uncertain
AmbiStory,labelled,reclassify,AmbiStory-test-628,1,3,0.09,0.64,not uncertain
AmbiStory,labelled,reclassify,AmbiStory-test-629,5,5,0.0,0.24,not uncertain
AmbiStory,labelled,reclassify,AmbiStory-test-630,5,5,0.0,0.0,not uncertain
AmbiStory,labelled,reclassify,AmbiStory-test-631,1,1,0.0,0.24,not uncertain
AmbiStory,labelled,reclassify,AmbiStory-test-632,5,5,0.0,0.0,not uncertain
AmbiStory,labelled,reclassify,AmbiStory-test-633,1,1,0.0,0.0,not uncertain
AmbiStory,labelled,reclassify,AmbiStory-test-634,5,5,0.4275,0.0,not uncertain
AmbiStory,labelled,reclassify,AmbiStory-test-635,1,2,0.0,0.24,not uncertain
AmbiStory,labelled,reclassify,AmbiStory-test-636,5,4,0.0,0.5599999999999999,not uncertain
AmbiStory,labelled,reclassify,AmbiStory-test-637,1,2,1.44,1.2,not uncertain
AmbiStory,labelled,reclassify,AmbiStory-test-638,5,3,0.0,1.84,not uncertain
AmbiStory,labelled,reclassify,AmbiStory-test-639,5,3,0.0,2.64,not uncertain
AmbiStory,labelled,reclassify,AmbiStory-test-640,5,3,0.0,1.4400000000000002,not uncertain
AmbiStory,labelled,reclassify,AmbiStory-test-641,5,2,0.7875,2.1600000000000006,not uncertain
AmbiStory,labelled,reclassify,AmbiStory-test-642,5,5,0.0,0.0,not uncertain
AmbiStory,labelled,reclassify,AmbiStory-test-643,1,2,0.0,0.64,not uncertain
AmbiStory,labelled,reclassify,AmbiStory-test-644,5,5,0.0,0.24,not uncertain
AmbiStory,labelled,reclassify,AmbiStory-test-645,1,1,0.0,0.6400000000000002,not uncertain
AmbiStory,labelled,reclassify,AmbiStory-test-646,5,5,0.0,0.0,not uncertain
AmbiStory,labelled,reclassify,AmbiStory-test-647,1,1,0.0,0.16,not uncertain
AmbiStory,labelled,reclassify,AmbiStory-test-648,1,2,0.16,0.96,not uncertain
AmbiStory,labelled,reclassify,AmbiStory-test-649,5,4,0.0,1.6,not uncertain
AmbiStory,labelled,reclassify,AmbiStory-test-650,1,1,0.16,0.16,not uncertain
AmbiStory,labelled,reclassify,AmbiStory-test-651,5,5,0.0,0.0,not uncertain
AmbiStory,labelled,reclassify,AmbiStory-test-652,1,3,0.0,1.6,not uncertain
AmbiStory,labelled,reclassify,AmbiStory-test-653,5,5,0.0,0.24,not uncertain
AmbiStory,labelled,reclassify,AmbiStory-test-654,5,5,0.0,0.24,not uncertain
AmbiStory,labelled,reclassify,AmbiStory-test-655,1,2,0.0,0.64,not uncertain
AmbiStory,labelled,reclassify,AmbiStory-test-656,5,3,0.0,1.6,not uncertain
AmbiStory,labelled,reclassify,AmbiStory-test-657,4,3,1.3475,2.64,not uncertain
AmbiStory,labelled,reclassify,AmbiStory-test-658,5,4,0.0,1.36,not uncertain
AmbiStory,labelled,reclassify,AmbiStory-test-659,1,4,0.0,0.5599999999999999,not uncertain
AmbiStory,labelled,reclassify,AmbiStory-test-660,5,5,0.0475,0.0,not uncertain
AmbiStory,labelled,reclassify,AmbiStory-test-661,1,2,0.31,0.56,not uncertain
AmbiStory,labelled,reclassify,AmbiStory-test-662,5,4,0.1275,1.2,not uncertain
AmbiStory,labelled,reclassify,AmbiStory-test-663,1,4,0.54,1.6,not uncertain
AmbiStory,labelled,reclassify,AmbiStory-test-664,5,4,0.7875,0.8,not uncertain
AmbiStory,labelled,reclassify,AmbiStory-test-665,1,3,0.2274999999999999,0.4,not uncertain
AmbiStory,labelled,reclassify,AmbiStory-test-666,5,5,0.0,0.6399999999999999,not uncertain
AmbiStory,labelled,reclassify,AmbiStory-test-667,1,2,0.0475,2.16,not uncertain
AmbiStory,labelled,reclassify,AmbiStory-test-668,5,4,0.0,0.64,not uncertain
AmbiStory,labelled,reclassify,AmbiStory-test-669,5,2,0.0,1.8400000000000003,not uncertain
AmbiStory,labelled,reclassify,AmbiStory-test-670,5,5,0.0,0.1599999999999999,not uncertain
AmbiStory,labelled,reclassify,AmbiStory-test-671,1,1,0.2475,0.0,not uncertain
AmbiStory,labelled,reclassify,AmbiStory-test-672,5,5,0.0,0.6399999999999999,not uncertain
AmbiStory,labelled,reclassify,AmbiStory-test-673,5,4,0.0,2.4,not uncertain
AmbiStory,labelled,reclassify,AmbiStory-test-674,5,5,0.0475,0.1599999999999999,not uncertain
AmbiStory,labelled,reclassify,AmbiStory-test-675,5,5,0.0,0.1599999999999999,not uncertain
AmbiStory,labelled,reclassify,AmbiStory-test-676,5,5,0.0,0.1599999999999999,not uncertain
AmbiStory,labelled,reclassify,AmbiStory-test-677,5,5,0.0,0.0,not uncertain
AmbiStory,labelled,reclassify,AmbiStory-test-678,5,3,0.0,1.4400000000000002,not uncertain
AmbiStory,labelled,reclassify,AmbiStory-test-679,5,3,0.1275,1.36,not uncertain
AmbiStory,labelled,reclassify,AmbiStory-test-680,5,1,0.8400000000000001,0.2222222222222222,not uncertain
AmbiStory,labelled,reclassify,AmbiStory-test-681,5,3,0.0,3.8400000000000007,not uncertain
AmbiStory,labelled,reclassify,AmbiStory-test-682,5,3,0.0,0.96,not uncertain
AmbiStory,labelled,reclassify,AmbiStory-test-683,5,3,0.0,0.1599999999999999,not uncertain
AmbiStory,labelled,reclassify,AmbiStory-test-684,1,2,1.25,1.2,not uncertain
AmbiStory,labelled,reclassify,AmbiStory-test-685,5,4,0.0,0.96,not uncertain
AmbiStory,labelled,reclassify,AmbiStory-test-686,1,4,2.5475000000000003,0.24,not uncertain
AmbiStory,labelled,reclassify,AmbiStory-test-687,5,3,0.0,1.84,not uncertain
AmbiStory,labelled,reclassify,AmbiStory-test-688,1,2,1.4275,1.0400000000000005,not uncertain
AmbiStory,labelled,reclassify,AmbiStory-test-689,5,3,0.0,1.0400000000000005,not uncertain
AmbiStory,labelled,reclassify,AmbiStory-test-690,5,3,0.0475,0.8,not uncertain
AmbiStory,labelled,reclassify,AmbiStory-test-691,5,4,0.1275,0.96,not uncertain
AmbiStory,labelled,reclassify,AmbiStory-test-692,1,2,0.6475000000000001,0.64,not uncertain
AmbiStory,labelled,reclassify,AmbiStory-test-693,5,5,0.0,0.0,not uncertain
AmbiStory,labelled,reclassify,AmbiStory-test-694,1,3,2.39,1.36,somewhat uncertain
AmbiStory,labelled,reclassify,AmbiStory-test-695,5,3,0.76,2.24,not uncertain
AmbiStory,labelled,reclassify,AmbiStory-test-696,4,1,1.6275,0.24,not uncertain
AmbiStory,labelled,reclassify,AmbiStory-test-697,5,2,0.0,0.4,not uncertain
AmbiStory,labelled,reclassify,AmbiStory-test-698,4,3,2.3275,1.7600000000000002,not uncertain
AmbiStory,labelled,reclassify,AmbiStory-test-699,5,4,0.0,1.6,not uncertain
AmbiStory,labelled,reclassify,AmbiStory-test-700,1,3,0.6275000000000001,2.56,not uncertain
AmbiStory,labelled,reclassify,AmbiStory-test-701,5,2,0.0,0.56,not uncertain
AmbiStory,labelled,reclassify,AmbiStory-test-702,2,2,1.6275,0.64,not uncertain
AmbiStory,labelled,reclassify,AmbiStory-test-703,5,2,2.2275,1.8400000000000003,not uncertain
AmbiStory,labelled,reclassify,AmbiStory-test-704,5,4,0.21,1.36,not uncertain
AmbiStory,labelled,reclassify,AmbiStory-test-705,5,4,0.09,0.8,not uncertain
AmbiStory,labelled,reclassify,AmbiStory-test-706,3,3,1.0275,1.04,not uncertain
AmbiStory,labelled,reclassify,AmbiStory-test-707,5,3,0.0475,1.84,not uncertain
AmbiStory,labelled,reclassify,AmbiStory-test-708,5,4,0.0,1.36,not uncertain
AmbiStory,labelled,reclassify,AmbiStory-test-709,1,2,0.0,2.1600000000000006,not uncertain
AmbiStory,labelled,reclassify,AmbiStory-test-710,5,2,1.99,0.24,not uncertain
AmbiStory,labelled,reclassify,AmbiStory-test-711,1,4,0.0475,1.36,not uncertain
AmbiStory,labelled,reclassify,AmbiStory-test-712,5,3,0.0,1.2,not uncertain
AmbiStory,labelled,reclassify,AmbiStory-test-713,1,3,0.0,1.04,not uncertain
AmbiStory,labelled,reclassify,AmbiStory-test-714,5,4,0.09,0.5599999999999999,not uncertain
AmbiStory,labelled,reclassify,AmbiStory-test-715,5,3,0.0,1.84,not uncertain
AmbiStory,labelled,reclassify,AmbiStory-test-716,1,3,1.61,2.56,not uncertain
AmbiStory,labelled,reclassify,AmbiStory-test-717,5,3,0.7875,2.56,not uncertain
AmbiStory,labelled,reclassify,AmbiStory-test-718,1,3,0.94,1.6,not uncertain
AmbiStory,labelled,reclassify,AmbiStory-test-719,5,2,0.0475,0.96,not uncertain
AmbiStory,labelled,reclassify,AmbiStory-test-720,5,4,0.2475,1.04,not uncertain
AmbiStory,labelled,reclassify,AmbiStory-test-721,5,3,0.0,1.2,not uncertain
AmbiStory,labelled,reclassify,AmbiStory-test-722,4,5,0.2274999999999999,0.24,not uncertain
AmbiStory,labelled,reclassify,AmbiStory-test-723,5,3,0.0,1.84,not uncertain
AmbiStory,labelled,reclassify,AmbiStory-test-724,5,4,0.2475,2.16,not uncertain
AmbiStory,labelled,reclassify,AmbiStory-test-725,5,3,0.0,1.7600000000000002,not uncertain
AmbiStory,labelled,reclassify,AmbiStory-test-726,5,5,0.0475,0.0,not uncertain
AmbiStory,labelled,reclassify,AmbiStory-test-727,2,2,0.0475,2.16,not uncertain
AmbiStory,labelled,reclassify,AmbiStory-test-728,1,2,0.1275,1.8400000000000003,not uncertain
AmbiStory,labelled,reclassify,AmbiStory-test-729,5,4,0.0,1.0400000000000005,not uncertain
AmbiStory,labelled,reclassify,AmbiStory-test-730,4,4,0.24,0.5599999999999999,not uncertain
AmbiStory,labelled,reclassify,AmbiStory-test-731,4,2,0.86,0.9600000000000002,not uncertain
AmbiStory,labelled,reclassify,AmbiStory-test-732,5,4,0.0,1.36,not uncertain
AmbiStory,labelled,reclassify,AmbiStory-test-733,2,2,0.3475,0.96,not uncertain
AmbiStory,labelled,reclassify,AmbiStory-test-734,5,3,1.21,2.64,not uncertain
AmbiStory,labelled,reclassify,AmbiStory-test-735,5,4,0.1275,1.84,not uncertain
AmbiStory,labelled,reclassify,AmbiStory-test-736,5,3,0.09,2.0,not uncertain
AmbiStory,labelled,reclassify,AmbiStory-test-737,1,4,0.7474999999999999,0.1599999999999999,not uncertain
AmbiStory,labelled,reclassify,AmbiStory-test-738,5,5,0.0,0.0,not uncertain
AmbiStory,labelled,reclassify,AmbiStory-test-739,1,1,0.09,0.16,not uncertain
AmbiStory,labelled,reclassify,AmbiStory-test-740,1,2,3.49,0.64,not uncertain
AmbiStory,labelled,reclassify,AmbiStory-test-741,5,5,0.0,0.0,not uncertain
AmbiStory,labelled,reclassify,AmbiStory-test-742,5,4,0.0,0.8,not uncertain
AmbiStory,labelled,reclassify,AmbiStory-test-743,4,2,2.8275,0.4,somewhat uncertain
AmbiStory,labelled,reclassify,AmbiStory-test-744,5,5,0.0,0.0,not uncertain
AmbiStory,labelled,reclassify,AmbiStory-test-745,1,1,0.0,0.16,not uncertain
AmbiStory,labelled,reclassify,AmbiStory-test-746,5,5,0.0,0.0,not uncertain
AmbiStory,labelled,reclassify,AmbiStory-test-747,1,1,0.0,0.0,not uncertain
AmbiStory,labelled,reclassify,AmbiStory-test-748,5,5,0.0,0.24,not uncertain
AmbiStory,labelled,reclassify,AmbiStory-test-749,1,1,0.0,0.16,not uncertain
AmbiStory,labelled,reclassify,AmbiStory-test-750,1,2,0.0,0.96,not uncertain
AmbiStory,labelled,reclassify,AmbiStory-test-751,5,4,0.0,0.96,not uncertain
AmbiStory,labelled,reclassify,AmbiStory-test-752,1,1,0.0,0.0,not uncertain
AmbiStory,labelled,reclassify,AmbiStory-test-753,5,5,0.0,0.0,not uncertain
AmbiStory,labelled,reclassify,AmbiStory-test-754,1,2,0.0,1.2,not uncertain
AmbiStory,labelled,reclassify,AmbiStory-test-755,5,4,0.0,0.6399999999999999,not uncertain
AmbiStory,labelled,reclassify,AmbiStory-test-756,5,5,0.0,0.24,not uncertain
AmbiStory,labelled,reclassify,AmbiStory-test-757,1,1,0.0,0.16,not uncertain
AmbiStory,labelled,reclassify,AmbiStory-test-758,1,1,0.4475,0.24,not uncertain
AmbiStory,labelled,reclassify,AmbiStory-test-759,5,5,0.0,0.24,not uncertain
AmbiStory,labelled,reclassify,AmbiStory-test-760,5,2,0.1275,0.4,not uncertain
AmbiStory,labelled,reclassify,AmbiStory-test-761,2,4,0.45,0.5599999999999999,not uncertain
AmbiStory,labelled,reclassify,AmbiStory-test-762,5,4,0.0,1.36,not uncertain
AmbiStory,labelled,reclassify,AmbiStory-test-763,1,1,0.0,0.24,not uncertain
AmbiStory,labelled,reclassify,AmbiStory-test-764,5,4,0.0,1.36,not uncertain
AmbiStory,labelled,reclassify,AmbiStory-test-765,1,1,0.0,0.16,not uncertain
AmbiStory,labelled,reclassify,AmbiStory-test-766,5,4,0.0,0.8,not uncertain
AmbiStory,labelled,reclassify,AmbiStory-test-767,1,1,0.0,0.24,not uncertain
AmbiStory,labelled,reclassify,AmbiStory-test-768,5,3,0.0475,2.0,not uncertain
AmbiStory,labelled,reclassify,AmbiStory-test-769,1,2,0.0,0.64,not uncertain
AmbiStory,labelled,reclassify,AmbiStory-test-770,1,3,0.3875,0.64,not uncertain
AmbiStory,labelled,reclassify,AmbiStory-test-771,5,5,0.0,0.6399999999999999,not uncertain
AmbiStory,labelled,reclassify,AmbiStory-test-772,5,3,0.09,0.5599999999999999,not uncertain
AmbiStory,labelled,reclassify,AmbiStory-test-773,1,4,0.91,0.64,not uncertain
AmbiStory,labelled,reclassify,AmbiStory-test-774,4,3,1.1275,1.36,not uncertain
AmbiStory,labelled,reclassify,AmbiStory-test-775,5,2,0.0,1.4400000000000002,not uncertain
AmbiStory,labelled,reclassify,AmbiStory-test-776,5,2,1.36,1.2,not uncertain
AmbiStory,labelled,reclassify,AmbiStory-test-777,1,2,0.0,1.36,not uncertain
AmbiStory,labelled,reclassify,AmbiStory-test-778,1,3,2.46,2.8,not uncertain
AmbiStory,labelled,reclassify,AmbiStory-test-779,1,2,0.0,0.64,not uncertain
AmbiStory,labelled,reclassify,AmbiStory-test-780,5,5,0.0475,0.1599999999999999,not uncertain
AmbiStory,labelled,reclassify,AmbiStory-test-781,1,1,0.09,0.16,not uncertain
AmbiStory,labelled,reclassify,AmbiStory-test-782,1,3,0.0,0.64,not uncertain
AmbiStory,labelled,reclassify,AmbiStory-test-783,5,5,0.2274999999999999,0.0,not uncertain
AmbiStory,labelled,reclassify,AmbiStory-test-784,1,4,1.61,1.04,not uncertain
AmbiStory,labelled,reclassify,AmbiStory-test-785,4,3,0.9275,0.64,not uncertain
AmbiStory,labelled,reclassify,AmbiStory-test-786,5,4,0.1275,1.36,not uncertain
AmbiStory,labelled,reclassify,AmbiStory-test-787,4,4,2.19,2.16,not uncertain
AmbiStory,labelled,reclassify,AmbiStory-test-788,1,2,0.6475,2.5600000000000005,not uncertain
AmbiStory,labelled,reclassify,AmbiStory-test-789,5,4,0.1275,0.5599999999999999,not uncertain
AmbiStory,labelled,reclassify,AmbiStory-test-790,1,1,1.8,0.16,not uncertain
AmbiStory,labelled,reclassify,AmbiStory-test-791,5,5,0.1275,0.1599999999999999,not uncertain
AmbiStory,labelled,reclassify,AmbiStory-test-792,1,3,2.5275000000000003,2.56,not uncertain
AmbiStory,labelled,reclassify,AmbiStory-test-793,4,3,0.2274999999999999,2.472222222222222,somewhat uncertain
AmbiStory,labelled,reclassify,AmbiStory-test-794,4,2,1.45,0.24,not uncertain
AmbiStory,labelled,reclassify,AmbiStory-test-795,5,4,0.0475,1.0400000000000005,not uncertain
AmbiStory,labelled,reclassify,AmbiStory-test-796,5,2,0.8099999999999999,2.24,not uncertain
AmbiStory,labelled,reclassify,AmbiStory-test-797,5,5,0.09,0.1599999999999999,not uncertain
AmbiStory,labelled,reclassify,AmbiStory-test-798,5,2,0.0,0.56,not uncertain
AmbiStory,labelled,reclassify,AmbiStory-test-799,1,4,1.45,0.4,not uncertain
AmbiStory,labelled,reclassify,AmbiStory-test-800,5,2,0.0,0.56,not uncertain
AmbiStory,labelled,reclassify,AmbiStory-test-801,5,3,0.09,1.44,not uncertain
AmbiStory,labelled,reclassify,AmbiStory-test-802,5,2,0.0,0.96,not uncertain
AmbiStory,labelled,reclassify,AmbiStory-test-803,5,3,0.09,1.0400000000000005,not uncertain
AmbiStory,labelled,reclassify,AmbiStory-test-804,1,1,3.49,0.16,not uncertain
AmbiStory,labelled,reclassify,AmbiStory-test-805,5,4,0.0,0.5599999999999999,not uncertain
AmbiStory,labelled,reclassify,AmbiStory-test-806,1,2,0.76,0.24,not uncertain
AmbiStory,labelled,reclassify,AmbiStory-test-807,5,4,0.0,1.36,not uncertain
AmbiStory,labelled,reclassify,AmbiStory-test-808,1,2,0.0475,0.24,not uncertain
AmbiStory,labelled,reclassify,AmbiStory-test-809,5,4,0.0,0.8,not uncertain
AmbiStory,labelled,reclassify,AmbiStory-test-810,5,5,0.0,0.1599999999999999,not uncertain
AmbiStory,labelled,reclassify,AmbiStory-test-811,5,2,0.0,2.5600000000000005,not uncertain
AmbiStory,labelled,reclassify,AmbiStory-test-812,1,2,0.0,0.56,not uncertain
AmbiStory,labelled,reclassify,AmbiStory-test-813,5,4,2.6900000000000004,1.44,not uncertain
AmbiStory,labelled,reclassify,AmbiStory-test-814,1,1,0.0,0.24,not uncertain
AmbiStory,labelled,reclassify,AmbiStory-test-815,5,5,2.3275,0.1599999999999999,not uncertain
AmbiStory,labelled,reclassify,AmbiStory-test-816,5,5,0.0,0.6399999999999999,not uncertain
AmbiStory,labelled,reclassify,AmbiStory-test-817,5,3,0.0,1.7600000000000002,not uncertain
AmbiStory,labelled,reclassify,AmbiStory-test-818,1,3,0.0,2.16,not uncertain
AmbiStory,labelled,reclassify,AmbiStory-test-819,5,4,0.0,1.84,not uncertain
AmbiStory,labelled,reclassify,AmbiStory-test-820,1,3,1.7475,1.84,not uncertain
AmbiStory,labelled,reclassify,AmbiStory-test-821,5,4,0.0,0.96,not uncertain
AmbiStory,labelled,reclassify,AmbiStory-test-822,1,2,0.0,0.64,not uncertain
AmbiStory,labelled,reclassify,AmbiStory-test-823,5,5,0.0,0.6399999999999999,not uncertain
AmbiStory,labelled,reclassify,AmbiStory-test-824,1,2,0.0475,0.64,not uncertain
AmbiStory,labelled,reclassify,AmbiStory-test-825,5,5,0.0,0.1599999999999999,not uncertain
AmbiStory,labelled,reclassify,AmbiStory-test-826,1,2,0.21,0.24,not uncertain
AmbiStory,labelled,reclassify,AmbiStory-test-827,5,4,0.0,2.16,not uncertain
AmbiStory,labelled,reclassify,AmbiStory-test-828,5,4,0.0,1.6,not uncertain
AmbiStory,labelled,reclassify,AmbiStory-test-829,5,4,0.0,2.560000000000001,not uncertain
AmbiStory,labelled,reclassify,AmbiStory-test-830,5,4,0.1875,0.96,not uncertain
AmbiStory,labelled,reclassify,AmbiStory-test-831,5,3,0.0,2.64,not uncertain
AmbiStory,labelled,reclassify,AmbiStory-test-832,4,3,2.4275,1.04,not uncertain
AmbiStory,labelled,reclassify,AmbiStory-test-833,5,4,0.0,0.4,not uncertain
AmbiStory,labelled,reclassify,AmbiStory-test-834,4,2,1.36,0.4,not uncertain
AmbiStory,labelled,reclassify,AmbiStory-test-835,4,4,0.21,1.36,not uncertain
AmbiStory,labelled,reclassify,AmbiStory-test-836,1,3,0.21,2.16,not uncertain
AmbiStory,labelled,reclassify,AmbiStory-test-837,5,5,0.0475,0.1599999999999999,not uncertain
AmbiStory,labelled,reclassify,AmbiStory-test-838,5,3,0.7875,2.64,not uncertain
AmbiStory,labelled,reclassify,AmbiStory-test-839,5,5,0.0,0.1599999999999999,not uncertain
AmbiStory,labelled,reclassify,AmbiStory-test-840,4,3,0.71,1.44,not uncertain
AmbiStory,labelled,reclassify,AmbiStory-test-841,5,4,0.1275,0.64,not uncertain
AmbiStory,labelled,reclassify,AmbiStory-test-842,1,2,0.0,0.16,not uncertain
AmbiStory,labelled,reclassify,AmbiStory-test-843,5,4,0.1275,0.64,not uncertain
AmbiStory,labelled,reclassify,AmbiStory-test-844,1,2,0.0,0.56,not uncertain
AmbiStory,labelled,reclassify,AmbiStory-test-845,5,3,0.1599999999999999,1.6,not uncertain
AmbiStory,labelled,reclassify,AmbiStory-test-846,5,4,0.31,0.4,not uncertain
AmbiStory,labelled,reclassify,AmbiStory-test-847,1,2,0.8100000000000002,0.6400000000000002,not uncertain
AmbiStory,labelled,reclassify,AmbiStory-test-848,1,1,0.0,0.16,not uncertain
AmbiStory,labelled,reclassify,AmbiStory-test-849,5,5,0.0475,0.24,not uncertain
AmbiStory,labelled,reclassify,AmbiStory-test-850,1,2,0.91,1.2,not uncertain
AmbiStory,labelled,reclassify,AmbiStory-test-851,5,4,0.8400000000000001,0.4,not uncertain
AmbiStory,labelled,reclassify,AmbiStory-test-852,4,3,1.7900000000000005,1.0400000000000005,not uncertain
AmbiStory,labelled,reclassify,AmbiStory-test-853,1,2,2.05,0.4,not uncertain
AmbiStory,labelled,reclassify,AmbiStory-test-854,4,2,0.5475,1.84,not uncertain
AmbiStory,labelled,reclassify,AmbiStory-test-855,4,3,0.6475,2.56,not uncertain
AmbiStory,labelled,reclassify,AmbiStory-test-856,4,3,0.19,1.04,not uncertain
AmbiStory,labelled,reclassify,AmbiStory-test-857,5,2,0.1599999999999999,1.36,not uncertain
AmbiStory,labelled,reclassify,AmbiStory-test-858,5,4,2.5475,1.44,not uncertain
AmbiStory,labelled,reclassify,AmbiStory-test-859,4,1,0.1875,0.64,not uncertain
AmbiStory,labelled,reclassify,AmbiStory-test-860,1,3,1.2475,0.64,not uncertain
AmbiStory,labelled,reclassify,AmbiStory-test-861,4,1,1.16,0.24,not uncertain
AmbiStory,labelled,reclassify,AmbiStory-test-862,1,3,2.1475,2.8,not uncertain
AmbiStory,labelled,reclassify,AmbiStory-test-863,5,2,1.7100000000000002,1.8400000000000003,not uncertain
AmbiStory,labelled,reclassify,AmbiStory-test-864,1,1,0.16,0.24,not uncertain
AmbiStory,labelled,reclassify,AmbiStory-test-865,4,5,0.21,0.0,not uncertain
AmbiStory,labelled,reclassify,AmbiStory-test-866,1,1,0.1275,0.16,not uncertain
AmbiStory,labelled,reclassify,AmbiStory-test-867,5,5,0.25,0.24,not uncertain
AmbiStory,labelled,reclassify,AmbiStory-test-868,1,1,0.0475,0.16,not uncertain
AmbiStory,labelled,reclassify,AmbiStory-test-869,5,5,0.1875,0.24,not uncertain
AmbiStory,labelled,reclassify,AmbiStory-test-870,5,5,0.0,0.6399999999999999,not uncertain
AmbiStory,labelled,reclassify,AmbiStory-test-871,1,1,0.0,0.16,not uncertain
AmbiStory,labelled,reclassify,AmbiStory-test-872,5,3,0.0,0.1599999999999999,not uncertain
AmbiStory,labelled,reclassify,AmbiStory-test-873,1,1,0.0,0.0,not uncertain
AmbiStory,labelled,reclassify,AmbiStory-test-874,5,5,0.0,0.1599999999999999,not uncertain
AmbiStory,labelled,reclassify,AmbiStory-test-875,1,1,0.0,0.0,not uncertain
AmbiStory,labelled,reclassify,AmbiStory-test-876,2,4,0.99,0.4,not uncertain
AmbiStory,labelled,reclassify,AmbiStory-test-877,1,2,0.16,1.8400000000000003,not uncertain
AmbiStory,labelled,reclassify,AmbiStory-test-878,4,3,2.0275000000000003,2.16,not uncertain
AmbiStory,labelled,reclassify,AmbiStory-test-879,2,2,0.3275,1.44,not uncertain
AmbiStory,labelled,reclassify,AmbiStory-test-880,1,4,0.4875,0.96,not uncertain
AmbiStory,labelled,reclassify,AmbiStory-test-881,1,2,0.0475,1.84,not uncertain
AmbiStory,labelled,reclassify,AmbiStory-test-882,4,4,2.45,1.44,not uncertain
AmbiStory,labelled,reclassify,AmbiStory-test-883,1,2,0.0,3.04,not uncertain
AmbiStory,labelled,reclassify,AmbiStory-test-884,5,5,0.1275,0.1599999999999999,not uncertain
AmbiStory,labelled,reclassify,AmbiStory-test-885,1,1,0.0,0.16,not uncertain
AmbiStory,labelled,reclassify,AmbiStory-test-886,4,5,1.8400000000000003,0.6399999999999999,not uncertain
AmbiStory,labelled,reclassify,AmbiStory-test-887,1,2,1.7875,0.56,not uncertain
AmbiStory,labelled,reclassify,AmbiStory-test-888,5,5,0.0,0.0,not uncertain
AmbiStory,labelled,reclassify,AmbiStory-test-889,1,2,1.5275,0.64,not uncertain
AmbiStory,labelled,reclassify,AmbiStory-test-890,4,3,0.7275,0.96,not uncertain
AmbiStory,labelled,reclassify,AmbiStory-test-891,4,3,0.24,0.24,not uncertain
AmbiStory,labelled,reclassify,AmbiStory-test-892,5,4,0.0475,0.8,not uncertain
AmbiStory,labelled,reclassify,AmbiStory-test-893,1,3,1.2475,1.36,not uncertain
AmbiStory,labelled,reclassify,AmbiStory-test-894,5,3,0.0475,0.5599999999999999,not uncertain
AmbiStory,labelled,reclassify,AmbiStory-test-895,3,2,1.0475,0.8,not uncertain
AmbiStory,labelled,reclassify,AmbiStory-test-896,4,2,0.51,0.56,not uncertain
AmbiStory,labelled,reclassify,AmbiStory-test-897,3,4,1.2475,1.0400000000000005,not uncertain
AmbiStory,labelled,reclassify,AmbiStory-test-898,5,2,0.1275,0.64,not uncertain
AmbiStory,labelled,reclassify,AmbiStory-test-899,4,3,1.4600000000000002,0.96,somewhat uncertain
AmbiStory,labelled,reclassify,AmbiStory-test-900,1,2,0.1875,0.5599999999999999,not uncertain
AmbiStory,labelled,reclassify,AmbiStory-test-901,4,5,0.2274999999999999,0.1599999999999999,not uncertain
AmbiStory,labelled,reclassify,AmbiStory-test-902,1,2,0.0,0.56,not uncertain
AmbiStory,labelled,reclassify,AmbiStory-test-903,5,5,0.0,0.1599999999999999,not uncertain
AmbiStory,labelled,reclassify,AmbiStory-test-904,1,2,0.0,1.2,not uncertain
AmbiStory,labelled,reclassify,AmbiStory-test-905,5,4,0.2274999999999999,0.0,not uncertain
AmbiStory,labelled,reclassify,AmbiStory-test-906,5,5,0.0,0.6399999999999999,not uncertain
AmbiStory,labelled,reclassify,AmbiStory-test-907,2,1,0.39,0.16,not uncertain
AmbiStory,labelled,reclassify,AmbiStory-test-908,5,3,0.0475,0.5599999999999999,not uncertain
AmbiStory,labelled,reclassify,AmbiStory-test-909,4,3,0.0475,1.6,not uncertain
AmbiStory,labelled,reclassify,AmbiStory-test-910,5,3,0.0,0.8,not uncertain
AmbiStory,labelled,reclassify,AmbiStory-test-911,1,2,0.0475,0.8,not uncertain
AmbiStory,labelled,reclassify,AmbiStory-test-912,5,3,0.0,0.96,not uncertain
AmbiStory,labelled,reclassify,AmbiStory-test-913,5,3,0.8400000000000001,2.64,not uncertain
AmbiStory,labelled,reclassify,AmbiStory-test-914,1,2,0.0,2.4,not uncertain
AmbiStory,labelled,reclassify,AmbiStory-test-915,5,4,0.0,0.64,not uncertain
AmbiStory,labelled,reclassify,AmbiStory-test-916,1,3,0.0,2.0,not uncertain
AmbiStory,labelled,reclassify,AmbiStory-test-917,5,5,0.0,0.1599999999999999,not uncertain
AmbiStory,labelled,reclassify,AmbiStory-test-918,5,4,0.0,1.36,not uncertain
AmbiStory,labelled,reclassify,AmbiStory-test-919,5,2,0.0,0.4,not uncertain
AmbiStory,labelled,reclassify,AmbiStory-test-920,5,5,0.0,0.6399999999999999,not uncertain
AmbiStory,labelled,reclassify,AmbiStory-test-921,1,2,2.74,0.64,not uncertain
AmbiStory,labelled,reclassify,AmbiStory-test-922,5,4,0.0,0.96,not uncertain
AmbiStory,labelled,reclassify,AmbiStory-test-923,5,3,0.0,0.4,not uncertain
AmbiStory,labelled,reclassify,AmbiStory-test-924,5,1,0.0,0.0,not uncertain
AmbiStory,labelled,reclassify,AmbiStory-test-925,2,4,1.01,1.2,not uncertain
AmbiStory,labelled,reclassify,AmbiStory-test-926,5,1,0.0,0.16,not uncertain
AmbiStory,labelled,reclassify,AmbiStory-test-927,1,3,1.4875,2.222222222222222,not uncertain
AmbiStory,labelled,reclassify,AmbiStory-test-928,5,2,0.0475,1.36,not uncertain
AmbiStory,labelled,reclassify,AmbiStory-test-929,2,4,1.3,0.96,not uncertain
AmbiStory,labelled,topk_wrong,AmbiStory-test-0,5,4,0.0,1.6,somewhat uncertain
AmbiStory,labelled,topk_wrong,AmbiStory-test-1,1,2,0.65,1.2,
AmbiStory,labelled,topk_wrong,AmbiStory-test-2,5,3,0.0,0.5599999999999999,somewhat uncertain
AmbiStory,labelled,topk_wrong,AmbiStory-test-3,3,3,1.91,1.44,highly uncertain
AmbiStory,labelled,topk_wrong,AmbiStory-test-4,5,3,0.0,1.84,somewhat uncertain
AmbiStory,labelled,topk_wrong,AmbiStory-test-5,4,2,2.09,0.56,not uncertain
AmbiStory,labelled,topk_wrong,AmbiStory-test-6,1,3,2.31,0.96,somewhat uncertain
AmbiStory,labelled,topk_wrong,AmbiStory-test-7,1,4,0.54,1.36,somewhat uncertain
AmbiStory,labelled,topk_wrong,AmbiStory-test-8,1,1,0.8474999999999999,0.24,highly uncertain
AmbiStory,labelled,topk_wrong,AmbiStory-test-9,1,4,0.9275,2.16,highly uncertain
AmbiStory,labelled,topk_wrong,AmbiStory-test-10,4,1,1.5,0.24,not uncertain
AmbiStory,labelled,topk_wrong,AmbiStory-test-11,2,5,0.35,0.1599999999999999,not uncertain
AmbiStory,labelled,topk_wrong,AmbiStory-test-12,5,4,0.0,0.5599999999999999,not uncertain
AmbiStory,labelled,topk_wrong,AmbiStory-test-13,1,3,0.24,2.64,not uncertain
AmbiStory,labelled,topk_wrong,AmbiStory-test-14,5,1,3.24,0.24,not uncertain
AmbiStory,labelled,topk_wrong,AmbiStory-test-15,5,4,0.0,2.56,somewhat uncertain
AmbiStory,labelled,topk_wrong,AmbiStory-test-16,5,3,0.0,0.5599999999999999,highly uncertain
AmbiStory,labelled,topk_wrong,AmbiStory-test-17,1,4,0.1275,0.64,not uncertain
AmbiStory,labelled,topk_wrong,AmbiStory-test-18,5,5,0.0,0.0,somewhat uncertain
AmbiStory,labelled,topk_wrong,AmbiStory-test-19,5,3,0.0,2.64,highly uncertain
AmbiStory,labelled,topk_wrong,AmbiStory-test-20,5,5,0.0,0.0,somewhat uncertain
AmbiStory,labelled,topk_wrong,AmbiStory-test-21,5,3,0.1599999999999999,0.96,not uncertain
AmbiStory,labelled,topk_wrong,AmbiStory-test-22,5,5,0.0,0.1599999999999999,somewhat uncertain
AmbiStory,labelled,topk_wrong,AmbiStory-test-23,5,4,0.0475,2.56,not uncertain
AmbiStory,labelled,topk_wrong,AmbiStory-test-24,5,5,0.0475,0.0,not uncertain
AmbiStory,labelled,topk_wrong,AmbiStory-test-25,1,2,0.0,1.2,not uncertain
AmbiStory,labelled,topk_wrong,AmbiStory-test-26,5,4,0.0,0.96,somewhat uncertain
AmbiStory,labelled,topk_wrong,AmbiStory-test-27,1,2,0.0,0.56,
AmbiStory,labelled,topk_wrong,AmbiStory-test-28,5,4,0.0,0.6399999999999999,somewhat uncertain
AmbiStory,labelled,topk_wrong,AmbiStory-test-29,1,2,0.0,0.64,not uncertain
AmbiStory,labelled,topk_wrong,AmbiStory-test-30,5,2,0.1275,0.8,somewhat uncertain
AmbiStory,labelled,topk_wrong,AmbiStory-test-31,5,4,0.0,0.6399999999999999,not uncertain
AmbiStory,labelled,topk_wrong,AmbiStory-test-32,4,3,0.2274999999999999,2.24,not uncertain
AmbiStory,labelled,topk_wrong,AmbiStory-test-33,5,4,0.0,0.1599999999999999,somewhat uncertain
AmbiStory,labelled,topk_wrong,AmbiStory-test-34,5,3,0.0,0.96,somewhat uncertain
AmbiStory,labelled,topk_wrong,AmbiStory-test-35,5,4,0.0,0.96,somewhat uncertain
AmbiStory,labelled,topk_wrong,AmbiStory-test-36,4,3,0.2274999999999999,0.24,somewhat uncertain
AmbiStory,labelled,topk_wrong,AmbiStory-test-37,5,3,0.0,1.6,somewhat uncertain
AmbiStory,labelled,topk_wrong,AmbiStory-test-38,4,2,2.1275,1.84,highly uncertain
AmbiStory,labelled,topk_wrong,AmbiStory-test-39,5,4,0.0,1.44,highly uncertain
AmbiStory,labelled,topk_wrong,AmbiStory-test-40,4,3,1.5275,1.84,somewhat uncertain
AmbiStory,labelled,topk_wrong,AmbiStory-test-41,5,4,0.0,1.36,somewhat uncertain
AmbiStory,labelled,topk_wrong,AmbiStory-test-42,1,2,0.09,0.1599999999999999,highly uncertain
AmbiStory,labelled,topk_wrong,AmbiStory-test-43,5,4,0.1875,0.4,highly uncertain
AmbiStory,labelled,topk_wrong,AmbiStory-test-44,1,3,0.09,2.24,
AmbiStory,labelled,topk_wrong,AmbiStory-test-45,5,4,0.0,1.0400000000000005,somewhat uncertain
AmbiStory,labelled,topk_wrong,AmbiStory-test-46,1,3,0.0475,0.96,
AmbiStory,labelled,topk_wrong,AmbiStory-test-47,5,4,0.09,0.8,highly uncertain
AmbiStory,labelled,topk_wrong,AmbiStory-test-48,5,4,0.0,2.1600000000000006,somewhat uncertain
AmbiStory,labelled,topk_wrong,AmbiStory-test-49,4,2,0.5599999999999999,2.24,highly uncertain
AmbiStory,labelled,topk_wrong,AmbiStory-test-50,3,2,1.2275,0.24,highly uncertain
AmbiStory,labelled,topk_wrong,AmbiStory-test-51,5,4,0.0,1.36,highly uncertain
AmbiStory,labelled,topk_wrong,AmbiStory-test-52,3,2,0.71,2.16,not uncertain
AmbiStory,labelled,topk_wrong,AmbiStory-test-53,5,5,0.25,0.24,not uncertain
AmbiStory,labelled,topk_wrong,AmbiStory-test-54,5,3,0.24,1.04,not uncertain
AmbiStory,labelled,topk_wrong,AmbiStory-test-55,4,3,0.1875,0.96,somewhat uncertain
AmbiStory,labelled,topk_wrong,AmbiStory-test-56,4,2,0.24,0.64,highly uncertain
AmbiStory,labelled,topk_wrong,AmbiStory-test-57,5,5,0.0,0.0,somewhat uncertain
AmbiStory,labelled,topk_wrong,AmbiStory-test-58,5,2,0.1599999999999999,1.36,somewhat uncertain
AmbiStory,labelled,topk_wrong,AmbiStory-test-59,5,5,0.0,0.24,somewhat uncertain
AmbiStory,labelled,topk_wrong,AmbiStory-test-60,5,5,0.0,0.0,somewhat uncertain
AmbiStory,labelled,topk_wrong,AmbiStory-test-61,1,1,0.0,0.0,not uncertain
AmbiStory,labelled,topk_wrong,AmbiStory-test-62,1,1,2.6275000000000004,0.0,somewhat uncertain
AmbiStory,labelled,topk_wrong,AmbiStory-test-63,4,3,0.09,3.8400000000000007,not uncertain
AmbiStory,labelled,topk_wrong,AmbiStory-test-64,5,4,0.0,2.56,somewhat uncertain
AmbiStory,labelled,topk_wrong,AmbiStory-test-65,1,2,0.16,1.36,not uncertain
AmbiStory,labelled,topk_wrong,AmbiStory-test-66,4,3,2.0275,2.16,highly uncertain
AmbiStory,labelled,topk_wrong,AmbiStory-test-67,1,2,0.09,0.56,somewhat uncertain
AmbiStory,labelled,topk_wrong,AmbiStory-test-68,1,1,0.0,0.16,not uncertain
AmbiStory,labelled,topk_wrong,AmbiStory-test-69,5,5,0.0,0.0,somewhat uncertain
AmbiStory,labelled,topk_wrong,AmbiStory-test-70,1,2,0.0,1.36,not uncertain
AmbiStory,labelled,topk_wrong,AmbiStory-test-71,1,3,0.26,1.0400000000000005,not uncertain
AmbiStory,labelled,topk_wrong,AmbiStory-test-72,5,3,0.0,2.16,highly uncertain
AmbiStory,labelled,topk_wrong,AmbiStory-test-73,1,3,0.55,2.0,not uncertain
AmbiStory,labelled,topk_wrong,AmbiStory-test-74,5,2,0.0,1.4400000000000002,highly uncertain
AmbiStory,labelled,topk_wrong,AmbiStory-test-75,5,4,0.0,1.36,somewhat uncertain
AmbiStory,labelled,topk_wrong,AmbiStory-test-76,5,3,3.6475,1.4400000000000002,highly uncertain
AmbiStory,labelled,topk_wrong,AmbiStory-test-77,5,4,0.0,0.6399999999999999,somewhat uncertain
AmbiStory,labelled,topk_wrong,AmbiStory-test-78,5,4,0.0,1.6,highly uncertain
AmbiStory,labelled,topk_wrong,AmbiStory-test-79,4,2,0.1875,0.96,highly uncertain
AmbiStory,labelled,topk_wrong,AmbiStory-test-80,5,3,3.55,0.1599999999999999,highly uncertain
AmbiStory,labelled,topk_wrong,AmbiStory-test-81,5,4,0.0,0.24,not uncertain
AmbiStory,labelled,topk_wrong,AmbiStory-test-82,1,2,1.9275,0.8,somewhat uncertain
AmbiStory,labelled,topk_wrong,AmbiStory-test-83,5,4,0.09,1.2,not uncertain
AmbiStory,labelled,topk_wrong,AmbiStory-test-84,1,2,0.16,0.8,highly uncertain
AmbiStory,labelled,topk_wrong,AmbiStory-test-85,5,5,0.0475,0.6399999999999999,somewhat uncertain
AmbiStory,labelled,topk_wrong,AmbiStory-test-86,5,2,3.4275,0.16,not uncertain
AmbiStory,labelled,topk_wrong,AmbiStory-test-87,5,4,0.0475,0.5599999999999999,highly uncertain
AmbiStory,labelled,topk_wrong,AmbiStory-test-88,1,2,0.3399999999999999,0.4,highly uncertain
AmbiStory,labelled,topk_wrong,AmbiStory-test-89,5,4,0.0475,0.5599999999999999,somewhat uncertain
AmbiStory,labelled,topk_wrong,AmbiStory-test-90,5,3,0.1599999999999999,1.6,highly uncertain
AmbiStory,labelled,topk_wrong,AmbiStory-test-91,1,3,0.3399999999999999,2.16,somewhat uncertain
AmbiStory,labelled,topk_wrong,AmbiStory-test-92,4,2,0.2475,0.64,somewhat uncertain
AmbiStory,labelled,topk_wrong,AmbiStory-test-93,1,4,0.4875,0.5599999999999999,
AmbiStory,labelled,topk_wrong,AmbiStory-test-94,5,1,0.2475,0.16,not uncertain
AmbiStory,labelled,topk_wrong,AmbiStory-test-95,4,4,1.31,0.96,not uncertain
AmbiStory,labelled,topk_wrong,AmbiStory-test-96,5,5,0.0,0.24,highly uncertain
AmbiStory,labelled,topk_wrong,AmbiStory-test-97,5,3,2.04,2.472222222222222,not uncertain
AmbiStory,labelled,topk_wrong,AmbiStory-test-98,5,4,0.0,0.5599999999999999,highly uncertain
AmbiStory,labelled,topk_wrong,AmbiStory-test-99,5,3,3.4875,0.4,not uncertain
AmbiStory,labelled,topk_wrong,AmbiStory-test-100,5,3,0.0,1.36,somewhat uncertain
AmbiStory,labelled,topk_wrong,AmbiStory-test-101,5,4,0.76,1.4400000000000002,highly uncertain
AmbiStory,labelled,topk_wrong,AmbiStory-test-102,5,4,0.0,0.96,highly uncertain
AmbiStory,labelled,topk_wrong,AmbiStory-test-103,5,1,0.0,0.16,highly uncertain
AmbiStory,labelled,topk_wrong,AmbiStory-test-104,1,2,0.9475,0.24,somewhat uncertain
AmbiStory,labelled,topk_wrong,AmbiStory-test-105,5,5,0.0,0.1599999999999999,somewhat uncertain
AmbiStory,labelled,topk_wrong,AmbiStory-test-106,5,3,0.0475,0.5599999999999999,highly uncertain
AmbiStory,labelled,topk_wrong,AmbiStory-test-107,5,3,0.0,2.24,highly uncertain
AmbiStory,labelled,topk_wrong,AmbiStory-test-108,5,5,0.0,0.1599999999999999,somewhat uncertain
AmbiStory,labelled,topk_wrong,AmbiStory-test-109,1,1,0.76,0.0,not uncertain
AmbiStory,labelled,topk_wrong,AmbiStory-test-110,5,4,0.0,0.5599999999999999,highly uncertain
AmbiStory,labelled,topk_wrong,AmbiStory-test-111,5,1,0.76,0.24,not uncertain
AmbiStory,labelled,topk_wrong,AmbiStory-test-112,5,4,0.0,1.36,somewhat uncertain
AmbiStory,labelled,topk_wrong,AmbiStory-test-113,5,1,2.06,0.16,not uncertain
AmbiStory,labelled,topk_wrong,AmbiStory-test-114,5,5,0.0,0.0,not uncertain
AmbiStory,labelled,topk_wrong,AmbiStory-test-115,1,2,0.0,2.5600000000000005,not uncertain
AmbiStory,labelled,topk_wrong,AmbiStory-test-116,5,3,0.0,2.64,not uncertain
AmbiStory,labelled,topk_wrong,AmbiStory-test-117,5,3,0.0,3.2,highly uncertain
AmbiStory,labelled,topk_wrong,AmbiStory-test-118,5,5,0.0,0.1599999999999999,somewhat uncertain
AmbiStory,labelled,topk_wrong,AmbiStory-test-119,1,1,0.0,0.24,somewhat uncertain
AmbiStory,labelled,topk_wrong,AmbiStory-test-120,5,4,0.0,0.4,somewhat uncertain
AmbiStory,labelled,topk_wrong,AmbiStory-test-121,1,4,0.4475,0.5599999999999999,
AmbiStory,labelled,topk_wrong,AmbiStory-test-122,5,4,0.0,0.64,somewhat uncertain
AmbiStory,labelled,topk_wrong,AmbiStory-test-123,1,3,0.2475,0.5599999999999999,not uncertain
AmbiStory,labelled,topk_wrong,AmbiStory-test-124,5,3,0.0,1.8400000000000003,somewhat uncertain
AmbiStory,labelled,topk_wrong,AmbiStory-test-125,4,3,0.91,1.8400000000000003,highly uncertain
AmbiStory,labelled,topk_wrong,AmbiStory-test-126,4,3,0.8275,0.888888888888889,not uncertain
AmbiStory,labelled,topk_wrong,AmbiStory-test-127,2,3,0.39,1.36,highly uncertain
AmbiStory,labelled,topk_wrong,AmbiStory-test-128,1,2,0.2274999999999999,0.64,
AmbiStory,labelled,topk_wrong,AmbiStory-test-129,4,3,0.3275,2.56,highly uncertain
AmbiStory,labelled,topk_wrong,AmbiStory-test-130,1,1,0.0,0.24,not uncertain
AmbiStory,labelled,topk_wrong,AmbiStory-test-131,2,3,0.44,2.16,somewhat uncertain
AmbiStory,labelled,topk_wrong,AmbiStory-test-132,5,5,0.0,0.0,highly uncertain
AmbiStory,labelled,topk_wrong,AmbiStory-test-133,1,1,0.0,0.24,highly uncertain
AmbiStory,labelled,topk_wrong,AmbiStory-test-134,5,3,0.7875,1.84,highly uncertain
AmbiStory,labelled,topk_wrong,AmbiStory-test-135,5,4,3.64,0.8,highly uncertain
AmbiStory,labelled,topk_wrong,AmbiStory-test-136,5,3,0.0,2.64,highly uncertain
AmbiStory,labelled,topk_wrong,AmbiStory-test-137,5,3,0.76,2.0,not uncertain
AmbiStory,labelled,topk_wrong,AmbiStory-test-138,5,5,0.0,0.24,somewhat uncertain
AmbiStory,labelled,topk_wrong,AmbiStory-test-139,5,5,0.0,0.0,somewhat uncertain
AmbiStory,labelled,topk_wrong,AmbiStory-test-140,5,5,0.0,0.0,somewhat uncertain
AmbiStory,labelled,topk_wrong,AmbiStory-test-141,5,5,0.0,0.0,not uncertain
AmbiStory,labelled,topk_wrong,AmbiStory-test-142,5,4,0.0,1.36,somewhat uncertain
AmbiStory,labelled,topk_wrong,AmbiStory-test-143,5,5,0.0,0.0,somewhat uncertain
AmbiStory,labelled,topk_wrong,AmbiStory-test-144,1,1,0.26,0.24,somewhat uncertain
AmbiStory,labelled,topk_wrong,AmbiStory-test-145,5,5,0.0,0.1599999999999999,not uncertain
AmbiStory,labelled,topk_wrong,AmbiStory-test-146,1,2,1.26,2.24,
AmbiStory,labelled,topk_wrong,AmbiStory-test-147,5,5,0.0475,0.1599999999999999,somewhat uncertain
AmbiStory,labelled,topk_wrong,AmbiStory-test-148,1,2,0.0,0.5599999999999999,not uncertain
AmbiStory,labelled,topk_wrong,AmbiStory-test-149,5,4,0.0,1.44,somewhat uncertain
AmbiStory,labelled,topk_wrong,AmbiStory-test-150,5,3,0.0,2.8,somewhat uncertain
AmbiStory,labelled,topk_wrong,AmbiStory-test-151,1,3,0.0475,2.8,somewhat uncertain
AmbiStory,labelled,topk_wrong,AmbiStory-test-152,5,1,0.0475,0.6400000000000002,highly uncertain
AmbiStory,labelled,topk_wrong,AmbiStory-test-153,1,4,2.9275,1.84,highly uncertain
AmbiStory,labelled,topk_wrong,AmbiStory-test-154,5,4,0.0475,1.4400000000000002,somewhat uncertain
AmbiStory,labelled,topk_wrong,AmbiStory-test-155,1,3,0.26,1.8400000000000003,somewhat uncertain
AmbiStory,labelled,topk_wrong,AmbiStory-test-156,5,5,0.0475,0.0,somewhat uncertain
AmbiStory,labelled,topk_wrong,AmbiStory-test-157,1,1,0.0,0.16,not uncertain
AmbiStory,labelled,topk_wrong,AmbiStory-test-158,5,3,1.9875,1.36,not uncertain
AmbiStory,labelled,topk_wrong,AmbiStory-test-159,5,3,0.0,0.96,somewhat uncertain
AmbiStory,labelled,topk_wrong,AmbiStory-test-160,5,5,0.0,0.0,somewhat uncertain
AmbiStory,labelled,topk_wrong,AmbiStory-test-161,1,2,0.0,0.9600000000000002,somewhat uncertain
AmbiStory,labelled,topk_wrong,AmbiStory-test-162,5,2,0.0,0.64,highly uncertain
AmbiStory,labelled,topk_wrong,AmbiStory-test-163,1,4,1.6275,0.5599999999999999,somewhat uncertain
AmbiStory,labelled,topk_wrong,AmbiStory-test-164,5,2,0.09,0.64,somewhat uncertain
AmbiStory,labelled,topk_wrong,AmbiStory-test-165,5,3,3.1275000000000004,1.84,highly uncertain
AmbiStory,labelled,topk_wrong,AmbiStory-test-166,5,2,0.0475,0.24,not uncertain
AmbiStory,labelled,topk_wrong,AmbiStory-test-167,5,4,1.9875,0.6399999999999999,highly uncertain
AmbiStory,labelled,topk_wrong,AmbiStory-test-168,5,5,0.09,0.1599999999999999,highly uncertain
AmbiStory,labelled,topk_wrong,AmbiStory-test-169,1,1,0.0,0.0,not uncertain
AmbiStory,labelled,topk_wrong,AmbiStory-test-170,5,5,0.0,0.0,highly uncertain
AmbiStory,labelled,topk_wrong,AmbiStory-test-171,1,1,0.0,0.0,highly uncertain
AmbiStory,labelled,topk_wrong,AmbiStory-test-172,5,5,0.09,0.24,not uncertain
AmbiStory,labelled,topk_wrong,AmbiStory-test-173,1,1,0.0,0.0,not uncertain
AmbiStory,labelled,topk_wrong,AmbiStory-test-174,5,5,0.1599999999999999,0.6399999999999999,highly uncertain
AmbiStory,labelled,topk_wrong,AmbiStory-test-175,4,2,0.2,0.8,somewhat uncertain
AmbiStory,labelled,topk_wrong,AmbiStory-test-176,1,1,0.0,0.24,
AmbiStory,labelled,topk_wrong,AmbiStory-test-177,4,4,0.2475,2.1600000000000006,somewhat uncertain
AmbiStory,labelled,topk_wrong,AmbiStory-test-178,1,2,3.21,1.04,not uncertain
AmbiStory,labelled,topk_wrong,AmbiStory-test-179,4,4,1.09,0.5599999999999999,somewhat uncertain
AmbiStory,labelled,topk_wrong,AmbiStory-test-180,5,4,0.0,0.6399999999999999,somewhat uncertain
AmbiStory,labelled,topk_wrong,AmbiStory-test-181,4,3,1.4475,0.64,not uncertain
AmbiStory,labelled,topk_wrong,AmbiStory-test-182,1,2,0.0,0.64,highly uncertain
AmbiStory,labelled,topk_wrong,AmbiStory-test-183,5,3,0.1875,1.84,highly uncertain
AmbiStory,labelled,topk_wrong,AmbiStory-test-184,4,3,0.34,0.0,somewhat uncertain
AmbiStory,labelled,topk_wrong,AmbiStory-test-185,4,3,0.1875,1.2,somewhat uncertain
AmbiStory,labelled,topk_wrong,AmbiStory-test-186,1,3,3.4,1.84,highly uncertain
AmbiStory,labelled,topk_wrong,AmbiStory-test-187,1,2,0.0475,0.56,somewhat uncertain
AmbiStory,labelled,topk_wrong,AmbiStory-test-188,1,1,0.09,0.16,highly uncertain
AmbiStory,labelled,topk_wrong,AmbiStory-test-189,5,4,0.0,0.64,highly uncertain
AmbiStory,labelled,topk_wrong,AmbiStory-test-190,1,2,2.5275,0.56,not uncertain
AmbiStory,labelled,topk_wrong,AmbiStory-test-191,2,3,0.74,1.04,somewhat uncertain
AmbiStory,labelled,topk_wrong,AmbiStory-test-192,5,5,0.0475,0.1599999999999999,not uncertain
AmbiStory,labelled,topk_wrong,AmbiStory-test-193,2,1,0.1275,0.16,somewhat uncertain
AmbiStory,labelled,topk_wrong,AmbiStory-test-194,5,3,0.0475,0.64,not uncertain
AmbiStory,labelled,topk_wrong,AmbiStory-test-195,4,3,0.9475,1.84,highly uncertain
AmbiStory,labelled,topk_wrong,AmbiStory-test-196,4,4,0.09,0.5599999999999999,somewhat uncertain
AmbiStory,labelled,topk_wrong,AmbiStory-test-197,2,2,0.2475,0.64,not uncertain
AmbiStory,labelled,topk_wrong,AmbiStory-test-198,5,5,0.0475,0.24,not uncertain
AmbiStory,labelled,topk_wrong,AmbiStory-test-199,5,1,0.24,0.64,highly uncertain
AmbiStory,labelled,topk_wrong,AmbiStory-test-200,5,4,0.1275,0.4,not uncertain
AmbiStory,labelled,topk_wrong,AmbiStory-test-201,2,2,1.3,1.2,somewhat uncertain
AmbiStory,labelled,topk_wrong,AmbiStory-test-202,4,5,0.1875,0.1599999999999999,somewhat uncertain
AmbiStory,labelled,topk_wrong,AmbiStory-test-203,3,2,0.74,0.64,highly uncertain
AmbiStory,labelled,topk_wrong,AmbiStory-test-204,5,5,0.2274999999999999,0.24,not uncertain
AmbiStory,labelled,topk_wrong,AmbiStory-test-205,1,2,0.0475,0.16,not uncertain
AmbiStory,labelled,topk_wrong,AmbiStory-test-206,4,4,2.7475,0.24,highly uncertain
AmbiStory,labelled,topk_wrong,AmbiStory-test-207,4,3,1.5475,1.6,somewhat uncertain
AmbiStory,labelled,topk_wrong,AmbiStory-test-208,5,4,1.16,0.8,somewhat uncertain
AmbiStory,labelled,topk_wrong,AmbiStory-test-209,5,2,2.4475,0.24,highly uncertain
AmbiStory,labelled,topk_wrong,AmbiStory-test-210,1,3,1.01,0.5599999999999999,highly uncertain
AmbiStory,labelled,topk_wrong,AmbiStory-test-211,5,2,0.2274999999999999,0.56,highly uncertain
AmbiStory,labelled,topk_wrong,AmbiStory-test-212,1,3,2.0275,0.4,highly uncertain
AmbiStory,labelled,topk_wrong,AmbiStory-test-213,4,3,0.31,3.3600000000000003,not uncertain
AmbiStory,labelled,topk_wrong,AmbiStory-test-214,1,3,0.0475,1.04,
AmbiStory,labelled,topk_wrong,AmbiStory-test-215,5,2,0.24,2.24,not uncertain
AmbiStory,labelled,topk_wrong,AmbiStory-test-216,5,4,0.1599999999999999,0.24,somewhat uncertain
AmbiStory,labelled,topk_wrong,AmbiStory-test-217,5,1,0.0475,0.6400000000000002,not uncertain
AmbiStory,labelled,topk_wrong,AmbiStory-test-218,1,3,0.1275,0.96,highly uncertain
AmbiStory,labelled,topk_wrong,AmbiStory-test-219,1,3,2.29,3.3599999999999994,highly uncertain
AmbiStory,labelled,topk_wrong,AmbiStory-test-220,3,3,0.5475,1.805555555555556,somewhat uncertain
AmbiStory,labelled,topk_wrong,AmbiStory-test-221,5,3,0.0,1.36,somewhat uncertain
AmbiStory,labelled,topk_wrong,AmbiStory-test-222,5,5,0.0,0.24,highly uncertain
AmbiStory,labelled,topk_wrong,AmbiStory-test-223,3,3,1.34,2.64,highly uncertain
AmbiStory,labelled,topk_wrong,AmbiStory-test-224,2,3,0.2475,1.36,highly uncertain
AmbiStory,labelled,topk_wrong,AmbiStory-test-225,5,4,0.0,0.6399999999999999,not uncertain
AmbiStory,labelled,topk_wrong,AmbiStory-test-226,3,3,0.5275000000000001,1.2,not uncertain
AmbiStory,labelled,topk_wrong,AmbiStory-test-227,5,3,0.0,0.5599999999999999,highly uncertain
AmbiStory,labelled,topk_wrong,AmbiStory-test-228,4,2,0.31,1.4400000000000002,highly uncertain
AmbiStory,labelled,topk_wrong,AmbiStory-test-229,4,3,0.2475,1.04,not uncertain
AmbiStory,labelled,topk_wrong,AmbiStory-test-230,4,2,0.2875,0.24,highly uncertain
AmbiStory,labelled,topk_wrong,AmbiStory-test-231,5,4,0.1275,1.0400000000000005,not uncertain
AmbiStory,labelled,topk_wrong,AmbiStory-test-232,1,2,1.49,0.5599999999999999,somewhat uncertain
AmbiStory,labelled,topk_wrong,AmbiStory-test-233,4,4,0.3475,1.36,not uncertain
AmbiStory,labelled,topk_wrong,AmbiStory-test-234,5,5,0.0,0.0,somewhat uncertain
AmbiStory,labelled,topk_wrong,AmbiStory-test-235,4,4,0.25,1.36,somewhat uncertain
AmbiStory,labelled,topk_wrong,AmbiStory-test-236,3,3,1.7475,1.8400000000000003,highly uncertain
AmbiStory,labelled,topk_wrong,AmbiStory-test-237,5,4,0.0,0.24,somewhat uncertain
AmbiStory,labelled,topk_wrong,AmbiStory-test-238,5,4,0.0,0.96,highly uncertain
AmbiStory,labelled,topk_wrong,AmbiStory-test-239,5,4,0.2475,0.24,not uncertain
AmbiStory,labelled,topk_wrong,AmbiStory-test-240,1,2,1.2475,0.56,not uncertain
AmbiStory,labelled,topk_wrong,AmbiStory-test-241,5,5,0.0,0.1599999999999999,not uncertain
AmbiStory,labelled,topk_wrong,AmbiStory-test-242,1,1,0.0,0.24,not uncertain
AmbiStory,labelled,topk_wrong,AmbiStory-test-243,5,5,0.0,0.1599999999999999,somewhat uncertain
AmbiStory,labelled,topk_wrong,AmbiStory-test-244,1,2,0.16,2.24,somewhat uncertain
AmbiStory,labelled,topk_wrong,AmbiStory-test-245,5,4,0.0,0.6399999999999999,somewhat uncertain
AmbiStory,labelled,topk_wrong,AmbiStory-test-246,5,5,0.0,0.1599999999999999,not uncertain
AmbiStory,labelled,topk_wrong,AmbiStory-test-247,1,1,0.0,0.64,
AmbiStory,labelled,topk_wrong,AmbiStory-test-248,1,5,0.36,0.1599999999999999,not uncertain
AmbiStory,labelled,topk_wrong,AmbiStory-test-249,1,2,0.0,0.64,highly uncertain
AmbiStory,labelled,topk_wrong,AmbiStory-test-250,5,5,0.0,0.24,somewhat uncertain
AmbiStory,labelled,topk_wrong,AmbiStory-test-251,1,1,0.0,0.16,
AmbiStory,labelled,topk_wrong,AmbiStory-test-252,5,4,0.0,0.6399999999999999,somewhat uncertain
AmbiStory,labelled,topk_wrong,AmbiStory-test-253,3,3,0.5599999999999999,1.2,not uncertain
AmbiStory,labelled,topk_wrong,AmbiStory-test-254,5,4,0.0,0.6399999999999999,somewhat uncertain
AmbiStory,labelled,topk_wrong,AmbiStory-test-255,1,2,0.3399999999999999,2.24,highly uncertain
AmbiStory,labelled,topk_wrong,AmbiStory-test-256,5,4,0.0,0.5599999999999999,somewhat uncertain
AmbiStory,labelled,topk_wrong,AmbiStory-test-257,5,2,0.09,1.36,somewhat uncertain
AmbiStory,labelled,topk_wrong,AmbiStory-test-258,1,3,0.21,1.44,not uncertain
AmbiStory,labelled,topk_wrong,AmbiStory-test-259,5,5,0.0,0.0,somewhat uncertain
AmbiStory,labelled,topk_wrong,AmbiStory-test-260,2,2,0.29,0.64,somewhat uncertain
AmbiStory,labelled,topk_wrong,AmbiStory-test-261,5,5,0.0,0.0,somewhat uncertain
AmbiStory,labelled,topk_wrong,AmbiStory-test-262,2,4,0.21,1.44,highly uncertain
AmbiStory,labelled,topk_wrong,AmbiStory-test-263,5,4,0.0,1.36,somewhat uncertain
AmbiStory,labelled,topk_wrong,AmbiStory-test-264,5,3,0.0475,3.2,highly uncertain
AmbiStory,labelled,topk_wrong,AmbiStory-test-265,5,3,0.0,2.56,not uncertain
AmbiStory,labelled,topk_wrong,AmbiStory-test-266,5,1,0.0,0.16,not uncertain
AmbiStory,labelled,topk_wrong,AmbiStory-test-267,5,4,0.0,1.6,not uncertain
AmbiStory,labelled,topk_wrong,AmbiStory-test-268,5,3,0.0,2.56,highly uncertain
AmbiStory,labelled,topk_wrong,AmbiStory-test-269,5,4,0.0,3.04,not uncertain
AmbiStory,labelled,topk_wrong,AmbiStory-test-270,5,5,0.0,0.24,somewhat uncertain
AmbiStory,labelled,topk_wrong,AmbiStory-test-271,5,2,0.21,0.64,somewhat uncertain
AmbiStory,labelled,topk_wrong,AmbiStory-test-272,3,2,2.0,0.8,not uncertain
AmbiStory,labelled,topk_wrong,AmbiStory-test-273,5,4,0.0,2.4,highly uncertain
AmbiStory,labelled,topk_wrong,AmbiStory-test-274,5,4,0.0,1.36,somewhat uncertain
AmbiStory,labelled,topk_wrong,AmbiStory-test-275,5,3,0.0475,1.36,somewhat uncertain
AmbiStory,labelled,topk_wrong,AmbiStory-test-276,1,2,0.0,0.64,highly uncertain
AmbiStory,labelled,topk_wrong,AmbiStory-test-277,5,5,0.0,0.6399999999999999,somewhat uncertain
AmbiStory,labelled,topk_wrong,AmbiStory-test-278,1,2,0.0475,0.64,highly uncertain
AmbiStory,labelled,topk_wrong,AmbiStory-test-279,5,5,0.0,0.0,somewhat uncertain
AmbiStory,labelled,topk_wrong,AmbiStory-test-280,1,2,0.0,0.5599999999999999,highly uncertain
AmbiStory,labelled,topk_wrong,AmbiStory-test-281,5,4,0.0,0.64,somewhat uncertain
AmbiStory,labelled,topk_wrong,AmbiStory-test-282,5,3,0.0,1.04,somewhat uncertain
AmbiStory,labelled,topk_wrong,AmbiStory-test-283,5,4,0.0,2.56,somewhat uncertain
AmbiStory,labelled,topk_wrong,AmbiStory-test-284,5,4,0.0,0.5599999999999999,somewhat uncertain
AmbiStory,labelled,topk_wrong,AmbiStory-test-285,5,4,0.0,2.4,somewhat uncertain
AmbiStory,labelled,topk_wrong,AmbiStory-test-286,5,3,0.0,0.64,somewhat uncertain
AmbiStory,labelled,topk_wrong,AmbiStory-test-287,5,4,0.0,0.64,highly uncertain
AmbiStory,labelled,topk_wrong,AmbiStory-test-288,5,4,0.0475,0.96,somewhat uncertain
AmbiStory,labelled,topk_wrong,AmbiStory-test-289,5,4,0.0475,0.5599999999999999,somewhat uncertain
AmbiStory,labelled,topk_wrong,AmbiStory-test-290,5,3,0.09,2.8,somewhat uncertain
AmbiStory,labelled,topk_wrong,AmbiStory-test-291,5,4,0.09,0.8,not uncertain
AmbiStory,labelled,topk_wrong,AmbiStory-test-292,5,4,0.1599999999999999,0.6399999999999999,somewhat uncertain
AmbiStory,labelled,topk_wrong,AmbiStory-test-293,5,4,0.1275,2.16,somewhat uncertain
AmbiStory,labelled,topk_wrong,AmbiStory-test-294,1,3,0.1275,1.7600000000000002,highly uncertain
AmbiStory,labelled,topk_wrong,AmbiStory-test-295,5,2,0.09,0.64,highly uncertain
AmbiStory,labelled,topk_wrong,AmbiStory-test-296,2,3,0.25,1.2,highly uncertain
AmbiStory,labelled,topk_wrong,AmbiStory-test-297,5,5,0.0,0.24,not uncertain
AmbiStory,labelled,topk_wrong,AmbiStory-test-298,1,2,0.0475,0.56,highly uncertain
AmbiStory,labelled,topk_wrong,AmbiStory-test-299,5,4,0.0,1.8400000000000003,somewhat uncertain
AmbiStory,labelled,topk_wrong,AmbiStory-test-300,1,2,0.2274999999999999,1.36,somewhat uncertain
AmbiStory,labelled,topk_wrong,AmbiStory-test-301,1,1,0.09,0.16,somewhat uncertain
AmbiStory,labelled,topk_wrong,AmbiStory-test-302,4,3,1.3275,0.64,highly uncertain
AmbiStory,labelled,topk_wrong,AmbiStory-test-303,5,2,0.0,1.3600000000000003,not uncertain
AmbiStory,labelled,topk_wrong,AmbiStory-test-304,5,4,0.1275,1.4400000000000002,not uncertain
AmbiStory,labelled,topk_wrong,AmbiStory-test-305,2,2,1.09,0.56,highly uncertain
AmbiStory,labelled,topk_wrong,AmbiStory-test-306,4,5,0.1875,0.0,highly uncertain
AmbiStory,labelled,topk_wrong,AmbiStory-test-307,4,1,0.4599999999999999,0.24,not uncertain
AmbiStory,labelled,topk_wrong,AmbiStory-test-308,4,4,0.54,2.56,somewhat uncertain
AmbiStory,labelled,topk_wrong,AmbiStory-test-309,4,2,1.9275,0.9600000000000002,highly uncertain
AmbiStory,labelled,topk_wrong,AmbiStory-test-310,4,4,0.31,0.64,not uncertain
AmbiStory,labelled,topk_wrong,AmbiStory-test-311,4,3,0.0475,2.16,somewhat uncertain
AmbiStory,labelled,topk_wrong,AmbiStory-test-312,5,4,0.25,0.24,somewhat uncertain
AmbiStory,labelled,topk_wrong,AmbiStory-test-313,5,3,1.44,3.8400000000000007,not uncertain
AmbiStory,labelled,topk_wrong,AmbiStory-test-314,4,4,0.2274999999999999,1.36,somewhat uncertain
AmbiStory,labelled,topk_wrong,AmbiStory-test-315,5,3,2.76,0.96,highly uncertain
AmbiStory,labelled,topk_wrong,AmbiStory-test-316,4,3,0.64,1.8400000000000003,highly uncertain
AmbiStory,labelled,topk_wrong,AmbiStory-test-317,1,4,0.8100000000000002,1.8400000000000003,highly uncertain
AmbiStory,labelled,topk_wrong,AmbiStory-test-318,5,5,0.0,0.1599999999999999,somewhat uncertain
AmbiStory,labelled,topk_wrong,AmbiStory-test-319,1,1,0.0,0.16,highly uncertain
AmbiStory,labelled,topk_wrong,AmbiStory-test-320,5,5,0.0,0.1599999999999999,somewhat uncertain
AmbiStory,labelled,topk_wrong,AmbiStory-test-321,1,1,0.0,0.0,highly uncertain
AmbiStory,labelled,topk_wrong,AmbiStory-test-322,5,5,0.0,0.24,somewhat uncertain
AmbiStory,labelled,topk_wrong,AmbiStory-test-323,1,1,0.09,0.16,highly uncertain
AmbiStory,labelled,topk_wrong,AmbiStory-test-324,5,5,0.0,0.0,not uncertain
AmbiStory,labelled,topk_wrong,AmbiStory-test-325,1,1,0.0,0.0,not uncertain
AmbiStory,labelled,topk_wrong,AmbiStory-test-326,5,5,0.0,0.1599999999999999,somewhat uncertain
AmbiStory,labelled,topk_wrong,AmbiStory-test-327,1,2,0.16,0.9600000000000002,somewhat uncertain
AmbiStory,labelled,topk_wrong,AmbiStory-test-328,5,5,0.0,0.0,somewhat uncertain
AmbiStory,labelled,topk_wrong,AmbiStory-test-329,1,2,0.0,2.1388888888888897,not uncertain
AmbiStory,labelled,topk_wrong,AmbiStory-test-330,4,4,2.2275,0.5599999999999999,highly uncertain
AmbiStory,labelled,topk_wrong,AmbiStory-test-331,5,3,0.0,2.56,somewhat uncertain
AmbiStory,labelled,topk_wrong,AmbiStory-test-332,1,1,0.0,0.0,highly uncertain
AmbiStory,labelled,topk_wrong,AmbiStory-test-333,5,5,0.0,0.1599999999999999,not uncertain
AmbiStory,labelled,topk_wrong,AmbiStory-test-334,1,1,0.16,0.16,not uncertain
AmbiStory,labelled,topk_wrong,AmbiStory-test-335,5,4,0.0,1.2,somewhat uncertain
AmbiStory,labelled,topk_wrong,AmbiStory-test-336,5,5,0.0,0.1599999999999999,somewhat uncertain
AmbiStory,labelled,topk_wrong,AmbiStory-test-337,1,1,0.0,0.0,not uncertain
AmbiStory,labelled,topk_wrong,AmbiStory-test-338,4,2,0.09,0.24,highly uncertain
AmbiStory,labelled,topk_wrong,AmbiStory-test-339,5,4,0.0,0.5599999999999999,not uncertain
AmbiStory,labelled,topk_wrong,AmbiStory-test-340,5,5,0.0,0.24,somewhat uncertain
AmbiStory,labelled,topk_wrong,AmbiStory-test-341,1,2,0.09,0.5599999999999999,not uncertain
AmbiStory,labelled,topk_wrong,AmbiStory-test-342,5,5,0.0,0.0,somewhat uncertain
AmbiStory,labelled,topk_wrong,AmbiStory-test-343,1,1,0.09,0.0,somewhat uncertain
AmbiStory,labelled,topk_wrong,AmbiStory-test-344,5,5,0.0,0.1599999999999999,somewhat uncertain
AmbiStory,labelled,topk_wrong,AmbiStory-test-345,1,3,0.54,0.64,somewhat uncertain
AmbiStory,labelled,topk_wrong,AmbiStory-test-346,5,4,0.0,2.56,somewhat uncertain
AmbiStory,labelled,topk_wrong,AmbiStory-test-347,1,2,0.09,0.25,somewhat uncertain
AmbiStory,labelled,topk_wrong,AmbiStory-test-348,5,4,0.0,2.560000000000001,somewhat uncertain
AmbiStory,labelled,topk_wrong,AmbiStory-test-349,2,2,0.19,2.560000000000001,highly uncertain
AmbiStory,labelled,topk_wrong,AmbiStory-test-350,1,2,0.74,2.16,somewhat uncertain
AmbiStory,labelled,topk_wrong,AmbiStory-test-351,4,2,0.1875,1.04,not uncertain
AmbiStory,labelled,topk_wrong,AmbiStory-test-352,1,2,0.1275,0.56,somewhat uncertain
AmbiStory,labelled,topk_wrong,AmbiStory-test-353,1,1,1.14,0.16,somewhat uncertain
AmbiStory,labelled,topk_wrong,AmbiStory-test-354,5,5,0.0,0.0,somewhat uncertain
AmbiStory,labelled,topk_wrong,AmbiStory-test-355,1,1,0.0,0.0,somewhat uncertain
AmbiStory,labelled,topk_wrong,AmbiStory-test-356,5,5,0.0,0.0,somewhat uncertain
AmbiStory,labelled,topk_wrong,AmbiStory-test-357,1,1,0.0,0.0,somewhat uncertain
AmbiStory,labelled,topk_wrong,AmbiStory-test-358,5,5,0.0,0.0,somewhat uncertain
AmbiStory,labelled,topk_wrong,AmbiStory-test-359,1,2,0.0,0.56,somewhat uncertain
AmbiStory,labelled,topk_wrong,AmbiStory-test-360,5,5,0.0,0.1599999999999999,somewhat uncertain
AmbiStory,labelled,topk_wrong,AmbiStory-test-361,1,1,0.0,0.24,not uncertain
AmbiStory,labelled,topk_wrong,AmbiStory-test-362,5,4,0.0,2.56,somewhat uncertain
AmbiStory,labelled,topk_wrong,AmbiStory-test-363,1,1,0.0,0.0,highly uncertain
AmbiStory,labelled,topk_wrong,AmbiStory-test-364,5,2,0.0,0.96,not uncertain
AmbiStory,labelled,topk_wrong,AmbiStory-test-365,1,3,0.19,1.6,somewhat uncertain
AmbiStory,labelled,topk_wrong,AmbiStory-test-366,5,3,0.0,1.4400000000000002,somewhat uncertain
AmbiStory,labelled,topk_wrong,AmbiStory-test-367,4,2,0.1475,0.16,highly uncertain
AmbiStory,labelled,topk_wrong,AmbiStory-test-368,5,2,2.1275000000000004,0.5599999999999999,somewhat uncertain
AmbiStory,labelled,topk_wrong,AmbiStory-test-369,5,4,0.0,2.24,highly uncertain
AmbiStory,labelled,topk_wrong,AmbiStory-test-370,1,2,0.3875,0.56,highly uncertain
AmbiStory,labelled,topk_wrong,AmbiStory-test-371,4,2,0.4875,2.24,highly uncertain
AmbiStory,labelled,topk_wrong,AmbiStory-test-372,5,4,0.0,0.64,not uncertain
AmbiStory,labelled,topk_wrong,AmbiStory-test-373,1,2,0.0,0.56,not uncertain
AmbiStory,labelled,topk_wrong,AmbiStory-test-374,5,5,0.0,0.24,not uncertain
AmbiStory,labelled,topk_wrong,AmbiStory-test-375,1,1,0.0,0.0,highly uncertain
AmbiStory,labelled,topk_wrong,AmbiStory-test-376,5,5,0.9275,0.24,highly uncertain
AmbiStory,labelled,topk_wrong,AmbiStory-test-377,2,2,0.1875,0.56,somewhat uncertain
AmbiStory,labelled,topk_wrong,AmbiStory-test-378,5,4,0.0,2.56,not uncertain
AmbiStory,labelled,topk_wrong,AmbiStory-test-379,1,1,0.0475,0.64,not uncertain
AmbiStory,labelled,topk_wrong,AmbiStory-test-380,5,1,0.0475,0.0,not uncertain
AmbiStory,labelled,topk_wrong,AmbiStory-test-381,5,5,0.0,0.24,highly uncertain
AmbiStory,labelled,topk_wrong,AmbiStory-test-382,5,3,0.0,2.56,not uncertain
AmbiStory,labelled,topk_wrong,AmbiStory-test-383,5,4,0.0,0.24,not uncertain
AmbiStory,labelled,topk_wrong,AmbiStory-test-384,5,5,0.0,0.0,not uncertain
AmbiStory,labelled,topk_wrong,AmbiStory-test-385,1,1,0.0,0.16,not uncertain
AmbiStory,labelled,topk_wrong,AmbiStory-test-386,5,3,0.0,2.16,somewhat uncertain
AmbiStory,labelled,topk_wrong,AmbiStory-test-387,1,2,0.0,1.36,somewhat uncertain
AmbiStory,labelled,topk_wrong,AmbiStory-test-388,5,4,0.0,0.96,not uncertain
AmbiStory,labelled,topk_wrong,AmbiStory-test-389,1,2,0.0,1.6,not uncertain
AmbiStory,labelled,topk_wrong,AmbiStory-test-390,5,5,0.0,0.1599999999999999,somewhat uncertain
AmbiStory,labelled,topk_wrong,AmbiStory-test-391,1,1,0.0,0.16,
AmbiStory,labelled,topk_wrong,AmbiStory-test-392,5,4,1.44,0.64,highly uncertain
AmbiStory,labelled,topk_wrong,AmbiStory-test-393,5,3,0.0,1.36,highly uncertain
AmbiStory,labelled,topk_wrong,AmbiStory-test-394,5,4,0.0,2.24,somewhat uncertain
AmbiStory,labelled,topk_wrong,AmbiStory-test-395,1,2,0.0,0.8,somewhat uncertain
AmbiStory,labelled,topk_wrong,AmbiStory-test-396,5,5,0.0,0.0,somewhat uncertain
AmbiStory,labelled,topk_wrong,AmbiStory-test-397,1,1,0.0,0.24,not uncertain
AmbiStory,labelled,topk_wrong,AmbiStory-test-398,5,4,0.0,0.5599999999999999,somewhat uncertain
AmbiStory,labelled,topk_wrong,AmbiStory-test-399,5,3,0.0,0.1599999999999999,not uncertain
AmbiStory,labelled,topk_wrong,AmbiStory-test-400,5,5,0.0,0.1599999999999999,somewhat uncertain
AmbiStory,labelled,topk_wrong,AmbiStory-test-401,5,1,0.76,0.24,not uncertain
AmbiStory,labelled,topk_wrong,AmbiStory-test-402,5,4,2.0275000000000003,0.5599999999999999,not uncertain
AmbiStory,labelled,topk_wrong,AmbiStory-test-403,5,2,0.0,0.4,highly uncertain
AmbiStory,labelled,topk_wrong,AmbiStory-test-404,4,4,1.2475,0.5599999999999999,highly uncertain
AmbiStory,labelled,topk_wrong,AmbiStory-test-405,5,2,0.0,0.4,somewhat uncertain
AmbiStory,labelled,topk_wrong,AmbiStory-test-406,4,4,2.6475,0.24,somewhat uncertain
AmbiStory,labelled,topk_wrong,AmbiStory-test-407,5,2,0.0,1.36,not uncertain
AmbiStory,labelled,topk_wrong,AmbiStory-test-408,5,4,0.0,1.44,somewhat uncertain
AmbiStory,labelled,topk_wrong,AmbiStory-test-409,1,1,0.0,0.0,not uncertain
AmbiStory,labelled,topk_wrong,AmbiStory-test-410,5,4,0.0,1.36,somewhat uncertain
AmbiStory,labelled,topk_wrong,AmbiStory-test-411,5,2,0.0,1.04,not uncertain
AmbiStory,labelled,topk_wrong,AmbiStory-test-412,5,4,0.0,0.96,not uncertain
AmbiStory,labelled,topk_wrong,AmbiStory-test-413,1,1,0.0,0.64,not uncertain
AmbiStory,labelled,topk_wrong,AmbiStory-test-414,5,5,0.0,0.0,not uncertain
AmbiStory,labelled,topk_wrong,AmbiStory-test-415,1,1,0.0,0.24,not uncertain
AmbiStory,labelled,topk_wrong,AmbiStory-test-416,5,5,0.0475,0.1599999999999999,somewhat uncertain
AmbiStory,labelled,topk_wrong,AmbiStory-test-417,1,2,0.2274999999999999,0.64,not uncertain
AmbiStory,labelled,topk_wrong,AmbiStory-test-418,5,5,0.0,0.1599999999999999,somewhat uncertain
AmbiStory,labelled,topk_wrong,AmbiStory-test-419,1,2,0.0475,2.24,not uncertain
AmbiStory,labelled,topk_wrong,AmbiStory-test-420,5,3,0.09,2.2222222222222228,not uncertain
AmbiStory,labelled,topk_wrong,AmbiStory-test-421,1,3,0.0,1.4400000000000002,highly uncertain
AmbiStory,labelled,topk_wrong,AmbiStory-test-422,5,3,0.0,2.24,somewhat uncertain
AmbiStory,labelled,topk_wrong,AmbiStory-test-423,1,3,0.0,2.0,not uncertain
AmbiStory,labelled,topk_wrong,AmbiStory-test-424,5,3,0.0,0.4,not uncertain
AmbiStory,labelled,topk_wrong,AmbiStory-test-425,1,3,0.0,1.04,somewhat uncertain
AmbiStory,labelled,topk_wrong,AmbiStory-test-426,5,3,0.0475,0.64,highly uncertain
AmbiStory,labelled,topk_wrong,AmbiStory-test-427,5,3,0.25,1.36,somewhat uncertain
AmbiStory,labelled,topk_wrong,AmbiStory-test-428,5,4,0.0,0.6399999999999999,highly uncertain
AmbiStory,labelled,topk_wrong,AmbiStory-test-429,5,2,1.1475000000000002,0.4,highly uncertain
AmbiStory,labelled,topk_wrong,AmbiStory-test-430,5,4,0.0,1.6,not uncertain
AmbiStory,labelled,topk_wrong,AmbiStory-test-431,5,2,0.2274999999999999,0.16,not uncertain
AmbiStory,labelled,topk_wrong,AmbiStory-test-432,5,4,0.0475,1.44,highly uncertain
AmbiStory,labelled,topk_wrong,AmbiStory-test-433,1,1,0.0475,0.24,somewhat uncertain
AmbiStory,labelled,topk_wrong,AmbiStory-test-434,5,5,0.0,0.24,highly uncertain
AmbiStory,labelled,topk_wrong,AmbiStory-test-435,1,1,0.0,0.64,somewhat uncertain
AmbiStory,labelled,topk_wrong,AmbiStory-test-436,5,4,0.0,1.36,highly uncertain
AmbiStory,labelled,topk_wrong,AmbiStory-test-437,1,1,0.0,0.0,
AmbiStory,labelled,topk_wrong,AmbiStory-test-438,5,5,0.0,0.1599999999999999,highly uncertain
AmbiStory,labelled,topk_wrong,AmbiStory-test-439,1,2,2.11,2.24,highly uncertain
AmbiStory,labelled,topk_wrong,AmbiStory-test-440,4,3,0.1875,1.36,highly uncertain
AmbiStory,labelled,topk_wrong,AmbiStory-test-441,5,3,2.4475,1.84,highly uncertain
AmbiStory,labelled,topk_wrong,AmbiStory-test-442,4,4,0.3,0.5599999999999999,highly uncertain
AmbiStory,labelled,topk_wrong,AmbiStory-test-443,1,3,1.5275,2.64,highly uncertain
AmbiStory,labelled,topk_wrong,AmbiStory-test-444,5,4,0.0,1.36,highly uncertain
AmbiStory,labelled,topk_wrong,AmbiStory-test-445,5,2,3.0475000000000003,1.36,highly uncertain
AmbiStory,labelled,topk_wrong,AmbiStory-test-446,5,3,0.0,1.36,highly uncertain
AmbiStory,labelled,topk_wrong,AmbiStory-test-447,5,4,3.06,1.36,highly uncertain
AmbiStory,labelled,topk_wrong,AmbiStory-test-448,5,4,0.7875,0.24,highly uncertain
AmbiStory,labelled,topk_wrong,AmbiStory-test-449,5,2,3.7275,0.8,highly uncertain
AmbiStory,labelled,topk_wrong,AmbiStory-test-450,5,4,0.2475,0.5599999999999999,highly uncertain
AmbiStory,labelled,topk_wrong,AmbiStory-test-451,1,2,0.0,0.9600000000000002,not uncertain
AmbiStory,labelled,topk_wrong,AmbiStory-test-452,5,2,0.25,0.24,not uncertain
AmbiStory,labelled,topk_wrong,AmbiStory-test-453,5,5,0.0,0.1599999999999999,somewhat uncertain
AmbiStory,labelled,topk_wrong,AmbiStory-test-454,5,3,0.1599999999999999,2.24,somewhat uncertain
AmbiStory,labelled,topk_wrong,AmbiStory-test-455,1,3,0.0,0.64,not uncertain
AmbiStory,labelled,topk_wrong,AmbiStory-test-456,4,4,0.3275,1.36,not uncertain
AmbiStory,labelled,topk_wrong,AmbiStory-test-457,1,3,0.0,1.04,not uncertain
AmbiStory,labelled,topk_wrong,AmbiStory-test-458,5,3,2.9400000000000004,1.36,highly uncertain
AmbiStory,labelled,topk_wrong,AmbiStory-test-459,5,4,0.76,0.4,highly uncertain
AmbiStory,labelled,topk_wrong,AmbiStory-test-460,3,3,1.41,1.7600000000000002,somewhat uncertain
AmbiStory,labelled,topk_wrong,AmbiStory-test-461,1,3,0.0475,1.5555555555555556,not uncertain
AmbiStory,labelled,topk_wrong,AmbiStory-test-462,5,2,0.2475,3.04,somewhat uncertain
AmbiStory,labelled,topk_wrong,AmbiStory-test-463,5,5,0.0,0.0,somewhat uncertain
AmbiStory,labelled,topk_wrong,AmbiStory-test-464,4,2,0.21,0.8,somewhat uncertain
AmbiStory,labelled,topk_wrong,AmbiStory-test-465,5,5,0.0,0.6399999999999999,not uncertain
AmbiStory,labelled,topk_wrong,AmbiStory-test-466,4,3,0.25,0.8,somewhat uncertain
AmbiStory,labelled,topk_wrong,AmbiStory-test-467,5,3,0.0475,1.84,not uncertain
AmbiStory,labelled,topk_wrong,AmbiStory-test-468,5,5,0.0,0.1599999999999999,not uncertain
AmbiStory,labelled,topk_wrong,AmbiStory-test-469,5,5,0.0,0.1599999999999999,somewhat uncertain
AmbiStory,labelled,topk_wrong,AmbiStory-test-470,5,5,0.0,0.6399999999999999,not uncertain
AmbiStory,labelled,topk_wrong,AmbiStory-test-471,5,4,0.0,1.36,somewhat uncertain
AmbiStory,labelled,topk_wrong,AmbiStory-test-472,5,4,0.0,1.0400000000000005,not uncertain
AmbiStory,labelled,topk_wrong,AmbiStory-test-473,5,4,0.0,1.44,somewhat uncertain
AmbiStory,labelled,topk_wrong,AmbiStory-test-474,5,5,0.0,0.0,somewhat uncertain
AmbiStory,labelled,topk_wrong,AmbiStory-test-475,4,3,0.9275,2.64,highly uncertain
AmbiStory,labelled,topk_wrong,AmbiStory-test-476,5,4,0.0,0.64,somewhat uncertain
AmbiStory,labelled,topk_wrong,AmbiStory-test-477,4,3,0.24,2.16,highly uncertain
AmbiStory,labelled,topk_wrong,AmbiStory-test-478,5,4,0.0,0.5599999999999999,not uncertain
AmbiStory,labelled,topk_wrong,AmbiStory-test-479,4,3,0.3275,2.0,not uncertain
AmbiStory,labelled,topk_wrong,AmbiStory-test-480,5,5,0.1275,0.0,somewhat uncertain
AmbiStory,labelled,topk_wrong,AmbiStory-test-481,1,2,0.0,0.64,somewhat uncertain
AmbiStory,labelled,topk_wrong,AmbiStory-test-482,3,2,0.7474999999999999,2.1600000000000006,highly uncertain
AmbiStory,labelled,topk_wrong,AmbiStory-test-483,5,4,0.0,0.5599999999999999,not uncertain
AmbiStory,labelled,topk_wrong,AmbiStory-test-484,4,4,0.21,1.36,highly uncertain
AmbiStory,labelled,topk_wrong,AmbiStory-test-485,2,3,0.4474999999999999,1.84,not uncertain
AmbiStory,labelled,topk_wrong,AmbiStory-test-486,1,2,0.09,0.64,not uncertain
AmbiStory,labelled,topk_wrong,AmbiStory-test-487,5,4,0.0,0.8,highly uncertain
AmbiStory,labelled,topk_wrong,AmbiStory-test-488,1,1,0.0475,0.0,not uncertain
AmbiStory,labelled,topk_wrong,AmbiStory-test-489,5,5,0.0,0.0,not uncertain
AmbiStory,labelled,topk_wrong,AmbiStory-test-490,1,1,0.0,0.24,
AmbiStory,labelled,topk_wrong,AmbiStory-test-491,5,5,0.0,0.1599999999999999,not uncertain
AmbiStory,labelled,topk_wrong,AmbiStory-test-492,5,5,0.0,0.0,not uncertain
AmbiStory,labelled,topk_wrong,AmbiStory-test-493,1,3,0.45,2.64,highly uncertain
AmbiStory,labelled,topk_wrong,AmbiStory-test-494,5,4,0.0,2.56,highly uncertain
AmbiStory,labelled,topk_wrong,AmbiStory-test-495,1,3,1.26,1.7600000000000002,highly uncertain
AmbiStory,labelled,topk_wrong,AmbiStory-test-496,5,4,0.0,1.36,somewhat uncertain
AmbiStory,labelled,topk_wrong,AmbiStory-test-497,1,2,0.21,0.56,highly uncertain
AmbiStory,labelled,topk_wrong,AmbiStory-test-498,1,4,0.4275,0.5599999999999999,somewhat uncertain
AmbiStory,labelled,topk_wrong,AmbiStory-test-499,5,2,0.0,1.2,highly uncertain
AmbiStory,labelled,topk_wrong,AmbiStory-test-500,1,1,0.09,0.24,
AmbiStory,labelled,topk_wrong,AmbiStory-test-501,5,4,0.0,0.96,highly uncertain
AmbiStory,labelled,topk_wrong,AmbiStory-test-502,1,3,0.0,1.0400000000000005,not uncertain
AmbiStory,labelled,topk_wrong,AmbiStory-test-503,5,3,0.0,1.8400000000000003,somewhat uncertain
AmbiStory,labelled,topk_wrong,AmbiStory-test-504,5,5,0.0,0.6399999999999999,somewhat uncertain
AmbiStory,labelled,topk_wrong,AmbiStory-test-505,1,1,0.0,0.0,not uncertain
AmbiStory,labelled,topk_wrong,AmbiStory-test-506,3,3,0.35,1.0400000000000005,highly uncertain
AmbiStory,labelled,topk_wrong,AmbiStory-test-507,5,3,0.0,1.6,somewhat uncertain
AmbiStory,labelled,topk_wrong,AmbiStory-test-508,5,3,0.0,1.36,not uncertain
AmbiStory,labelled,topk_wrong,AmbiStory-test-509,5,2,1.4475,2.2222222222222223,highly uncertain
AmbiStory,labelled,topk_wrong,AmbiStory-test-510,5,3,0.8474999999999999,1.36,highly uncertain
AmbiStory,labelled,topk_wrong,AmbiStory-test-511,5,2,0.2274999999999999,0.96,not uncertain
AmbiStory,labelled,topk_wrong,AmbiStory-test-512,1,2,0.8475000000000001,1.8400000000000003,somewhat uncertain
AmbiStory,labelled,topk_wrong,AmbiStory-test-513,5,4,0.0,0.6399999999999999,somewhat uncertain
AmbiStory,labelled,topk_wrong,AmbiStory-test-514,4,3,2.3400000000000003,0.64,highly uncertain
AmbiStory,labelled,topk_wrong,AmbiStory-test-515,5,4,0.0,0.5599999999999999,somewhat uncertain
AmbiStory,labelled,topk_wrong,AmbiStory-test-516,5,4,0.0475,1.44,not uncertain
AmbiStory,labelled,topk_wrong,AmbiStory-test-517,1,2,0.41,1.36,somewhat uncertain
AmbiStory,labelled,topk_wrong,AmbiStory-test-518,1,2,0.0,2.4,not uncertain
AmbiStory,labelled,topk_wrong,AmbiStory-test-519,5,5,0.0,0.0,somewhat uncertain
AmbiStory,labelled,topk_wrong,AmbiStory-test-520,1,2,0.0,0.56,not uncertain
AmbiStory,labelled,topk_wrong,AmbiStory-test-521,1,3,0.75,1.84,not uncertain
AmbiStory,labelled,topk_wrong,AmbiStory-test-522,2,2,0.9275,1.36,not uncertain
AmbiStory,labelled,topk_wrong,AmbiStory-test-523,5,5,0.0,0.24,somewhat uncertain
AmbiStory,labelled,topk_wrong,AmbiStory-test-524,1,2,0.0,1.4400000000000002,
AmbiStory,labelled,topk_wrong,AmbiStory-test-525,5,5,0.0,0.1599999999999999,somewhat uncertain
AmbiStory,labelled,topk_wrong,AmbiStory-test-526,2,1,0.2274999999999999,0.16,highly uncertain
AmbiStory,labelled,topk_wrong,AmbiStory-test-527,5,4,0.0,0.64,somewhat uncertain
AmbiStory,labelled,topk_wrong,AmbiStory-test-528,4,3,0.21,0.8,somewhat uncertain
AmbiStory,labelled,topk_wrong,AmbiStory-test-529,5,4,0.8275,0.1599999999999999,somewhat uncertain
AmbiStory,labelled,topk_wrong,AmbiStory-test-530,1,1,0.21,0.24,
AmbiStory,labelled,topk_wrong,AmbiStory-test-531,5,5,0.0,0.24,somewhat uncertain
AmbiStory,labelled,topk_wrong,AmbiStory-test-532,4,3,0.55,0.24,not uncertain
AmbiStory,labelled,topk_wrong,AmbiStory-test-533,5,3,0.0,0.0,somewhat uncertain
AmbiStory,labelled,topk_wrong,AmbiStory-test-534,5,5,0.0475,0.1599999999999999,highly uncertain
AmbiStory,labelled,topk_wrong,AmbiStory-test-535,5,5,0.0475,0.1599999999999999,highly uncertain
AmbiStory,labelled,topk_wrong,AmbiStory-test-536,4,5,0.24,0.24,highly uncertain
AmbiStory,labelled,topk_wrong,AmbiStory-test-537,5,5,0.0,0.0,somewhat uncertain
AmbiStory,labelled,topk_wrong,AmbiStory-test-538,5,5,0.0475,0.0,somewhat uncertain
AmbiStory,labelled,topk_wrong,AmbiStory-test-539,5,5,0.0,0.0,highly uncertain
AmbiStory,labelled,topk_wrong,AmbiStory-test-540,1,3,1.4875,1.7600000000000002,
AmbiStory,labelled,topk_wrong,AmbiStory-test-541,5,4,0.0,2.16,not uncertain
AmbiStory,labelled,topk_wrong,AmbiStory-test-542,1,3,0.0,1.84,somewhat uncertain
AmbiStory,labelled,topk_wrong,AmbiStory-test-543,5,5,0.0,0.0,somewhat uncertain
AmbiStory,labelled,topk_wrong,AmbiStory-test-544,1,4,0.4599999999999999,1.44,highly uncertain
AmbiStory,labelled,topk_wrong,AmbiStory-test-545,5,5,0.0,0.0,not uncertain
AmbiStory,labelled,topk_wrong,AmbiStory-test-546,4,3,0.2475,1.36,highly uncertain
AmbiStory,labelled,topk_wrong,AmbiStory-test-547,4,3,1.9275,0.96,highly uncertain
AmbiStory,labelled,topk_wrong,AmbiStory-test-548,1,2,0.0,0.64,not uncertain
AmbiStory,labelled,topk_wrong,AmbiStory-test-549,5,4,0.0,0.8,somewhat uncertain
AmbiStory,labelled,topk_wrong,AmbiStory-test-550,1,2,0.09,0.56,highly uncertain
AmbiStory,labelled,topk_wrong,AmbiStory-test-551,5,4,0.0,0.5599999999999999,somewhat uncertain
AmbiStory,labelled,topk_wrong,AmbiStory-test-552,1,1,0.0,0.0,
AmbiStory,labelled,topk_wrong,AmbiStory-test-553,5,3,0.0,1.04,somewhat uncertain
AmbiStory,labelled,topk_wrong,AmbiStory-test-554,1,2,0.0,1.8400000000000003,
AmbiStory,labelled,topk_wrong,AmbiStory-test-555,5,3,0.0,0.96,somewhat uncertain
AmbiStory,labelled,topk_wrong,AmbiStory-test-556,1,1,0.0,0.24,not uncertain
AmbiStory,labelled,topk_wrong,AmbiStory-test-557,5,4,0.0,2.24,not uncertain
AmbiStory,labelled,topk_wrong,AmbiStory-test-558,5,5,0.0,0.0,somewhat uncertain
AmbiStory,labelled,topk_wrong,AmbiStory-test-559,2,2,1.0275,2.4,highly uncertain
AmbiStory,labelled,topk_wrong,AmbiStory-test-560,1,1,0.0,0.16,not uncertain
AmbiStory,labelled,topk_wrong,AmbiStory-test-561,5,4,0.0,0.64,somewhat uncertain
AmbiStory,labelled,topk_wrong,AmbiStory-test-562,1,2,0.1275,0.5599999999999999,not uncertain
AmbiStory,labelled,topk_wrong,AmbiStory-test-563,5,4,0.0,0.24,somewhat uncertain
AmbiStory,labelled,topk_wrong,AmbiStory-test-564,5,4,0.0,1.0400000000000005,somewhat uncertain
AmbiStory,labelled,topk_wrong,AmbiStory-test-565,5,4,0.7275,0.5599999999999999,somewhat uncertain
AmbiStory,labelled,topk_wrong,AmbiStory-test-566,5,3,0.0475,0.5599999999999999,somewhat uncertain
AmbiStory,labelled,topk_wrong,AmbiStory-test-567,5,4,0.0,2.16,somewhat uncertain
AmbiStory,labelled,topk_wrong,AmbiStory-test-568,4,3,0.25,1.04,somewhat uncertain
AmbiStory,labelled,topk_wrong,AmbiStory-test-569,5,4,0.0,0.96,somewhat uncertain
AmbiStory,labelled,topk_wrong,AmbiStory-test-570,5,5,0.09,0.24,somewhat uncertain
AmbiStory,labelled,topk_wrong,AmbiStory-test-571,1,1,0.6275000000000001,0.16,somewhat uncertain
AmbiStory,labelled,topk_wrong,AmbiStory-test-572,4,3,0.3875,0.64,somewhat uncertain
AmbiStory,labelled,topk_wrong,AmbiStory-test-573,5,4,0.3475,3.04,highly uncertain
AmbiStory,labelled,topk_wrong,AmbiStory-test-574,5,4,0.0475,2.16,somewhat uncertain
AmbiStory,labelled,topk_wrong,AmbiStory-test-575,4,2,1.2475,0.5555555555555555,not uncertain
AmbiStory,labelled,topk_wrong,AmbiStory-test-576,5,5,0.7875,0.1599999999999999,highly uncertain
AmbiStory,labelled,topk_wrong,AmbiStory-test-577,5,4,0.76,1.2,not uncertain
AmbiStory,labelled,topk_wrong,AmbiStory-test-578,1,1,0.0,0.24,not uncertain
AmbiStory,labelled,topk_wrong,AmbiStory-test-579,5,5,0.0,0.0,somewhat uncertain
AmbiStory,labelled,topk_wrong,AmbiStory-test-580,5,1,2.8275,0.24,not uncertain
AmbiStory,labelled,topk_wrong,AmbiStory-test-581,5,5,0.0,0.1599999999999999,not uncertain
AmbiStory,labelled,topk_wrong,AmbiStory-test-582,5,3,0.0,0.4,not uncertain
AmbiStory,labelled,topk_wrong,AmbiStory-test-583,1,2,0.25,1.4400000000000002,
AmbiStory,labelled,topk_wrong,AmbiStory-test-584,4,2,0.25,0.8,not uncertain
AmbiStory,labelled,topk_wrong,AmbiStory-test-585,5,3,0.1875,0.96,not uncertain
AmbiStory,labelled,topk_wrong,AmbiStory-test-586,5,3,0.0,1.2,somewhat uncertain
AmbiStory,labelled,topk_wrong,AmbiStory-test-587,2,2,0.25,0.64,not uncertain
AmbiStory,labelled,topk_wrong,AmbiStory-test-588,1,2,2.31,0.5599999999999999,highly uncertain
AmbiStory,labelled,topk_wrong,AmbiStory-test-589,5,4,0.09,1.36,somewhat uncertain
AmbiStory,labelled,topk_wrong,AmbiStory-test-590,1,4,0.16,1.84,not uncertain
AmbiStory,labelled,topk_wrong,AmbiStory-test-591,5,5,0.0,0.24,somewhat uncertain
AmbiStory,labelled,topk_wrong,AmbiStory-test-592,4,3,2.46,2.56,somewhat uncertain
AmbiStory,labelled,topk_wrong,AmbiStory-test-593,5,5,0.0,0.1599999999999999,somewhat uncertain
AmbiStory,labelled,topk_wrong,AmbiStory-test-594,1,2,0.1275,0.64,
AmbiStory,labelled,topk_wrong,AmbiStory-test-595,4,4,0.24,2.4,not uncertain
AmbiStory,labelled,topk_wrong,AmbiStory-test-596,1,1,0.2274999999999999,0.24,somewhat uncertain
AmbiStory,labelled,topk_wrong,AmbiStory-test-597,5,3,0.0,2.0,highly uncertain
AmbiStory,labelled,topk_wrong,AmbiStory-test-598,1,2,0.0,0.24,
AmbiStory,labelled,topk_wrong,AmbiStory-test-599,4,5,0.2274999999999999,0.6399999999999999,somewhat uncertain
AmbiStory,labelled,topk_wrong,AmbiStory-test-600,5,5,0.0,0.1599999999999999,somewhat uncertain
AmbiStory,labelled,topk_wrong,AmbiStory-test-601,1,2,0.0,0.56,somewhat uncertain
AmbiStory,labelled,topk_wrong,AmbiStory-test-602,5,5,0.8099999999999999,0.0,somewhat uncertain
AmbiStory,labelled,topk_wrong,AmbiStory-test-603,1,3,1.1475000000000002,2.2222222222222223,somewhat uncertain
AmbiStory,labelled,topk_wrong,AmbiStory-test-604,5,4,0.0,0.24,somewhat uncertain
AmbiStory,labelled,topk_wrong,AmbiStory-test-605,1,2,0.0,0.24,not uncertain
AmbiStory,labelled,topk_wrong,AmbiStory-test-606,1,3,3.0475000000000003,2.56,somewhat uncertain
AmbiStory,labelled,topk_wrong,AmbiStory-test-607,5,3,0.0,1.8400000000000003,not uncertain
AmbiStory,labelled,topk_wrong,AmbiStory-test-608,1,1,0.0,0.0,somewhat uncertain
AmbiStory,labelled,topk_wrong,AmbiStory-test-609,5,5,0.0,0.1599999999999999,somewhat uncertain
AmbiStory,labelled,topk_wrong,AmbiStory-test-610,1,1,0.0,0.24,not uncertain
AmbiStory,labelled,topk_wrong,AmbiStory-test-611,5,4,0.0,1.36,somewhat uncertain
AmbiStory,labelled,topk_wrong,AmbiStory-test-612,5,5,0.0475,0.0,highly uncertain
AmbiStory,labelled,topk_wrong,AmbiStory-test-613,4,2,0.5900000000000001,2.16,highly uncertain
AmbiStory,labelled,topk_wrong,AmbiStory-test-614,1,1,0.0,0.0,not uncertain
AmbiStory,labelled,topk_wrong,AmbiStory-test-615,5,5,0.0,0.24,somewhat uncertain
AmbiStory,labelled,topk_wrong,AmbiStory-test-616,1,2,0.0,0.64,
AmbiStory,labelled,topk_wrong,AmbiStory-test-617,5,5,0.0,0.24,somewhat uncertain
AmbiStory,labelled,topk_wrong,AmbiStory-test-618,5,4,0.09,2.24,highly uncertain
AmbiStory,labelled,topk_wrong,AmbiStory-test-619,5,3,0.0,3.3599999999999994,highly uncertain
AmbiStory,labelled,topk_wrong,AmbiStory-test-620,1,2,0.0,0.24,not uncertain
AmbiStory,labelled,topk_wrong,AmbiStory-test-621,5,5,0.0,0.24,somewhat uncertain
AmbiStory,labelled,topk_wrong,AmbiStory-test-622,1,2,0.0,1.04,somewhat uncertain
AmbiStory,labelled,topk_wrong,AmbiStory-test-623,5,5,0.0,0.0,somewhat uncertain
AmbiStory,labelled,topk_wrong,AmbiStory-test-624,1,1,0.2274999999999999,0.64,not uncertain
AmbiStory,labelled,topk_wrong,AmbiStory-test-625,5,3,0.0,2.56,somewhat uncertain
AmbiStory,labelled,topk_wrong,AmbiStory-test-626,1,2,0.0,2.24,not uncertain
AmbiStory,labelled,topk_wrong,AmbiStory-test-627,5,4,0.0,0.24,somewhat uncertain
AmbiStory,labelled,topk_wrong,AmbiStory-test-628,1,3,0.09,0.64,not uncertain
AmbiStory,labelled,topk_wrong,AmbiStory-test-629,5,5,0.0,0.24,somewhat uncertain
AmbiStory,labelled,topk_wrong,AmbiStory-test-630,5,5,0.0,0.0,somewhat uncertain
AmbiStory,labelled,topk_wrong,AmbiStory-test-631,1,1,0.0,0.24,
AmbiStory,labelled,topk_wrong,AmbiStory-test-632,5,5,0.0,0.0,somewhat uncertain
AmbiStory,labelled,topk_wrong,AmbiStory-test-633,1,1,0.0,0.0,highly uncertain
AmbiStory,labelled,topk_wrong,AmbiStory-test-634,5,5,0.4275,0.0,somewhat uncertain
AmbiStory,labelled,topk_wrong,AmbiStory-test-635,1,2,0.0,0.24,
AmbiStory,labelled,topk_wrong,AmbiStory-test-636,5,4,0.0,0.5599999999999999,highly uncertain
AmbiStory,labelled,topk_wrong,AmbiStory-test-637,1,2,1.44,1.2,not uncertain
AmbiStory,labelled,topk_wrong,AmbiStory-test-638,5,3,0.0,1.84,not uncertain
AmbiStory,labelled,topk_wrong,AmbiStory-test-639,5,3,0.0,2.64,not uncertain
AmbiStory,labelled,topk_wrong,AmbiStory-test-640,5,3,0.0,1.4400000000000002,not uncertain
AmbiStory,labelled,topk_wrong,AmbiStory-test-641,5,2,0.7875,2.1600000000000006,highly uncertain
AmbiStory,labelled,topk_wrong,AmbiStory-test-642,5,5,0.0,0.0,somewhat uncertain
AmbiStory,labelled,topk_wrong,AmbiStory-test-643,1,2,0.0,0.64,not uncertain
AmbiStory,labelled,topk_wrong,AmbiStory-test-644,5,5,0.0,0.24,highly uncertain
AmbiStory,labelled,topk_wrong,AmbiStory-test-645,1,1,0.0,0.6400000000000002,somewhat uncertain
AmbiStory,labelled,topk_wrong,AmbiStory-test-646,5,5,0.0,0.0,somewhat uncertain
AmbiStory,labelled,topk_wrong,AmbiStory-test-647,1,1,0.0,0.16,somewhat uncertain
AmbiStory,labelled,topk_wrong,AmbiStory-test-648,1,2,0.16,0.96,
AmbiStory,labelled,topk_wrong,AmbiStory-test-649,5,4,0.0,1.6,somewhat uncertain
AmbiStory,labelled,topk_wrong,AmbiStory-test-650,1,1,0.16,0.16,
AmbiStory,labelled,topk_wrong,AmbiStory-test-651,5,5,0.0,0.0,somewhat uncertain
AmbiStory,labelled,topk_wrong,AmbiStory-test-652,1,3,0.0,1.6,not uncertain
AmbiStory,labelled,topk_wrong,AmbiStory-test-653,5,5,0.0,0.24,somewhat uncertain
AmbiStory,labelled,topk_wrong,AmbiStory-test-654,5,5,0.0,0.24,somewhat uncertain
AmbiStory,labelled,topk_wrong,AmbiStory-test-655,1,2,0.0,0.64,not uncertain
AmbiStory,labelled,topk_wrong,AmbiStory-test-656,5,3,0.0,1.6,not uncertain
AmbiStory,labelled,topk_wrong,AmbiStory-test-657,4,3,1.3475,2.64,highly uncertain
AmbiStory,labelled,topk_wrong,AmbiStory-test-658,5,4,0.0,1.36,not uncertain
AmbiStory,labelled,topk_wrong,AmbiStory-test-659,1,4,0.0,0.5599999999999999,somewhat uncertain
AmbiStory,labelled,topk_wrong,AmbiStory-test-660,5,5,0.0475,0.0,somewhat uncertain
AmbiStory,labelled,topk_wrong,AmbiStory-test-661,1,2,0.31,0.56,
AmbiStory,labelled,topk_wrong,AmbiStory-test-662,5,4,0.1275,1.2,not uncertain
AmbiStory,labelled,topk_wrong,AmbiStory-test-663,1,4,0.54,1.6,
AmbiStory,labelled,topk_wrong,AmbiStory-test-664,5,4,0.7875,0.8,somewhat uncertain
AmbiStory,labelled,topk_wrong,AmbiStory-test-665,1,3,0.2274999999999999,0.4,
AmbiStory,labelled,topk_wrong,AmbiStory-test-666,5,5,0.0,0.6399999999999999,somewhat uncertain
AmbiStory,labelled,topk_wrong,AmbiStory-test-667,1,2,0.0475,2.16,
AmbiStory,labelled,topk_wrong,AmbiStory-test-668,5,4,0.0,0.64,somewhat uncertain
AmbiStory,labelled,topk_wrong,AmbiStory-test-669,5,2,0.0,1.8400000000000003,highly uncertain
AmbiStory,labelled,topk_wrong,AmbiStory-test-670,5,5,0.0,0.1599999999999999,somewhat uncertain
AmbiStory,labelled,topk_wrong,AmbiStory-test-671,1,1,0.2475,0.0,
AmbiStory,labelled,topk_wrong,AmbiStory-test-672,5,5,0.0,0.6399999999999999,somewhat uncertain
AmbiStory,labelled,topk_wrong,AmbiStory-test-673,5,4,0.0,2.4,somewhat uncertain
AmbiStory,labelled,topk_wrong,AmbiStory-test-674,5,5,0.0475,0.1599999999999999,somewhat uncertain
AmbiStory,labelled,topk_wrong,AmbiStory-test-675,5,5,0.0,0.1599999999999999,somewhat uncertain
AmbiStory,labelled,topk_wrong,AmbiStory-test-676,5,5,0.0,0.1599999999999999,somewhat uncertain
AmbiStory,labelled,topk_wrong,AmbiStory-test-677,5,5,0.0,0.0,somewhat uncertain
AmbiStory,labelled,topk_wrong,AmbiStory-test-678,5,3,0.0,1.4400000000000002,somewhat uncertain
AmbiStory,labelled,topk_wrong,AmbiStory-test-679,5,3,0.1275,1.36,highly uncertain
AmbiStory,labelled,topk_wrong,AmbiStory-test-680,5,1,0.8400000000000001,0.2222222222222222,highly uncertain
AmbiStory,labelled,topk_wrong,AmbiStory-test-681,5,3,0.0,3.8400000000000007,highly uncertain
AmbiStory,labelled,topk_wrong,AmbiStory-test-682,5,3,0.0,0.96,highly uncertain
AmbiStory,labelled,topk_wrong,AmbiStory-test-683,5,3,0.0,0.1599999999999999,somewhat uncertain
AmbiStory,labelled,topk_wrong,AmbiStory-test-684,1,2,1.25,1.2,not uncertain
AmbiStory,labelled,topk_wrong,AmbiStory-test-685,5,4,0.0,0.96,somewhat uncertain
AmbiStory,labelled,topk_wrong,AmbiStory-test-686,1,4,2.5475000000000003,0.24,
AmbiStory,labelled,topk_wrong,AmbiStory-test-687,5,3,0.0,1.84,somewhat uncertain
AmbiStory,labelled,topk_wrong,AmbiStory-test-688,1,2,1.4275,1.0400000000000005,not uncertain
AmbiStory,labelled,topk_wrong,AmbiStory-test-689,5,3,0.0,1.0400000000000005,somewhat uncertain
AmbiStory,labelled,topk_wrong,AmbiStory-test-690,5,3,0.0475,0.8,somewhat uncertain
AmbiStory,labelled,topk_wrong,AmbiStory-test-691,5,4,0.1275,0.96,highly uncertain
AmbiStory,labelled,topk_wrong,AmbiStory-test-692,1,2,0.6475000000000001,0.64,highly uncertain
AmbiStory,labelled,topk_wrong,AmbiStory-test-693,5,5,0.0,0.0,somewhat uncertain
AmbiStory,labelled,topk_wrong,AmbiStory-test-694,1,3,2.39,1.36,highly uncertain
AmbiStory,labelled,topk_wrong,AmbiStory-test-695,5,3,0.76,2.24,not uncertain
AmbiStory,labelled,topk_wrong,AmbiStory-test-696,4,1,1.6275,0.24,not uncertain
AmbiStory,labelled,topk_wrong,AmbiStory-test-697,5,2,0.0,0.4,somewhat uncertain
AmbiStory,labelled,topk_wrong,AmbiStory-test-698,4,3,2.3275,1.7600000000000002,highly uncertain
AmbiStory,labelled,topk_wrong,AmbiStory-test-699,5,4,0.0,1.6,not uncertain
AmbiStory,labelled,topk_wrong,AmbiStory-test-700,1,3,0.6275000000000001,2.56,somewhat uncertain
AmbiStory,labelled,topk_wrong,AmbiStory-test-701,5,2,0.0,0.56,somewhat uncertain
AmbiStory,labelled,topk_wrong,AmbiStory-test-702,2,2,1.6275,0.64,somewhat uncertain
AmbiStory,labelled,topk_wrong,AmbiStory-test-703,5,2,2.2275,1.8400000000000003,highly uncertain
AmbiStory,labelled,topk_wrong,AmbiStory-test-704,5,4,0.21,1.36,not uncertain
AmbiStory,labelled,topk_wrong,AmbiStory-test-705,5,4,0.09,0.8,highly uncertain
AmbiStory,labelled,topk_wrong,AmbiStory-test-706,3,3,1.0275,1.04,somewhat uncertain
AmbiStory,labelled,topk_wrong,AmbiStory-test-707,5,3,0.0475,1.84,not uncertain
AmbiStory,labelled,topk_wrong,AmbiStory-test-708,5,4,0.0,1.36,somewhat uncertain
AmbiStory,labelled,topk_wrong,AmbiStory-test-709,1,2,0.0,2.1600000000000006,not uncertain
AmbiStory,labelled,topk_wrong,AmbiStory-test-710,5,2,1.99,0.24,not uncertain
AmbiStory,labelled,topk_wrong,AmbiStory-test-711,1,4,0.0475,1.36,highly uncertain
AmbiStory,labelled,topk_wrong,AmbiStory-test-712,5,3,0.0,1.2,somewhat uncertain
AmbiStory,labelled,topk_wrong,AmbiStory-test-713,1,3,0.0,1.04,not uncertain
AmbiStory,labelled,topk_wrong,AmbiStory-test-714,5,4,0.09,0.5599999999999999,somewhat uncertain
AmbiStory,labelled,topk_wrong,AmbiStory-test-715,5,3,0.0,1.84,somewhat uncertain
AmbiStory,labelled,topk_wrong,AmbiStory-test-716,1,3,1.61,2.56,somewhat uncertain
AmbiStory,labelled,topk_wrong,AmbiStory-test-717,5,3,0.7875,2.56,somewhat uncertain
AmbiStory,labelled,topk_wrong,AmbiStory-test-718,1,3,0.94,1.6,highly uncertain
AmbiStory,labelled,topk_wrong,AmbiStory-test-719,5,2,0.0475,0.96,somewhat uncertain
AmbiStory,labelled,topk_wrong,AmbiStory-test-720,5,4,0.2475,1.04,highly uncertain
AmbiStory,labelled,topk_wrong,AmbiStory-test-721,5,3,0.0,1.2,somewhat uncertain
AmbiStory,labelled,topk_wrong,AmbiStory-test-722,4,5,0.2274999999999999,0.24,somewhat uncertain
AmbiStory,labelled,topk_wrong,AmbiStory-test-723,5,3,0.0,1.84,not uncertain
AmbiStory,labelled,topk_wrong,AmbiStory-test-724,5,4,0.2475,2.16,highly uncertain
AmbiStory,labelled,topk_wrong,AmbiStory-test-725,5,3,0.0,1.7600000000000002,somewhat uncertain
AmbiStory,labelled,topk_wrong,AmbiStory-test-726,5,5,0.0475,0.0,somewhat uncertain
AmbiStory,labelled,topk_wrong,AmbiStory-test-727,2,2,0.0475,2.16,not uncertain
AmbiStory,labelled,topk_wrong,AmbiStory-test-728,1,2,0.1275,1.8400000000000003,highly uncertain
AmbiStory,labelled,topk_wrong,AmbiStory-test-729,5,4,0.0,1.0400000000000005,highly uncertain
AmbiStory,labelled,topk_wrong,AmbiStory-test-730,4,4,0.24,0.5599999999999999,somewhat uncertain
AmbiStory,labelled,topk_wrong,AmbiStory-test-731,4,2,0.86,0.9600000000000002,not uncertain
AmbiStory,labelled,topk_wrong,AmbiStory-test-732,5,4,0.0,1.36,somewhat uncertain
AmbiStory,labelled,topk_wrong,AmbiStory-test-733,2,2,0.3475,0.96,somewhat uncertain
AmbiStory,labelled,topk_wrong,AmbiStory-test-734,5,3,1.21,2.64,not uncertain
AmbiStory,labelled,topk_wrong,AmbiStory-test-735,5,4,0.1275,1.84,somewhat uncertain
AmbiStory,labelled,topk_wrong,AmbiStory-test-736,5,3,0.09,2.0,not uncertain
AmbiStory,labelled,topk_wrong,AmbiStory-test-737,1,4,0.7474999999999999,0.1599999999999999,somewhat uncertain
AmbiStory,labelled,topk_wrong,AmbiStory-test-738,5,5,0.0,0.0,somewhat uncertain
AmbiStory,labelled,topk_wrong,AmbiStory-test-739,1,1,0.09,0.16,somewhat uncertain
AmbiStory,labelled,topk_wrong,AmbiStory-test-740,1,2,3.49,0.64,somewhat uncertain
AmbiStory,labelled,topk_wrong,AmbiStory-test-741,5,5,0.0,0.0,highly uncertain
AmbiStory,labelled,topk_wrong,AmbiStory-test-742,5,4,0.0,0.8,not uncertain
AmbiStory,labelled,topk_wrong,AmbiStory-test-743,4,2,2.8275,0.4,highly uncertain
AmbiStory,labelled,topk_wrong,AmbiStory-test-744,5,5,0.0,0.0,somewhat uncertain
AmbiStory,labelled,topk_wrong,AmbiStory-test-745,1,1,0.0,0.16,not uncertain
AmbiStory,labelled,topk_wrong,AmbiStory-test-746,5,5,0.0,0.0,somewhat uncertain
AmbiStory,labelled,topk_wrong,AmbiStory-test-747,1,1,0.0,0.0,somewhat uncertain
AmbiStory,labelled,topk_wrong,AmbiStory-test-748,5,5,0.0,0.24,somewhat uncertain
AmbiStory,labelled,topk_wrong,AmbiStory-test-749,1,1,0.0,0.16,not uncertain
AmbiStory,labelled,topk_wrong,AmbiStory-test-750,1,2,0.0,0.96,
AmbiStory,labelled,topk_wrong,AmbiStory-test-751,5,4,0.0,0.96,somewhat uncertain
AmbiStory,labelled,topk_wrong,AmbiStory-test-752,1,1,0.0,0.0,highly uncertain
AmbiStory,labelled,topk_wrong,AmbiStory-test-753,5,5,0.0,0.0,somewhat uncertain
AmbiStory,labelled,topk_wrong,AmbiStory-test-754,1,2,0.0,1.2,not uncertain
AmbiStory,labelled,topk_wrong,AmbiStory-test-755,5,4,0.0,0.6399999999999999,somewhat uncertain
AmbiStory,labelled,topk_wrong,AmbiStory-test-756,5,5,0.0,0.24,highly uncertain
AmbiStory,labelled,topk_wrong,AmbiStory-test-757,1,1,0.0,0.16,highly uncertain
AmbiStory,labelled,topk_wrong,AmbiStory-test-758,1,1,0.4475,0.24,highly uncertain
AmbiStory,labelled,topk_wrong,AmbiStory-test-759,5,5,0.0,0.24,not uncertain
AmbiStory,labelled,topk_wrong,AmbiStory-test-760,5,2,0.1275,0.4,not uncertain
AmbiStory,labelled,topk_wrong,AmbiStory-test-761,2,4,0.45,0.5599999999999999,highly uncertain
AmbiStory,labelled,topk_wrong,AmbiStory-test-762,5,4,0.0,1.36,somewhat uncertain
AmbiStory,labelled,topk_wrong,AmbiStory-test-763,1,1,0.0,0.24,
AmbiStory,labelled,topk_wrong,AmbiStory-test-764,5,4,0.0,1.36,somewhat uncertain
AmbiStory,labelled,topk_wrong,AmbiStory-test-765,1,1,0.0,0.16,somewhat uncertain
AmbiStory,labelled,topk_wrong,AmbiStory-test-766,5,4,0.0,0.8,somewhat uncertain
AmbiStory,labelled,topk_wrong,AmbiStory-test-767,1,1,0.0,0.24,not uncertain
AmbiStory,labelled,topk_wrong,AmbiStory-test-768,5,3,0.0475,2.0,not uncertain
AmbiStory,labelled,topk_wrong,AmbiStory-test-769,1,2,0.0,0.64,not uncertain
AmbiStory,labelled,topk_wrong,AmbiStory-test-770,1,3,0.3875,0.64,not uncertain
AmbiStory,labelled,topk_wrong,AmbiStory-test-771,5,5,0.0,0.6399999999999999,highly uncertain
AmbiStory,labelled,topk_wrong,AmbiStory-test-772,5,3,0.09,0.5599999999999999,highly uncertain
AmbiStory,labelled,topk_wrong,AmbiStory-test-773,1,4,0.91,0.64,somewhat uncertain
AmbiStory,labelled,topk_wrong,AmbiStory-test-774,4,3,1.1275,1.36,not uncertain
AmbiStory,labelled,topk_wrong,AmbiStory-test-775,5,2,0.0,1.4400000000000002,not uncertain
AmbiStory,labelled,topk_wrong,AmbiStory-test-776,5,2,1.36,1.2,not uncertain
AmbiStory,labelled,topk_wrong,AmbiStory-test-777,1,2,0.0,1.36,somewhat uncertain
AmbiStory,labelled,topk_wrong,AmbiStory-test-778,1,3,2.46,2.8,
AmbiStory,labelled,topk_wrong,AmbiStory-test-779,1,2,0.0,0.64,somewhat uncertain
AmbiStory,labelled,topk_wrong,AmbiStory-test-780,5,5,0.0475,0.1599999999999999,somewhat uncertain
AmbiStory,labelled,topk_wrong,AmbiStory-test-781,1,1,0.09,0.16,highly uncertain
AmbiStory,labelled,topk_wrong,AmbiStory-test-782,1,3,0.0,0.64,highly uncertain
AmbiStory,labelled,topk_wrong,AmbiStory-test-783,5,5,0.2274999999999999,0.0,somewhat uncertain
AmbiStory,labelled,topk_wrong,AmbiStory-test-784,1,4,1.61,1.04,highly uncertain
AmbiStory,labelled,topk_wrong,AmbiStory-test-785,4,3,0.9275,0.64,somewhat uncertain
AmbiStory,labelled,topk_wrong,AmbiStory-test-786,5,4,0.1275,1.36,not uncertain
AmbiStory,labelled,topk_wrong,AmbiStory-test-787,4,4,2.19,2.16,highly uncertain
AmbiStory,labelled,topk_wrong,AmbiStory-test-788,1,2,0.6475,2.5600000000000005,not uncertain
AmbiStory,labelled,topk_wrong,AmbiStory-test-789,5,4,0.1275,0.5599999999999999,somewhat uncertain
AmbiStory,labelled,topk_wrong,AmbiStory-test-790,1,1,1.8,0.16,somewhat uncertain
AmbiStory,labelled,topk_wrong,AmbiStory-test-791,5,5,0.1275,0.1599999999999999,not uncertain
AmbiStory,labelled,topk_wrong,AmbiStory-test-792,1,3,2.5275000000000003,2.56,somewhat uncertain
AmbiStory,labelled,topk_wrong,AmbiStory-test-793,4,3,0.2274999999999999,2.472222222222222,highly uncertain
AmbiStory,labelled,topk_wrong,AmbiStory-test-794,4,2,1.45,0.24,highly uncertain
AmbiStory,labelled,topk_wrong,AmbiStory-test-795,5,4,0.0475,1.0400000000000005,not uncertain
AmbiStory,labelled,topk_wrong,AmbiStory-test-796,5,2,0.8099999999999999,2.24,highly uncertain
AmbiStory,labelled,topk_wrong,AmbiStory-test-797,5,5,0.09,0.1599999999999999,not uncertain
AmbiStory,labelled,topk_wrong,AmbiStory-test-798,5,2,0.0,0.56,highly uncertain
AmbiStory,labelled,topk_wrong,AmbiStory-test-799,1,4,1.45,0.4,highly uncertain
AmbiStory,labelled,topk_wrong,AmbiStory-test-800,5,2,0.0,0.56,somewhat uncertain
AmbiStory,labelled,topk_wrong,AmbiStory-test-801,5,3,0.09,1.44,not uncertain
AmbiStory,labelled,topk_wrong,AmbiStory-test-802,5,2,0.0,0.96,somewhat uncertain
AmbiStory,labelled,topk_wrong,AmbiStory-test-803,5,3,0.09,1.0400000000000005,not uncertain
AmbiStory,labelled,topk_wrong,AmbiStory-test-804,1,1,3.49,0.16,highly uncertain
AmbiStory,labelled,topk_wrong,AmbiStory-test-805,5,4,0.0,0.5599999999999999,highly uncertain
AmbiStory,labelled,topk_wrong,AmbiStory-test-806,1,2,0.76,0.24,somewhat uncertain
AmbiStory,labelled,topk_wrong,AmbiStory-test-807,5,4,0.0,1.36,somewhat uncertain
AmbiStory,labelled,topk_wrong,AmbiStory-test-808,1,2,0.0475,0.24,highly uncertain
AmbiStory,labelled,topk_wrong,AmbiStory-test-809,5,4,0.0,0.8,not uncertain
AmbiStory,labelled,topk_wrong,AmbiStory-test-810,5,5,0.0,0.1599999999999999,not uncertain
AmbiStory,labelled,topk_wrong,AmbiStory-test-811,5,2,0.0,2.5600000000000005,not uncertain
AmbiStory,labelled,topk_wrong,AmbiStory-test-812,1,2,0.0,0.56,somewhat uncertain
AmbiStory,labelled,topk_wrong,AmbiStory-test-813,5,4,2.6900000000000004,1.44,not uncertain
AmbiStory,labelled,topk_wrong,AmbiStory-test-814,1,1,0.0,0.24,not uncertain
AmbiStory,labelled,topk_wrong,AmbiStory-test-815,5,5,2.3275,0.1599999999999999,not uncertain
AmbiStory,labelled,topk_wrong,AmbiStory-test-816,5,5,0.0,0.6399999999999999,somewhat uncertain
AmbiStory,labelled,topk_wrong,AmbiStory-test-817,5,3,0.0,1.7600000000000002,highly uncertain
AmbiStory,labelled,topk_wrong,AmbiStory-test-818,1,3,0.0,2.16,highly uncertain
AmbiStory,labelled,topk_wrong,AmbiStory-test-819,5,4,0.0,1.84,somewhat uncertain
AmbiStory,labelled,topk_wrong,AmbiStory-test-820,1,3,1.7475,1.84,somewhat uncertain
AmbiStory,labelled,topk_wrong,AmbiStory-test-821,5,4,0.0,0.96,highly uncertain
AmbiStory,labelled,topk_wrong,AmbiStory-test-822,1,2,0.0,0.64,somewhat uncertain
AmbiStory,labelled,topk_wrong,AmbiStory-test-823,5,5,0.0,0.6399999999999999,somewhat uncertain
AmbiStory,labelled,topk_wrong,AmbiStory-test-824,1,2,0.0475,0.64,highly uncertain
AmbiStory,labelled,topk_wrong,AmbiStory-test-825,5,5,0.0,0.1599999999999999,somewhat uncertain
AmbiStory,labelled,topk_wrong,AmbiStory-test-826,1,2,0.21,0.24,highly uncertain
AmbiStory,labelled,topk_wrong,AmbiStory-test-827,5,4,0.0,2.16,somewhat uncertain
AmbiStory,labelled,topk_wrong,AmbiStory-test-828,5,4,0.0,1.6,highly uncertain
AmbiStory,labelled,topk_wrong,AmbiStory-test-829,5,4,0.0,2.560000000000001,somewhat uncertain
AmbiStory,labelled,topk_wrong,AmbiStory-test-830,5,4,0.1875,0.96,somewhat uncertain
AmbiStory,labelled,topk_wrong,AmbiStory-test-831,5,3,0.0,2.64,somewhat uncertain
AmbiStory,labelled,topk_wrong,AmbiStory-test-832,4,3,2.4275,1.04,somewhat uncertain
AmbiStory,labelled,topk_wrong,AmbiStory-test-833,5,4,0.0,0.4,somewhat uncertain
AmbiStory,labelled,topk_wrong,AmbiStory-test-834,4,2,1.36,0.4,not uncertain
AmbiStory,labelled,topk_wrong,AmbiStory-test-835,4,4,0.21,1.36,somewhat uncertain
AmbiStory,labelled,topk_wrong,AmbiStory-test-836,1,3,0.21,2.16,
AmbiStory,labelled,topk_wrong,AmbiStory-test-837,5,5,0.0475,0.1599999999999999,somewhat uncertain
AmbiStory,labelled,topk_wrong,AmbiStory-test-838,5,3,0.7875,2.64,highly uncertain
AmbiStory,labelled,topk_wrong,AmbiStory-test-839,5,5,0.0,0.1599999999999999,somewhat uncertain
AmbiStory,labelled,topk_wrong,AmbiStory-test-840,4,3,0.71,1.44,highly uncertain
AmbiStory,labelled,topk_wrong,AmbiStory-test-841,5,4,0.1275,0.64,not uncertain
AmbiStory,labelled,topk_wrong,AmbiStory-test-842,1,2,0.0,0.16,somewhat uncertain
AmbiStory,labelled,topk_wrong,AmbiStory-test-843,5,4,0.1275,0.64,highly uncertain
AmbiStory,labelled,topk_wrong,AmbiStory-test-844,1,2,0.0,0.56,somewhat uncertain
AmbiStory,labelled,topk_wrong,AmbiStory-test-845,5,3,0.1599999999999999,1.6,somewhat uncertain
AmbiStory,labelled,topk_wrong,AmbiStory-test-846,5,4,0.31,0.4,somewhat uncertain
AmbiStory,labelled,topk_wrong,AmbiStory-test-847,1,2,0.8100000000000002,0.6400000000000002,highly uncertain
AmbiStory,labelled,topk_wrong,AmbiStory-test-848,1,1,0.0,0.16,not uncertain
AmbiStory,labelled,topk_wrong,AmbiStory-test-849,5,5,0.0475,0.24,highly uncertain
AmbiStory,labelled,topk_wrong,AmbiStory-test-850,1,2,0.91,1.2,highly uncertain
AmbiStory,labelled,topk_wrong,AmbiStory-test-851,5,4,0.8400000000000001,0.4,somewhat uncertain
AmbiStory,labelled,topk_wrong,AmbiStory-test-852,4,3,1.7900000000000005,1.0400000000000005,not uncertain
AmbiStory,labelled,topk_wrong,AmbiStory-test-853,1,2,2.05,0.4,somewhat uncertain
AmbiStory,labelled,topk_wrong,AmbiStory-test-854,4,2,0.5475,1.84,highly uncertain
AmbiStory,labelled,topk_wrong,AmbiStory-test-855,4,3,0.6475,2.56,highly uncertain
AmbiStory,labelled,topk_wrong,AmbiStory-test-856,4,3,0.19,1.04,not uncertain
AmbiStory,labelled,topk_wrong,AmbiStory-test-857,5,2,0.1599999999999999,1.36,highly uncertain
AmbiStory,labelled,topk_wrong,AmbiStory-test-858,5,4,2.5475,1.44,highly uncertain
AmbiStory,labelled,topk_wrong,AmbiStory-test-859,4,1,0.1875,0.64,highly uncertain
AmbiStory,labelled,topk_wrong,AmbiStory-test-860,1,3,1.2475,0.64,
AmbiStory,labelled,topk_wrong,AmbiStory-test-861,4,1,1.16,0.24,not uncertain
AmbiStory,labelled,topk_wrong,AmbiStory-test-862,1,3,2.1475,2.8,somewhat uncertain
AmbiStory,labelled,topk_wrong,AmbiStory-test-863,5,2,1.7100000000000002,1.8400000000000003,highly uncertain
AmbiStory,labelled,topk_wrong,AmbiStory-test-864,1,1,0.16,0.24,not uncertain
AmbiStory,labelled,topk_wrong,AmbiStory-test-865,4,5,0.21,0.0,somewhat uncertain
AmbiStory,labelled,topk_wrong,AmbiStory-test-866,1,1,0.1275,0.16,not uncertain
AmbiStory,labelled,topk_wrong,AmbiStory-test-867,5,5,0.25,0.24,somewhat uncertain
AmbiStory,labelled,topk_wrong,AmbiStory-test-868,1,1,0.0475,0.16,
AmbiStory,labelled,topk_wrong,AmbiStory-test-869,5,5,0.1875,0.24,somewhat uncertain
AmbiStory,labelled,topk_wrong,AmbiStory-test-870,5,5,0.0,0.6399999999999999,somewhat uncertain
AmbiStory,labelled,topk_wrong,AmbiStory-test-871,1,1,0.0,0.16,
AmbiStory,labelled,topk_wrong,AmbiStory-test-872,5,3,0.0,0.1599999999999999,somewhat uncertain
AmbiStory,labelled,topk_wrong,AmbiStory-test-873,1,1,0.0,0.0,highly uncertain
AmbiStory,labelled,topk_wrong,AmbiStory-test-874,5,5,0.0,0.1599999999999999,somewhat uncertain
AmbiStory,labelled,topk_wrong,AmbiStory-test-875,1,1,0.0,0.0,not uncertain
AmbiStory,labelled,topk_wrong,AmbiStory-test-876,2,4,0.99,0.4,somewhat uncertain
AmbiStory,labelled,topk_wrong,AmbiStory-test-877,1,2,0.16,1.8400000000000003,not uncertain
AmbiStory,labelled,topk_wrong,AmbiStory-test-878,4,3,2.0275000000000003,2.16,highly uncertain
AmbiStory,labelled,topk_wrong,AmbiStory-test-879,2,2,0.3275,1.44,not uncertain
AmbiStory,labelled,topk_wrong,AmbiStory-test-880,1,4,0.4875,0.96,not uncertain
AmbiStory,labelled,topk_wrong,AmbiStory-test-881,1,2,0.0475,1.84,not uncertain
AmbiStory,labelled,topk_wrong,AmbiStory-test-882,4,4,2.45,1.44,highly uncertain
AmbiStory,labelled,topk_wrong,AmbiStory-test-883,1,2,0.0,3.04,not uncertain
AmbiStory,labelled,topk_wrong,AmbiStory-test-884,5,5,0.1275,0.1599999999999999,somewhat uncertain
AmbiStory,labelled,topk_wrong,AmbiStory-test-885,1,1,0.0,0.16,highly uncertain
AmbiStory,labelled,topk_wrong,AmbiStory-test-886,4,5,1.8400000000000003,0.6399999999999999,somewhat uncertain
AmbiStory,labelled,topk_wrong,AmbiStory-test-887,1,2,1.7875,0.56,not uncertain
AmbiStory,labelled,topk_wrong,AmbiStory-test-888,5,5,0.0,0.0,somewhat uncertain
AmbiStory,labelled,topk_wrong,AmbiStory-test-889,1,2,1.5275,0.64,somewhat uncertain
AmbiStory,labelled,topk_wrong,AmbiStory-test-890,4,3,0.7275,0.96,somewhat uncertain
AmbiStory,labelled,topk_wrong,AmbiStory-test-891,4,3,0.24,0.24,highly uncertain
AmbiStory,labelled,topk_wrong,AmbiStory-test-892,5,4,0.0475,0.8,not uncertain
AmbiStory,labelled,topk_wrong,AmbiStory-test-893,1,3,1.2475,1.36,somewhat uncertain
AmbiStory,labelled,topk_wrong,AmbiStory-test-894,5,3,0.0475,0.5599999999999999,highly uncertain
AmbiStory,labelled,topk_wrong,AmbiStory-test-895,3,2,1.0475,0.8,highly uncertain
AmbiStory,labelled,topk_wrong,AmbiStory-test-896,4,2,0.51,0.56,highly uncertain
AmbiStory,labelled,topk_wrong,AmbiStory-test-897,3,4,1.2475,1.0400000000000005,highly uncertain
AmbiStory,labelled,topk_wrong,AmbiStory-test-898,5,2,0.1275,0.64,highly uncertain
AmbiStory,labelled,topk_wrong,AmbiStory-test-899,4,3,1.4600000000000002,0.96,not uncertain
AmbiStory,labelled,topk_wrong,AmbiStory-test-900,1,2,0.1875,0.5599999999999999,highly uncertain
AmbiStory,labelled,topk_wrong,AmbiStory-test-901,4,5,0.2274999999999999,0.1599999999999999,somewhat uncertain
AmbiStory,labelled,topk_wrong,AmbiStory-test-902,1,2,0.0,0.56,somewhat uncertain
AmbiStory,labelled,topk_wrong,AmbiStory-test-903,5,5,0.0,0.1599999999999999,somewhat uncertain
AmbiStory,labelled,topk_wrong,AmbiStory-test-904,1,2,0.0,1.2,somewhat uncertain
AmbiStory,labelled,topk_wrong,AmbiStory-test-905,5,4,0.2274999999999999,0.0,somewhat uncertain
AmbiStory,labelled,topk_wrong,AmbiStory-test-906,5,5,0.0,0.6399999999999999,highly uncertain
AmbiStory,labelled,topk_wrong,AmbiStory-test-907,2,1,0.39,0.16,not uncertain
AmbiStory,labelled,topk_wrong,AmbiStory-test-908,5,3,0.0475,0.5599999999999999,somewhat uncertain
AmbiStory,labelled,topk_wrong,AmbiStory-test-909,4,3,0.0475,1.6,highly uncertain
AmbiStory,labelled,topk_wrong,AmbiStory-test-910,5,3,0.0,0.8,somewhat uncertain
AmbiStory,labelled,topk_wrong,AmbiStory-test-911,1,2,0.0475,0.8,somewhat uncertain
AmbiStory,labelled,topk_wrong,AmbiStory-test-912,5,3,0.0,0.96,not uncertain
AmbiStory,labelled,topk_wrong,AmbiStory-test-913,5,3,0.8400000000000001,2.64,highly uncertain
AmbiStory,labelled,topk_wrong,AmbiStory-test-914,1,2,0.0,2.4,somewhat uncertain
AmbiStory,labelled,topk_wrong,AmbiStory-test-915,5,4,0.0,0.64,somewhat uncertain
AmbiStory,labelled,topk_wrong,AmbiStory-test-916,1,3,0.0,2.0,highly uncertain
AmbiStory,labelled,topk_wrong,AmbiStory-test-917,5,5,0.0,0.1599999999999999,somewhat uncertain
AmbiStory,labelled,topk_wrong,AmbiStory-test-918,5,4,0.0,1.36,not uncertain
AmbiStory,labelled,topk_wrong,AmbiStory-test-919,5,2,0.0,0.4,highly uncertain
AmbiStory,labelled,topk_wrong,AmbiStory-test-920,5,5,0.0,0.6399999999999999,highly uncertain
AmbiStory,labelled,topk_wrong,AmbiStory-test-921,1,2,2.74,0.64,highly uncertain
AmbiStory,labelled,topk_wrong,AmbiStory-test-922,5,4,0.0,0.96,somewhat uncertain
AmbiStory,labelled,topk_wrong,AmbiStory-test-923,5,3,0.0,0.4,not uncertain
AmbiStory,labelled,topk_wrong,AmbiStory-test-924,5,1,0.0,0.0,highly uncertain
AmbiStory,labelled,topk_wrong,AmbiStory-test-925,2,4,1.01,1.2,not uncertain
AmbiStory,labelled,topk_wrong,AmbiStory-test-926,5,1,0.0,0.16,highly uncertain
AmbiStory,labelled,topk_wrong,AmbiStory-test-927,1,3,1.4875,2.222222222222222,highly uncertain
AmbiStory,labelled,topk_wrong,AmbiStory-test-928,5,2,0.0475,1.36,highly uncertain
AmbiStory,labelled,topk_wrong,AmbiStory-test-929,2,4,1.3,0.96,not uncertain
AmbiStory,labelled,pros_cons,AmbiStory-test-0,5,4,0.0,1.6,not uncertain
AmbiStory,labelled,pros_cons,AmbiStory-test-1,1,2,0.65,1.2,not uncertain
AmbiStory,labelled,pros_cons,AmbiStory-test-2,5,3,0.0,0.5599999999999999,not uncertain
AmbiStory,labelled,pros_cons,AmbiStory-test-3,3,3,1.91,1.44,not uncertain
AmbiStory,labelled,pros_cons,AmbiStory-test-4,5,3,0.0,1.84,not uncertain
AmbiStory,labelled,pros_cons,AmbiStory-test-5,4,2,2.09,0.56,not uncertain
AmbiStory,labelled,pros_cons,AmbiStory-test-6,1,3,2.31,0.96,not uncertain
AmbiStory,labelled,pros_cons,AmbiStory-test-7,1,4,0.54,1.36,not uncertain
AmbiStory,labelled,pros_cons,AmbiStory-test-8,1,1,0.8474999999999999,0.24,not uncertain
AmbiStory,labelled,pros_cons,AmbiStory-test-9,1,4,0.9275,2.16,not uncertain
AmbiStory,labelled,pros_cons,AmbiStory-test-10,4,1,1.5,0.24,not uncertain
AmbiStory,labelled,pros_cons,AmbiStory-test-11,2,5,0.35,0.1599999999999999,not uncertain
AmbiStory,labelled,pros_cons,AmbiStory-test-12,5,4,0.0,0.5599999999999999,not uncertain
AmbiStory,labelled,pros_cons,AmbiStory-test-13,1,3,0.24,2.64,not uncertain
AmbiStory,labelled,pros_cons,AmbiStory-test-14,5,1,3.24,0.24,not uncertain
AmbiStory,labelled,pros_cons,AmbiStory-test-15,5,4,0.0,2.56,not uncertain
AmbiStory,labelled,pros_cons,AmbiStory-test-16,5,3,0.0,0.5599999999999999,highly uncertain
AmbiStory,labelled,pros_cons,AmbiStory-test-17,1,4,0.1275,0.64,somewhat uncertain
AmbiStory,labelled,pros_cons,AmbiStory-test-18,5,5,0.0,0.0,not uncertain
AmbiStory,labelled,pros_cons,AmbiStory-test-19,5,3,0.0,2.64,not uncertain
AmbiStory,labelled,pros_cons,AmbiStory-test-20,5,5,0.0,0.0,highly uncertain
AmbiStory,labelled,pros_cons,AmbiStory-test-21,5,3,0.1599999999999999,0.96,not uncertain
AmbiStory,labelled,pros_cons,AmbiStory-test-22,5,5,0.0,0.1599999999999999,not uncertain
AmbiStory,labelled,pros_cons,AmbiStory-test-23,5,4,0.0475,2.56,not uncertain
AmbiStory,labelled,pros_cons,AmbiStory-test-24,5,5,0.0475,0.0,not uncertain
AmbiStory,labelled,pros_cons,AmbiStory-test-25,1,2,0.0,1.2,not uncertain
AmbiStory,labelled,pros_cons,AmbiStory-test-26,5,4,0.0,0.96,highly uncertain
AmbiStory,labelled,pros_cons,AmbiStory-test-27,1,2,0.0,0.56,not uncertain
AmbiStory,labelled,pros_cons,AmbiStory-test-28,5,4,0.0,0.6399999999999999,not uncertain
AmbiStory,labelled,pros_cons,AmbiStory-test-29,1,2,0.0,0.64,not uncertain
AmbiStory,labelled,pros_cons,AmbiStory-test-30,5,2,0.1275,0.8,not uncertain
AmbiStory,labelled,pros_cons,AmbiStory-test-31,5,4,0.0,0.6399999999999999,not uncertain
AmbiStory,labelled,pros_cons,AmbiStory-test-32,4,3,0.2274999999999999,2.24,not uncertain
AmbiStory,labelled,pros_cons,AmbiStory-test-33,5,4,0.0,0.1599999999999999,not uncertain
AmbiStory,labelled,pros_cons,AmbiStory-test-34,5,3,0.0,0.96,not uncertain
AmbiStory,labelled,pros_cons,AmbiStory-test-35,5,4,0.0,0.96,not uncertain
AmbiStory,labelled,pros_cons,AmbiStory-test-36,4,3,0.2274999999999999,0.24,highly uncertain
AmbiStory,labelled,pros_cons,AmbiStory-test-37,5,3,0.0,1.6,not uncertain
AmbiStory,labelled,pros_cons,AmbiStory-test-38,4,2,2.1275,1.84,highly uncertain
AmbiStory,labelled,pros_cons,AmbiStory-test-39,5,4,0.0,1.44,not uncertain
AmbiStory,labelled,pros_cons,AmbiStory-test-40,4,3,1.5275,1.84,highly uncertain
AmbiStory,labelled,pros_cons,AmbiStory-test-41,5,4,0.0,1.36,not uncertain
AmbiStory,labelled,pros_cons,AmbiStory-test-42,1,2,0.09,0.1599999999999999,not uncertain
AmbiStory,labelled,pros_cons,AmbiStory-test-43,5,4,0.1875,0.4,not uncertain
AmbiStory,labelled,pros_cons,AmbiStory-test-44,1,3,0.09,2.24,not uncertain
AmbiStory,labelled,pros_cons,AmbiStory-test-45,5,4,0.0,1.0400000000000005,not uncertain
AmbiStory,labelled,pros_cons,AmbiStory-test-46,1,3,0.0475,0.96,not uncertain
AmbiStory,labelled,pros_cons,AmbiStory-test-47,5,4,0.09,0.8,not uncertain
AmbiStory,labelled,pros_cons,AmbiStory-test-48,5,4,0.0,2.1600000000000006,not uncertain
AmbiStory,labelled,pros_cons,AmbiStory-test-49,4,2,0.5599999999999999,2.24,not uncertain
AmbiStory,labelled,pros_cons,AmbiStory-test-50,3,2,1.2275,0.24,not uncertain
AmbiStory,labelled,pros_cons,AmbiStory-test-51,5,4,0.0,1.36,not uncertain
AmbiStory,labelled,pros_cons,AmbiStory-test-52,3,2,0.71,2.16,not uncertain
AmbiStory,labelled,pros_cons,AmbiStory-test-53,5,5,0.25,0.24,not uncertain
AmbiStory,labelled,pros_cons,AmbiStory-test-54,5,3,0.24,1.04,not uncertain
AmbiStory,labelled,pros_cons,AmbiStory-test-55,4,3,0.1875,0.96,highly uncertain
AmbiStory,labelled,pros_cons,AmbiStory-test-56,4,2,0.24,0.64,not uncertain
AmbiStory,labelled,pros_cons,AmbiStory-test-57,5,5,0.0,0.0,not uncertain
AmbiStory,labelled,pros_cons,AmbiStory-test-58,5,2,0.1599999999999999,1.36,not uncertain
AmbiStory,labelled,pros_cons,AmbiStory-test-59,5,5,0.0,0.24,not uncertain
AmbiStory,labelled,pros_cons,AmbiStory-test-60,5,5,0.0,0.0,not uncertain
AmbiStory,labelled,pros_cons,AmbiStory-test-61,1,1,0.0,0.0,not uncertain
AmbiStory,labelled,pros_cons,AmbiStory-test-62,1,1,2.6275000000000004,0.0,not uncertain
AmbiStory,labelled,pros_cons,AmbiStory-test-63,4,3,0.09,3.8400000000000007,not uncertain
AmbiStory,labelled,pros_cons,AmbiStory-test-64,5,4,0.0,2.56,not uncertain
AmbiStory,labelled,pros_cons,AmbiStory-test-65,1,2,0.16,1.36,not uncertain
AmbiStory,labelled,pros_cons,AmbiStory-test-66,4,3,2.0275,2.16,not uncertain
AmbiStory,labelled,pros_cons,AmbiStory-test-67,1,2,0.09,0.56,not uncertain
AmbiStory,labelled,pros_cons,AmbiStory-test-68,1,1,0.0,0.16,not uncertain
AmbiStory,labelled,pros_cons,AmbiStory-test-69,5,5,0.0,0.0,not uncertain
AmbiStory,labelled,pros_cons,AmbiStory-test-70,1,2,0.0,1.36,not uncertain
AmbiStory,labelled,pros_cons,AmbiStory-test-71,1,3,0.26,1.0400000000000005,not uncertain
AmbiStory,labelled,pros_cons,AmbiStory-test-72,5,3,0.0,2.16,not uncertain
AmbiStory,labelled,pros_cons,AmbiStory-test-73,1,3,0.55,2.0,not uncertain
AmbiStory,labelled,pros_cons,AmbiStory-test-74,5,2,0.0,1.4400000000000002,somewhat uncertain
AmbiStory,labelled,pros_cons,AmbiStory-test-75,5,4,0.0,1.36,not uncertain
AmbiStory,labelled,pros_cons,AmbiStory-test-76,5,3,3.6475,1.4400000000000002,somewhat uncertain
AmbiStory,labelled,pros_cons,AmbiStory-test-77,5,4,0.0,0.6399999999999999,not uncertain
AmbiStory,labelled,pros_cons,AmbiStory-test-78,5,4,0.0,1.6,not uncertain
AmbiStory,labelled,pros_cons,AmbiStory-test-79,4,2,0.1875,0.96,not uncertain
AmbiStory,labelled,pros_cons,AmbiStory-test-80,5,3,3.55,0.1599999999999999,not uncertain
AmbiStory,labelled,pros_cons,AmbiStory-test-81,5,4,0.0,0.24,highly uncertain
AmbiStory,labelled,pros_cons,AmbiStory-test-82,1,2,1.9275,0.8,not uncertain
AmbiStory,labelled,pros_cons,AmbiStory-test-83,5,4,0.09,1.2,not uncertain
AmbiStory,labelled,pros_cons,AmbiStory-test-84,1,2,0.16,0.8,not uncertain
AmbiStory,labelled,pros_cons,AmbiStory-test-85,5,5,0.0475,0.6399999999999999,not uncertain
AmbiStory,labelled,pros_cons,AmbiStory-test-86,5,2,3.4275,0.16,highly uncertain
AmbiStory,labelled,pros_cons,AmbiStory-test-87,5,4,0.0475,0.5599999999999999,not uncertain
AmbiStory,labelled,pros_cons,AmbiStory-test-88,1,2,0.3399999999999999,0.4,highly uncertain
AmbiStory,labelled,pros_cons,AmbiStory-test-89,5,4,0.0475,0.5599999999999999,not uncertain
AmbiStory,labelled,pros_cons,AmbiStory-test-90,5,3,0.1599999999999999,1.6,not uncertain
AmbiStory,labelled,pros_cons,AmbiStory-test-91,1,3,0.3399999999999999,2.16,not uncertain
AmbiStory,labelled,pros_cons,AmbiStory-test-92,4,2,0.2475,0.64,not uncertain
AmbiStory,labelled,pros_cons,AmbiStory-test-93,1,4,0.4875,0.5599999999999999,not uncertain
AmbiStory,labelled,pros_cons,AmbiStory-test-94,5,1,0.2475,0.16,not uncertain
AmbiStory,labelled,pros_cons,AmbiStory-test-95,4,4,1.31,0.96,not uncertain
AmbiStory,labelled,pros_cons,AmbiStory-test-96,5,5,0.0,0.24,not uncertain
AmbiStory,labelled,pros_cons,AmbiStory-test-97,5,3,2.04,2.472222222222222,highly uncertain
AmbiStory,labelled,pros_cons,AmbiStory-test-98,5,4,0.0,0.5599999999999999,not uncertain
AmbiStory,labelled,pros_cons,AmbiStory-test-99,5,3,3.4875,0.4,highly uncertain
AmbiStory,labelled,pros_cons,AmbiStory-test-100,5,3,0.0,1.36,not uncertain
AmbiStory,labelled,pros_cons,AmbiStory-test-101,5,4,0.76,1.4400000000000002,not uncertain
AmbiStory,labelled,pros_cons,AmbiStory-test-102,5,4,0.0,0.96,not uncertain
AmbiStory,labelled,pros_cons,AmbiStory-test-103,5,1,0.0,0.16,not uncertain
AmbiStory,labelled,pros_cons,AmbiStory-test-104,1,2,0.9475,0.24,not uncertain
AmbiStory,labelled,pros_cons,AmbiStory-test-105,5,5,0.0,0.1599999999999999,not uncertain
AmbiStory,labelled,pros_cons,AmbiStory-test-106,5,3,0.0475,0.5599999999999999,not uncertain
AmbiStory,labelled,pros_cons,AmbiStory-test-107,5,3,0.0,2.24,not uncertain
AmbiStory,labelled,pros_cons,AmbiStory-test-108,5,5,0.0,0.1599999999999999,not uncertain
AmbiStory,labelled,pros_cons,AmbiStory-test-109,1,1,0.76,0.0,not uncertain
AmbiStory,labelled,pros_cons,AmbiStory-test-110,5,4,0.0,0.5599999999999999,not uncertain
AmbiStory,labelled,pros_cons,AmbiStory-test-111,5,1,0.76,0.24,not uncertain
AmbiStory,labelled,pros_cons,AmbiStory-test-112,5,4,0.0,1.36,not uncertain
AmbiStory,labelled,pros_cons,AmbiStory-test-113,5,1,2.06,0.16,not uncertain
AmbiStory,labelled,pros_cons,AmbiStory-test-114,5,5,0.0,0.0,not uncertain
AmbiStory,labelled,pros_cons,AmbiStory-test-115,1,2,0.0,2.5600000000000005,not uncertain
AmbiStory,labelled,pros_cons,AmbiStory-test-116,5,3,0.0,2.64,not uncertain
AmbiStory,labelled,pros_cons,AmbiStory-test-117,5,3,0.0,3.2,not uncertain
AmbiStory,labelled,pros_cons,AmbiStory-test-118,5,5,0.0,0.1599999999999999,not uncertain
AmbiStory,labelled,pros_cons,AmbiStory-test-119,1,1,0.0,0.24,not uncertain
AmbiStory,labelled,pros_cons,AmbiStory-test-120,5,4,0.0,0.4,not uncertain
AmbiStory,labelled,pros_cons,AmbiStory-test-121,1,4,0.4475,0.5599999999999999,not uncertain
AmbiStory,labelled,pros_cons,AmbiStory-test-122,5,4,0.0,0.64,not uncertain
AmbiStory,labelled,pros_cons,AmbiStory-test-123,1,3,0.2475,0.5599999999999999,not uncertain
AmbiStory,labelled,pros_cons,AmbiStory-test-124,5,3,0.0,1.8400000000000003,not uncertain
AmbiStory,labelled,pros_cons,AmbiStory-test-125,4,3,0.91,1.8400000000000003,not uncertain
AmbiStory,labelled,pros_cons,AmbiStory-test-126,4,3,0.8275,0.888888888888889,not uncertain
AmbiStory,labelled,pros_cons,AmbiStory-test-127,2,3,0.39,1.36,not uncertain
AmbiStory,labelled,pros_cons,AmbiStory-test-128,1,2,0.2274999999999999,0.64,not uncertain
AmbiStory,labelled,pros_cons,AmbiStory-test-129,4,3,0.3275,2.56,not uncertain
AmbiStory,labelled,pros_cons,AmbiStory-test-130,1,1,0.0,0.24,not uncertain
AmbiStory,labelled,pros_cons,AmbiStory-test-131,2,3,0.44,2.16,not uncertain
AmbiStory,labelled,pros_cons,AmbiStory-test-132,5,5,0.0,0.0,not uncertain
AmbiStory,labelled,pros_cons,AmbiStory-test-133,1,1,0.0,0.24,not uncertain
AmbiStory,labelled,pros_cons,AmbiStory-test-134,5,3,0.7875,1.84,not uncertain
AmbiStory,labelled,pros_cons,AmbiStory-test-135,5,4,3.64,0.8,not uncertain
AmbiStory,labelled,pros_cons,AmbiStory-test-136,5,3,0.0,2.64,not uncertain
AmbiStory,labelled,pros_cons,AmbiStory-test-137,5,3,0.76,2.0,not uncertain
AmbiStory,labelled,pros_cons,AmbiStory-test-138,5,5,0.0,0.24,not uncertain
AmbiStory,labelled,pros_cons,AmbiStory-test-139,5,5,0.0,0.0,not uncertain
AmbiStory,labelled,pros_cons,AmbiStory-test-140,5,5,0.0,0.0,not uncertain
AmbiStory,labelled,pros_cons,AmbiStory-test-141,5,5,0.0,0.0,not uncertain
AmbiStory,labelled,pros_cons,AmbiStory-test-142,5,4,0.0,1.36,not uncertain
AmbiStory,labelled,pros_cons,AmbiStory-test-143,5,5,0.0,0.0,not uncertain
AmbiStory,labelled,pros_cons,AmbiStory-test-144,1,1,0.26,0.24,not uncertain
AmbiStory,labelled,pros_cons,AmbiStory-test-145,5,5,0.0,0.1599999999999999,not uncertain
AmbiStory,labelled,pros_cons,AmbiStory-test-146,1,2,1.26,2.24,not uncertain
AmbiStory,labelled,pros_cons,AmbiStory-test-147,5,5,0.0475,0.1599999999999999,highly uncertain
AmbiStory,labelled,pros_cons,AmbiStory-test-148,1,2,0.0,0.5599999999999999,not uncertain
AmbiStory,labelled,pros_cons,AmbiStory-test-149,5,4,0.0,1.44,not uncertain
AmbiStory,labelled,pros_cons,AmbiStory-test-150,5,3,0.0,2.8,not uncertain
AmbiStory,labelled,pros_cons,AmbiStory-test-151,1,3,0.0475,2.8,not uncertain
AmbiStory,labelled,pros_cons,AmbiStory-test-152,5,1,0.0475,0.6400000000000002,not uncertain
AmbiStory,labelled,pros_cons,AmbiStory-test-153,1,4,2.9275,1.84,not uncertain
AmbiStory,labelled,pros_cons,AmbiStory-test-154,5,4,0.0475,1.4400000000000002,not uncertain
AmbiStory,labelled,pros_cons,AmbiStory-test-155,1,3,0.26,1.8400000000000003,not uncertain
AmbiStory,labelled,pros_cons,AmbiStory-test-156,5,5,0.0475,0.0,not uncertain
AmbiStory,labelled,pros_cons,AmbiStory-test-157,1,1,0.0,0.16,not uncertain
AmbiStory,labelled,pros_cons,AmbiStory-test-158,5,3,1.9875,1.36,not uncertain
AmbiStory,labelled,pros_cons,AmbiStory-test-159,5,3,0.0,0.96,not uncertain
AmbiStory,labelled,pros_cons,AmbiStory-test-160,5,5,0.0,0.0,not uncertain
AmbiStory,labelled,pros_cons,AmbiStory-test-161,1,2,0.0,0.9600000000000002,not uncertain
AmbiStory,labelled,pros_cons,AmbiStory-test-162,5,2,0.0,0.64,not uncertain
AmbiStory,labelled,pros_cons,AmbiStory-test-163,1,4,1.6275,0.5599999999999999,not uncertain
AmbiStory,labelled,pros_cons,AmbiStory-test-164,5,2,0.09,0.64,not uncertain
AmbiStory,labelled,pros_cons,AmbiStory-test-165,5,3,3.1275000000000004,1.84,not uncertain
AmbiStory,labelled,pros_cons,AmbiStory-test-166,5,2,0.0475,0.24,highly uncertain
AmbiStory,labelled,pros_cons,AmbiStory-test-167,5,4,1.9875,0.6399999999999999,somewhat uncertain
AmbiStory,labelled,pros_cons,AmbiStory-test-168,5,5,0.09,0.1599999999999999,not uncertain
AmbiStory,labelled,pros_cons,AmbiStory-test-169,1,1,0.0,0.0,not uncertain
AmbiStory,labelled,pros_cons,AmbiStory-test-170,5,5,0.0,0.0,not uncertain
AmbiStory,labelled,pros_cons,AmbiStory-test-171,1,1,0.0,0.0,not uncertain
AmbiStory,labelled,pros_cons,AmbiStory-test-172,5,5,0.09,0.24,not uncertain
AmbiStory,labelled,pros_cons,AmbiStory-test-173,1,1,0.0,0.0,not uncertain
AmbiStory,labelled,pros_cons,AmbiStory-test-174,5,5,0.1599999999999999,0.6399999999999999,highly uncertain
AmbiStory,labelled,pros_cons,AmbiStory-test-175,4,2,0.2,0.8,not uncertain
AmbiStory,labelled,pros_cons,AmbiStory-test-176,1,1,0.0,0.24,not uncertain
AmbiStory,labelled,pros_cons,AmbiStory-test-177,4,4,0.2475,2.1600000000000006,not uncertain
AmbiStory,labelled,pros_cons,AmbiStory-test-178,1,2,3.21,1.04,not uncertain
AmbiStory,labelled,pros_cons,AmbiStory-test-179,4,4,1.09,0.5599999999999999,highly uncertain
AmbiStory,labelled,pros_cons,AmbiStory-test-180,5,4,0.0,0.6399999999999999,not uncertain
AmbiStory,labelled,pros_cons,AmbiStory-test-181,4,3,1.4475,0.64,somewhat uncertain
AmbiStory,labelled,pros_cons,AmbiStory-test-182,1,2,0.0,0.64,not uncertain
AmbiStory,labelled,pros_cons,AmbiStory-test-183,5,3,0.1875,1.84,not uncertain
AmbiStory,labelled,pros_cons,AmbiStory-test-184,4,3,0.34,0.0,not uncertain
AmbiStory,labelled,pros_cons,AmbiStory-test-185,4,3,0.1875,1.2,not uncertain
AmbiStory,labelled,pros_cons,AmbiStory-test-186,1,3,3.4,1.84,not uncertain
AmbiStory,labelled,pros_cons,AmbiStory-test-187,1,2,0.0475,0.56,not uncertain
AmbiStory,labelled,pros_cons,AmbiStory-test-188,1,1,0.09,0.16,not uncertain
AmbiStory,labelled,pros_cons,AmbiStory-test-189,5,4,0.0,0.64,not uncertain
AmbiStory,labelled,pros_cons,AmbiStory-test-190,1,2,2.5275,0.56,not uncertain
AmbiStory,labelled,pros_cons,AmbiStory-test-191,2,3,0.74,1.04,not uncertain
AmbiStory,labelled,pros_cons,AmbiStory-test-192,5,5,0.0475,0.1599999999999999,not uncertain
AmbiStory,labelled,pros_cons,AmbiStory-test-193,2,1,0.1275,0.16,not uncertain
AmbiStory,labelled,pros_cons,AmbiStory-test-194,5,3,0.0475,0.64,not uncertain
AmbiStory,labelled,pros_cons,AmbiStory-test-195,4,3,0.9475,1.84,not uncertain
AmbiStory,labelled,pros_cons,AmbiStory-test-196,4,4,0.09,0.5599999999999999,not uncertain
AmbiStory,labelled,pros_cons,AmbiStory-test-197,2,2,0.2475,0.64,not uncertain
AmbiStory,labelled,pros_cons,AmbiStory-test-198,5,5,0.0475,0.24,not uncertain
AmbiStory,labelled,pros_cons,AmbiStory-test-199,5,1,0.24,0.64,not uncertain
AmbiStory,labelled,pros_cons,AmbiStory-test-200,5,4,0.1275,0.4,not uncertain
AmbiStory,labelled,pros_cons,AmbiStory-test-201,2,2,1.3,1.2,not uncertain
AmbiStory,labelled,pros_cons,AmbiStory-test-202,4,5,0.1875,0.1599999999999999,not uncertain
AmbiStory,labelled,pros_cons,AmbiStory-test-203,3,2,0.74,0.64,not uncertain
AmbiStory,labelled,pros_cons,AmbiStory-test-204,5,5,0.2274999999999999,0.24,not uncertain
AmbiStory,labelled,pros_cons,AmbiStory-test-205,1,2,0.0475,0.16,not uncertain
AmbiStory,labelled,pros_cons,AmbiStory-test-206,4,4,2.7475,0.24,not uncertain
AmbiStory,labelled,pros_cons,AmbiStory-test-207,4,3,1.5475,1.6,not uncertain
AmbiStory,labelled,pros_cons,AmbiStory-test-208,5,4,1.16,0.8,not uncertain
AmbiStory,labelled,pros_cons,AmbiStory-test-209,5,2,2.4475,0.24,not uncertain
AmbiStory,labelled,pros_cons,AmbiStory-test-210,1,3,1.01,0.5599999999999999,not uncertain
AmbiStory,labelled,pros_cons,AmbiStory-test-211,5,2,0.2274999999999999,0.56,highly uncertain
AmbiStory,labelled,pros_cons,AmbiStory-test-212,1,3,2.0275,0.4,not uncertain
AmbiStory,labelled,pros_cons,AmbiStory-test-213,4,3,0.31,3.3600000000000003,not uncertain
AmbiStory,labelled,pros_cons,AmbiStory-test-214,1,3,0.0475,1.04,not uncertain
AmbiStory,labelled,pros_cons,AmbiStory-test-215,5,2,0.24,2.24,not uncertain
AmbiStory,labelled,pros_cons,AmbiStory-test-216,5,4,0.1599999999999999,0.24,not uncertain
AmbiStory,labelled,pros_cons,AmbiStory-test-217,5,1,0.0475,0.6400000000000002,not uncertain
AmbiStory,labelled,pros_cons,AmbiStory-test-218,1,3,0.1275,0.96,not uncertain
AmbiStory,labelled,pros_cons,AmbiStory-test-219,1,3,2.29,3.3599999999999994,not uncertain
AmbiStory,labelled,pros_cons,AmbiStory-test-220,3,3,0.5475,1.805555555555556,not uncertain
AmbiStory,labelled,pros_cons,AmbiStory-test-221,5,3,0.0,1.36,not uncertain
AmbiStory,labelled,pros_cons,AmbiStory-test-222,5,5,0.0,0.24,not uncertain
AmbiStory,labelled,pros_cons,AmbiStory-test-223,3,3,1.34,2.64,somewhat uncertain
AmbiStory,labelled,pros_cons,AmbiStory-test-224,2,3,0.2475,1.36,not uncertain
AmbiStory,labelled,pros_cons,AmbiStory-test-225,5,4,0.0,0.6399999999999999,not uncertain
AmbiStory,labelled,pros_cons,AmbiStory-test-226,3,3,0.5275000000000001,1.2,not uncertain
AmbiStory,labelled,pros_cons,AmbiStory-test-227,5,3,0.0,0.5599999999999999,not uncertain
AmbiStory,labelled,pros_cons,AmbiStory-test-228,4,2,0.31,1.4400000000000002,highly uncertain
AmbiStory,labelled,pros_cons,AmbiStory-test-229,4,3,0.2475,1.04,highly uncertain
AmbiStory,labelled,pros_cons,AmbiStory-test-230,4,2,0.2875,0.24,not uncertain
AmbiStory,labelled,pros_cons,AmbiStory-test-231,5,4,0.1275,1.0400000000000005,not uncertain
AmbiStory,labelled,pros_cons,AmbiStory-test-232,1,2,1.49,0.5599999999999999,not uncertain
AmbiStory,labelled,pros_cons,AmbiStory-test-233,4,4,0.3475,1.36,not uncertain
AmbiStory,labelled,pros_cons,AmbiStory-test-234,5,5,0.0,0.0,not uncertain
AmbiStory,labelled,pros_cons,AmbiStory-test-235,4,4,0.25,1.36,not uncertain
AmbiStory,labelled,pros_cons,AmbiStory-test-236,3,3,1.7475,1.8400000000000003,not uncertain
AmbiStory,labelled,pros_cons,AmbiStory-test-237,5,4,0.0,0.24,not uncertain
AmbiStory,labelled,pros_cons,AmbiStory-test-238,5,4,0.0,0.96,not uncertain
AmbiStory,labelled,pros_cons,AmbiStory-test-239,5,4,0.2475,0.24,not uncertain
AmbiStory,labelled,pros_cons,AmbiStory-test-240,1,2,1.2475,0.56,not uncertain
AmbiStory,labelled,pros_cons,AmbiStory-test-241,5,5,0.0,0.1599999999999999,highly uncertain
AmbiStory,labelled,pros_cons,AmbiStory-test-242,1,1,0.0,0.24,not uncertain
AmbiStory,labelled,pros_cons,AmbiStory-test-243,5,5,0.0,0.1599999999999999,not uncertain
AmbiStory,labelled,pros_cons,AmbiStory-test-244,1,2,0.16,2.24,not uncertain
AmbiStory,labelled,pros_cons,AmbiStory-test-245,5,4,0.0,0.6399999999999999,not uncertain
AmbiStory,labelled,pros_cons,AmbiStory-test-246,5,5,0.0,0.1599999999999999,not uncertain
AmbiStory,labelled,pros_cons,AmbiStory-test-247,1,1,0.0,0.64,not uncertain
AmbiStory,labelled,pros_cons,AmbiStory-test-248,1,5,0.36,0.1599999999999999,not uncertain
AmbiStory,labelled,pros_cons,AmbiStory-test-249,1,2,0.0,0.64,not uncertain
AmbiStory,labelled,pros_cons,AmbiStory-test-250,5,5,0.0,0.24,not uncertain
AmbiStory,labelled,pros_cons,AmbiStory-test-251,1,1,0.0,0.16,not uncertain
AmbiStory,labelled,pros_cons,AmbiStory-test-252,5,4,0.0,0.6399999999999999,not uncertain
AmbiStory,labelled,pros_cons,AmbiStory-test-253,3,3,0.5599999999999999,1.2,not uncertain
AmbiStory,labelled,pros_cons,AmbiStory-test-254,5,4,0.0,0.6399999999999999,not uncertain
AmbiStory,labelled,pros_cons,AmbiStory-test-255,1,2,0.3399999999999999,2.24,not uncertain
AmbiStory,labelled,pros_cons,AmbiStory-test-256,5,4,0.0,0.5599999999999999,not uncertain
AmbiStory,labelled,pros_cons,AmbiStory-test-257,5,2,0.09,1.36,not uncertain
AmbiStory,labelled,pros_cons,AmbiStory-test-258,1,3,0.21,1.44,not uncertain
AmbiStory,labelled,pros_cons,AmbiStory-test-259,5,5,0.0,0.0,highly uncertain
AmbiStory,labelled,pros_cons,AmbiStory-test-260,2,2,0.29,0.64,not uncertain
AmbiStory,labelled,pros_cons,AmbiStory-test-261,5,5,0.0,0.0,not uncertain
AmbiStory,labelled,pros_cons,AmbiStory-test-262,2,4,0.21,1.44,not uncertain
AmbiStory,labelled,pros_cons,AmbiStory-test-263,5,4,0.0,1.36,not uncertain
AmbiStory,labelled,pros_cons,AmbiStory-test-264,5,3,0.0475,3.2,not uncertain
AmbiStory,labelled,pros_cons,AmbiStory-test-265,5,3,0.0,2.56,not uncertain
AmbiStory,labelled,pros_cons,AmbiStory-test-266,5,1,0.0,0.16,highly uncertain
AmbiStory,labelled,pros_cons,AmbiStory-test-267,5,4,0.0,1.6,not uncertain
AmbiStory,labelled,pros_cons,AmbiStory-test-268,5,3,0.0,2.56,somewhat uncertain
AmbiStory,labelled,pros_cons,AmbiStory-test-269,5,4,0.0,3.04,not uncertain
AmbiStory,labelled,pros_cons,AmbiStory-test-270,5,5,0.0,0.24,not uncertain
AmbiStory,labelled,pros_cons,AmbiStory-test-271,5,2,0.21,0.64,not uncertain
AmbiStory,labelled,pros_cons,AmbiStory-test-272,3,2,2.0,0.8,not uncertain
AmbiStory,labelled,pros_cons,AmbiStory-test-273,5,4,0.0,2.4,highly uncertain
AmbiStory,labelled,pros_cons,AmbiStory-test-274,5,4,0.0,1.36,not uncertain
AmbiStory,labelled,pros_cons,AmbiStory-test-275,5,3,0.0475,1.36,highly uncertain
AmbiStory,labelled,pros_cons,AmbiStory-test-276,1,2,0.0,0.64,not uncertain
AmbiStory,labelled,pros_cons,AmbiStory-test-277,5,5,0.0,0.6399999999999999,not uncertain
AmbiStory,labelled,pros_cons,AmbiStory-test-278,1,2,0.0475,0.64,not uncertain
AmbiStory,labelled,pros_cons,AmbiStory-test-279,5,5,0.0,0.0,not uncertain
AmbiStory,labelled,pros_cons,AmbiStory-test-280,1,2,0.0,0.5599999999999999,not uncertain
AmbiStory,labelled,pros_cons,AmbiStory-test-281,5,4,0.0,0.64,highly uncertain
AmbiStory,labelled,pros_cons,AmbiStory-test-282,5,3,0.0,1.04,not uncertain
AmbiStory,labelled,pros_cons,AmbiStory-test-283,5,4,0.0,2.56,not uncertain
AmbiStory,labelled,pros_cons,AmbiStory-test-284,5,4,0.0,0.5599999999999999,not uncertain
AmbiStory,labelled,pros_cons,AmbiStory-test-285,5,4,0.0,2.4,not uncertain
AmbiStory,labelled,pros_cons,AmbiStory-test-286,5,3,0.0,0.64,highly uncertain
AmbiStory,labelled,pros_cons,AmbiStory-test-287,5,4,0.0,0.64,not uncertain
AmbiStory,labelled,pros_cons,AmbiStory-test-288,5,4,0.0475,0.96,not uncertain
AmbiStory,labelled,pros_cons,AmbiStory-test-289,5,4,0.0475,0.5599999999999999,not uncertain
AmbiStory,labelled,pros_cons,AmbiStory-test-290,5,3,0.09,2.8,not uncertain
AmbiStory,labelled,pros_cons,AmbiStory-test-291,5,4,0.09,0.8,not uncertain
AmbiStory,labelled,pros_cons,AmbiStory-test-292,5,4,0.1599999999999999,0.6399999999999999,not uncertain
AmbiStory,labelled,pros_cons,AmbiStory-test-293,5,4,0.1275,2.16,not uncertain
AmbiStory,labelled,pros_cons,AmbiStory-test-294,1,3,0.1275,1.7600000000000002,not uncertain
AmbiStory,labelled,pros_cons,AmbiStory-test-295,5,2,0.09,0.64,not uncertain
AmbiStory,labelled,pros_cons,AmbiStory-test-296,2,3,0.25,1.2,not uncertain
AmbiStory,labelled,pros_cons,AmbiStory-test-297,5,5,0.0,0.24,not uncertain
AmbiStory,labelled,pros_cons,AmbiStory-test-298,1,2,0.0475,0.56,not uncertain
AmbiStory,labelled,pros_cons,AmbiStory-test-299,5,4,0.0,1.8400000000000003,not uncertain
AmbiStory,labelled,pros_cons,AmbiStory-test-300,1,2,0.2274999999999999,1.36,not uncertain
AmbiStory,labelled,pros_cons,AmbiStory-test-301,1,1,0.09,0.16,not uncertain
AmbiStory,labelled,pros_cons,AmbiStory-test-302,4,3,1.3275,0.64,not uncertain
AmbiStory,labelled,pros_cons,AmbiStory-test-303,5,2,0.0,1.3600000000000003,not uncertain
AmbiStory,labelled,pros_cons,AmbiStory-test-304,5,4,0.1275,1.4400000000000002,not uncertain
AmbiStory,labelled,pros_cons,AmbiStory-test-305,2,2,1.09,0.56,not uncertain
AmbiStory,labelled,pros_cons,AmbiStory-test-306,4,5,0.1875,0.0,not uncertain
AmbiStory,labelled,pros_cons,AmbiStory-test-307,4,1,0.4599999999999999,0.24,not uncertain
AmbiStory,labelled,pros_cons,AmbiStory-test-308,4,4,0.54,2.56,not uncertain
AmbiStory,labelled,pros_cons,AmbiStory-test-309,4,2,1.9275,0.9600000000000002,not uncertain
AmbiStory,labelled,pros_cons,AmbiStory-test-310,4,4,0.31,0.64,not uncertain
AmbiStory,labelled,pros_cons,AmbiStory-test-311,4,3,0.0475,2.16,not uncertain
AmbiStory,labelled,pros_cons,AmbiStory-test-312,5,4,0.25,0.24,not uncertain
AmbiStory,labelled,pros_cons,AmbiStory-test-313,5,3,1.44,3.8400000000000007,not uncertain
AmbiStory,labelled,pros_cons,AmbiStory-test-314,4,4,0.2274999999999999,1.36,not uncertain
AmbiStory,labelled,pros_cons,AmbiStory-test-315,5,3,2.76,0.96,not uncertain
AmbiStory,labelled,pros_cons,AmbiStory-test-316,4,3,0.64,1.8400000000000003,highly uncertain
AmbiStory,labelled,pros_cons,AmbiStory-test-317,1,4,0.8100000000000002,1.8400000000000003,not uncertain
AmbiStory,labelled,pros_cons,AmbiStory-test-318,5,5,0.0,0.1599999999999999,not uncertain
AmbiStory,labelled,pros_cons,AmbiStory-test-319,1,1,0.0,0.16,not uncertain
AmbiStory,labelled,pros_cons,AmbiStory-test-320,5,5,0.0,0.1599999999999999,not uncertain
AmbiStory,labelled,pros_cons,AmbiStory-test-321,1,1,0.0,0.0,not uncertain
AmbiStory,labelled,pros_cons,AmbiStory-test-322,5,5,0.0,0.24,not uncertain
AmbiStory,labelled,pros_cons,AmbiStory-test-323,1,1,0.09,0.16,not uncertain
AmbiStory,labelled,pros_cons,AmbiStory-test-324,5,5,0.0,0.0,not uncertain
AmbiStory,labelled,pros_cons,AmbiStory-test-325,1,1,0.0,0.0,not uncertain
AmbiStory,labelled,pros_cons,AmbiStory-test-326,5,5,0.0,0.1599999999999999,not uncertain
AmbiStory,labelled,pros_cons,AmbiStory-test-327,1,2,0.16,0.9600000000000002,not uncertain
AmbiStory,labelled,pros_cons,AmbiStory-test-328,5,5,0.0,0.0,not uncertain
AmbiStory,labelled,pros_cons,AmbiStory-test-329,1,2,0.0,2.1388888888888897,not uncertain
AmbiStory,labelled,pros_cons,AmbiStory-test-330,4,4,2.2275,0.5599999999999999,highly uncertain
AmbiStory,labelled,pros_cons,AmbiStory-test-331,5,3,0.0,2.56,not uncertain
AmbiStory,labelled,pros_cons,AmbiStory-test-332,1,1,0.0,0.0,not uncertain
AmbiStory,labelled,pros_cons,AmbiStory-test-333,5,5,0.0,0.1599999999999999,not uncertain
AmbiStory,labelled,pros_cons,AmbiStory-test-334,1,1,0.16,0.16,not uncertain
AmbiStory,labelled,pros_cons,AmbiStory-test-335,5,4,0.0,1.2,not uncertain
AmbiStory,labelled,pros_cons,AmbiStory-test-336,5,5,0.0,0.1599999999999999,not uncertain
AmbiStory,labelled,pros_cons,AmbiStory-test-337,1,1,0.0,0.0,not uncertain
AmbiStory,labelled,pros_cons,AmbiStory-test-338,4,2,0.09,0.24,not uncertain
AmbiStory,labelled,pros_cons,AmbiStory-test-339,5,4,0.0,0.5599999999999999,not uncertain
AmbiStory,labelled,pros_cons,AmbiStory-test-340,5,5,0.0,0.24,not uncertain
AmbiStory,labelled,pros_cons,AmbiStory-test-341,1,2,0.09,0.5599999999999999,not uncertain
AmbiStory,labelled,pros_cons,AmbiStory-test-342,5,5,0.0,0.0,not uncertain
AmbiStory,labelled,pros_cons,AmbiStory-test-343,1,1,0.09,0.0,not uncertain
AmbiStory,labelled,pros_cons,AmbiStory-test-344,5,5,0.0,0.1599999999999999,not uncertain
AmbiStory,labelled,pros_cons,AmbiStory-test-345,1,3,0.54,0.64,not uncertain
AmbiStory,labelled,pros_cons,AmbiStory-test-346,5,4,0.0,2.56,not uncertain
AmbiStory,labelled,pros_cons,AmbiStory-test-347,1,2,0.09,0.25,not uncertain
AmbiStory,labelled,pros_cons,AmbiStory-test-348,5,4,0.0,2.560000000000001,not uncertain
AmbiStory,labelled,pros_cons,AmbiStory-test-349,2,2,0.19,2.560000000000001,not uncertain
AmbiStory,labelled,pros_cons,AmbiStory-test-350,1,2,0.74,2.16,not uncertain
AmbiStory,labelled,pros_cons,AmbiStory-test-351,4,2,0.1875,1.04,not uncertain
AmbiStory,labelled,pros_cons,AmbiStory-test-352,1,2,0.1275,0.56,not uncertain
AmbiStory,labelled,pros_cons,AmbiStory-test-353,1,1,1.14,0.16,not uncertain
AmbiStory,labelled,pros_cons,AmbiStory-test-354,5,5,0.0,0.0,not uncertain
AmbiStory,labelled,pros_cons,AmbiStory-test-355,1,1,0.0,0.0,not uncertain
AmbiStory,labelled,pros_cons,AmbiStory-test-356,5,5,0.0,0.0,not uncertain
AmbiStory,labelled,pros_cons,AmbiStory-test-357,1,1,0.0,0.0,not uncertain
AmbiStory,labelled,pros_cons,AmbiStory-test-358,5,5,0.0,0.0,not uncertain
AmbiStory,labelled,pros_cons,AmbiStory-test-359,1,2,0.0,0.56,not uncertain
AmbiStory,labelled,pros_cons,AmbiStory-test-360,5,5,0.0,0.1599999999999999,not uncertain
AmbiStory,labelled,pros_cons,AmbiStory-test-361,1,1,0.0,0.24,not uncertain
AmbiStory,labelled,pros_cons,AmbiStory-test-362,5,4,0.0,2.56,not uncertain
AmbiStory,labelled,pros_cons,AmbiStory-test-363,1,1,0.0,0.0,not uncertain
AmbiStory,labelled,pros_cons,AmbiStory-test-364,5,2,0.0,0.96,not uncertain
AmbiStory,labelled,pros_cons,AmbiStory-test-365,1,3,0.19,1.6,not uncertain
AmbiStory,labelled,pros_cons,AmbiStory-test-366,5,3,0.0,1.4400000000000002,not uncertain
AmbiStory,labelled,pros_cons,AmbiStory-test-367,4,2,0.1475,0.16,not uncertain
AmbiStory,labelled,pros_cons,AmbiStory-test-368,5,2,2.1275000000000004,0.5599999999999999,not uncertain
AmbiStory,labelled,pros_cons,AmbiStory-test-369,5,4,0.0,2.24,not uncertain
AmbiStory,labelled,pros_cons,AmbiStory-test-370,1,2,0.3875,0.56,somewhat uncertain
AmbiStory,labelled,pros_cons,AmbiStory-test-371,4,2,0.4875,2.24,not uncertain
AmbiStory,labelled,pros_cons,AmbiStory-test-372,5,4,0.0,0.64,not uncertain
AmbiStory,labelled,pros_cons,AmbiStory-test-373,1,2,0.0,0.56,not uncertain
AmbiStory,labelled,pros_cons,AmbiStory-test-374,5,5,0.0,0.24,not uncertain
AmbiStory,labelled,pros_cons,AmbiStory-test-375,1,1,0.0,0.0,not uncertain
AmbiStory,labelled,pros_cons,AmbiStory-test-376,5,5,0.9275,0.24,not uncertain
AmbiStory,labelled,pros_cons,AmbiStory-test-377,2,2,0.1875,0.56,not uncertain
AmbiStory,labelled,pros_cons,AmbiStory-test-378,5,4,0.0,2.56,not uncertain
AmbiStory,labelled,pros_cons,AmbiStory-test-379,1,1,0.0475,0.64,not uncertain
AmbiStory,labelled,pros_cons,AmbiStory-test-380,5,1,0.0475,0.0,not uncertain
AmbiStory,labelled,pros_cons,AmbiStory-test-381,5,5,0.0,0.24,highly uncertain
AmbiStory,labelled,pros_cons,AmbiStory-test-382,5,3,0.0,2.56,not uncertain
AmbiStory,labelled,pros_cons,AmbiStory-test-383,5,4,0.0,0.24,highly uncertain
AmbiStory,labelled,pros_cons,AmbiStory-test-384,5,5,0.0,0.0,not uncertain
AmbiStory,labelled,pros_cons,AmbiStory-test-385,1,1,0.0,0.16,not uncertain
AmbiStory,labelled,pros_cons,AmbiStory-test-386,5,3,0.0,2.16,not uncertain
AmbiStory,labelled,pros_cons,AmbiStory-test-387,1,2,0.0,1.36,not uncertain
AmbiStory,labelled,pros_cons,AmbiStory-test-388,5,4,0.0,0.96,not uncertain
AmbiStory,labelled,pros_cons,AmbiStory-test-389,1,2,0.0,1.6,not uncertain
AmbiStory,labelled,pros_cons,AmbiStory-test-390,5,5,0.0,0.1599999999999999,not uncertain
AmbiStory,labelled,pros_cons,AmbiStory-test-391,1,1,0.0,0.16,not uncertain
AmbiStory,labelled,pros_cons,AmbiStory-test-392,5,4,1.44,0.64,not uncertain
AmbiStory,labelled,pros_cons,AmbiStory-test-393,5,3,0.0,1.36,not uncertain
AmbiStory,labelled,pros_cons,AmbiStory-test-394,5,4,0.0,2.24,not uncertain
AmbiStory,labelled,pros_cons,AmbiStory-test-395,1,2,0.0,0.8,not uncertain
AmbiStory,labelled,pros_cons,AmbiStory-test-396,5,5,0.0,0.0,not uncertain
AmbiStory,labelled,pros_cons,AmbiStory-test-397,1,1,0.0,0.24,not uncertain
AmbiStory,labelled,pros_cons,AmbiStory-test-398,5,4,0.0,0.5599999999999999,not uncertain
AmbiStory,labelled,pros_cons,AmbiStory-test-399,5,3,0.0,0.1599999999999999,not uncertain
AmbiStory,labelled,pros_cons,AmbiStory-test-400,5,5,0.0,0.1599999999999999,not uncertain
AmbiStory,labelled,pros_cons,AmbiStory-test-401,5,1,0.76,0.24,not uncertain
AmbiStory,labelled,pros_cons,AmbiStory-test-402,5,4,2.0275000000000003,0.5599999999999999,not uncertain
AmbiStory,labelled,pros_cons,AmbiStory-test-403,5,2,0.0,0.4,not uncertain
AmbiStory,labelled,pros_cons,AmbiStory-test-404,4,4,1.2475,0.5599999999999999,not uncertain
AmbiStory,labelled,pros_cons,AmbiStory-test-405,5,2,0.0,0.4,not uncertain
AmbiStory,labelled,pros_cons,AmbiStory-test-406,4,4,2.6475,0.24,not uncertain
AmbiStory,labelled,pros_cons,AmbiStory-test-407,5,2,0.0,1.36,highly uncertain
AmbiStory,labelled,pros_cons,AmbiStory-test-408,5,4,0.0,1.44,not uncertain
AmbiStory,labelled,pros_cons,AmbiStory-test-409,1,1,0.0,0.0,not uncertain
AmbiStory,labelled,pros_cons,AmbiStory-test-410,5,4,0.0,1.36,not uncertain
AmbiStory,labelled,pros_cons,AmbiStory-test-411,5,2,0.0,1.04,not uncertain
AmbiStory,labelled,pros_cons,AmbiStory-test-412,5,4,0.0,0.96,not uncertain
AmbiStory,labelled,pros_cons,AmbiStory-test-413,1,1,0.0,0.64,not uncertain
AmbiStory,labelled,pros_cons,AmbiStory-test-414,5,5,0.0,0.0,not uncertain
AmbiStory,labelled,pros_cons,AmbiStory-test-415,1,1,0.0,0.24,not uncertain
AmbiStory,labelled,pros_cons,AmbiStory-test-416,5,5,0.0475,0.1599999999999999,not uncertain
AmbiStory,labelled,pros_cons,AmbiStory-test-417,1,2,0.2274999999999999,0.64,not uncertain
AmbiStory,labelled,pros_cons,AmbiStory-test-418,5,5,0.0,0.1599999999999999,not uncertain
AmbiStory,labelled,pros_cons,AmbiStory-test-419,1,2,0.0475,2.24,not uncertain
AmbiStory,labelled,pros_cons,AmbiStory-test-420,5,3,0.09,2.2222222222222228,not uncertain
AmbiStory,labelled,pros_cons,AmbiStory-test-421,1,3,0.0,1.4400000000000002,not uncertain
AmbiStory,labelled,pros_cons,AmbiStory-test-422,5,3,0.0,2.24,not uncertain
AmbiStory,labelled,pros_cons,AmbiStory-test-423,1,3,0.0,2.0,not uncertain
AmbiStory,labelled,pros_cons,AmbiStory-test-424,5,3,0.0,0.4,not uncertain
AmbiStory,labelled,pros_cons,AmbiStory-test-425,1,3,0.0,1.04,not uncertain
AmbiStory,labelled,pros_cons,AmbiStory-test-426,5,3,0.0475,0.64,not uncertain
AmbiStory,labelled,pros_cons,AmbiStory-test-427,5,3,0.25,1.36,not uncertain
AmbiStory,labelled,pros_cons,AmbiStory-test-428,5,4,0.0,0.6399999999999999,not uncertain
AmbiStory,labelled,pros_cons,AmbiStory-test-429,5,2,1.1475000000000002,0.4,not uncertain
AmbiStory,labelled,pros_cons,AmbiStory-test-430,5,4,0.0,1.6,not uncertain
AmbiStory,labelled,pros_cons,AmbiStory-test-431,5,2,0.2274999999999999,0.16,not uncertain
AmbiStory,labelled,pros_cons,AmbiStory-test-432,5,4,0.0475,1.44,not uncertain
AmbiStory,labelled,pros_cons,AmbiStory-test-433,1,1,0.0475,0.24,not uncertain
AmbiStory,labelled,pros_cons,AmbiStory-test-434,5,5,0.0,0.24,not uncertain
AmbiStory,labelled,pros_cons,AmbiStory-test-435,1,1,0.0,0.64,not uncertain
AmbiStory,labelled,pros_cons,AmbiStory-test-436,5,4,0.0,1.36,not uncertain
AmbiStory,labelled,pros_cons,AmbiStory-test-437,1,1,0.0,0.0,not uncertain
AmbiStory,labelled,pros_cons,AmbiStory-test-438,5,5,0.0,0.1599999999999999,not uncertain
AmbiStory,labelled,pros_cons,AmbiStory-test-439,1,2,2.11,2.24,not uncertain
AmbiStory,labelled,pros_cons,AmbiStory-test-440,4,3,0.1875,1.36,not uncertain
AmbiStory,labelled,pros_cons,AmbiStory-test-441,5,3,2.4475,1.84,not uncertain
AmbiStory,labelled,pros_cons,AmbiStory-test-442,4,4,0.3,0.5599999999999999,not uncertain
AmbiStory,labelled,pros_cons,AmbiStory-test-443,1,3,1.5275,2.64,not uncertain
AmbiStory,labelled,pros_cons,AmbiStory-test-444,5,4,0.0,1.36,highly uncertain
AmbiStory,labelled,pros_cons,AmbiStory-test-445,5,2,3.0475000000000003,1.36,not uncertain
AmbiStory,labelled,pros_cons,AmbiStory-test-446,5,3,0.0,1.36,highly uncertain
AmbiStory,labelled,pros_cons,AmbiStory-test-447,5,4,3.06,1.36,not uncertain
AmbiStory,labelled,pros_cons,AmbiStory-test-448,5,4,0.7875,0.24,not uncertain
AmbiStory,labelled,pros_cons,AmbiStory-test-449,5,2,3.7275,0.8,not uncertain
AmbiStory,labelled,pros_cons,AmbiStory-test-450,5,4,0.2475,0.5599999999999999,not uncertain
AmbiStory,labelled,pros_cons,AmbiStory-test-451,1,2,0.0,0.9600000000000002,not uncertain
AmbiStory,labelled,pros_cons,AmbiStory-test-452,5,2,0.25,0.24,not uncertain
AmbiStory,labelled,pros_cons,AmbiStory-test-453,5,5,0.0,0.1599999999999999,not uncertain
AmbiStory,labelled,pros_cons,AmbiStory-test-454,5,3,0.1599999999999999,2.24,not uncertain
AmbiStory,labelled,pros_cons,AmbiStory-test-455,1,3,0.0,0.64,not uncertain
AmbiStory,labelled,pros_cons,AmbiStory-test-456,4,4,0.3275,1.36,not uncertain
AmbiStory,labelled,pros_cons,AmbiStory-test-457,1,3,0.0,1.04,not uncertain
AmbiStory,labelled,pros_cons,AmbiStory-test-458,5,3,2.9400000000000004,1.36,not uncertain
AmbiStory,labelled,pros_cons,AmbiStory-test-459,5,4,0.76,0.4,not uncertain
AmbiStory,labelled,pros_cons,AmbiStory-test-460,3,3,1.41,1.7600000000000002,not uncertain
AmbiStory,labelled,pros_cons,AmbiStory-test-461,1,3,0.0475,1.5555555555555556,not uncertain
AmbiStory,labelled,pros_cons,AmbiStory-test-462,5,2,0.2475,3.04,not uncertain
AmbiStory,labelled,pros_cons,AmbiStory-test-463,5,5,0.0,0.0,not uncertain
AmbiStory,labelled,pros_cons,AmbiStory-test-464,4,2,0.21,0.8,not uncertain
AmbiStory,labelled,pros_cons,AmbiStory-test-465,5,5,0.0,0.6399999999999999,not uncertain
AmbiStory,labelled,pros_cons,AmbiStory-test-466,4,3,0.25,0.8,not uncertain
AmbiStory,labelled,pros_cons,AmbiStory-test-467,5,3,0.0475,1.84,not uncertain
AmbiStory,labelled,pros_cons,AmbiStory-test-468,5,5,0.0,0.1599999999999999,not uncertain
AmbiStory,labelled,pros_cons,AmbiStory-test-469,5,5,0.0,0.1599999999999999,not uncertain
AmbiStory,labelled,pros_cons,AmbiStory-test-470,5,5,0.0,0.6399999999999999,not uncertain
AmbiStory,labelled,pros_cons,AmbiStory-test-471,5,4,0.0,1.36,not uncertain
AmbiStory,labelled,pros_cons,AmbiStory-test-472,5,4,0.0,1.0400000000000005,not uncertain
AmbiStory,labelled,pros_cons,AmbiStory-test-473,5,4,0.0,1.44,not uncertain
AmbiStory,labelled,pros_cons,AmbiStory-test-474,5,5,0.0,0.0,not uncertain
AmbiStory,labelled,pros_cons,AmbiStory-test-475,4,3,0.9275,2.64,not uncertain
AmbiStory,labelled,pros_cons,AmbiStory-test-476,5,4,0.0,0.64,not uncertain
AmbiStory,labelled,pros_cons,AmbiStory-test-477,4,3,0.24,2.16,not uncertain
AmbiStory,labelled,pros_cons,AmbiStory-test-478,5,4,0.0,0.5599999999999999,not uncertain
AmbiStory,labelled,pros_cons,AmbiStory-test-479,4,3,0.3275,2.0,not uncertain
AmbiStory,labelled,pros_cons,AmbiStory-test-480,5,5,0.1275,0.0,not uncertain
AmbiStory,labelled,pros_cons,AmbiStory-test-481,1,2,0.0,0.64,
AmbiStory,labelled,pros_cons,AmbiStory-test-482,3,2,0.7474999999999999,2.1600000000000006,not uncertain
AmbiStory,labelled,pros_cons,AmbiStory-test-483,5,4,0.0,0.5599999999999999,not uncertain
AmbiStory,labelled,pros_cons,AmbiStory-test-484,4,4,0.21,1.36,highly uncertain
AmbiStory,labelled,pros_cons,AmbiStory-test-485,2,3,0.4474999999999999,1.84,not uncertain
AmbiStory,labelled,pros_cons,AmbiStory-test-486,1,2,0.09,0.64,not uncertain
AmbiStory,labelled,pros_cons,AmbiStory-test-487,5,4,0.0,0.8,not uncertain
AmbiStory,labelled,pros_cons,AmbiStory-test-488,1,1,0.0475,0.0,not uncertain
AmbiStory,labelled,pros_cons,AmbiStory-test-489,5,5,0.0,0.0,not uncertain
AmbiStory,labelled,pros_cons,AmbiStory-test-490,1,1,0.0,0.24,not uncertain
AmbiStory,labelled,pros_cons,AmbiStory-test-491,5,5,0.0,0.1599999999999999,not uncertain
AmbiStory,labelled,pros_cons,AmbiStory-test-492,5,5,0.0,0.0,
AmbiStory,labelled,pros_cons,AmbiStory-test-493,1,3,0.45,2.64,not uncertain
AmbiStory,labelled,pros_cons,AmbiStory-test-494,5,4,0.0,2.56,not uncertain
AmbiStory,labelled,pros_cons,AmbiStory-test-495,1,3,1.26,1.7600000000000002,not uncertain
AmbiStory,labelled,pros_cons,AmbiStory-test-496,5,4,0.0,1.36,not uncertain
AmbiStory,labelled,pros_cons,AmbiStory-test-497,1,2,0.21,0.56,not uncertain
AmbiStory,labelled,pros_cons,AmbiStory-test-498,1,4,0.4275,0.5599999999999999,not uncertain
AmbiStory,labelled,pros_cons,AmbiStory-test-499,5,2,0.0,1.2,not uncertain
AmbiStory,labelled,pros_cons,AmbiStory-test-500,1,1,0.09,0.24,not uncertain
AmbiStory,labelled,pros_cons,AmbiStory-test-501,5,4,0.0,0.96,not uncertain
AmbiStory,labelled,pros_cons,AmbiStory-test-502,1,3,0.0,1.0400000000000005,not uncertain
AmbiStory,labelled,pros_cons,AmbiStory-test-503,5,3,0.0,1.8400000000000003,highly uncertain
AmbiStory,labelled,pros_cons,AmbiStory-test-504,5,5,0.0,0.6399999999999999,not uncertain
AmbiStory,labelled,pros_cons,AmbiStory-test-505,1,1,0.0,0.0,not uncertain
AmbiStory,labelled,pros_cons,AmbiStory-test-506,3,3,0.35,1.0400000000000005,not uncertain
AmbiStory,labelled,pros_cons,AmbiStory-test-507,5,3,0.0,1.6,not uncertain
AmbiStory,labelled,pros_cons,AmbiStory-test-508,5,3,0.0,1.36,highly uncertain
AmbiStory,labelled,pros_cons,AmbiStory-test-509,5,2,1.4475,2.2222222222222223,not uncertain
AmbiStory,labelled,pros_cons,AmbiStory-test-510,5,3,0.8474999999999999,1.36,not uncertain
AmbiStory,labelled,pros_cons,AmbiStory-test-511,5,2,0.2274999999999999,0.96,not uncertain
AmbiStory,labelled,pros_cons,AmbiStory-test-512,1,2,0.8475000000000001,1.8400000000000003,not uncertain
AmbiStory,labelled,pros_cons,AmbiStory-test-513,5,4,0.0,0.6399999999999999,not uncertain
AmbiStory,labelled,pros_cons,AmbiStory-test-514,4,3,2.3400000000000003,0.64,not uncertain
AmbiStory,labelled,pros_cons,AmbiStory-test-515,5,4,0.0,0.5599999999999999,not uncertain
AmbiStory,labelled,pros_cons,AmbiStory-test-516,5,4,0.0475,1.44,not uncertain
AmbiStory,labelled,pros_cons,AmbiStory-test-517,1,2,0.41,1.36,not uncertain
AmbiStory,labelled,pros_cons,AmbiStory-test-518,1,2,0.0,2.4,not uncertain
AmbiStory,labelled,pros_cons,AmbiStory-test-519,5,5,0.0,0.0,not uncertain
AmbiStory,labelled,pros_cons,AmbiStory-test-520,1,2,0.0,0.56,not uncertain
AmbiStory,labelled,pros_cons,AmbiStory-test-521,1,3,0.75,1.84,not uncertain
AmbiStory,labelled,pros_cons,AmbiStory-test-522,2,2,0.9275,1.36,not uncertain
AmbiStory,labelled,pros_cons,AmbiStory-test-523,5,5,0.0,0.24,not uncertain
AmbiStory,labelled,pros_cons,AmbiStory-test-524,1,2,0.0,1.4400000000000002,not uncertain
AmbiStory,labelled,pros_cons,AmbiStory-test-525,5,5,0.0,0.1599999999999999,not uncertain
AmbiStory,labelled,pros_cons,AmbiStory-test-526,2,1,0.2274999999999999,0.16,not uncertain
AmbiStory,labelled,pros_cons,AmbiStory-test-527,5,4,0.0,0.64,not uncertain
AmbiStory,labelled,pros_cons,AmbiStory-test-528,4,3,0.21,0.8,not uncertain
AmbiStory,labelled,pros_cons,AmbiStory-test-529,5,4,0.8275,0.1599999999999999,not uncertain
AmbiStory,labelled,pros_cons,AmbiStory-test-530,1,1,0.21,0.24,not uncertain
AmbiStory,labelled,pros_cons,AmbiStory-test-531,5,5,0.0,0.24,highly uncertain
AmbiStory,labelled,pros_cons,AmbiStory-test-532,4,3,0.55,0.24,not uncertain
AmbiStory,labelled,pros_cons,AmbiStory-test-533,5,3,0.0,0.0,not uncertain
AmbiStory,labelled,pros_cons,AmbiStory-test-534,5,5,0.0475,0.1599999999999999,not uncertain
AmbiStory,labelled,pros_cons,AmbiStory-test-535,5,5,0.0475,0.1599999999999999,not uncertain
AmbiStory,labelled,pros_cons,AmbiStory-test-536,4,5,0.24,0.24,not uncertain
AmbiStory,labelled,pros_cons,AmbiStory-test-537,5,5,0.0,0.0,not uncertain
AmbiStory,labelled,pros_cons,AmbiStory-test-538,5,5,0.0475,0.0,not uncertain
AmbiStory,labelled,pros_cons,AmbiStory-test-539,5,5,0.0,0.0,not uncertain
AmbiStory,labelled,pros_cons,AmbiStory-test-540,1,3,1.4875,1.7600000000000002,not uncertain
AmbiStory,labelled,pros_cons,AmbiStory-test-541,5,4,0.0,2.16,not uncertain
AmbiStory,labelled,pros_cons,AmbiStory-test-542,1,3,0.0,1.84,not uncertain
AmbiStory,labelled,pros_cons,AmbiStory-test-543,5,5,0.0,0.0,not uncertain
AmbiStory,labelled,pros_cons,AmbiStory-test-544,1,4,0.4599999999999999,1.44,not uncertain
AmbiStory,labelled,pros_cons,AmbiStory-test-545,5,5,0.0,0.0,not uncertain
AmbiStory,labelled,pros_cons,AmbiStory-test-546,4,3,0.2475,1.36,highly uncertain
AmbiStory,labelled,pros_cons,AmbiStory-test-547,4,3,1.9275,0.96,not uncertain
AmbiStory,labelled,pros_cons,AmbiStory-test-548,1,2,0.0,0.64,not uncertain
AmbiStory,labelled,pros_cons,AmbiStory-test-549,5,4,0.0,0.8,not uncertain
AmbiStory,labelled,pros_cons,AmbiStory-test-550,1,2,0.09,0.56,not uncertain
AmbiStory,labelled,pros_cons,AmbiStory-test-551,5,4,0.0,0.5599999999999999,not uncertain
AmbiStory,labelled,pros_cons,AmbiStory-test-552,1,1,0.0,0.0,not uncertain
AmbiStory,labelled,pros_cons,AmbiStory-test-553,5,3,0.0,1.04,not uncertain
AmbiStory,labelled,pros_cons,AmbiStory-test-554,1,2,0.0,1.8400000000000003,not uncertain
AmbiStory,labelled,pros_cons,AmbiStory-test-555,5,3,0.0,0.96,not uncertain
AmbiStory,labelled,pros_cons,AmbiStory-test-556,1,1,0.0,0.24,not uncertain
AmbiStory,labelled,pros_cons,AmbiStory-test-557,5,4,0.0,2.24,not uncertain
AmbiStory,labelled,pros_cons,AmbiStory-test-558,5,5,0.0,0.0,not uncertain
AmbiStory,labelled,pros_cons,AmbiStory-test-559,2,2,1.0275,2.4,not uncertain
AmbiStory,labelled,pros_cons,AmbiStory-test-560,1,1,0.0,0.16,not uncertain
AmbiStory,labelled,pros_cons,AmbiStory-test-561,5,4,0.0,0.64,not uncertain
AmbiStory,labelled,pros_cons,AmbiStory-test-562,1,2,0.1275,0.5599999999999999,not uncertain
AmbiStory,labelled,pros_cons,AmbiStory-test-563,5,4,0.0,0.24,not uncertain
AmbiStory,labelled,pros_cons,AmbiStory-test-564,5,4,0.0,1.0400000000000005,not uncertain
AmbiStory,labelled,pros_cons,AmbiStory-test-565,5,4,0.7275,0.5599999999999999,not uncertain
AmbiStory,labelled,pros_cons,AmbiStory-test-566,5,3,0.0475,0.5599999999999999,not uncertain
AmbiStory,labelled,pros_cons,AmbiStory-test-567,5,4,0.0,2.16,not uncertain
AmbiStory,labelled,pros_cons,AmbiStory-test-568,4,3,0.25,1.04,not uncertain
AmbiStory,labelled,pros_cons,AmbiStory-test-569,5,4,0.0,0.96,not uncertain
AmbiStory,labelled,pros_cons,AmbiStory-test-570,5,5,0.09,0.24,not uncertain
AmbiStory,labelled,pros_cons,AmbiStory-test-571,1,1,0.6275000000000001,0.16,not uncertain
AmbiStory,labelled,pros_cons,AmbiStory-test-572,4,3,0.3875,0.64,highly uncertain
AmbiStory,labelled,pros_cons,AmbiStory-test-573,5,4,0.3475,3.04,not uncertain
AmbiStory,labelled,pros_cons,AmbiStory-test-574,5,4,0.0475,2.16,not uncertain
AmbiStory,labelled,pros_cons,AmbiStory-test-575,4,2,1.2475,0.5555555555555555,not uncertain
AmbiStory,labelled,pros_cons,AmbiStory-test-576,5,5,0.7875,0.1599999999999999,not uncertain
AmbiStory,labelled,pros_cons,AmbiStory-test-577,5,4,0.76,1.2,not uncertain
AmbiStory,labelled,pros_cons,AmbiStory-test-578,1,1,0.0,0.24,not uncertain
AmbiStory,labelled,pros_cons,AmbiStory-test-579,5,5,0.0,0.0,not uncertain
AmbiStory,labelled,pros_cons,AmbiStory-test-580,5,1,2.8275,0.24,not uncertain
AmbiStory,labelled,pros_cons,AmbiStory-test-581,5,5,0.0,0.1599999999999999,not uncertain
AmbiStory,labelled,pros_cons,AmbiStory-test-582,5,3,0.0,0.4,not uncertain
AmbiStory,labelled,pros_cons,AmbiStory-test-583,1,2,0.25,1.4400000000000002,not uncertain
AmbiStory,labelled,pros_cons,AmbiStory-test-584,4,2,0.25,0.8,not uncertain
AmbiStory,labelled,pros_cons,AmbiStory-test-585,5,3,0.1875,0.96,not uncertain
AmbiStory,labelled,pros_cons,AmbiStory-test-586,5,3,0.0,1.2,not uncertain
AmbiStory,labelled,pros_cons,AmbiStory-test-587,2,2,0.25,0.64,not uncertain
AmbiStory,labelled,pros_cons,AmbiStory-test-588,1,2,2.31,0.5599999999999999,not uncertain
AmbiStory,labelled,pros_cons,AmbiStory-test-589,5,4,0.09,1.36,not uncertain
AmbiStory,labelled,pros_cons,AmbiStory-test-590,1,4,0.16,1.84,not uncertain
AmbiStory,labelled,pros_cons,AmbiStory-test-591,5,5,0.0,0.24,not uncertain
AmbiStory,labelled,pros_cons,AmbiStory-test-592,4,3,2.46,2.56,not uncertain
AmbiStory,labelled,pros_cons,AmbiStory-test-593,5,5,0.0,0.1599999999999999,not uncertain
AmbiStory,labelled,pros_cons,AmbiStory-test-594,1,2,0.1275,0.64,not uncertain
AmbiStory,labelled,pros_cons,AmbiStory-test-595,4,4,0.24,2.4,not uncertain
AmbiStory,labelled,pros_cons,AmbiStory-test-596,1,1,0.2274999999999999,0.24,not uncertain
AmbiStory,labelled,pros_cons,AmbiStory-test-597,5,3,0.0,2.0,not uncertain
AmbiStory,labelled,pros_cons,AmbiStory-test-598,1,2,0.0,0.24,not uncertain
AmbiStory,labelled,pros_cons,AmbiStory-test-599,4,5,0.2274999999999999,0.6399999999999999,not uncertain
AmbiStory,labelled,pros_cons,AmbiStory-test-600,5,5,0.0,0.1599999999999999,not uncertain
AmbiStory,labelled,pros_cons,AmbiStory-test-601,1,2,0.0,0.56,not uncertain
AmbiStory,labelled,pros_cons,AmbiStory-test-602,5,5,0.8099999999999999,0.0,not uncertain
AmbiStory,labelled,pros_cons,AmbiStory-test-603,1,3,1.1475000000000002,2.2222222222222223,not uncertain
AmbiStory,labelled,pros_cons,AmbiStory-test-604,5,4,0.0,0.24,not uncertain
AmbiStory,labelled,pros_cons,AmbiStory-test-605,1,2,0.0,0.24,not uncertain
AmbiStory,labelled,pros_cons,AmbiStory-test-606,1,3,3.0475000000000003,2.56,not uncertain
AmbiStory,labelled,pros_cons,AmbiStory-test-607,5,3,0.0,1.8400000000000003,not uncertain
AmbiStory,labelled,pros_cons,AmbiStory-test-608,1,1,0.0,0.0,not uncertain
AmbiStory,labelled,pros_cons,AmbiStory-test-609,5,5,0.0,0.1599999999999999,not uncertain
AmbiStory,labelled,pros_cons,AmbiStory-test-610,1,1,0.0,0.24,not uncertain
AmbiStory,labelled,pros_cons,AmbiStory-test-611,5,4,0.0,1.36,highly uncertain
AmbiStory,labelled,pros_cons,AmbiStory-test-612,5,5,0.0475,0.0,not uncertain
AmbiStory,labelled,pros_cons,AmbiStory-test-613,4,2,0.5900000000000001,2.16,not uncertain
AmbiStory,labelled,pros_cons,AmbiStory-test-614,1,1,0.0,0.0,not uncertain
AmbiStory,labelled,pros_cons,AmbiStory-test-615,5,5,0.0,0.24,not uncertain
AmbiStory,labelled,pros_cons,AmbiStory-test-616,1,2,0.0,0.64,not uncertain
AmbiStory,labelled,pros_cons,AmbiStory-test-617,5,5,0.0,0.24,not uncertain
AmbiStory,labelled,pros_cons,AmbiStory-test-618,5,4,0.09,2.24,not uncertain
AmbiStory,labelled,pros_cons,AmbiStory-test-619,5,3,0.0,3.3599999999999994,highly uncertain
AmbiStory,labelled,pros_cons,AmbiStory-test-620,1,2,0.0,0.24,not uncertain
AmbiStory,labelled,pros_cons,AmbiStory-test-621,5,5,0.0,0.24,highly uncertain
AmbiStory,labelled,pros_cons,AmbiStory-test-622,1,2,0.0,1.04,not uncertain
AmbiStory,labelled,pros_cons,AmbiStory-test-623,5,5,0.0,0.0,highly uncertain
AmbiStory,labelled,pros_cons,AmbiStory-test-624,1,1,0.2274999999999999,0.64,not uncertain
AmbiStory,labelled,pros_cons,AmbiStory-test-625,5,3,0.0,2.56,not uncertain
AmbiStory,labelled,pros_cons,AmbiStory-test-626,1,2,0.0,2.24,not uncertain
AmbiStory,labelled,pros_cons,AmbiStory-test-627,5,4,0.0,0.24,not uncertain
AmbiStory,labelled,pros_cons,AmbiStory-test-628,1,3,0.09,0.64,not uncertain
AmbiStory,labelled,pros_cons,AmbiStory-test-629,5,5,0.0,0.24,not uncertain
AmbiStory,labelled,pros_cons,AmbiStory-test-630,5,5,0.0,0.0,not uncertain
AmbiStory,labelled,pros_cons,AmbiStory-test-631,1,1,0.0,0.24,not uncertain
AmbiStory,labelled,pros_cons,AmbiStory-test-632,5,5,0.0,0.0,not uncertain
AmbiStory,labelled,pros_cons,AmbiStory-test-633,1,1,0.0,0.0,not uncertain
AmbiStory,labelled,pros_cons,AmbiStory-test-634,5,5,0.4275,0.0,highly uncertain
AmbiStory,labelled,pros_cons,AmbiStory-test-635,1,2,0.0,0.24,not uncertain
AmbiStory,labelled,pros_cons,AmbiStory-test-636,5,4,0.0,0.5599999999999999,not uncertain
AmbiStory,labelled,pros_cons,AmbiStory-test-637,1,2,1.44,1.2,not uncertain
AmbiStory,labelled,pros_cons,AmbiStory-test-638,5,3,0.0,1.84,not uncertain
AmbiStory,labelled,pros_cons,AmbiStory-test-639,5,3,0.0,2.64,not uncertain
AmbiStory,labelled,pros_cons,AmbiStory-test-640,5,3,0.0,1.4400000000000002,not uncertain
AmbiStory,labelled,pros_cons,AmbiStory-test-641,5,2,0.7875,2.1600000000000006,not uncertain
AmbiStory,labelled,pros_cons,AmbiStory-test-642,5,5,0.0,0.0,not uncertain
AmbiStory,labelled,pros_cons,AmbiStory-test-643,1,2,0.0,0.64,not uncertain
AmbiStory,labelled,pros_cons,AmbiStory-test-644,5,5,0.0,0.24,not uncertain
AmbiStory,labelled,pros_cons,AmbiStory-test-645,1,1,0.0,0.6400000000000002,not uncertain
AmbiStory,labelled,pros_cons,AmbiStory-test-646,5,5,0.0,0.0,not uncertain
AmbiStory,labelled,pros_cons,AmbiStory-test-647,1,1,0.0,0.16,not uncertain
AmbiStory,labelled,pros_cons,AmbiStory-test-648,1,2,0.16,0.96,not uncertain
AmbiStory,labelled,pros_cons,AmbiStory-test-649,5,4,0.0,1.6,not uncertain
AmbiStory,labelled,pros_cons,AmbiStory-test-650,1,1,0.16,0.16,not uncertain
AmbiStory,labelled,pros_cons,AmbiStory-test-651,5,5,0.0,0.0,not uncertain
AmbiStory,labelled,pros_cons,AmbiStory-test-652,1,3,0.0,1.6,not uncertain
AmbiStory,labelled,pros_cons,AmbiStory-test-653,5,5,0.0,0.24,not uncertain
AmbiStory,labelled,pros_cons,AmbiStory-test-654,5,5,0.0,0.24,not uncertain
AmbiStory,labelled,pros_cons,AmbiStory-test-655,1,2,0.0,0.64,not uncertain
AmbiStory,labelled,pros_cons,AmbiStory-test-656,5,3,0.0,1.6,not uncertain
AmbiStory,labelled,pros_cons,AmbiStory-test-657,4,3,1.3475,2.64,not uncertain
AmbiStory,labelled,pros_cons,AmbiStory-test-658,5,4,0.0,1.36,not uncertain
AmbiStory,labelled,pros_cons,AmbiStory-test-659,1,4,0.0,0.5599999999999999,not uncertain
AmbiStory,labelled,pros_cons,AmbiStory-test-660,5,5,0.0475,0.0,not uncertain
AmbiStory,labelled,pros_cons,AmbiStory-test-661,1,2,0.31,0.56,not uncertain
AmbiStory,labelled,pros_cons,AmbiStory-test-662,5,4,0.1275,1.2,not uncertain
AmbiStory,labelled,pros_cons,AmbiStory-test-663,1,4,0.54,1.6,not uncertain
AmbiStory,labelled,pros_cons,AmbiStory-test-664,5,4,0.7875,0.8,not uncertain
AmbiStory,labelled,pros_cons,AmbiStory-test-665,1,3,0.2274999999999999,0.4,not uncertain
AmbiStory,labelled,pros_cons,AmbiStory-test-666,5,5,0.0,0.6399999999999999,not uncertain
AmbiStory,labelled,pros_cons,AmbiStory-test-667,1,2,0.0475,2.16,not uncertain
AmbiStory,labelled,pros_cons,AmbiStory-test-668,5,4,0.0,0.64,not uncertain
AmbiStory,labelled,pros_cons,AmbiStory-test-669,5,2,0.0,1.8400000000000003,not uncertain
AmbiStory,labelled,pros_cons,AmbiStory-test-670,5,5,0.0,0.1599999999999999,highly uncertain
AmbiStory,labelled,pros_cons,AmbiStory-test-671,1,1,0.2475,0.0,not uncertain
AmbiStory,labelled,pros_cons,AmbiStory-test-672,5,5,0.0,0.6399999999999999,highly uncertain
AmbiStory,labelled,pros_cons,AmbiStory-test-673,5,4,0.0,2.4,not uncertain
AmbiStory,labelled,pros_cons,AmbiStory-test-674,5,5,0.0475,0.1599999999999999,not uncertain
AmbiStory,labelled,pros_cons,AmbiStory-test-675,5,5,0.0,0.1599999999999999,not uncertain
AmbiStory,labelled,pros_cons,AmbiStory-test-676,5,5,0.0,0.1599999999999999,not uncertain
AmbiStory,labelled,pros_cons,AmbiStory-test-677,5,5,0.0,0.0,not uncertain
AmbiStory,labelled,pros_cons,AmbiStory-test-678,5,3,0.0,1.4400000000000002,not uncertain
AmbiStory,labelled,pros_cons,AmbiStory-test-679,5,3,0.1275,1.36,not uncertain
AmbiStory,labelled,pros_cons,AmbiStory-test-680,5,1,0.8400000000000001,0.2222222222222222,not uncertain
AmbiStory,labelled,pros_cons,AmbiStory-test-681,5,3,0.0,3.8400000000000007,highly uncertain
AmbiStory,labelled,pros_cons,AmbiStory-test-682,5,3,0.0,0.96,not uncertain
AmbiStory,labelled,pros_cons,AmbiStory-test-683,5,3,0.0,0.1599999999999999,not uncertain
AmbiStory,labelled,pros_cons,AmbiStory-test-684,1,2,1.25,1.2,not uncertain
AmbiStory,labelled,pros_cons,AmbiStory-test-685,5,4,0.0,0.96,not uncertain
AmbiStory,labelled,pros_cons,AmbiStory-test-686,1,4,2.5475000000000003,0.24,not uncertain
AmbiStory,labelled,pros_cons,AmbiStory-test-687,5,3,0.0,1.84,not uncertain
AmbiStory,labelled,pros_cons,AmbiStory-test-688,1,2,1.4275,1.0400000000000005,not uncertain
AmbiStory,labelled,pros_cons,AmbiStory-test-689,5,3,0.0,1.0400000000000005,not uncertain
AmbiStory,labelled,pros_cons,AmbiStory-test-690,5,3,0.0475,0.8,highly uncertain
AmbiStory,labelled,pros_cons,AmbiStory-test-691,5,4,0.1275,0.96,not uncertain
AmbiStory,labelled,pros_cons,AmbiStory-test-692,1,2,0.6475000000000001,0.64,not uncertain
AmbiStory,labelled,pros_cons,AmbiStory-test-693,5,5,0.0,0.0,not uncertain
AmbiStory,labelled,pros_cons,AmbiStory-test-694,1,3,2.39,1.36,not uncertain
AmbiStory,labelled,pros_cons,AmbiStory-test-695,5,3,0.76,2.24,not uncertain
AmbiStory,labelled,pros_cons,AmbiStory-test-696,4,1,1.6275,0.24,not uncertain
AmbiStory,labelled,pros_cons,AmbiStory-test-697,5,2,0.0,0.4,not uncertain
AmbiStory,labelled,pros_cons,AmbiStory-test-698,4,3,2.3275,1.7600000000000002,highly uncertain
AmbiStory,labelled,pros_cons,AmbiStory-test-699,5,4,0.0,1.6,not uncertain
AmbiStory,labelled,pros_cons,AmbiStory-test-700,1,3,0.6275000000000001,2.56,not uncertain
AmbiStory,labelled,pros_cons,AmbiStory-test-701,5,2,0.0,0.56,not uncertain
AmbiStory,labelled,pros_cons,AmbiStory-test-702,2,2,1.6275,0.64,not uncertain
AmbiStory,labelled,pros_cons,AmbiStory-test-703,5,2,2.2275,1.8400000000000003,not uncertain
AmbiStory,labelled,pros_cons,AmbiStory-test-704,5,4,0.21,1.36,not uncertain
AmbiStory,labelled,pros_cons,AmbiStory-test-705,5,4,0.09,0.8,not uncertain
AmbiStory,labelled,pros_cons,AmbiStory-test-706,3,3,1.0275,1.04,somewhat uncertain
AmbiStory,labelled,pros_cons,AmbiStory-test-707,5,3,0.0475,1.84,not uncertain
AmbiStory,labelled,pros_cons,AmbiStory-test-708,5,4,0.0,1.36,not uncertain
AmbiStory,labelled,pros_cons,AmbiStory-test-709,1,2,0.0,2.1600000000000006,not uncertain
AmbiStory,labelled,pros_cons,AmbiStory-test-710,5,2,1.99,0.24,highly uncertain
AmbiStory,labelled,pros_cons,AmbiStory-test-711,1,4,0.0475,1.36,not uncertain
AmbiStory,labelled,pros_cons,AmbiStory-test-712,5,3,0.0,1.2,highly uncertain
AmbiStory,labelled,pros_cons,AmbiStory-test-713,1,3,0.0,1.04,not uncertain
AmbiStory,labelled,pros_cons,AmbiStory-test-714,5,4,0.09,0.5599999999999999,not uncertain
AmbiStory,labelled,pros_cons,AmbiStory-test-715,5,3,0.0,1.84,not uncertain
AmbiStory,labelled,pros_cons,AmbiStory-test-716,1,3,1.61,2.56,not uncertain
AmbiStory,labelled,pros_cons,AmbiStory-test-717,5,3,0.7875,2.56,not uncertain
AmbiStory,labelled,pros_cons,AmbiStory-test-718,1,3,0.94,1.6,not uncertain
AmbiStory,labelled,pros_cons,AmbiStory-test-719,5,2,0.0475,0.96,not uncertain
AmbiStory,labelled,pros_cons,AmbiStory-test-720,5,4,0.2475,1.04,not uncertain
AmbiStory,labelled,pros_cons,AmbiStory-test-721,5,3,0.0,1.2,not uncertain
AmbiStory,labelled,pros_cons,AmbiStory-test-722,4,5,0.2274999999999999,0.24,highly uncertain
AmbiStory,labelled,pros_cons,AmbiStory-test-723,5,3,0.0,1.84,not uncertain
AmbiStory,labelled,pros_cons,AmbiStory-test-724,5,4,0.2475,2.16,not uncertain
AmbiStory,labelled,pros_cons,AmbiStory-test-725,5,3,0.0,1.7600000000000002,highly uncertain
AmbiStory,labelled,pros_cons,AmbiStory-test-726,5,5,0.0475,0.0,not uncertain
AmbiStory,labelled,pros_cons,AmbiStory-test-727,2,2,0.0475,2.16,not uncertain
AmbiStory,labelled,pros_cons,AmbiStory-test-728,1,2,0.1275,1.8400000000000003,not uncertain
AmbiStory,labelled,pros_cons,AmbiStory-test-729,5,4,0.0,1.0400000000000005,not uncertain
AmbiStory,labelled,pros_cons,AmbiStory-test-730,4,4,0.24,0.5599999999999999,not uncertain
AmbiStory,labelled,pros_cons,AmbiStory-test-731,4,2,0.86,0.9600000000000002,not uncertain
AmbiStory,labelled,pros_cons,AmbiStory-test-732,5,4,0.0,1.36,not uncertain
AmbiStory,labelled,pros_cons,AmbiStory-test-733,2,2,0.3475,0.96,not uncertain
AmbiStory,labelled,pros_cons,AmbiStory-test-734,5,3,1.21,2.64,not uncertain
AmbiStory,labelled,pros_cons,AmbiStory-test-735,5,4,0.1275,1.84,not uncertain
AmbiStory,labelled,pros_cons,AmbiStory-test-736,5,3,0.09,2.0,not uncertain
AmbiStory,labelled,pros_cons,AmbiStory-test-737,1,4,0.7474999999999999,0.1599999999999999,not uncertain
AmbiStory,labelled,pros_cons,AmbiStory-test-738,5,5,0.0,0.0,not uncertain
AmbiStory,labelled,pros_cons,AmbiStory-test-739,1,1,0.09,0.16,not uncertain
AmbiStory,labelled,pros_cons,AmbiStory-test-740,1,2,3.49,0.64,not uncertain
AmbiStory,labelled,pros_cons,AmbiStory-test-741,5,5,0.0,0.0,not uncertain
AmbiStory,labelled,pros_cons,AmbiStory-test-742,5,4,0.0,0.8,not uncertain
AmbiStory,labelled,pros_cons,AmbiStory-test-743,4,2,2.8275,0.4,not uncertain
AmbiStory,labelled,pros_cons,AmbiStory-test-744,5,5,0.0,0.0,not uncertain
AmbiStory,labelled,pros_cons,AmbiStory-test-745,1,1,0.0,0.16,not uncertain
AmbiStory,labelled,pros_cons,AmbiStory-test-746,5,5,0.0,0.0,not uncertain
AmbiStory,labelled,pros_cons,AmbiStory-test-747,1,1,0.0,0.0,not uncertain
AmbiStory,labelled,pros_cons,AmbiStory-test-748,5,5,0.0,0.24,not uncertain
AmbiStory,labelled,pros_cons,AmbiStory-test-749,1,1,0.0,0.16,not uncertain
AmbiStory,labelled,pros_cons,AmbiStory-test-750,1,2,0.0,0.96,not uncertain
AmbiStory,labelled,pros_cons,AmbiStory-test-751,5,4,0.0,0.96,not uncertain
AmbiStory,labelled,pros_cons,AmbiStory-test-752,1,1,0.0,0.0,not uncertain
AmbiStory,labelled,pros_cons,AmbiStory-test-753,5,5,0.0,0.0,not uncertain
AmbiStory,labelled,pros_cons,AmbiStory-test-754,1,2,0.0,1.2,not uncertain
AmbiStory,labelled,pros_cons,AmbiStory-test-755,5,4,0.0,0.6399999999999999,not uncertain
AmbiStory,labelled,pros_cons,AmbiStory-test-756,5,5,0.0,0.24,not uncertain
AmbiStory,labelled,pros_cons,AmbiStory-test-757,1,1,0.0,0.16,not uncertain
AmbiStory,labelled,pros_cons,AmbiStory-test-758,1,1,0.4475,0.24,not uncertain
AmbiStory,labelled,pros_cons,AmbiStory-test-759,5,5,0.0,0.24,not uncertain
AmbiStory,labelled,pros_cons,AmbiStory-test-760,5,2,0.1275,0.4,not uncertain
AmbiStory,labelled,pros_cons,AmbiStory-test-761,2,4,0.45,0.5599999999999999,not uncertain
AmbiStory,labelled,pros_cons,AmbiStory-test-762,5,4,0.0,1.36,not uncertain
AmbiStory,labelled,pros_cons,AmbiStory-test-763,1,1,0.0,0.24,not uncertain
AmbiStory,labelled,pros_cons,AmbiStory-test-764,5,4,0.0,1.36,not uncertain
AmbiStory,labelled,pros_cons,AmbiStory-test-765,1,1,0.0,0.16,not uncertain
AmbiStory,labelled,pros_cons,AmbiStory-test-766,5,4,0.0,0.8,not uncertain
AmbiStory,labelled,pros_cons,AmbiStory-test-767,1,1,0.0,0.24,not uncertain
AmbiStory,labelled,pros_cons,AmbiStory-test-768,5,3,0.0475,2.0,not uncertain
AmbiStory,labelled,pros_cons,AmbiStory-test-769,1,2,0.0,0.64,not uncertain
AmbiStory,labelled,pros_cons,AmbiStory-test-770,1,3,0.3875,0.64,not uncertain
AmbiStory,labelled,pros_cons,AmbiStory-test-771,5,5,0.0,0.6399999999999999,not uncertain
AmbiStory,labelled,pros_cons,AmbiStory-test-772,5,3,0.09,0.5599999999999999,not uncertain
AmbiStory,labelled,pros_cons,AmbiStory-test-773,1,4,0.91,0.64,not uncertain
AmbiStory,labelled,pros_cons,AmbiStory-test-774,4,3,1.1275,1.36,not uncertain
AmbiStory,labelled,pros_cons,AmbiStory-test-775,5,2,0.0,1.4400000000000002,not uncertain
AmbiStory,labelled,pros_cons,AmbiStory-test-776,5,2,1.36,1.2,not uncertain
AmbiStory,labelled,pros_cons,AmbiStory-test-777,1,2,0.0,1.36,not uncertain
AmbiStory,labelled,pros_cons,AmbiStory-test-778,1,3,2.46,2.8,not uncertain
AmbiStory,labelled,pros_cons,AmbiStory-test-779,1,2,0.0,0.64,not uncertain
AmbiStory,labelled,pros_cons,AmbiStory-test-780,5,5,0.0475,0.1599999999999999,not uncertain
AmbiStory,labelled,pros_cons,AmbiStory-test-781,1,1,0.09,0.16,not uncertain
AmbiStory,labelled,pros_cons,AmbiStory-test-782,1,3,0.0,0.64,not uncertain
AmbiStory,labelled,pros_cons,AmbiStory-test-783,5,5,0.2274999999999999,0.0,not uncertain
AmbiStory,labelled,pros_cons,AmbiStory-test-784,1,4,1.61,1.04,not uncertain
AmbiStory,labelled,pros_cons,AmbiStory-test-785,4,3,0.9275,0.64,not uncertain
AmbiStory,labelled,pros_cons,AmbiStory-test-786,5,4,0.1275,1.36,not uncertain
AmbiStory,labelled,pros_cons,AmbiStory-test-787,4,4,2.19,2.16,not uncertain
AmbiStory,labelled,pros_cons,AmbiStory-test-788,1,2,0.6475,2.5600000000000005,not uncertain
AmbiStory,labelled,pros_cons,AmbiStory-test-789,5,4,0.1275,0.5599999999999999,not uncertain
AmbiStory,labelled,pros_cons,AmbiStory-test-790,1,1,1.8,0.16,not uncertain
AmbiStory,labelled,pros_cons,AmbiStory-test-791,5,5,0.1275,0.1599999999999999,not uncertain
AmbiStory,labelled,pros_cons,AmbiStory-test-792,1,3,2.5275000000000003,2.56,not uncertain
AmbiStory,labelled,pros_cons,AmbiStory-test-793,4,3,0.2274999999999999,2.472222222222222,not uncertain
AmbiStory,labelled,pros_cons,AmbiStory-test-794,4,2,1.45,0.24,not uncertain
AmbiStory,labelled,pros_cons,AmbiStory-test-795,5,4,0.0475,1.0400000000000005,not uncertain
AmbiStory,labelled,pros_cons,AmbiStory-test-796,5,2,0.8099999999999999,2.24,not uncertain
AmbiStory,labelled,pros_cons,AmbiStory-test-797,5,5,0.09,0.1599999999999999,not uncertain
AmbiStory,labelled,pros_cons,AmbiStory-test-798,5,2,0.0,0.56,not uncertain
AmbiStory,labelled,pros_cons,AmbiStory-test-799,1,4,1.45,0.4,not uncertain
AmbiStory,labelled,pros_cons,AmbiStory-test-800,5,2,0.0,0.56,not uncertain
AmbiStory,labelled,pros_cons,AmbiStory-test-801,5,3,0.09,1.44,not uncertain
AmbiStory,labelled,pros_cons,AmbiStory-test-802,5,2,0.0,0.96,highly uncertain
AmbiStory,labelled,pros_cons,AmbiStory-test-803,5,3,0.09,1.0400000000000005,not uncertain
AmbiStory,labelled,pros_cons,AmbiStory-test-804,1,1,3.49,0.16,not uncertain
AmbiStory,labelled,pros_cons,AmbiStory-test-805,5,4,0.0,0.5599999999999999,not uncertain
AmbiStory,labelled,pros_cons,AmbiStory-test-806,1,2,0.76,0.24,not uncertain
AmbiStory,labelled,pros_cons,AmbiStory-test-807,5,4,0.0,1.36,not uncertain
AmbiStory,labelled,pros_cons,AmbiStory-test-808,1,2,0.0475,0.24,not uncertain
AmbiStory,labelled,pros_cons,AmbiStory-test-809,5,4,0.0,0.8,not uncertain
AmbiStory,labelled,pros_cons,AmbiStory-test-810,5,5,0.0,0.1599999999999999,not uncertain
AmbiStory,labelled,pros_cons,AmbiStory-test-811,5,2,0.0,2.5600000000000005,not uncertain
AmbiStory,labelled,pros_cons,AmbiStory-test-812,1,2,0.0,0.56,not uncertain
AmbiStory,labelled,pros_cons,AmbiStory-test-813,5,4,2.6900000000000004,1.44,not uncertain
AmbiStory,labelled,pros_cons,AmbiStory-test-814,1,1,0.0,0.24,not uncertain
AmbiStory,labelled,pros_cons,AmbiStory-test-815,5,5,2.3275,0.1599999999999999,not uncertain
AmbiStory,labelled,pros_cons,AmbiStory-test-816,5,5,0.0,0.6399999999999999,not uncertain
AmbiStory,labelled,pros_cons,AmbiStory-test-817,5,3,0.0,1.7600000000000002,not uncertain
AmbiStory,labelled,pros_cons,AmbiStory-test-818,1,3,0.0,2.16,not uncertain
AmbiStory,labelled,pros_cons,AmbiStory-test-819,5,4,0.0,1.84,not uncertain
AmbiStory,labelled,pros_cons,AmbiStory-test-820,1,3,1.7475,1.84,not uncertain
AmbiStory,labelled,pros_cons,AmbiStory-test-821,5,4,0.0,0.96,not uncertain
AmbiStory,labelled,pros_cons,AmbiStory-test-822,1,2,0.0,0.64,not uncertain
AmbiStory,labelled,pros_cons,AmbiStory-test-823,5,5,0.0,0.6399999999999999,not uncertain
AmbiStory,labelled,pros_cons,AmbiStory-test-824,1,2,0.0475,0.64,not uncertain
AmbiStory,labelled,pros_cons,AmbiStory-test-825,5,5,0.0,0.1599999999999999,not uncertain
AmbiStory,labelled,pros_cons,AmbiStory-test-826,1,2,0.21,0.24,not uncertain
AmbiStory,labelled,pros_cons,AmbiStory-test-827,5,4,0.0,2.16,not uncertain
AmbiStory,labelled,pros_cons,AmbiStory-test-828,5,4,0.0,1.6,not uncertain
AmbiStory,labelled,pros_cons,AmbiStory-test-829,5,4,0.0,2.560000000000001,not uncertain
AmbiStory,labelled,pros_cons,AmbiStory-test-830,5,4,0.1875,0.96,not uncertain
AmbiStory,labelled,pros_cons,AmbiStory-test-831,5,3,0.0,2.64,highly uncertain
AmbiStory,labelled,pros_cons,AmbiStory-test-832,4,3,2.4275,1.04,highly uncertain
AmbiStory,labelled,pros_cons,AmbiStory-test-833,5,4,0.0,0.4,not uncertain
AmbiStory,labelled,pros_cons,AmbiStory-test-834,4,2,1.36,0.4,not uncertain
AmbiStory,labelled,pros_cons,AmbiStory-test-835,4,4,0.21,1.36,not uncertain
AmbiStory,labelled,pros_cons,AmbiStory-test-836,1,3,0.21,2.16,not uncertain
AmbiStory,labelled,pros_cons,AmbiStory-test-837,5,5,0.0475,0.1599999999999999,not uncertain
AmbiStory,labelled,pros_cons,AmbiStory-test-838,5,3,0.7875,2.64,not uncertain
AmbiStory,labelled,pros_cons,AmbiStory-test-839,5,5,0.0,0.1599999999999999,not uncertain
AmbiStory,labelled,pros_cons,AmbiStory-test-840,4,3,0.71,1.44,not uncertain
AmbiStory,labelled,pros_cons,AmbiStory-test-841,5,4,0.1275,0.64,not uncertain
AmbiStory,labelled,pros_cons,AmbiStory-test-842,1,2,0.0,0.16,not uncertain
AmbiStory,labelled,pros_cons,AmbiStory-test-843,5,4,0.1275,0.64,not uncertain
AmbiStory,labelled,pros_cons,AmbiStory-test-844,1,2,0.0,0.56,not uncertain
AmbiStory,labelled,pros_cons,AmbiStory-test-845,5,3,0.1599999999999999,1.6,not uncertain
AmbiStory,labelled,pros_cons,AmbiStory-test-846,5,4,0.31,0.4,not uncertain
AmbiStory,labelled,pros_cons,AmbiStory-test-847,1,2,0.8100000000000002,0.6400000000000002,not uncertain
AmbiStory,labelled,pros_cons,AmbiStory-test-848,1,1,0.0,0.16,not uncertain
AmbiStory,labelled,pros_cons,AmbiStory-test-849,5,5,0.0475,0.24,highly uncertain
AmbiStory,labelled,pros_cons,AmbiStory-test-850,1,2,0.91,1.2,not uncertain
AmbiStory,labelled,pros_cons,AmbiStory-test-851,5,4,0.8400000000000001,0.4,highly uncertain
AmbiStory,labelled,pros_cons,AmbiStory-test-852,4,3,1.7900000000000005,1.0400000000000005,highly uncertain
AmbiStory,labelled,pros_cons,AmbiStory-test-853,1,2,2.05,0.4,not uncertain
AmbiStory,labelled,pros_cons,AmbiStory-test-854,4,2,0.5475,1.84,not uncertain
AmbiStory,labelled,pros_cons,AmbiStory-test-855,4,3,0.6475,2.56,highly uncertain
AmbiStory,labelled,pros_cons,AmbiStory-test-856,4,3,0.19,1.04,highly uncertain
AmbiStory,labelled,pros_cons,AmbiStory-test-857,5,2,0.1599999999999999,1.36,somewhat uncertain
AmbiStory,labelled,pros_cons,AmbiStory-test-858,5,4,2.5475,1.44,not uncertain
AmbiStory,labelled,pros_cons,AmbiStory-test-859,4,1,0.1875,0.64,not uncertain
AmbiStory,labelled,pros_cons,AmbiStory-test-860,1,3,1.2475,0.64,not uncertain
AmbiStory,labelled,pros_cons,AmbiStory-test-861,4,1,1.16,0.24,not uncertain
AmbiStory,labelled,pros_cons,AmbiStory-test-862,1,3,2.1475,2.8,not uncertain
AmbiStory,labelled,pros_cons,AmbiStory-test-863,5,2,1.7100000000000002,1.8400000000000003,highly uncertain
AmbiStory,labelled,pros_cons,AmbiStory-test-864,1,1,0.16,0.24,not uncertain
AmbiStory,labelled,pros_cons,AmbiStory-test-865,4,5,0.21,0.0,highly uncertain
AmbiStory,labelled,pros_cons,AmbiStory-test-866,1,1,0.1275,0.16,not uncertain
AmbiStory,labelled,pros_cons,AmbiStory-test-867,5,5,0.25,0.24,not uncertain
AmbiStory,labelled,pros_cons,AmbiStory-test-868,1,1,0.0475,0.16,not uncertain
AmbiStory,labelled,pros_cons,AmbiStory-test-869,5,5,0.1875,0.24,not uncertain
AmbiStory,labelled,pros_cons,AmbiStory-test-870,5,5,0.0,0.6399999999999999,not uncertain
AmbiStory,labelled,pros_cons,AmbiStory-test-871,1,1,0.0,0.16,not uncertain
AmbiStory,labelled,pros_cons,AmbiStory-test-872,5,3,0.0,0.1599999999999999,not uncertain
AmbiStory,labelled,pros_cons,AmbiStory-test-873,1,1,0.0,0.0,not uncertain
AmbiStory,labelled,pros_cons,AmbiStory-test-874,5,5,0.0,0.1599999999999999,not uncertain
AmbiStory,labelled,pros_cons,AmbiStory-test-875,1,1,0.0,0.0,not uncertain
AmbiStory,labelled,pros_cons,AmbiStory-test-876,2,4,0.99,0.4,not uncertain
AmbiStory,labelled,pros_cons,AmbiStory-test-877,1,2,0.16,1.8400000000000003,not uncertain
AmbiStory,labelled,pros_cons,AmbiStory-test-878,4,3,2.0275000000000003,2.16,not uncertain
AmbiStory,labelled,pros_cons,AmbiStory-test-879,2,2,0.3275,1.44,not uncertain
AmbiStory,labelled,pros_cons,AmbiStory-test-880,1,4,0.4875,0.96,not uncertain
AmbiStory,labelled,pros_cons,AmbiStory-test-881,1,2,0.0475,1.84,not uncertain
AmbiStory,labelled,pros_cons,AmbiStory-test-882,4,4,2.45,1.44,not uncertain
AmbiStory,labelled,pros_cons,AmbiStory-test-883,1,2,0.0,3.04,not uncertain
AmbiStory,labelled,pros_cons,AmbiStory-test-884,5,5,0.1275,0.1599999999999999,not uncertain
AmbiStory,labelled,pros_cons,AmbiStory-test-885,1,1,0.0,0.16,not uncertain
AmbiStory,labelled,pros_cons,AmbiStory-test-886,4,5,1.8400000000000003,0.6399999999999999,highly uncertain
AmbiStory,labelled,pros_cons,AmbiStory-test-887,1,2,1.7875,0.56,not uncertain
AmbiStory,labelled,pros_cons,AmbiStory-test-888,5,5,0.0,0.0,not uncertain
AmbiStory,labelled,pros_cons,AmbiStory-test-889,1,2,1.5275,0.64,not uncertain
AmbiStory,labelled,pros_cons,AmbiStory-test-890,4,3,0.7275,0.96,not uncertain
AmbiStory,labelled,pros_cons,AmbiStory-test-891,4,3,0.24,0.24,not uncertain
AmbiStory,labelled,pros_cons,AmbiStory-test-892,5,4,0.0475,0.8,not uncertain
AmbiStory,labelled,pros_cons,AmbiStory-test-893,1,3,1.2475,1.36,not uncertain
AmbiStory,labelled,pros_cons,AmbiStory-test-894,5,3,0.0475,0.5599999999999999,not uncertain
AmbiStory,labelled,pros_cons,AmbiStory-test-895,3,2,1.0475,0.8,not uncertain
AmbiStory,labelled,pros_cons,AmbiStory-test-896,4,2,0.51,0.56,not uncertain
AmbiStory,labelled,pros_cons,AmbiStory-test-897,3,4,1.2475,1.0400000000000005,not uncertain
AmbiStory,labelled,pros_cons,AmbiStory-test-898,5,2,0.1275,0.64,not uncertain
AmbiStory,labelled,pros_cons,AmbiStory-test-899,4,3,1.4600000000000002,0.96,not uncertain
AmbiStory,labelled,pros_cons,AmbiStory-test-900,1,2,0.1875,0.5599999999999999,not uncertain
AmbiStory,labelled,pros_cons,AmbiStory-test-901,4,5,0.2274999999999999,0.1599999999999999,not uncertain
AmbiStory,labelled,pros_cons,AmbiStory-test-902,1,2,0.0,0.56,not uncertain
AmbiStory,labelled,pros_cons,AmbiStory-test-903,5,5,0.0,0.1599999999999999,not uncertain
AmbiStory,labelled,pros_cons,AmbiStory-test-904,1,2,0.0,1.2,not uncertain
AmbiStory,labelled,pros_cons,AmbiStory-test-905,5,4,0.2274999999999999,0.0,not uncertain
AmbiStory,labelled,pros_cons,AmbiStory-test-906,5,5,0.0,0.6399999999999999,highly uncertain
AmbiStory,labelled,pros_cons,AmbiStory-test-907,2,1,0.39,0.16,not uncertain
AmbiStory,labelled,pros_cons,AmbiStory-test-908,5,3,0.0475,0.5599999999999999,highly uncertain
AmbiStory,labelled,pros_cons,AmbiStory-test-909,4,3,0.0475,1.6,not uncertain
AmbiStory,labelled,pros_cons,AmbiStory-test-910,5,3,0.0,0.8,highly uncertain
AmbiStory,labelled,pros_cons,AmbiStory-test-911,1,2,0.0475,0.8,not uncertain
AmbiStory,labelled,pros_cons,AmbiStory-test-912,5,3,0.0,0.96,not uncertain
AmbiStory,labelled,pros_cons,AmbiStory-test-913,5,3,0.8400000000000001,2.64,not uncertain
AmbiStory,labelled,pros_cons,AmbiStory-test-914,1,2,0.0,2.4,not uncertain
AmbiStory,labelled,pros_cons,AmbiStory-test-915,5,4,0.0,0.64,not uncertain
AmbiStory,labelled,pros_cons,AmbiStory-test-916,1,3,0.0,2.0,not uncertain
AmbiStory,labelled,pros_cons,AmbiStory-test-917,5,5,0.0,0.1599999999999999,not uncertain
AmbiStory,labelled,pros_cons,AmbiStory-test-918,5,4,0.0,1.36,not uncertain
AmbiStory,labelled,pros_cons,AmbiStory-test-919,5,2,0.0,0.4,not uncertain
AmbiStory,labelled,pros_cons,AmbiStory-test-920,5,5,0.0,0.6399999999999999,not uncertain
AmbiStory,labelled,pros_cons,AmbiStory-test-921,1,2,2.74,0.64,not uncertain
AmbiStory,labelled,pros_cons,AmbiStory-test-922,5,4,0.0,0.96,not uncertain
AmbiStory,labelled,pros_cons,AmbiStory-test-923,5,3,0.0,0.4,not uncertain
AmbiStory,labelled,pros_cons,AmbiStory-test-924,5,1,0.0,0.0,not uncertain
AmbiStory,labelled,pros_cons,AmbiStory-test-925,2,4,1.01,1.2,not uncertain
AmbiStory,labelled,pros_cons,AmbiStory-test-926,5,1,0.0,0.16,not uncertain
AmbiStory,labelled,pros_cons,AmbiStory-test-927,1,3,1.4875,2.222222222222222,not uncertain
AmbiStory,labelled,pros_cons,AmbiStory-test-928,5,2,0.0475,1.36,not uncertain
AmbiStory,labelled,pros_cons,AmbiStory-test-929,2,4,1.3,0.96,not uncertain
AmbiStory,labelled,GEPA,AmbiStory-test-0,5,4,0.0,1.6,not uncertain
AmbiStory,labelled,GEPA,AmbiStory-test-1,1,2,0.65,1.2,not uncertain
AmbiStory,labelled,GEPA,AmbiStory-test-2,5,3,0.0,0.5599999999999999,not uncertain
AmbiStory,labelled,GEPA,AmbiStory-test-3,3,3,1.91,1.44,highly uncertain
AmbiStory,labelled,GEPA,AmbiStory-test-4,5,3,0.0,1.84,not uncertain
AmbiStory,labelled,GEPA,AmbiStory-test-5,4,2,2.09,0.56,highly uncertain
AmbiStory,labelled,GEPA,AmbiStory-test-6,1,3,2.31,0.96,not uncertain
AmbiStory,labelled,GEPA,AmbiStory-test-7,1,4,0.54,1.36,not uncertain
AmbiStory,labelled,GEPA,AmbiStory-test-8,1,1,0.8474999999999999,0.24,not uncertain
AmbiStory,labelled,GEPA,AmbiStory-test-9,1,4,0.9275,2.16,not uncertain
AmbiStory,labelled,GEPA,AmbiStory-test-10,4,1,1.5,0.24,highly uncertain
AmbiStory,labelled,GEPA,AmbiStory-test-11,2,5,0.35,0.1599999999999999,not uncertain
AmbiStory,labelled,GEPA,AmbiStory-test-12,5,4,0.0,0.5599999999999999,highly uncertain
AmbiStory,labelled,GEPA,AmbiStory-test-13,1,3,0.24,2.64,highly uncertain
AmbiStory,labelled,GEPA,AmbiStory-test-14,5,1,3.24,0.24,highly uncertain
AmbiStory,labelled,GEPA,AmbiStory-test-15,5,4,0.0,2.56,not uncertain
AmbiStory,labelled,GEPA,AmbiStory-test-16,5,3,0.0,0.5599999999999999,highly uncertain
AmbiStory,labelled,GEPA,AmbiStory-test-17,1,4,0.1275,0.64,highly uncertain
AmbiStory,labelled,GEPA,AmbiStory-test-18,5,5,0.0,0.0,not uncertain
AmbiStory,labelled,GEPA,AmbiStory-test-19,5,3,0.0,2.64,not uncertain
AmbiStory,labelled,GEPA,AmbiStory-test-20,5,5,0.0,0.0,not uncertain
AmbiStory,labelled,GEPA,AmbiStory-test-21,5,3,0.1599999999999999,0.96,not uncertain
AmbiStory,labelled,GEPA,AmbiStory-test-22,5,5,0.0,0.1599999999999999,not uncertain
AmbiStory,labelled,GEPA,AmbiStory-test-23,5,4,0.0475,2.56,not uncertain
AmbiStory,labelled,GEPA,AmbiStory-test-24,5,5,0.0475,0.0,not uncertain
AmbiStory,labelled,GEPA,AmbiStory-test-25,1,2,0.0,1.2,not uncertain
AmbiStory,labelled,GEPA,AmbiStory-test-26,5,4,0.0,0.96,not uncertain
AmbiStory,labelled,GEPA,AmbiStory-test-27,1,2,0.0,0.56,highly uncertain
AmbiStory,labelled,GEPA,AmbiStory-test-28,5,4,0.0,0.6399999999999999,not uncertain
AmbiStory,labelled,GEPA,AmbiStory-test-29,1,2,0.0,0.64,not uncertain
AmbiStory,labelled,GEPA,AmbiStory-test-30,5,2,0.1275,0.8,not uncertain
AmbiStory,labelled,GEPA,AmbiStory-test-31,5,4,0.0,0.6399999999999999,not uncertain
AmbiStory,labelled,GEPA,AmbiStory-test-32,4,3,0.2274999999999999,2.24,highly uncertain
AmbiStory,labelled,GEPA,AmbiStory-test-33,5,4,0.0,0.1599999999999999,not uncertain
AmbiStory,labelled,GEPA,AmbiStory-test-34,5,3,0.0,0.96,not uncertain
AmbiStory,labelled,GEPA,AmbiStory-test-35,5,4,0.0,0.96,not uncertain
AmbiStory,labelled,GEPA,AmbiStory-test-36,4,3,0.2274999999999999,0.24,somewhat uncertain
AmbiStory,labelled,GEPA,AmbiStory-test-37,5,3,0.0,1.6,not uncertain
AmbiStory,labelled,GEPA,AmbiStory-test-38,4,2,2.1275,1.84,somewhat uncertain
AmbiStory,labelled,GEPA,AmbiStory-test-39,5,4,0.0,1.44,not uncertain
AmbiStory,labelled,GEPA,AmbiStory-test-40,4,3,1.5275,1.84,somewhat uncertain
AmbiStory,labelled,GEPA,AmbiStory-test-41,5,4,0.0,1.36,not uncertain
AmbiStory,labelled,GEPA,AmbiStory-test-42,1,2,0.09,0.1599999999999999,not uncertain
AmbiStory,labelled,GEPA,AmbiStory-test-43,5,4,0.1875,0.4,not uncertain
AmbiStory,labelled,GEPA,AmbiStory-test-44,1,3,0.09,2.24,not uncertain
AmbiStory,labelled,GEPA,AmbiStory-test-45,5,4,0.0,1.0400000000000005,not uncertain
AmbiStory,labelled,GEPA,AmbiStory-test-46,1,3,0.0475,0.96,not uncertain
AmbiStory,labelled,GEPA,AmbiStory-test-47,5,4,0.09,0.8,not uncertain
AmbiStory,labelled,GEPA,AmbiStory-test-48,5,4,0.0,2.1600000000000006,not uncertain
AmbiStory,labelled,GEPA,AmbiStory-test-49,4,2,0.5599999999999999,2.24,highly uncertain
AmbiStory,labelled,GEPA,AmbiStory-test-50,3,2,1.2275,0.24,somewhat uncertain
AmbiStory,labelled,GEPA,AmbiStory-test-51,5,4,0.0,1.36,not uncertain
AmbiStory,labelled,GEPA,AmbiStory-test-52,3,2,0.71,2.16,somewhat uncertain
AmbiStory,labelled,GEPA,AmbiStory-test-53,5,5,0.25,0.24,somewhat uncertain
AmbiStory,labelled,GEPA,AmbiStory-test-54,5,3,0.24,1.04,not uncertain
AmbiStory,labelled,GEPA,AmbiStory-test-55,4,3,0.1875,0.96,somewhat uncertain
AmbiStory,labelled,GEPA,AmbiStory-test-56,4,2,0.24,0.64,somewhat uncertain
AmbiStory,labelled,GEPA,AmbiStory-test-57,5,5,0.0,0.0,not uncertain
AmbiStory,labelled,GEPA,AmbiStory-test-58,5,2,0.1599999999999999,1.36,highly uncertain
AmbiStory,labelled,GEPA,AmbiStory-test-59,5,5,0.0,0.24,not uncertain
AmbiStory,labelled,GEPA,AmbiStory-test-60,5,5,0.0,0.0,not uncertain
AmbiStory,labelled,GEPA,AmbiStory-test-61,1,1,0.0,0.0,not uncertain
AmbiStory,labelled,GEPA,AmbiStory-test-62,1,1,2.6275000000000004,0.0,highly uncertain
AmbiStory,labelled,GEPA,AmbiStory-test-63,4,3,0.09,3.8400000000000007,somewhat uncertain
AmbiStory,labelled,GEPA,AmbiStory-test-64,5,4,0.0,2.56,not uncertain
AmbiStory,labelled,GEPA,AmbiStory-test-65,1,2,0.16,1.36,not uncertain
AmbiStory,labelled,GEPA,AmbiStory-test-66,4,3,2.0275,2.16,somewhat uncertain
AmbiStory,labelled,GEPA,AmbiStory-test-67,1,2,0.09,0.56,not uncertain
AmbiStory,labelled,GEPA,AmbiStory-test-68,1,1,0.0,0.16,not uncertain
AmbiStory,labelled,GEPA,AmbiStory-test-69,5,5,0.0,0.0,not uncertain
AmbiStory,labelled,GEPA,AmbiStory-test-70,1,2,0.0,1.36,not uncertain
AmbiStory,labelled,GEPA,AmbiStory-test-71,1,3,0.26,1.0400000000000005,not uncertain
AmbiStory,labelled,GEPA,AmbiStory-test-72,5,3,0.0,2.16,not uncertain
AmbiStory,labelled,GEPA,AmbiStory-test-73,1,3,0.55,2.0,not uncertain
AmbiStory,labelled,GEPA,AmbiStory-test-74,5,2,0.0,1.4400000000000002,highly uncertain
AmbiStory,labelled,GEPA,AmbiStory-test-75,5,4,0.0,1.36,not uncertain
AmbiStory,labelled,GEPA,AmbiStory-test-76,5,3,3.6475,1.4400000000000002,not uncertain
AmbiStory,labelled,GEPA,AmbiStory-test-77,5,4,0.0,0.6399999999999999,not uncertain
AmbiStory,labelled,GEPA,AmbiStory-test-78,5,4,0.0,1.6,not uncertain
AmbiStory,labelled,GEPA,AmbiStory-test-79,4,2,0.1875,0.96,somewhat uncertain
AmbiStory,labelled,GEPA,AmbiStory-test-80,5,3,3.55,0.1599999999999999,highly uncertain
AmbiStory,labelled,GEPA,AmbiStory-test-81,5,4,0.0,0.24,not uncertain
AmbiStory,labelled,GEPA,AmbiStory-test-82,1,2,1.9275,0.8,not uncertain
AmbiStory,labelled,GEPA,AmbiStory-test-83,5,4,0.09,1.2,highly uncertain
AmbiStory,labelled,GEPA,AmbiStory-test-84,1,2,0.16,0.8,not uncertain
AmbiStory,labelled,GEPA,AmbiStory-test-85,5,5,0.0475,0.6399999999999999,not uncertain
AmbiStory,labelled,GEPA,AmbiStory-test-86,5,2,3.4275,0.16,not uncertain
AmbiStory,labelled,GEPA,AmbiStory-test-87,5,4,0.0475,0.5599999999999999,not uncertain
AmbiStory,labelled,GEPA,AmbiStory-test-88,1,2,0.3399999999999999,0.4,highly uncertain
AmbiStory,labelled,GEPA,AmbiStory-test-89,5,4,0.0475,0.5599999999999999,not uncertain
AmbiStory,labelled,GEPA,AmbiStory-test-90,5,3,0.1599999999999999,1.6,not uncertain
AmbiStory,labelled,GEPA,AmbiStory-test-91,1,3,0.3399999999999999,2.16,not uncertain
AmbiStory,labelled,GEPA,AmbiStory-test-92,4,2,0.2475,0.64,somewhat uncertain
AmbiStory,labelled,GEPA,AmbiStory-test-93,1,4,0.4875,0.5599999999999999,not uncertain
AmbiStory,labelled,GEPA,AmbiStory-test-94,5,1,0.2475,0.16,somewhat uncertain
AmbiStory,labelled,GEPA,AmbiStory-test-95,4,4,1.31,0.96,somewhat uncertain
AmbiStory,labelled,GEPA,AmbiStory-test-96,5,5,0.0,0.24,not uncertain
AmbiStory,labelled,GEPA,AmbiStory-test-97,5,3,2.04,2.472222222222222,not uncertain
AmbiStory,labelled,GEPA,AmbiStory-test-98,5,4,0.0,0.5599999999999999,not uncertain
AmbiStory,labelled,GEPA,AmbiStory-test-99,5,3,3.4875,0.4,not uncertain
AmbiStory,labelled,GEPA,AmbiStory-test-100,5,3,0.0,1.36,not uncertain
AmbiStory,labelled,GEPA,AmbiStory-test-101,5,4,0.76,1.4400000000000002,not uncertain
AmbiStory,labelled,GEPA,AmbiStory-test-102,5,4,0.0,0.96,highly uncertain
AmbiStory,labelled,GEPA,AmbiStory-test-103,5,1,0.0,0.16,highly uncertain
AmbiStory,labelled,GEPA,AmbiStory-test-104,1,2,0.9475,0.24,not uncertain
AmbiStory,labelled,GEPA,AmbiStory-test-105,5,5,0.0,0.1599999999999999,not uncertain
AmbiStory,labelled,GEPA,AmbiStory-test-106,5,3,0.0475,0.5599999999999999,highly uncertain
AmbiStory,labelled,GEPA,AmbiStory-test-107,5,3,0.0,2.24,not uncertain
AmbiStory,labelled,GEPA,AmbiStory-test-108,5,5,0.0,0.1599999999999999,not uncertain
AmbiStory,labelled,GEPA,AmbiStory-test-109,1,1,0.76,0.0,not uncertain
AmbiStory,labelled,GEPA,AmbiStory-test-110,5,4,0.0,0.5599999999999999,not uncertain
AmbiStory,labelled,GEPA,AmbiStory-test-111,5,1,0.76,0.24,not uncertain
AmbiStory,labelled,GEPA,AmbiStory-test-112,5,4,0.0,1.36,not uncertain
AmbiStory,labelled,GEPA,AmbiStory-test-113,5,1,2.06,0.16,not uncertain
AmbiStory,labelled,GEPA,AmbiStory-test-114,5,5,0.0,0.0,not uncertain
AmbiStory,labelled,GEPA,AmbiStory-test-115,1,2,0.0,2.5600000000000005,not uncertain
AmbiStory,labelled,GEPA,AmbiStory-test-116,5,3,0.0,2.64,not uncertain
AmbiStory,labelled,GEPA,AmbiStory-test-117,5,3,0.0,3.2,highly uncertain
AmbiStory,labelled,GEPA,AmbiStory-test-118,5,5,0.0,0.1599999999999999,not uncertain
AmbiStory,labelled,GEPA,AmbiStory-test-119,1,1,0.0,0.24,not uncertain
AmbiStory,labelled,GEPA,AmbiStory-test-120,5,4,0.0,0.4,not uncertain
AmbiStory,labelled,GEPA,AmbiStory-test-121,1,4,0.4475,0.5599999999999999,not uncertain
AmbiStory,labelled,GEPA,AmbiStory-test-122,5,4,0.0,0.64,not uncertain
AmbiStory,labelled,GEPA,AmbiStory-test-123,1,3,0.2475,0.5599999999999999,
AmbiStory,labelled,GEPA,AmbiStory-test-124,5,3,0.0,1.8400000000000003,not uncertain
AmbiStory,labelled,GEPA,AmbiStory-test-125,4,3,0.91,1.8400000000000003,highly uncertain
AmbiStory,labelled,GEPA,AmbiStory-test-126,4,3,0.8275,0.888888888888889,somewhat uncertain
AmbiStory,labelled,GEPA,AmbiStory-test-127,2,3,0.39,1.36,highly uncertain
AmbiStory,labelled,GEPA,AmbiStory-test-128,1,2,0.2274999999999999,0.64,not uncertain
AmbiStory,labelled,GEPA,AmbiStory-test-129,4,3,0.3275,2.56,not uncertain
AmbiStory,labelled,GEPA,AmbiStory-test-130,1,1,0.0,0.24,not uncertain
AmbiStory,labelled,GEPA,AmbiStory-test-131,2,3,0.44,2.16,somewhat uncertain
AmbiStory,labelled,GEPA,AmbiStory-test-132,5,5,0.0,0.0,not uncertain
AmbiStory,labelled,GEPA,AmbiStory-test-133,1,1,0.0,0.24,not uncertain
AmbiStory,labelled,GEPA,AmbiStory-test-134,5,3,0.7875,1.84,highly uncertain
AmbiStory,labelled,GEPA,AmbiStory-test-135,5,4,3.64,0.8,not uncertain
AmbiStory,labelled,GEPA,AmbiStory-test-136,5,3,0.0,2.64,highly uncertain
AmbiStory,labelled,GEPA,AmbiStory-test-137,5,3,0.76,2.0,not uncertain
AmbiStory,labelled,GEPA,AmbiStory-test-138,5,5,0.0,0.24,not uncertain
AmbiStory,labelled,GEPA,AmbiStory-test-139,5,5,0.0,0.0,not uncertain
AmbiStory,labelled,GEPA,AmbiStory-test-140,5,5,0.0,0.0,not uncertain
AmbiStory,labelled,GEPA,AmbiStory-test-141,5,5,0.0,0.0,not uncertain
AmbiStory,labelled,GEPA,AmbiStory-test-142,5,4,0.0,1.36,not uncertain
AmbiStory,labelled,GEPA,AmbiStory-test-143,5,5,0.0,0.0,not uncertain
AmbiStory,labelled,GEPA,AmbiStory-test-144,1,1,0.26,0.24,not uncertain
AmbiStory,labelled,GEPA,AmbiStory-test-145,5,5,0.0,0.1599999999999999,not uncertain
AmbiStory,labelled,GEPA,AmbiStory-test-146,1,2,1.26,2.24,not uncertain
AmbiStory,labelled,GEPA,AmbiStory-test-147,5,5,0.0475,0.1599999999999999,not uncertain
AmbiStory,labelled,GEPA,AmbiStory-test-148,1,2,0.0,0.5599999999999999,not uncertain
AmbiStory,labelled,GEPA,AmbiStory-test-149,5,4,0.0,1.44,not uncertain
AmbiStory,labelled,GEPA,AmbiStory-test-150,5,3,0.0,2.8,not uncertain
AmbiStory,labelled,GEPA,AmbiStory-test-151,1,3,0.0475,2.8,not uncertain
AmbiStory,labelled,GEPA,AmbiStory-test-152,5,1,0.0475,0.6400000000000002,not uncertain
AmbiStory,labelled,GEPA,AmbiStory-test-153,1,4,2.9275,1.84,not uncertain
AmbiStory,labelled,GEPA,AmbiStory-test-154,5,4,0.0475,1.4400000000000002,not uncertain
AmbiStory,labelled,GEPA,AmbiStory-test-155,1,3,0.26,1.8400000000000003,not uncertain
AmbiStory,labelled,GEPA,AmbiStory-test-156,5,5,0.0475,0.0,not uncertain
AmbiStory,labelled,GEPA,AmbiStory-test-157,1,1,0.0,0.16,not uncertain
AmbiStory,labelled,GEPA,AmbiStory-test-158,5,3,1.9875,1.36,highly uncertain
AmbiStory,labelled,GEPA,AmbiStory-test-159,5,3,0.0,0.96,not uncertain
AmbiStory,labelled,GEPA,AmbiStory-test-160,5,5,0.0,0.0,not uncertain
AmbiStory,labelled,GEPA,AmbiStory-test-161,1,2,0.0,0.9600000000000002,not uncertain
AmbiStory,labelled,GEPA,AmbiStory-test-162,5,2,0.0,0.64,not uncertain
AmbiStory,labelled,GEPA,AmbiStory-test-163,1,4,1.6275,0.5599999999999999,highly uncertain
AmbiStory,labelled,GEPA,AmbiStory-test-164,5,2,0.09,0.64,not uncertain
AmbiStory,labelled,GEPA,AmbiStory-test-165,5,3,3.1275000000000004,1.84,not uncertain
AmbiStory,labelled,GEPA,AmbiStory-test-166,5,2,0.0475,0.24,not uncertain
AmbiStory,labelled,GEPA,AmbiStory-test-167,5,4,1.9875,0.6399999999999999,highly uncertain
AmbiStory,labelled,GEPA,AmbiStory-test-168,5,5,0.09,0.1599999999999999,not uncertain
AmbiStory,labelled,GEPA,AmbiStory-test-169,1,1,0.0,0.0,not uncertain
AmbiStory,labelled,GEPA,AmbiStory-test-170,5,5,0.0,0.0,not uncertain
AmbiStory,labelled,GEPA,AmbiStory-test-171,1,1,0.0,0.0,not uncertain
AmbiStory,labelled,GEPA,AmbiStory-test-172,5,5,0.09,0.24,not uncertain
AmbiStory,labelled,GEPA,AmbiStory-test-173,1,1,0.0,0.0,not uncertain
AmbiStory,labelled,GEPA,AmbiStory-test-174,5,5,0.1599999999999999,0.6399999999999999,not uncertain
AmbiStory,labelled,GEPA,AmbiStory-test-175,4,2,0.2,0.8,somewhat uncertain
AmbiStory,labelled,GEPA,AmbiStory-test-176,1,1,0.0,0.24,not uncertain
AmbiStory,labelled,GEPA,AmbiStory-test-177,4,4,0.2475,2.1600000000000006,not uncertain
AmbiStory,labelled,GEPA,AmbiStory-test-178,1,2,3.21,1.04,not uncertain
AmbiStory,labelled,GEPA,AmbiStory-test-179,4,4,1.09,0.5599999999999999,not uncertain
AmbiStory,labelled,GEPA,AmbiStory-test-180,5,4,0.0,0.6399999999999999,not uncertain
AmbiStory,labelled,GEPA,AmbiStory-test-181,4,3,1.4475,0.64,somewhat uncertain
AmbiStory,labelled,GEPA,AmbiStory-test-182,1,2,0.0,0.64,highly uncertain
AmbiStory,labelled,GEPA,AmbiStory-test-183,5,3,0.1875,1.84,not uncertain
AmbiStory,labelled,GEPA,AmbiStory-test-184,4,3,0.34,0.0,not uncertain
AmbiStory,labelled,GEPA,AmbiStory-test-185,4,3,0.1875,1.2,somewhat uncertain
AmbiStory,labelled,GEPA,AmbiStory-test-186,1,3,3.4,1.84,somewhat uncertain
AmbiStory,labelled,GEPA,AmbiStory-test-187,1,2,0.0475,0.56,not uncertain
AmbiStory,labelled,GEPA,AmbiStory-test-188,1,1,0.09,0.16,not uncertain
AmbiStory,labelled,GEPA,AmbiStory-test-189,5,4,0.0,0.64,somewhat uncertain
AmbiStory,labelled,GEPA,AmbiStory-test-190,1,2,2.5275,0.56,not uncertain
AmbiStory,labelled,GEPA,AmbiStory-test-191,2,3,0.74,1.04,somewhat uncertain
AmbiStory,labelled,GEPA,AmbiStory-test-192,5,5,0.0475,0.1599999999999999,not uncertain
AmbiStory,labelled,GEPA,AmbiStory-test-193,2,1,0.1275,0.16,not uncertain
AmbiStory,labelled,GEPA,AmbiStory-test-194,5,3,0.0475,0.64,not uncertain
AmbiStory,labelled,GEPA,AmbiStory-test-195,4,3,0.9475,1.84,highly uncertain
AmbiStory,labelled,GEPA,AmbiStory-test-196,4,4,0.09,0.5599999999999999,not uncertain
AmbiStory,labelled,GEPA,AmbiStory-test-197,2,2,0.2475,0.64,somewhat uncertain
AmbiStory,labelled,GEPA,AmbiStory-test-198,5,5,0.0475,0.24,not uncertain
AmbiStory,labelled,GEPA,AmbiStory-test-199,5,1,0.24,0.64,not uncertain
AmbiStory,labelled,GEPA,AmbiStory-test-200,5,4,0.1275,0.4,not uncertain
AmbiStory,labelled,GEPA,AmbiStory-test-201,2,2,1.3,1.2,highly uncertain
AmbiStory,labelled,GEPA,AmbiStory-test-202,4,5,0.1875,0.1599999999999999,not uncertain
AmbiStory,labelled,GEPA,AmbiStory-test-203,3,2,0.74,0.64,not uncertain
AmbiStory,labelled,GEPA,AmbiStory-test-204,5,5,0.2274999999999999,0.24,not uncertain
AmbiStory,labelled,GEPA,AmbiStory-test-205,1,2,0.0475,0.16,highly uncertain
AmbiStory,labelled,GEPA,AmbiStory-test-206,4,4,2.7475,0.24,highly uncertain
AmbiStory,labelled,GEPA,AmbiStory-test-207,4,3,1.5475,1.6,not uncertain
AmbiStory,labelled,GEPA,AmbiStory-test-208,5,4,1.16,0.8,not uncertain
AmbiStory,labelled,GEPA,AmbiStory-test-209,5,2,2.4475,0.24,not uncertain
AmbiStory,labelled,GEPA,AmbiStory-test-210,1,3,1.01,0.5599999999999999,not uncertain
AmbiStory,labelled,GEPA,AmbiStory-test-211,5,2,0.2274999999999999,0.56,somewhat uncertain
AmbiStory,labelled,GEPA,AmbiStory-test-212,1,3,2.0275,0.4,not uncertain
AmbiStory,labelled,GEPA,AmbiStory-test-213,4,3,0.31,3.3600000000000003,somewhat uncertain
AmbiStory,labelled,GEPA,AmbiStory-test-214,1,3,0.0475,1.04,not uncertain
AmbiStory,labelled,GEPA,AmbiStory-test-215,5,2,0.24,2.24,somewhat uncertain
AmbiStory,labelled,GEPA,AmbiStory-test-216,5,4,0.1599999999999999,0.24,not uncertain
AmbiStory,labelled,GEPA,AmbiStory-test-217,5,1,0.0475,0.6400000000000002,not uncertain
AmbiStory,labelled,GEPA,AmbiStory-test-218,1,3,0.1275,0.96,not uncertain
AmbiStory,labelled,GEPA,AmbiStory-test-219,1,3,2.29,3.3599999999999994,not uncertain
AmbiStory,labelled,GEPA,AmbiStory-test-220,3,3,0.5475,1.805555555555556,somewhat uncertain
AmbiStory,labelled,GEPA,AmbiStory-test-221,5,3,0.0,1.36,not uncertain
AmbiStory,labelled,GEPA,AmbiStory-test-222,5,5,0.0,0.24,not uncertain
AmbiStory,labelled,GEPA,AmbiStory-test-223,3,3,1.34,2.64,somewhat uncertain
AmbiStory,labelled,GEPA,AmbiStory-test-224,2,3,0.2475,1.36,not uncertain
AmbiStory,labelled,GEPA,AmbiStory-test-225,5,4,0.0,0.6399999999999999,highly uncertain
AmbiStory,labelled,GEPA,AmbiStory-test-226,3,3,0.5275000000000001,1.2,somewhat uncertain
AmbiStory,labelled,GEPA,AmbiStory-test-227,5,3,0.0,0.5599999999999999,somewhat uncertain
AmbiStory,labelled,GEPA,AmbiStory-test-228,4,2,0.31,1.4400000000000002,somewhat uncertain
AmbiStory,labelled,GEPA,AmbiStory-test-229,4,3,0.2475,1.04,highly uncertain
AmbiStory,labelled,GEPA,AmbiStory-test-230,4,2,0.2875,0.24,highly uncertain
AmbiStory,labelled,GEPA,AmbiStory-test-231,5,4,0.1275,1.0400000000000005,highly uncertain
AmbiStory,labelled,GEPA,AmbiStory-test-232,1,2,1.49,0.5599999999999999,not uncertain
AmbiStory,labelled,GEPA,AmbiStory-test-233,4,4,0.3475,1.36,highly uncertain
AmbiStory,labelled,GEPA,AmbiStory-test-234,5,5,0.0,0.0,not uncertain
AmbiStory,labelled,GEPA,AmbiStory-test-235,4,4,0.25,1.36,not uncertain
AmbiStory,labelled,GEPA,AmbiStory-test-236,3,3,1.7475,1.8400000000000003,highly uncertain
AmbiStory,labelled,GEPA,AmbiStory-test-237,5,4,0.0,0.24,not uncertain
AmbiStory,labelled,GEPA,AmbiStory-test-238,5,4,0.0,0.96,not uncertain
AmbiStory,labelled,GEPA,AmbiStory-test-239,5,4,0.2475,0.24,not uncertain
AmbiStory,labelled,GEPA,AmbiStory-test-240,1,2,1.2475,0.56,not uncertain
AmbiStory,labelled,GEPA,AmbiStory-test-241,5,5,0.0,0.1599999999999999,not uncertain
AmbiStory,labelled,GEPA,AmbiStory-test-242,1,1,0.0,0.24,not uncertain
AmbiStory,labelled,GEPA,AmbiStory-test-243,5,5,0.0,0.1599999999999999,not uncertain
AmbiStory,labelled,GEPA,AmbiStory-test-244,1,2,0.16,2.24,not uncertain
AmbiStory,labelled,GEPA,AmbiStory-test-245,5,4,0.0,0.6399999999999999,not uncertain
AmbiStory,labelled,GEPA,AmbiStory-test-246,5,5,0.0,0.1599999999999999,not uncertain
AmbiStory,labelled,GEPA,AmbiStory-test-247,1,1,0.0,0.64,not uncertain
AmbiStory,labelled,GEPA,AmbiStory-test-248,1,5,0.36,0.1599999999999999,not uncertain
AmbiStory,labelled,GEPA,AmbiStory-test-249,1,2,0.0,0.64,
AmbiStory,labelled,GEPA,AmbiStory-test-250,5,5,0.0,0.24,not uncertain
AmbiStory,labelled,GEPA,AmbiStory-test-251,1,1,0.0,0.16,not uncertain
AmbiStory,labelled,GEPA,AmbiStory-test-252,5,4,0.0,0.6399999999999999,not uncertain
AmbiStory,labelled,GEPA,AmbiStory-test-253,3,3,0.5599999999999999,1.2,not uncertain
AmbiStory,labelled,GEPA,AmbiStory-test-254,5,4,0.0,0.6399999999999999,not uncertain
AmbiStory,labelled,GEPA,AmbiStory-test-255,1,2,0.3399999999999999,2.24,highly uncertain
AmbiStory,labelled,GEPA,AmbiStory-test-256,5,4,0.0,0.5599999999999999,not uncertain
AmbiStory,labelled,GEPA,AmbiStory-test-257,5,2,0.09,1.36,not uncertain
AmbiStory,labelled,GEPA,AmbiStory-test-258,1,3,0.21,1.44,not uncertain
AmbiStory,labelled,GEPA,AmbiStory-test-259,5,5,0.0,0.0,not uncertain
AmbiStory,labelled,GEPA,AmbiStory-test-260,2,2,0.29,0.64,not uncertain
AmbiStory,labelled,GEPA,AmbiStory-test-261,5,5,0.0,0.0,not uncertain
AmbiStory,labelled,GEPA,AmbiStory-test-262,2,4,0.21,1.44,somewhat uncertain
AmbiStory,labelled,GEPA,AmbiStory-test-263,5,4,0.0,1.36,not uncertain
AmbiStory,labelled,GEPA,AmbiStory-test-264,5,3,0.0475,3.2,highly uncertain
AmbiStory,labelled,GEPA,AmbiStory-test-265,5,3,0.0,2.56,not uncertain
AmbiStory,labelled,GEPA,AmbiStory-test-266,5,1,0.0,0.16,highly uncertain
AmbiStory,labelled,GEPA,AmbiStory-test-267,5,4,0.0,1.6,not uncertain
AmbiStory,labelled,GEPA,AmbiStory-test-268,5,3,0.0,2.56,highly uncertain
AmbiStory,labelled,GEPA,AmbiStory-test-269,5,4,0.0,3.04,not uncertain
AmbiStory,labelled,GEPA,AmbiStory-test-270,5,5,0.0,0.24,not uncertain
AmbiStory,labelled,GEPA,AmbiStory-test-271,5,2,0.21,0.64,highly uncertain
AmbiStory,labelled,GEPA,AmbiStory-test-272,3,2,2.0,0.8,somewhat uncertain
AmbiStory,labelled,GEPA,AmbiStory-test-273,5,4,0.0,2.4,not uncertain
AmbiStory,labelled,GEPA,AmbiStory-test-274,5,4,0.0,1.36,not uncertain
AmbiStory,labelled,GEPA,AmbiStory-test-275,5,3,0.0475,1.36,highly uncertain
AmbiStory,labelled,GEPA,AmbiStory-test-276,1,2,0.0,0.64,somewhat uncertain
AmbiStory,labelled,GEPA,AmbiStory-test-277,5,5,0.0,0.6399999999999999,not uncertain
AmbiStory,labelled,GEPA,AmbiStory-test-278,1,2,0.0475,0.64,not uncertain
AmbiStory,labelled,GEPA,AmbiStory-test-279,5,5,0.0,0.0,not uncertain
AmbiStory,labelled,GEPA,AmbiStory-test-280,1,2,0.0,0.5599999999999999,not uncertain
AmbiStory,labelled,GEPA,AmbiStory-test-281,5,4,0.0,0.64,not uncertain
AmbiStory,labelled,GEPA,AmbiStory-test-282,5,3,0.0,1.04,not uncertain
AmbiStory,labelled,GEPA,AmbiStory-test-283,5,4,0.0,2.56,not uncertain
AmbiStory,labelled,GEPA,AmbiStory-test-284,5,4,0.0,0.5599999999999999,not uncertain
AmbiStory,labelled,GEPA,AmbiStory-test-285,5,4,0.0,2.4,not uncertain
AmbiStory,labelled,GEPA,AmbiStory-test-286,5,3,0.0,0.64,not uncertain
AmbiStory,labelled,GEPA,AmbiStory-test-287,5,4,0.0,0.64,not uncertain
AmbiStory,labelled,GEPA,AmbiStory-test-288,5,4,0.0475,0.96,not uncertain
AmbiStory,labelled,GEPA,AmbiStory-test-289,5,4,0.0475,0.5599999999999999,not uncertain
AmbiStory,labelled,GEPA,AmbiStory-test-290,5,3,0.09,2.8,not uncertain
AmbiStory,labelled,GEPA,AmbiStory-test-291,5,4,0.09,0.8,not uncertain
AmbiStory,labelled,GEPA,AmbiStory-test-292,5,4,0.1599999999999999,0.6399999999999999,not uncertain
AmbiStory,labelled,GEPA,AmbiStory-test-293,5,4,0.1275,2.16,not uncertain
AmbiStory,labelled,GEPA,AmbiStory-test-294,1,3,0.1275,1.7600000000000002,not uncertain
AmbiStory,labelled,GEPA,AmbiStory-test-295,5,2,0.09,0.64,not uncertain
AmbiStory,labelled,GEPA,AmbiStory-test-296,2,3,0.25,1.2,not uncertain
AmbiStory,labelled,GEPA,AmbiStory-test-297,5,5,0.0,0.24,not uncertain
AmbiStory,labelled,GEPA,AmbiStory-test-298,1,2,0.0475,0.56,not uncertain
AmbiStory,labelled,GEPA,AmbiStory-test-299,5,4,0.0,1.8400000000000003,not uncertain
AmbiStory,labelled,GEPA,AmbiStory-test-300,1,2,0.2274999999999999,1.36,not uncertain
AmbiStory,labelled,GEPA,AmbiStory-test-301,1,1,0.09,0.16,not uncertain
AmbiStory,labelled,GEPA,AmbiStory-test-302,4,3,1.3275,0.64,somewhat uncertain
AmbiStory,labelled,GEPA,AmbiStory-test-303,5,2,0.0,1.3600000000000003,not uncertain
AmbiStory,labelled,GEPA,AmbiStory-test-304,5,4,0.1275,1.4400000000000002,somewhat uncertain
AmbiStory,labelled,GEPA,AmbiStory-test-305,2,2,1.09,0.56,somewhat uncertain
AmbiStory,labelled,GEPA,AmbiStory-test-306,4,5,0.1875,0.0,somewhat uncertain
AmbiStory,labelled,GEPA,AmbiStory-test-307,4,1,0.4599999999999999,0.24,somewhat uncertain
AmbiStory,labelled,GEPA,AmbiStory-test-308,4,4,0.54,2.56,highly uncertain
AmbiStory,labelled,GEPA,AmbiStory-test-309,4,2,1.9275,0.9600000000000002,somewhat uncertain
AmbiStory,labelled,GEPA,AmbiStory-test-310,4,4,0.31,0.64,somewhat uncertain
AmbiStory,labelled,GEPA,AmbiStory-test-311,4,3,0.0475,2.16,somewhat uncertain
AmbiStory,labelled,GEPA,AmbiStory-test-312,5,4,0.25,0.24,not uncertain
AmbiStory,labelled,GEPA,AmbiStory-test-313,5,3,1.44,3.8400000000000007,not uncertain
AmbiStory,labelled,GEPA,AmbiStory-test-314,4,4,0.2274999999999999,1.36,not uncertain
AmbiStory,labelled,GEPA,AmbiStory-test-315,5,3,2.76,0.96,highly uncertain
AmbiStory,labelled,GEPA,AmbiStory-test-316,4,3,0.64,1.8400000000000003,not uncertain
AmbiStory,labelled,GEPA,AmbiStory-test-317,1,4,0.8100000000000002,1.8400000000000003,highly uncertain
AmbiStory,labelled,GEPA,AmbiStory-test-318,5,5,0.0,0.1599999999999999,not uncertain
AmbiStory,labelled,GEPA,AmbiStory-test-319,1,1,0.0,0.16,not uncertain
AmbiStory,labelled,GEPA,AmbiStory-test-320,5,5,0.0,0.1599999999999999,not uncertain
AmbiStory,labelled,GEPA,AmbiStory-test-321,1,1,0.0,0.0,not uncertain
AmbiStory,labelled,GEPA,AmbiStory-test-322,5,5,0.0,0.24,not uncertain
AmbiStory,labelled,GEPA,AmbiStory-test-323,1,1,0.09,0.16,not uncertain
AmbiStory,labelled,GEPA,AmbiStory-test-324,5,5,0.0,0.0,not uncertain
AmbiStory,labelled,GEPA,AmbiStory-test-325,1,1,0.0,0.0,not uncertain
AmbiStory,labelled,GEPA,AmbiStory-test-326,5,5,0.0,0.1599999999999999,not uncertain
AmbiStory,labelled,GEPA,AmbiStory-test-327,1,2,0.16,0.9600000000000002,not uncertain
AmbiStory,labelled,GEPA,AmbiStory-test-328,5,5,0.0,0.0,not uncertain
AmbiStory,labelled,GEPA,AmbiStory-test-329,1,2,0.0,2.1388888888888897,not uncertain
AmbiStory,labelled,GEPA,AmbiStory-test-330,4,4,2.2275,0.5599999999999999,somewhat uncertain
AmbiStory,labelled,GEPA,AmbiStory-test-331,5,3,0.0,2.56,not uncertain
AmbiStory,labelled,GEPA,AmbiStory-test-332,1,1,0.0,0.0,not uncertain
AmbiStory,labelled,GEPA,AmbiStory-test-333,5,5,0.0,0.1599999999999999,not uncertain
AmbiStory,labelled,GEPA,AmbiStory-test-334,1,1,0.16,0.16,not uncertain
AmbiStory,labelled,GEPA,AmbiStory-test-335,5,4,0.0,1.2,not uncertain
AmbiStory,labelled,GEPA,AmbiStory-test-336,5,5,0.0,0.1599999999999999,not uncertain
AmbiStory,labelled,GEPA,AmbiStory-test-337,1,1,0.0,0.0,not uncertain
AmbiStory,labelled,GEPA,AmbiStory-test-338,4,2,0.09,0.24,somewhat uncertain
AmbiStory,labelled,GEPA,AmbiStory-test-339,5,4,0.0,0.5599999999999999,not uncertain
AmbiStory,labelled,GEPA,AmbiStory-test-340,5,5,0.0,0.24,not uncertain
AmbiStory,labelled,GEPA,AmbiStory-test-341,1,2,0.09,0.5599999999999999,not uncertain
AmbiStory,labelled,GEPA,AmbiStory-test-342,5,5,0.0,0.0,not uncertain
AmbiStory,labelled,GEPA,AmbiStory-test-343,1,1,0.09,0.0,not uncertain
AmbiStory,labelled,GEPA,AmbiStory-test-344,5,5,0.0,0.1599999999999999,not uncertain
AmbiStory,labelled,GEPA,AmbiStory-test-345,1,3,0.54,0.64,not uncertain
AmbiStory,labelled,GEPA,AmbiStory-test-346,5,4,0.0,2.56,not uncertain
AmbiStory,labelled,GEPA,AmbiStory-test-347,1,2,0.09,0.25,not uncertain
AmbiStory,labelled,GEPA,AmbiStory-test-348,5,4,0.0,2.560000000000001,not uncertain
AmbiStory,labelled,GEPA,AmbiStory-test-349,2,2,0.19,2.560000000000001,not uncertain
AmbiStory,labelled,GEPA,AmbiStory-test-350,1,2,0.74,2.16,not uncertain
AmbiStory,labelled,GEPA,AmbiStory-test-351,4,2,0.1875,1.04,somewhat uncertain
AmbiStory,labelled,GEPA,AmbiStory-test-352,1,2,0.1275,0.56,not uncertain
AmbiStory,labelled,GEPA,AmbiStory-test-353,1,1,1.14,0.16,highly uncertain
AmbiStory,labelled,GEPA,AmbiStory-test-354,5,5,0.0,0.0,not uncertain
AmbiStory,labelled,GEPA,AmbiStory-test-355,1,1,0.0,0.0,not uncertain
AmbiStory,labelled,GEPA,AmbiStory-test-356,5,5,0.0,0.0,not uncertain
AmbiStory,labelled,GEPA,AmbiStory-test-357,1,1,0.0,0.0,not uncertain
AmbiStory,labelled,GEPA,AmbiStory-test-358,5,5,0.0,0.0,not uncertain
AmbiStory,labelled,GEPA,AmbiStory-test-359,1,2,0.0,0.56,not uncertain
AmbiStory,labelled,GEPA,AmbiStory-test-360,5,5,0.0,0.1599999999999999,not uncertain
AmbiStory,labelled,GEPA,AmbiStory-test-361,1,1,0.0,0.24,not uncertain
AmbiStory,labelled,GEPA,AmbiStory-test-362,5,4,0.0,2.56,not uncertain
AmbiStory,labelled,GEPA,AmbiStory-test-363,1,1,0.0,0.0,not uncertain
AmbiStory,labelled,GEPA,AmbiStory-test-364,5,2,0.0,0.96,not uncertain
AmbiStory,labelled,GEPA,AmbiStory-test-365,1,3,0.19,1.6,not uncertain
AmbiStory,labelled,GEPA,AmbiStory-test-366,5,3,0.0,1.4400000000000002,not uncertain
AmbiStory,labelled,GEPA,AmbiStory-test-367,4,2,0.1475,0.16,somewhat uncertain
AmbiStory,labelled,GEPA,AmbiStory-test-368,5,2,2.1275000000000004,0.5599999999999999,highly uncertain
AmbiStory,labelled,GEPA,AmbiStory-test-369,5,4,0.0,2.24,not uncertain
AmbiStory,labelled,GEPA,AmbiStory-test-370,1,2,0.3875,0.56,not uncertain
AmbiStory,labelled,GEPA,AmbiStory-test-371,4,2,0.4875,2.24,somewhat uncertain
AmbiStory,labelled,GEPA,AmbiStory-test-372,5,4,0.0,0.64,not uncertain
AmbiStory,labelled,GEPA,AmbiStory-test-373,1,2,0.0,0.56,highly uncertain
AmbiStory,labelled,GEPA,AmbiStory-test-374,5,5,0.0,0.24,not uncertain
AmbiStory,labelled,GEPA,AmbiStory-test-375,1,1,0.0,0.0,not uncertain
AmbiStory,labelled,GEPA,AmbiStory-test-376,5,5,0.9275,0.24,highly uncertain
AmbiStory,labelled,GEPA,AmbiStory-test-377,2,2,0.1875,0.56,highly uncertain
AmbiStory,labelled,GEPA,AmbiStory-test-378,5,4,0.0,2.56,not uncertain
AmbiStory,labelled,GEPA,AmbiStory-test-379,1,1,0.0475,0.64,not uncertain
AmbiStory,labelled,GEPA,AmbiStory-test-380,5,1,0.0475,0.0,not uncertain
AmbiStory,labelled,GEPA,AmbiStory-test-381,5,5,0.0,0.24,highly uncertain
AmbiStory,labelled,GEPA,AmbiStory-test-382,5,3,0.0,2.56,not uncertain
AmbiStory,labelled,GEPA,AmbiStory-test-383,5,4,0.0,0.24,highly uncertain
AmbiStory,labelled,GEPA,AmbiStory-test-384,5,5,0.0,0.0,not uncertain
AmbiStory,labelled,GEPA,AmbiStory-test-385,1,1,0.0,0.16,not uncertain
AmbiStory,labelled,GEPA,AmbiStory-test-386,5,3,0.0,2.16,not uncertain
AmbiStory,labelled,GEPA,AmbiStory-test-387,1,2,0.0,1.36,not uncertain
AmbiStory,labelled,GEPA,AmbiStory-test-388,5,4,0.0,0.96,not uncertain
AmbiStory,labelled,GEPA,AmbiStory-test-389,1,2,0.0,1.6,not uncertain
AmbiStory,labelled,GEPA,AmbiStory-test-390,5,5,0.0,0.1599999999999999,not uncertain
AmbiStory,labelled,GEPA,AmbiStory-test-391,1,1,0.0,0.16,not uncertain
AmbiStory,labelled,GEPA,AmbiStory-test-392,5,4,1.44,0.64,not uncertain
AmbiStory,labelled,GEPA,AmbiStory-test-393,5,3,0.0,1.36,not uncertain
AmbiStory,labelled,GEPA,AmbiStory-test-394,5,4,0.0,2.24,not uncertain
AmbiStory,labelled,GEPA,AmbiStory-test-395,1,2,0.0,0.8,not uncertain
AmbiStory,labelled,GEPA,AmbiStory-test-396,5,5,0.0,0.0,not uncertain
AmbiStory,labelled,GEPA,AmbiStory-test-397,1,1,0.0,0.24,not uncertain
AmbiStory,labelled,GEPA,AmbiStory-test-398,5,4,0.0,0.5599999999999999,not uncertain
AmbiStory,labelled,GEPA,AmbiStory-test-399,5,3,0.0,0.1599999999999999,not uncertain
AmbiStory,labelled,GEPA,AmbiStory-test-400,5,5,0.0,0.1599999999999999,not uncertain
AmbiStory,labelled,GEPA,AmbiStory-test-401,5,1,0.76,0.24,highly uncertain
AmbiStory,labelled,GEPA,AmbiStory-test-402,5,4,2.0275000000000003,0.5599999999999999,not uncertain
AmbiStory,labelled,GEPA,AmbiStory-test-403,5,2,0.0,0.4,not uncertain
AmbiStory,labelled,GEPA,AmbiStory-test-404,4,4,1.2475,0.5599999999999999,somewhat uncertain
AmbiStory,labelled,GEPA,AmbiStory-test-405,5,2,0.0,0.4,not uncertain
AmbiStory,labelled,GEPA,AmbiStory-test-406,4,4,2.6475,0.24,somewhat uncertain
AmbiStory,labelled,GEPA,AmbiStory-test-407,5,2,0.0,1.36,highly uncertain
AmbiStory,labelled,GEPA,AmbiStory-test-408,5,4,0.0,1.44,not uncertain
AmbiStory,labelled,GEPA,AmbiStory-test-409,1,1,0.0,0.0,not uncertain
AmbiStory,labelled,GEPA,AmbiStory-test-410,5,4,0.0,1.36,not uncertain
AmbiStory,labelled,GEPA,AmbiStory-test-411,5,2,0.0,1.04,not uncertain
AmbiStory,labelled,GEPA,AmbiStory-test-412,5,4,0.0,0.96,highly uncertain
AmbiStory,labelled,GEPA,AmbiStory-test-413,1,1,0.0,0.64,not uncertain
AmbiStory,labelled,GEPA,AmbiStory-test-414,5,5,0.0,0.0,not uncertain
AmbiStory,labelled,GEPA,AmbiStory-test-415,1,1,0.0,0.24,not uncertain
AmbiStory,labelled,GEPA,AmbiStory-test-416,5,5,0.0475,0.1599999999999999,not uncertain
AmbiStory,labelled,GEPA,AmbiStory-test-417,1,2,0.2274999999999999,0.64,not uncertain
AmbiStory,labelled,GEPA,AmbiStory-test-418,5,5,0.0,0.1599999999999999,not uncertain
AmbiStory,labelled,GEPA,AmbiStory-test-419,1,2,0.0475,2.24,not uncertain
AmbiStory,labelled,GEPA,AmbiStory-test-420,5,3,0.09,2.2222222222222228,highly uncertain
AmbiStory,labelled,GEPA,AmbiStory-test-421,1,3,0.0,1.4400000000000002,highly uncertain
AmbiStory,labelled,GEPA,AmbiStory-test-422,5,3,0.0,2.24,not uncertain
AmbiStory,labelled,GEPA,AmbiStory-test-423,1,3,0.0,2.0,not uncertain
AmbiStory,labelled,GEPA,AmbiStory-test-424,5,3,0.0,0.4,somewhat uncertain
AmbiStory,labelled,GEPA,AmbiStory-test-425,1,3,0.0,1.04,highly uncertain
AmbiStory,labelled,GEPA,AmbiStory-test-426,5,3,0.0475,0.64,not uncertain
AmbiStory,labelled,GEPA,AmbiStory-test-427,5,3,0.25,1.36,not uncertain
AmbiStory,labelled,GEPA,AmbiStory-test-428,5,4,0.0,0.6399999999999999,highly uncertain
AmbiStory,labelled,GEPA,AmbiStory-test-429,5,2,1.1475000000000002,0.4,not uncertain
AmbiStory,labelled,GEPA,AmbiStory-test-430,5,4,0.0,1.6,not uncertain
AmbiStory,labelled,GEPA,AmbiStory-test-431,5,2,0.2274999999999999,0.16,not uncertain
AmbiStory,labelled,GEPA,AmbiStory-test-432,5,4,0.0475,1.44,not uncertain
AmbiStory,labelled,GEPA,AmbiStory-test-433,1,1,0.0475,0.24,not uncertain
AmbiStory,labelled,GEPA,AmbiStory-test-434,5,5,0.0,0.24,not uncertain
AmbiStory,labelled,GEPA,AmbiStory-test-435,1,1,0.0,0.64,not uncertain
AmbiStory,labelled,GEPA,AmbiStory-test-436,5,4,0.0,1.36,not uncertain
AmbiStory,labelled,GEPA,AmbiStory-test-437,1,1,0.0,0.0,not uncertain
AmbiStory,labelled,GEPA,AmbiStory-test-438,5,5,0.0,0.1599999999999999,not uncertain
AmbiStory,labelled,GEPA,AmbiStory-test-439,1,2,2.11,2.24,highly uncertain
AmbiStory,labelled,GEPA,AmbiStory-test-440,4,3,0.1875,1.36,somewhat uncertain
AmbiStory,labelled,GEPA,AmbiStory-test-441,5,3,2.4475,1.84,not uncertain
AmbiStory,labelled,GEPA,AmbiStory-test-442,4,4,0.3,0.5599999999999999,highly uncertain
AmbiStory,labelled,GEPA,AmbiStory-test-443,1,3,1.5275,2.64,highly uncertain
AmbiStory,labelled,GEPA,AmbiStory-test-444,5,4,0.0,1.36,somewhat uncertain
AmbiStory,labelled,GEPA,AmbiStory-test-445,5,2,3.0475000000000003,1.36,somewhat uncertain
AmbiStory,labelled,GEPA,AmbiStory-test-446,5,3,0.0,1.36,somewhat uncertain
AmbiStory,labelled,GEPA,AmbiStory-test-447,5,4,3.06,1.36,somewhat uncertain
AmbiStory,labelled,GEPA,AmbiStory-test-448,5,4,0.7875,0.24,somewhat uncertain
AmbiStory,labelled,GEPA,AmbiStory-test-449,5,2,3.7275,0.8,somewhat uncertain
AmbiStory,labelled,GEPA,AmbiStory-test-450,5,4,0.2475,0.5599999999999999,not uncertain
AmbiStory,labelled,GEPA,AmbiStory-test-451,1,2,0.0,0.9600000000000002,not uncertain
AmbiStory,labelled,GEPA,AmbiStory-test-452,5,2,0.25,0.24,highly uncertain
AmbiStory,labelled,GEPA,AmbiStory-test-453,5,5,0.0,0.1599999999999999,not uncertain
AmbiStory,labelled,GEPA,AmbiStory-test-454,5,3,0.1599999999999999,2.24,not uncertain
AmbiStory,labelled,GEPA,AmbiStory-test-455,1,3,0.0,0.64,not uncertain
AmbiStory,labelled,GEPA,AmbiStory-test-456,4,4,0.3275,1.36,somewhat uncertain
AmbiStory,labelled,GEPA,AmbiStory-test-457,1,3,0.0,1.04,not uncertain
AmbiStory,labelled,GEPA,AmbiStory-test-458,5,3,2.9400000000000004,1.36,somewhat uncertain
AmbiStory,labelled,GEPA,AmbiStory-test-459,5,4,0.76,0.4,not uncertain
AmbiStory,labelled,GEPA,AmbiStory-test-460,3,3,1.41,1.7600000000000002,somewhat uncertain
AmbiStory,labelled,GEPA,AmbiStory-test-461,1,3,0.0475,1.5555555555555556,highly uncertain
AmbiStory,labelled,GEPA,AmbiStory-test-462,5,2,0.2475,3.04,not uncertain
AmbiStory,labelled,GEPA,AmbiStory-test-463,5,5,0.0,0.0,not uncertain
AmbiStory,labelled,GEPA,AmbiStory-test-464,4,2,0.21,0.8,somewhat uncertain
AmbiStory,labelled,GEPA,AmbiStory-test-465,5,5,0.0,0.6399999999999999,not uncertain
AmbiStory,labelled,GEPA,AmbiStory-test-466,4,3,0.25,0.8,not uncertain
AmbiStory,labelled,GEPA,AmbiStory-test-467,5,3,0.0475,1.84,not uncertain
AmbiStory,labelled,GEPA,AmbiStory-test-468,5,5,0.0,0.1599999999999999,not uncertain
AmbiStory,labelled,GEPA,AmbiStory-test-469,5,5,0.0,0.1599999999999999,not uncertain
AmbiStory,labelled,GEPA,AmbiStory-test-470,5,5,0.0,0.6399999999999999,not uncertain
AmbiStory,labelled,GEPA,AmbiStory-test-471,5,4,0.0,1.36,not uncertain
AmbiStory,labelled,GEPA,AmbiStory-test-472,5,4,0.0,1.0400000000000005,not uncertain
AmbiStory,labelled,GEPA,AmbiStory-test-473,5,4,0.0,1.44,not uncertain
AmbiStory,labelled,GEPA,AmbiStory-test-474,5,5,0.0,0.0,not uncertain
AmbiStory,labelled,GEPA,AmbiStory-test-475,4,3,0.9275,2.64,somewhat uncertain
AmbiStory,labelled,GEPA,AmbiStory-test-476,5,4,0.0,0.64,not uncertain
AmbiStory,labelled,GEPA,AmbiStory-test-477,4,3,0.24,2.16,somewhat uncertain
AmbiStory,labelled,GEPA,AmbiStory-test-478,5,4,0.0,0.5599999999999999,somewhat uncertain
AmbiStory,labelled,GEPA,AmbiStory-test-479,4,3,0.3275,2.0,somewhat uncertain
AmbiStory,labelled,GEPA,AmbiStory-test-480,5,5,0.1275,0.0,not uncertain
AmbiStory,labelled,GEPA,AmbiStory-test-481,1,2,0.0,0.64,not uncertain
AmbiStory,labelled,GEPA,AmbiStory-test-482,3,2,0.7474999999999999,2.1600000000000006,somewhat uncertain
AmbiStory,labelled,GEPA,AmbiStory-test-483,5,4,0.0,0.5599999999999999,not uncertain
AmbiStory,labelled,GEPA,AmbiStory-test-484,4,4,0.21,1.36,somewhat uncertain
AmbiStory,labelled,GEPA,AmbiStory-test-485,2,3,0.4474999999999999,1.84,highly uncertain
AmbiStory,labelled,GEPA,AmbiStory-test-486,1,2,0.09,0.64,not uncertain
AmbiStory,labelled,GEPA,AmbiStory-test-487,5,4,0.0,0.8,not uncertain
AmbiStory,labelled,GEPA,AmbiStory-test-488,1,1,0.0475,0.0,not uncertain
AmbiStory,labelled,GEPA,AmbiStory-test-489,5,5,0.0,0.0,not uncertain
AmbiStory,labelled,GEPA,AmbiStory-test-490,1,1,0.0,0.24,not uncertain
AmbiStory,labelled,GEPA,AmbiStory-test-491,5,5,0.0,0.1599999999999999,not uncertain
AmbiStory,labelled,GEPA,AmbiStory-test-492,5,5,0.0,0.0,not uncertain
AmbiStory,labelled,GEPA,AmbiStory-test-493,1,3,0.45,2.64,highly uncertain
AmbiStory,labelled,GEPA,AmbiStory-test-494,5,4,0.0,2.56,not uncertain
AmbiStory,labelled,GEPA,AmbiStory-test-495,1,3,1.26,1.7600000000000002,not uncertain
AmbiStory,labelled,GEPA,AmbiStory-test-496,5,4,0.0,1.36,not uncertain
AmbiStory,labelled,GEPA,AmbiStory-test-497,1,2,0.21,0.56,not uncertain
AmbiStory,labelled,GEPA,AmbiStory-test-498,1,4,0.4275,0.5599999999999999,highly uncertain
AmbiStory,labelled,GEPA,AmbiStory-test-499,5,2,0.0,1.2,not uncertain
AmbiStory,labelled,GEPA,AmbiStory-test-500,1,1,0.09,0.24,not uncertain
AmbiStory,labelled,GEPA,AmbiStory-test-501,5,4,0.0,0.96,not uncertain
AmbiStory,labelled,GEPA,AmbiStory-test-502,1,3,0.0,1.0400000000000005,not uncertain
AmbiStory,labelled,GEPA,AmbiStory-test-503,5,3,0.0,1.8400000000000003,not uncertain
AmbiStory,labelled,GEPA,AmbiStory-test-504,5,5,0.0,0.6399999999999999,not uncertain
AmbiStory,labelled,GEPA,AmbiStory-test-505,1,1,0.0,0.0,not uncertain
AmbiStory,labelled,GEPA,AmbiStory-test-506,3,3,0.35,1.0400000000000005,somewhat uncertain
AmbiStory,labelled,GEPA,AmbiStory-test-507,5,3,0.0,1.6,not uncertain
AmbiStory,labelled,GEPA,AmbiStory-test-508,5,3,0.0,1.36,not uncertain
AmbiStory,labelled,GEPA,AmbiStory-test-509,5,2,1.4475,2.2222222222222223,highly uncertain
AmbiStory,labelled,GEPA,AmbiStory-test-510,5,3,0.8474999999999999,1.36,not uncertain
AmbiStory,labelled,GEPA,AmbiStory-test-511,5,2,0.2274999999999999,0.96,not uncertain
AmbiStory,labelled,GEPA,AmbiStory-test-512,1,2,0.8475000000000001,1.8400000000000003,somewhat uncertain
AmbiStory,labelled,GEPA,AmbiStory-test-513,5,4,0.0,0.6399999999999999,not uncertain
AmbiStory,labelled,GEPA,AmbiStory-test-514,4,3,2.3400000000000003,0.64,somewhat uncertain
AmbiStory,labelled,GEPA,AmbiStory-test-515,5,4,0.0,0.5599999999999999,not uncertain
AmbiStory,labelled,GEPA,AmbiStory-test-516,5,4,0.0475,1.44,not uncertain
AmbiStory,labelled,GEPA,AmbiStory-test-517,1,2,0.41,1.36,not uncertain
AmbiStory,labelled,GEPA,AmbiStory-test-518,1,2,0.0,2.4,not uncertain
AmbiStory,labelled,GEPA,AmbiStory-test-519,5,5,0.0,0.0,not uncertain
AmbiStory,labelled,GEPA,AmbiStory-test-520,1,2,0.0,0.56,not uncertain
AmbiStory,labelled,GEPA,AmbiStory-test-521,1,3,0.75,1.84,not uncertain
AmbiStory,labelled,GEPA,AmbiStory-test-522,2,2,0.9275,1.36,not uncertain
AmbiStory,labelled,GEPA,AmbiStory-test-523,5,5,0.0,0.24,not uncertain
AmbiStory,labelled,GEPA,AmbiStory-test-524,1,2,0.0,1.4400000000000002,not uncertain
AmbiStory,labelled,GEPA,AmbiStory-test-525,5,5,0.0,0.1599999999999999,not uncertain
AmbiStory,labelled,GEPA,AmbiStory-test-526,2,1,0.2274999999999999,0.16,not uncertain
AmbiStory,labelled,GEPA,AmbiStory-test-527,5,4,0.0,0.64,not uncertain
AmbiStory,labelled,GEPA,AmbiStory-test-528,4,3,0.21,0.8,not uncertain
AmbiStory,labelled,GEPA,AmbiStory-test-529,5,4,0.8275,0.1599999999999999,not uncertain
AmbiStory,labelled,GEPA,AmbiStory-test-530,1,1,0.21,0.24,not uncertain
AmbiStory,labelled,GEPA,AmbiStory-test-531,5,5,0.0,0.24,not uncertain
AmbiStory,labelled,GEPA,AmbiStory-test-532,4,3,0.55,0.24,somewhat uncertain
AmbiStory,labelled,GEPA,AmbiStory-test-533,5,3,0.0,0.0,not uncertain
AmbiStory,labelled,GEPA,AmbiStory-test-534,5,5,0.0475,0.1599999999999999,not uncertain
AmbiStory,labelled,GEPA,AmbiStory-test-535,5,5,0.0475,0.1599999999999999,not uncertain
AmbiStory,labelled,GEPA,AmbiStory-test-536,4,5,0.24,0.24,somewhat uncertain
AmbiStory,labelled,GEPA,AmbiStory-test-537,5,5,0.0,0.0,not uncertain
AmbiStory,labelled,GEPA,AmbiStory-test-538,5,5,0.0475,0.0,not uncertain
AmbiStory,labelled,GEPA,AmbiStory-test-539,5,5,0.0,0.0,not uncertain
AmbiStory,labelled,GEPA,AmbiStory-test-540,1,3,1.4875,1.7600000000000002,not uncertain
AmbiStory,labelled,GEPA,AmbiStory-test-541,5,4,0.0,2.16,not uncertain
AmbiStory,labelled,GEPA,AmbiStory-test-542,1,3,0.0,1.84,not uncertain
AmbiStory,labelled,GEPA,AmbiStory-test-543,5,5,0.0,0.0,not uncertain
AmbiStory,labelled,GEPA,AmbiStory-test-544,1,4,0.4599999999999999,1.44,not uncertain
AmbiStory,labelled,GEPA,AmbiStory-test-545,5,5,0.0,0.0,not uncertain
AmbiStory,labelled,GEPA,AmbiStory-test-546,4,3,0.2475,1.36,not uncertain
AmbiStory,labelled,GEPA,AmbiStory-test-547,4,3,1.9275,0.96,not uncertain
AmbiStory,labelled,GEPA,AmbiStory-test-548,1,2,0.0,0.64,not uncertain
AmbiStory,labelled,GEPA,AmbiStory-test-549,5,4,0.0,0.8,not uncertain
AmbiStory,labelled,GEPA,AmbiStory-test-550,1,2,0.09,0.56,not uncertain
AmbiStory,labelled,GEPA,AmbiStory-test-551,5,4,0.0,0.5599999999999999,not uncertain
AmbiStory,labelled,GEPA,AmbiStory-test-552,1,1,0.0,0.0,not uncertain
AmbiStory,labelled,GEPA,AmbiStory-test-553,5,3,0.0,1.04,not uncertain
AmbiStory,labelled,GEPA,AmbiStory-test-554,1,2,0.0,1.8400000000000003,not uncertain
AmbiStory,labelled,GEPA,AmbiStory-test-555,5,3,0.0,0.96,not uncertain
AmbiStory,labelled,GEPA,AmbiStory-test-556,1,1,0.0,0.24,not uncertain
AmbiStory,labelled,GEPA,AmbiStory-test-557,5,4,0.0,2.24,not uncertain
AmbiStory,labelled,GEPA,AmbiStory-test-558,5,5,0.0,0.0,not uncertain
AmbiStory,labelled,GEPA,AmbiStory-test-559,2,2,1.0275,2.4,somewhat uncertain
AmbiStory,labelled,GEPA,AmbiStory-test-560,1,1,0.0,0.16,not uncertain
AmbiStory,labelled,GEPA,AmbiStory-test-561,5,4,0.0,0.64,not uncertain
AmbiStory,labelled,GEPA,AmbiStory-test-562,1,2,0.1275,0.5599999999999999,not uncertain
AmbiStory,labelled,GEPA,AmbiStory-test-563,5,4,0.0,0.24,not uncertain
AmbiStory,labelled,GEPA,AmbiStory-test-564,5,4,0.0,1.0400000000000005,not uncertain
AmbiStory,labelled,GEPA,AmbiStory-test-565,5,4,0.7275,0.5599999999999999,not uncertain
AmbiStory,labelled,GEPA,AmbiStory-test-566,5,3,0.0475,0.5599999999999999,not uncertain
AmbiStory,labelled,GEPA,AmbiStory-test-567,5,4,0.0,2.16,highly uncertain
AmbiStory,labelled,GEPA,AmbiStory-test-568,4,3,0.25,1.04,somewhat uncertain
AmbiStory,labelled,GEPA,AmbiStory-test-569,5,4,0.0,0.96,not uncertain
AmbiStory,labelled,GEPA,AmbiStory-test-570,5,5,0.09,0.24,not uncertain
AmbiStory,labelled,GEPA,AmbiStory-test-571,1,1,0.6275000000000001,0.16,not uncertain
AmbiStory,labelled,GEPA,AmbiStory-test-572,4,3,0.3875,0.64,somewhat uncertain
AmbiStory,labelled,GEPA,AmbiStory-test-573,5,4,0.3475,3.04,not uncertain
AmbiStory,labelled,GEPA,AmbiStory-test-574,5,4,0.0475,2.16,not uncertain
AmbiStory,labelled,GEPA,AmbiStory-test-575,4,2,1.2475,0.5555555555555555,highly uncertain
AmbiStory,labelled,GEPA,AmbiStory-test-576,5,5,0.7875,0.1599999999999999,not uncertain
AmbiStory,labelled,GEPA,AmbiStory-test-577,5,4,0.76,1.2,somewhat uncertain
AmbiStory,labelled,GEPA,AmbiStory-test-578,1,1,0.0,0.24,not uncertain
AmbiStory,labelled,GEPA,AmbiStory-test-579,5,5,0.0,0.0,not uncertain
AmbiStory,labelled,GEPA,AmbiStory-test-580,5,1,2.8275,0.24,somewhat uncertain
AmbiStory,labelled,GEPA,AmbiStory-test-581,5,5,0.0,0.1599999999999999,not uncertain
AmbiStory,labelled,GEPA,AmbiStory-test-582,5,3,0.0,0.4,highly uncertain
AmbiStory,labelled,GEPA,AmbiStory-test-583,1,2,0.25,1.4400000000000002,not uncertain
AmbiStory,labelled,GEPA,AmbiStory-test-584,4,2,0.25,0.8,highly uncertain
AmbiStory,labelled,GEPA,AmbiStory-test-585,5,3,0.1875,0.96,highly uncertain
AmbiStory,labelled,GEPA,AmbiStory-test-586,5,3,0.0,1.2,highly uncertain
AmbiStory,labelled,GEPA,AmbiStory-test-587,2,2,0.25,0.64,not uncertain
AmbiStory,labelled,GEPA,AmbiStory-test-588,1,2,2.31,0.5599999999999999,highly uncertain
AmbiStory,labelled,GEPA,AmbiStory-test-589,5,4,0.09,1.36,not uncertain
AmbiStory,labelled,GEPA,AmbiStory-test-590,1,4,0.16,1.84,not uncertain
AmbiStory,labelled,GEPA,AmbiStory-test-591,5,5,0.0,0.24,not uncertain
AmbiStory,labelled,GEPA,AmbiStory-test-592,4,3,2.46,2.56,not uncertain
AmbiStory,labelled,GEPA,AmbiStory-test-593,5,5,0.0,0.1599999999999999,not uncertain
AmbiStory,labelled,GEPA,AmbiStory-test-594,1,2,0.1275,0.64,not uncertain
AmbiStory,labelled,GEPA,AmbiStory-test-595,4,4,0.24,2.4,somewhat uncertain
AmbiStory,labelled,GEPA,AmbiStory-test-596,1,1,0.2274999999999999,0.24,not uncertain
AmbiStory,labelled,GEPA,AmbiStory-test-597,5,3,0.0,2.0,not uncertain
AmbiStory,labelled,GEPA,AmbiStory-test-598,1,2,0.0,0.24,not uncertain
AmbiStory,labelled,GEPA,AmbiStory-test-599,4,5,0.2274999999999999,0.6399999999999999,somewhat uncertain
AmbiStory,labelled,GEPA,AmbiStory-test-600,5,5,0.0,0.1599999999999999,not uncertain
AmbiStory,labelled,GEPA,AmbiStory-test-601,1,2,0.0,0.56,not uncertain
AmbiStory,labelled,GEPA,AmbiStory-test-602,5,5,0.8099999999999999,0.0,not uncertain
AmbiStory,labelled,GEPA,AmbiStory-test-603,1,3,1.1475000000000002,2.2222222222222223,not uncertain
AmbiStory,labelled,GEPA,AmbiStory-test-604,5,4,0.0,0.24,not uncertain
AmbiStory,labelled,GEPA,AmbiStory-test-605,1,2,0.0,0.24,not uncertain
AmbiStory,labelled,GEPA,AmbiStory-test-606,1,3,3.0475000000000003,2.56,highly uncertain
AmbiStory,labelled,GEPA,AmbiStory-test-607,5,3,0.0,1.8400000000000003,not uncertain
AmbiStory,labelled,GEPA,AmbiStory-test-608,1,1,0.0,0.0,not uncertain
AmbiStory,labelled,GEPA,AmbiStory-test-609,5,5,0.0,0.1599999999999999,not uncertain
AmbiStory,labelled,GEPA,AmbiStory-test-610,1,1,0.0,0.24,not uncertain
AmbiStory,labelled,GEPA,AmbiStory-test-611,5,4,0.0,1.36,not uncertain
AmbiStory,labelled,GEPA,AmbiStory-test-612,5,5,0.0475,0.0,not uncertain
AmbiStory,labelled,GEPA,AmbiStory-test-613,4,2,0.5900000000000001,2.16,somewhat uncertain
AmbiStory,labelled,GEPA,AmbiStory-test-614,1,1,0.0,0.0,not uncertain
AmbiStory,labelled,GEPA,AmbiStory-test-615,5,5,0.0,0.24,not uncertain
AmbiStory,labelled,GEPA,AmbiStory-test-616,1,2,0.0,0.64,not uncertain
AmbiStory,labelled,GEPA,AmbiStory-test-617,5,5,0.0,0.24,not uncertain
AmbiStory,labelled,GEPA,AmbiStory-test-618,5,4,0.09,2.24,not uncertain
AmbiStory,labelled,GEPA,AmbiStory-test-619,5,3,0.0,3.3599999999999994,not uncertain
AmbiStory,labelled,GEPA,AmbiStory-test-620,1,2,0.0,0.24,not uncertain
AmbiStory,labelled,GEPA,AmbiStory-test-621,5,5,0.0,0.24,not uncertain
AmbiStory,labelled,GEPA,AmbiStory-test-622,1,2,0.0,1.04,not uncertain
AmbiStory,labelled,GEPA,AmbiStory-test-623,5,5,0.0,0.0,not uncertain
AmbiStory,labelled,GEPA,AmbiStory-test-624,1,1,0.2274999999999999,0.64,not uncertain
AmbiStory,labelled,GEPA,AmbiStory-test-625,5,3,0.0,2.56,not uncertain
AmbiStory,labelled,GEPA,AmbiStory-test-626,1,2,0.0,2.24,not uncertain
AmbiStory,labelled,GEPA,AmbiStory-test-627,5,4,0.0,0.24,not uncertain
AmbiStory,labelled,GEPA,AmbiStory-test-628,1,3,0.09,0.64,not uncertain
AmbiStory,labelled,GEPA,AmbiStory-test-629,5,5,0.0,0.24,not uncertain
AmbiStory,labelled,GEPA,AmbiStory-test-630,5,5,0.0,0.0,not uncertain
AmbiStory,labelled,GEPA,AmbiStory-test-631,1,1,0.0,0.24,not uncertain
AmbiStory,labelled,GEPA,AmbiStory-test-632,5,5,0.0,0.0,not uncertain
AmbiStory,labelled,GEPA,AmbiStory-test-633,1,1,0.0,0.0,not uncertain
AmbiStory,labelled,GEPA,AmbiStory-test-634,5,5,0.4275,0.0,not uncertain
AmbiStory,labelled,GEPA,AmbiStory-test-635,1,2,0.0,0.24,not uncertain
AmbiStory,labelled,GEPA,AmbiStory-test-636,5,4,0.0,0.5599999999999999,not uncertain
AmbiStory,labelled,GEPA,AmbiStory-test-637,1,2,1.44,1.2,highly uncertain
AmbiStory,labelled,GEPA,AmbiStory-test-638,5,3,0.0,1.84,highly uncertain
AmbiStory,labelled,GEPA,AmbiStory-test-639,5,3,0.0,2.64,not uncertain
AmbiStory,labelled,GEPA,AmbiStory-test-640,5,3,0.0,1.4400000000000002,not uncertain
AmbiStory,labelled,GEPA,AmbiStory-test-641,5,2,0.7875,2.1600000000000006,highly uncertain
AmbiStory,labelled,GEPA,AmbiStory-test-642,5,5,0.0,0.0,not uncertain
AmbiStory,labelled,GEPA,AmbiStory-test-643,1,2,0.0,0.64,not uncertain
AmbiStory,labelled,GEPA,AmbiStory-test-644,5,5,0.0,0.24,not uncertain
AmbiStory,labelled,GEPA,AmbiStory-test-645,1,1,0.0,0.6400000000000002,highly uncertain
AmbiStory,labelled,GEPA,AmbiStory-test-646,5,5,0.0,0.0,not uncertain
AmbiStory,labelled,GEPA,AmbiStory-test-647,1,1,0.0,0.16,not uncertain
AmbiStory,labelled,GEPA,AmbiStory-test-648,1,2,0.16,0.96,highly uncertain
AmbiStory,labelled,GEPA,AmbiStory-test-649,5,4,0.0,1.6,not uncertain
AmbiStory,labelled,GEPA,AmbiStory-test-650,1,1,0.16,0.16,not uncertain
AmbiStory,labelled,GEPA,AmbiStory-test-651,5,5,0.0,0.0,not uncertain
AmbiStory,labelled,GEPA,AmbiStory-test-652,1,3,0.0,1.6,not uncertain
AmbiStory,labelled,GEPA,AmbiStory-test-653,5,5,0.0,0.24,not uncertain
AmbiStory,labelled,GEPA,AmbiStory-test-654,5,5,0.0,0.24,not uncertain
AmbiStory,labelled,GEPA,AmbiStory-test-655,1,2,0.0,0.64,not uncertain
AmbiStory,labelled,GEPA,AmbiStory-test-656,5,3,0.0,1.6,not uncertain
AmbiStory,labelled,GEPA,AmbiStory-test-657,4,3,1.3475,2.64,somewhat uncertain
AmbiStory,labelled,GEPA,AmbiStory-test-658,5,4,0.0,1.36,not uncertain
AmbiStory,labelled,GEPA,AmbiStory-test-659,1,4,0.0,0.5599999999999999,not uncertain
AmbiStory,labelled,GEPA,AmbiStory-test-660,5,5,0.0475,0.0,not uncertain
AmbiStory,labelled,GEPA,AmbiStory-test-661,1,2,0.31,0.56,not uncertain
AmbiStory,labelled,GEPA,AmbiStory-test-662,5,4,0.1275,1.2,not uncertain
AmbiStory,labelled,GEPA,AmbiStory-test-663,1,4,0.54,1.6,not uncertain
AmbiStory,labelled,GEPA,AmbiStory-test-664,5,4,0.7875,0.8,not uncertain
AmbiStory,labelled,GEPA,AmbiStory-test-665,1,3,0.2274999999999999,0.4,not uncertain
AmbiStory,labelled,GEPA,AmbiStory-test-666,5,5,0.0,0.6399999999999999,not uncertain
AmbiStory,labelled,GEPA,AmbiStory-test-667,1,2,0.0475,2.16,not uncertain
AmbiStory,labelled,GEPA,AmbiStory-test-668,5,4,0.0,0.64,not uncertain
AmbiStory,labelled,GEPA,AmbiStory-test-669,5,2,0.0,1.8400000000000003,not uncertain
AmbiStory,labelled,GEPA,AmbiStory-test-670,5,5,0.0,0.1599999999999999,not uncertain
AmbiStory,labelled,GEPA,AmbiStory-test-671,1,1,0.2475,0.0,not uncertain
AmbiStory,labelled,GEPA,AmbiStory-test-672,5,5,0.0,0.6399999999999999,not uncertain
AmbiStory,labelled,GEPA,AmbiStory-test-673,5,4,0.0,2.4,not uncertain
AmbiStory,labelled,GEPA,AmbiStory-test-674,5,5,0.0475,0.1599999999999999,not uncertain
AmbiStory,labelled,GEPA,AmbiStory-test-675,5,5,0.0,0.1599999999999999,not uncertain
AmbiStory,labelled,GEPA,AmbiStory-test-676,5,5,0.0,0.1599999999999999,not uncertain
AmbiStory,labelled,GEPA,AmbiStory-test-677,5,5,0.0,0.0,not uncertain
AmbiStory,labelled,GEPA,AmbiStory-test-678,5,3,0.0,1.4400000000000002,not uncertain
AmbiStory,labelled,GEPA,AmbiStory-test-679,5,3,0.1275,1.36,not uncertain
AmbiStory,labelled,GEPA,AmbiStory-test-680,5,1,0.8400000000000001,0.2222222222222222,highly uncertain
AmbiStory,labelled,GEPA,AmbiStory-test-681,5,3,0.0,3.8400000000000007,not uncertain
AmbiStory,labelled,GEPA,AmbiStory-test-682,5,3,0.0,0.96,not uncertain
AmbiStory,labelled,GEPA,AmbiStory-test-683,5,3,0.0,0.1599999999999999,not uncertain
AmbiStory,labelled,GEPA,AmbiStory-test-684,1,2,1.25,1.2,not uncertain
AmbiStory,labelled,GEPA,AmbiStory-test-685,5,4,0.0,0.96,not uncertain
AmbiStory,labelled,GEPA,AmbiStory-test-686,1,4,2.5475000000000003,0.24,not uncertain
AmbiStory,labelled,GEPA,AmbiStory-test-687,5,3,0.0,1.84,not uncertain
AmbiStory,labelled,GEPA,AmbiStory-test-688,1,2,1.4275,1.0400000000000005,not uncertain
AmbiStory,labelled,GEPA,AmbiStory-test-689,5,3,0.0,1.0400000000000005,not uncertain
AmbiStory,labelled,GEPA,AmbiStory-test-690,5,3,0.0475,0.8,not uncertain
AmbiStory,labelled,GEPA,AmbiStory-test-691,5,4,0.1275,0.96,not uncertain
AmbiStory,labelled,GEPA,AmbiStory-test-692,1,2,0.6475000000000001,0.64,highly uncertain
AmbiStory,labelled,GEPA,AmbiStory-test-693,5,5,0.0,0.0,not uncertain
AmbiStory,labelled,GEPA,AmbiStory-test-694,1,3,2.39,1.36,highly uncertain
AmbiStory,labelled,GEPA,AmbiStory-test-695,5,3,0.76,2.24,not uncertain
AmbiStory,labelled,GEPA,AmbiStory-test-696,4,1,1.6275,0.24,highly uncertain
AmbiStory,labelled,GEPA,AmbiStory-test-697,5,2,0.0,0.4,not uncertain
AmbiStory,labelled,GEPA,AmbiStory-test-698,4,3,2.3275,1.7600000000000002,highly uncertain
AmbiStory,labelled,GEPA,AmbiStory-test-699,5,4,0.0,1.6,not uncertain
AmbiStory,labelled,GEPA,AmbiStory-test-700,1,3,0.6275000000000001,2.56,not uncertain
AmbiStory,labelled,GEPA,AmbiStory-test-701,5,2,0.0,0.56,highly uncertain
AmbiStory,labelled,GEPA,AmbiStory-test-702,2,2,1.6275,0.64,somewhat uncertain
AmbiStory,labelled,GEPA,AmbiStory-test-703,5,2,2.2275,1.8400000000000003,highly uncertain
AmbiStory,labelled,GEPA,AmbiStory-test-704,5,4,0.21,1.36,not uncertain
AmbiStory,labelled,GEPA,AmbiStory-test-705,5,4,0.09,0.8,highly uncertain
AmbiStory,labelled,GEPA,AmbiStory-test-706,3,3,1.0275,1.04,somewhat uncertain
AmbiStory,labelled,GEPA,AmbiStory-test-707,5,3,0.0475,1.84,not uncertain
AmbiStory,labelled,GEPA,AmbiStory-test-708,5,4,0.0,1.36,not uncertain
AmbiStory,labelled,GEPA,AmbiStory-test-709,1,2,0.0,2.1600000000000006,not uncertain
AmbiStory,labelled,GEPA,AmbiStory-test-710,5,2,1.99,0.24,highly uncertain
AmbiStory,labelled,GEPA,AmbiStory-test-711,1,4,0.0475,1.36,highly uncertain
AmbiStory,labelled,GEPA,AmbiStory-test-712,5,3,0.0,1.2,not uncertain
AmbiStory,labelled,GEPA,AmbiStory-test-713,1,3,0.0,1.04,not uncertain
AmbiStory,labelled,GEPA,AmbiStory-test-714,5,4,0.09,0.5599999999999999,not uncertain
AmbiStory,labelled,GEPA,AmbiStory-test-715,5,3,0.0,1.84,not uncertain
AmbiStory,labelled,GEPA,AmbiStory-test-716,1,3,1.61,2.56,not uncertain
AmbiStory,labelled,GEPA,AmbiStory-test-717,5,3,0.7875,2.56,not uncertain
AmbiStory,labelled,GEPA,AmbiStory-test-718,1,3,0.94,1.6,not uncertain
AmbiStory,labelled,GEPA,AmbiStory-test-719,5,2,0.0475,0.96,not uncertain
AmbiStory,labelled,GEPA,AmbiStory-test-720,5,4,0.2475,1.04,not uncertain
AmbiStory,labelled,GEPA,AmbiStory-test-721,5,3,0.0,1.2,not uncertain
AmbiStory,labelled,GEPA,AmbiStory-test-722,4,5,0.2274999999999999,0.24,somewhat uncertain
AmbiStory,labelled,GEPA,AmbiStory-test-723,5,3,0.0,1.84,not uncertain
AmbiStory,labelled,GEPA,AmbiStory-test-724,5,4,0.2475,2.16,not uncertain
AmbiStory,labelled,GEPA,AmbiStory-test-725,5,3,0.0,1.7600000000000002,not uncertain
AmbiStory,labelled,GEPA,AmbiStory-test-726,5,5,0.0475,0.0,not uncertain
AmbiStory,labelled,GEPA,AmbiStory-test-727,2,2,0.0475,2.16,highly uncertain
AmbiStory,labelled,GEPA,AmbiStory-test-728,1,2,0.1275,1.8400000000000003,not uncertain
AmbiStory,labelled,GEPA,AmbiStory-test-729,5,4,0.0,1.0400000000000005,not uncertain
AmbiStory,labelled,GEPA,AmbiStory-test-730,4,4,0.24,0.5599999999999999,not uncertain
AmbiStory,labelled,GEPA,AmbiStory-test-731,4,2,0.86,0.9600000000000002,somewhat uncertain
AmbiStory,labelled,GEPA,AmbiStory-test-732,5,4,0.0,1.36,not uncertain
AmbiStory,labelled,GEPA,AmbiStory-test-733,2,2,0.3475,0.96,highly uncertain
AmbiStory,labelled,GEPA,AmbiStory-test-734,5,3,1.21,2.64,highly uncertain
AmbiStory,labelled,GEPA,AmbiStory-test-735,5,4,0.1275,1.84,not uncertain
AmbiStory,labelled,GEPA,AmbiStory-test-736,5,3,0.09,2.0,not uncertain
AmbiStory,labelled,GEPA,AmbiStory-test-737,1,4,0.7474999999999999,0.1599999999999999,highly uncertain
AmbiStory,labelled,GEPA,AmbiStory-test-738,5,5,0.0,0.0,not uncertain
AmbiStory,labelled,GEPA,AmbiStory-test-739,1,1,0.09,0.16,not uncertain
AmbiStory,labelled,GEPA,AmbiStory-test-740,1,2,3.49,0.64,not uncertain
AmbiStory,labelled,GEPA,AmbiStory-test-741,5,5,0.0,0.0,not uncertain
AmbiStory,labelled,GEPA,AmbiStory-test-742,5,4,0.0,0.8,not uncertain
AmbiStory,labelled,GEPA,AmbiStory-test-743,4,2,2.8275,0.4,somewhat uncertain
AmbiStory,labelled,GEPA,AmbiStory-test-744,5,5,0.0,0.0,not uncertain
AmbiStory,labelled,GEPA,AmbiStory-test-745,1,1,0.0,0.16,not uncertain
AmbiStory,labelled,GEPA,AmbiStory-test-746,5,5,0.0,0.0,not uncertain
AmbiStory,labelled,GEPA,AmbiStory-test-747,1,1,0.0,0.0,not uncertain
AmbiStory,labelled,GEPA,AmbiStory-test-748,5,5,0.0,0.24,not uncertain
AmbiStory,labelled,GEPA,AmbiStory-test-749,1,1,0.0,0.16,not uncertain
AmbiStory,labelled,GEPA,AmbiStory-test-750,1,2,0.0,0.96,not uncertain
AmbiStory,labelled,GEPA,AmbiStory-test-751,5,4,0.0,0.96,not uncertain
AmbiStory,labelled,GEPA,AmbiStory-test-752,1,1,0.0,0.0,not uncertain
AmbiStory,labelled,GEPA,AmbiStory-test-753,5,5,0.0,0.0,not uncertain
AmbiStory,labelled,GEPA,AmbiStory-test-754,1,2,0.0,1.2,not uncertain
AmbiStory,labelled,GEPA,AmbiStory-test-755,5,4,0.0,0.6399999999999999,not uncertain
AmbiStory,labelled,GEPA,AmbiStory-test-756,5,5,0.0,0.24,not uncertain
AmbiStory,labelled,GEPA,AmbiStory-test-757,1,1,0.0,0.16,not uncertain
AmbiStory,labelled,GEPA,AmbiStory-test-758,1,1,0.4475,0.24,not uncertain
AmbiStory,labelled,GEPA,AmbiStory-test-759,5,5,0.0,0.24,not uncertain
AmbiStory,labelled,GEPA,AmbiStory-test-760,5,2,0.1275,0.4,not uncertain
AmbiStory,labelled,GEPA,AmbiStory-test-761,2,4,0.45,0.5599999999999999,not uncertain
AmbiStory,labelled,GEPA,AmbiStory-test-762,5,4,0.0,1.36,not uncertain
AmbiStory,labelled,GEPA,AmbiStory-test-763,1,1,0.0,0.24,not uncertain
AmbiStory,labelled,GEPA,AmbiStory-test-764,5,4,0.0,1.36,not uncertain
AmbiStory,labelled,GEPA,AmbiStory-test-765,1,1,0.0,0.16,not uncertain
AmbiStory,labelled,GEPA,AmbiStory-test-766,5,4,0.0,0.8,not uncertain
AmbiStory,labelled,GEPA,AmbiStory-test-767,1,1,0.0,0.24,not uncertain
AmbiStory,labelled,GEPA,AmbiStory-test-768,5,3,0.0475,2.0,
AmbiStory,labelled,GEPA,AmbiStory-test-769,1,2,0.0,0.64,not uncertain
AmbiStory,labelled,GEPA,AmbiStory-test-770,1,3,0.3875,0.64,not uncertain
AmbiStory,labelled,GEPA,AmbiStory-test-771,5,5,0.0,0.6399999999999999,not uncertain
AmbiStory,labelled,GEPA,AmbiStory-test-772,5,3,0.09,0.5599999999999999,somewhat uncertain
AmbiStory,labelled,GEPA,AmbiStory-test-773,1,4,0.91,0.64,not uncertain
AmbiStory,labelled,GEPA,AmbiStory-test-774,4,3,1.1275,1.36,not uncertain
AmbiStory,labelled,GEPA,AmbiStory-test-775,5,2,0.0,1.4400000000000002,not uncertain
AmbiStory,labelled,GEPA,AmbiStory-test-776,5,2,1.36,1.2,not uncertain
AmbiStory,labelled,GEPA,AmbiStory-test-777,1,2,0.0,1.36,not uncertain
AmbiStory,labelled,GEPA,AmbiStory-test-778,1,3,2.46,2.8,not uncertain
AmbiStory,labelled,GEPA,AmbiStory-test-779,1,2,0.0,0.64,not uncertain
AmbiStory,labelled,GEPA,AmbiStory-test-780,5,5,0.0475,0.1599999999999999,not uncertain
AmbiStory,labelled,GEPA,AmbiStory-test-781,1,1,0.09,0.16,not uncertain
AmbiStory,labelled,GEPA,AmbiStory-test-782,1,3,0.0,0.64,highly uncertain
AmbiStory,labelled,GEPA,AmbiStory-test-783,5,5,0.2274999999999999,0.0,not uncertain
AmbiStory,labelled,GEPA,AmbiStory-test-784,1,4,1.61,1.04,highly uncertain
AmbiStory,labelled,GEPA,AmbiStory-test-785,4,3,0.9275,0.64,somewhat uncertain
AmbiStory,labelled,GEPA,AmbiStory-test-786,5,4,0.1275,1.36,not uncertain
AmbiStory,labelled,GEPA,AmbiStory-test-787,4,4,2.19,2.16,somewhat uncertain
AmbiStory,labelled,GEPA,AmbiStory-test-788,1,2,0.6475,2.5600000000000005,not uncertain
AmbiStory,labelled,GEPA,AmbiStory-test-789,5,4,0.1275,0.5599999999999999,highly uncertain
AmbiStory,labelled,GEPA,AmbiStory-test-790,1,1,1.8,0.16,not uncertain
AmbiStory,labelled,GEPA,AmbiStory-test-791,5,5,0.1275,0.1599999999999999,not uncertain
AmbiStory,labelled,GEPA,AmbiStory-test-792,1,3,2.5275000000000003,2.56,not uncertain
AmbiStory,labelled,GEPA,AmbiStory-test-793,4,3,0.2274999999999999,2.472222222222222,somewhat uncertain
AmbiStory,labelled,GEPA,AmbiStory-test-794,4,2,1.45,0.24,highly uncertain
AmbiStory,labelled,GEPA,AmbiStory-test-795,5,4,0.0475,1.0400000000000005,not uncertain
AmbiStory,labelled,GEPA,AmbiStory-test-796,5,2,0.8099999999999999,2.24,highly uncertain
AmbiStory,labelled,GEPA,AmbiStory-test-797,5,5,0.09,0.1599999999999999,not uncertain
AmbiStory,labelled,GEPA,AmbiStory-test-798,5,2,0.0,0.56,not uncertain
AmbiStory,labelled,GEPA,AmbiStory-test-799,1,4,1.45,0.4,not uncertain
AmbiStory,labelled,GEPA,AmbiStory-test-800,5,2,0.0,0.56,not uncertain
AmbiStory,labelled,GEPA,AmbiStory-test-801,5,3,0.09,1.44,highly uncertain
AmbiStory,labelled,GEPA,AmbiStory-test-802,5,2,0.0,0.96,not uncertain
AmbiStory,labelled,GEPA,AmbiStory-test-803,5,3,0.09,1.0400000000000005,not uncertain
AmbiStory,labelled,GEPA,AmbiStory-test-804,1,1,3.49,0.16,not uncertain
AmbiStory,labelled,GEPA,AmbiStory-test-805,5,4,0.0,0.5599999999999999,not uncertain
AmbiStory,labelled,GEPA,AmbiStory-test-806,1,2,0.76,0.24,not uncertain
AmbiStory,labelled,GEPA,AmbiStory-test-807,5,4,0.0,1.36,not uncertain
AmbiStory,labelled,GEPA,AmbiStory-test-808,1,2,0.0475,0.24,not uncertain
AmbiStory,labelled,GEPA,AmbiStory-test-809,5,4,0.0,0.8,not uncertain
AmbiStory,labelled,GEPA,AmbiStory-test-810,5,5,0.0,0.1599999999999999,not uncertain
AmbiStory,labelled,GEPA,AmbiStory-test-811,5,2,0.0,2.5600000000000005,highly uncertain
AmbiStory,labelled,GEPA,AmbiStory-test-812,1,2,0.0,0.56,not uncertain
AmbiStory,labelled,GEPA,AmbiStory-test-813,5,4,2.6900000000000004,1.44,highly uncertain
AmbiStory,labelled,GEPA,AmbiStory-test-814,1,1,0.0,0.24,not uncertain
AmbiStory,labelled,GEPA,AmbiStory-test-815,5,5,2.3275,0.1599999999999999,highly uncertain
AmbiStory,labelled,GEPA,AmbiStory-test-816,5,5,0.0,0.6399999999999999,not uncertain
AmbiStory,labelled,GEPA,AmbiStory-test-817,5,3,0.0,1.7600000000000002,highly uncertain
AmbiStory,labelled,GEPA,AmbiStory-test-818,1,3,0.0,2.16,highly uncertain
AmbiStory,labelled,GEPA,AmbiStory-test-819,5,4,0.0,1.84,highly uncertain
AmbiStory,labelled,GEPA,AmbiStory-test-820,1,3,1.7475,1.84,not uncertain
AmbiStory,labelled,GEPA,AmbiStory-test-821,5,4,0.0,0.96,not uncertain
AmbiStory,labelled,GEPA,AmbiStory-test-822,1,2,0.0,0.64,not uncertain
AmbiStory,labelled,GEPA,AmbiStory-test-823,5,5,0.0,0.6399999999999999,not uncertain
AmbiStory,labelled,GEPA,AmbiStory-test-824,1,2,0.0475,0.64,not uncertain
AmbiStory,labelled,GEPA,AmbiStory-test-825,5,5,0.0,0.1599999999999999,not uncertain
AmbiStory,labelled,GEPA,AmbiStory-test-826,1,2,0.21,0.24,not uncertain
AmbiStory,labelled,GEPA,AmbiStory-test-827,5,4,0.0,2.16,not uncertain
AmbiStory,labelled,GEPA,AmbiStory-test-828,5,4,0.0,1.6,not uncertain
AmbiStory,labelled,GEPA,AmbiStory-test-829,5,4,0.0,2.560000000000001,not uncertain
AmbiStory,labelled,GEPA,AmbiStory-test-830,5,4,0.1875,0.96,not uncertain
AmbiStory,labelled,GEPA,AmbiStory-test-831,5,3,0.0,2.64,not uncertain
AmbiStory,labelled,GEPA,AmbiStory-test-832,4,3,2.4275,1.04,not uncertain
AmbiStory,labelled,GEPA,AmbiStory-test-833,5,4,0.0,0.4,not uncertain
AmbiStory,labelled,GEPA,AmbiStory-test-834,4,2,1.36,0.4,highly uncertain
AmbiStory,labelled,GEPA,AmbiStory-test-835,4,4,0.21,1.36,not uncertain
AmbiStory,labelled,GEPA,AmbiStory-test-836,1,3,0.21,2.16,not uncertain
AmbiStory,labelled,GEPA,AmbiStory-test-837,5,5,0.0475,0.1599999999999999,not uncertain
AmbiStory,labelled,GEPA,AmbiStory-test-838,5,3,0.7875,2.64,highly uncertain
AmbiStory,labelled,GEPA,AmbiStory-test-839,5,5,0.0,0.1599999999999999,not uncertain
AmbiStory,labelled,GEPA,AmbiStory-test-840,4,3,0.71,1.44,not uncertain
AmbiStory,labelled,GEPA,AmbiStory-test-841,5,4,0.1275,0.64,not uncertain
AmbiStory,labelled,GEPA,AmbiStory-test-842,1,2,0.0,0.16,not uncertain
AmbiStory,labelled,GEPA,AmbiStory-test-843,5,4,0.1275,0.64,not uncertain
AmbiStory,labelled,GEPA,AmbiStory-test-844,1,2,0.0,0.56,not uncertain
AmbiStory,labelled,GEPA,AmbiStory-test-845,5,3,0.1599999999999999,1.6,not uncertain
AmbiStory,labelled,GEPA,AmbiStory-test-846,5,4,0.31,0.4,not uncertain
AmbiStory,labelled,GEPA,AmbiStory-test-847,1,2,0.8100000000000002,0.6400000000000002,not uncertain
AmbiStory,labelled,GEPA,AmbiStory-test-848,1,1,0.0,0.16,not uncertain
AmbiStory,labelled,GEPA,AmbiStory-test-849,5,5,0.0475,0.24,not uncertain
AmbiStory,labelled,GEPA,AmbiStory-test-850,1,2,0.91,1.2,highly uncertain
AmbiStory,labelled,GEPA,AmbiStory-test-851,5,4,0.8400000000000001,0.4,not uncertain
AmbiStory,labelled,GEPA,AmbiStory-test-852,4,3,1.7900000000000005,1.0400000000000005,somewhat uncertain
AmbiStory,labelled,GEPA,AmbiStory-test-853,1,2,2.05,0.4,not uncertain
AmbiStory,labelled,GEPA,AmbiStory-test-854,4,2,0.5475,1.84,highly uncertain
AmbiStory,labelled,GEPA,AmbiStory-test-855,4,3,0.6475,2.56,not uncertain
AmbiStory,labelled,GEPA,AmbiStory-test-856,4,3,0.19,1.04,somewhat uncertain
AmbiStory,labelled,GEPA,AmbiStory-test-857,5,2,0.1599999999999999,1.36,not uncertain
AmbiStory,labelled,GEPA,AmbiStory-test-858,5,4,2.5475,1.44,not uncertain
AmbiStory,labelled,GEPA,AmbiStory-test-859,4,1,0.1875,0.64,not uncertain
AmbiStory,labelled,GEPA,AmbiStory-test-860,1,3,1.2475,0.64,not uncertain
AmbiStory,labelled,GEPA,AmbiStory-test-861,4,1,1.16,0.24,highly uncertain
AmbiStory,labelled,GEPA,AmbiStory-test-862,1,3,2.1475,2.8,not uncertain
AmbiStory,labelled,GEPA,AmbiStory-test-863,5,2,1.7100000000000002,1.8400000000000003,not uncertain
AmbiStory,labelled,GEPA,AmbiStory-test-864,1,1,0.16,0.24,not uncertain
AmbiStory,labelled,GEPA,AmbiStory-test-865,4,5,0.21,0.0,not uncertain
AmbiStory,labelled,GEPA,AmbiStory-test-866,1,1,0.1275,0.16,not uncertain
AmbiStory,labelled,GEPA,AmbiStory-test-867,5,5,0.25,0.24,not uncertain
AmbiStory,labelled,GEPA,AmbiStory-test-868,1,1,0.0475,0.16,not uncertain
AmbiStory,labelled,GEPA,AmbiStory-test-869,5,5,0.1875,0.24,not uncertain
AmbiStory,labelled,GEPA,AmbiStory-test-870,5,5,0.0,0.6399999999999999,not uncertain
AmbiStory,labelled,GEPA,AmbiStory-test-871,1,1,0.0,0.16,not uncertain
AmbiStory,labelled,GEPA,AmbiStory-test-872,5,3,0.0,0.1599999999999999,not uncertain
AmbiStory,labelled,GEPA,AmbiStory-test-873,1,1,0.0,0.0,not uncertain
AmbiStory,labelled,GEPA,AmbiStory-test-874,5,5,0.0,0.1599999999999999,not uncertain
AmbiStory,labelled,GEPA,AmbiStory-test-875,1,1,0.0,0.0,not uncertain
AmbiStory,labelled,GEPA,AmbiStory-test-876,2,4,0.99,0.4,not uncertain
AmbiStory,labelled,GEPA,AmbiStory-test-877,1,2,0.16,1.8400000000000003,not uncertain
AmbiStory,labelled,GEPA,AmbiStory-test-878,4,3,2.0275000000000003,2.16,somewhat uncertain
AmbiStory,labelled,GEPA,AmbiStory-test-879,2,2,0.3275,1.44,not uncertain
AmbiStory,labelled,GEPA,AmbiStory-test-880,1,4,0.4875,0.96,not uncertain
AmbiStory,labelled,GEPA,AmbiStory-test-881,1,2,0.0475,1.84,not uncertain
AmbiStory,labelled,GEPA,AmbiStory-test-882,4,4,2.45,1.44,somewhat uncertain
AmbiStory,labelled,GEPA,AmbiStory-test-883,1,2,0.0,3.04,not uncertain
AmbiStory,labelled,GEPA,AmbiStory-test-884,5,5,0.1275,0.1599999999999999,not uncertain
AmbiStory,labelled,GEPA,AmbiStory-test-885,1,1,0.0,0.16,not uncertain
AmbiStory,labelled,GEPA,AmbiStory-test-886,4,5,1.8400000000000003,0.6399999999999999,not uncertain
AmbiStory,labelled,GEPA,AmbiStory-test-887,1,2,1.7875,0.56,highly uncertain
AmbiStory,labelled,GEPA,AmbiStory-test-888,5,5,0.0,0.0,not uncertain
AmbiStory,labelled,GEPA,AmbiStory-test-889,1,2,1.5275,0.64,not uncertain
AmbiStory,labelled,GEPA,AmbiStory-test-890,4,3,0.7275,0.96,somewhat uncertain
AmbiStory,labelled,GEPA,AmbiStory-test-891,4,3,0.24,0.24,not uncertain
AmbiStory,labelled,GEPA,AmbiStory-test-892,5,4,0.0475,0.8,not uncertain
AmbiStory,labelled,GEPA,AmbiStory-test-893,1,3,1.2475,1.36,not uncertain
AmbiStory,labelled,GEPA,AmbiStory-test-894,5,3,0.0475,0.5599999999999999,not uncertain
AmbiStory,labelled,GEPA,AmbiStory-test-895,3,2,1.0475,0.8,highly uncertain
AmbiStory,labelled,GEPA,AmbiStory-test-896,4,2,0.51,0.56,highly uncertain
AmbiStory,labelled,GEPA,AmbiStory-test-897,3,4,1.2475,1.0400000000000005,highly uncertain
AmbiStory,labelled,GEPA,AmbiStory-test-898,5,2,0.1275,0.64,not uncertain
AmbiStory,labelled,GEPA,AmbiStory-test-899,4,3,1.4600000000000002,0.96,highly uncertain
AmbiStory,labelled,GEPA,AmbiStory-test-900,1,2,0.1875,0.5599999999999999,not uncertain
AmbiStory,labelled,GEPA,AmbiStory-test-901,4,5,0.2274999999999999,0.1599999999999999,not uncertain
AmbiStory,labelled,GEPA,AmbiStory-test-902,1,2,0.0,0.56,not uncertain
AmbiStory,labelled,GEPA,AmbiStory-test-903,5,5,0.0,0.1599999999999999,not uncertain
AmbiStory,labelled,GEPA,AmbiStory-test-904,1,2,0.0,1.2,not uncertain
AmbiStory,labelled,GEPA,AmbiStory-test-905,5,4,0.2274999999999999,0.0,not uncertain
AmbiStory,labelled,GEPA,AmbiStory-test-906,5,5,0.0,0.6399999999999999,not uncertain
AmbiStory,labelled,GEPA,AmbiStory-test-907,2,1,0.39,0.16,somewhat uncertain
AmbiStory,labelled,GEPA,AmbiStory-test-908,5,3,0.0475,0.5599999999999999,not uncertain
AmbiStory,labelled,GEPA,AmbiStory-test-909,4,3,0.0475,1.6,somewhat uncertain
AmbiStory,labelled,GEPA,AmbiStory-test-910,5,3,0.0,0.8,not uncertain
AmbiStory,labelled,GEPA,AmbiStory-test-911,1,2,0.0475,0.8,not uncertain
AmbiStory,labelled,GEPA,AmbiStory-test-912,5,3,0.0,0.96,not uncertain
AmbiStory,labelled,GEPA,AmbiStory-test-913,5,3,0.8400000000000001,2.64,not uncertain
AmbiStory,labelled,GEPA,AmbiStory-test-914,1,2,0.0,2.4,not uncertain
AmbiStory,labelled,GEPA,AmbiStory-test-915,5,4,0.0,0.64,not uncertain
AmbiStory,labelled,GEPA,AmbiStory-test-916,1,3,0.0,2.0,not uncertain
AmbiStory,labelled,GEPA,AmbiStory-test-917,5,5,0.0,0.1599999999999999,not uncertain
AmbiStory,labelled,GEPA,AmbiStory-test-918,5,4,0.0,1.36,not uncertain
AmbiStory,labelled,GEPA,AmbiStory-test-919,5,2,0.0,0.4,highly uncertain
AmbiStory,labelled,GEPA,AmbiStory-test-920,5,5,0.0,0.6399999999999999,not uncertain
AmbiStory,labelled,GEPA,AmbiStory-test-921,1,2,2.74,0.64,highly uncertain
AmbiStory,labelled,GEPA,AmbiStory-test-922,5,4,0.0,0.96,not uncertain
AmbiStory,labelled,GEPA,AmbiStory-test-923,5,3,0.0,0.4,not uncertain
AmbiStory,labelled,GEPA,AmbiStory-test-924,5,1,0.0,0.0,not uncertain
AmbiStory,labelled,GEPA,AmbiStory-test-925,2,4,1.01,1.2,somewhat uncertain
AmbiStory,labelled,GEPA,AmbiStory-test-926,5,1,0.0,0.16,not uncertain
AmbiStory,labelled,GEPA,AmbiStory-test-927,1,3,1.4875,2.222222222222222,not uncertain
AmbiStory,labelled,GEPA,AmbiStory-test-928,5,2,0.0475,1.36,not uncertain
AmbiStory,labelled,GEPA,AmbiStory-test-929,2,4,1.3,0.96,not uncertain
